JB197_Annotation,GeneID,baseMean,adj_pvalue,log2FoldChange,lfcSE,JB197_29A,JB197_29B,JB197_29C,JB197_29D,JB197_37A,JB197_37B,JB197_37C,JB197_37D,countSUM,DE_pvalue,FCmin,CountMin,DE_Gene
transfer-messenger RNA,LBJ_RS18170,1594528.769,5.4674E-18,-1.866322392,0.208668709,2276499.574,3210290.161,2306616.972,2217200.418,414065.4226,808912.4484,750926.1345,771719.0185,12756230.15,TRUE,TRUE,TRUE,TRUE
RNase P RNA component class A,LBJ_RS18060,622112.4486,5.24842E-18,-2.355493373,0.263188135,881503.6638,1406041.424,974054.5804,901775.8929,95151.18926,242120.9351,236091.1726,240160.7314,4976899.589,TRUE,TRUE,TRUE,TRUE
molecular chaperone DnaK,LBJ_RS02395,297382.2425,0.159450853,-0.768266563,0.494811931,327748.8896,486920.6325,497398.9989,186907.9736,391584.8583,221119.0033,161487.8431,105889.7411,2379057.94,FALSE,FALSE,NA,FALSE
chaperonin GroEL,LBJ_RS09725,289317.2829,0.00825136,0.636777724,0.224913091,214426.3722,278158.2767,259461.7491,153892.7411,465601.8607,349201.1964,365444.8862,228351.181,2314538.264,TRUE,FALSE,NA,FALSE
,LBJ_RS04610,284340.5181,0.164328626,-1.177119581,0.7670262,293232.1522,666286.8848,191042.4991,426663.7697,32727.47118,197477.6478,419428.8804,47864.83988,2274724.145,FALSE,FALSE,NA,FALSE
Hsp20/alpha crystallin family protein,LBJ_RS06135,167025.8932,0.87415323,-0.107047432,0.56885904,152308.0567,219945.0377,255248.1044,65378.18075,325084.5046,152638.8759,93150.82829,72453.55719,1336207.146,FALSE,FALSE,NA,FALSE
Hsp20/alpha crystallin family protein,LBJ_RS06140,153899.6582,0.987657721,-0.009634345,0.516733701,145554.3255,195237.5523,210921.9757,65940.80043,290353.4063,158633.7331,103144.8982,61410.57435,1231197.266,FALSE,FALSE,NA,FALSE
elongation factor Tu,LBJ_RS14675,153198.5479,2.5494E-07,0.618469009,0.114532417,122260.1213,121077.1787,103626.4946,136455.4723,187367.7259,194578.3447,195668.8367,164554.2091,1225588.383,TRUE,FALSE,NA,FALSE
Lipoprotein LipL32,LBJ_RS09045,141283.1753,8.44238E-28,1.729693255,0.153656082,62504.16801,63897.91487,54522.17677,80917.71669,174395.2486,214724.7445,232444.3618,246859.0712,1130265.402,TRUE,TRUE,TRUE,TRUE
DNA repair protein RecN,LBJ_RS07210,123408.7153,6.07736E-08,-0.621327609,0.109666933,156808.3568,162145.9721,139422.5889,139942.5319,109913.5234,95989.77557,97199.77855,85847.19494,987269.7222,TRUE,FALSE,NA,FALSE
ATP-dependent Clp protease ATP-binding subunit,LBJ_RS15245,117053.3411,0.004724515,-0.784449559,0.259731903,144836.4299,172402.5973,157437.1908,117783.5931,142900.7066,85404.48302,60311.44777,55350.28028,936426.7288,TRUE,FALSE,NA,FALSE
elongation factor G,LBJ_RS02110,115162.598,8.19512E-08,0.849191704,0.151331431,83044.90782,84189.4951,69383.72612,92242.03896,177234.2672,152791.4305,149060.2697,113354.6484,921300.7839,TRUE,FALSE,NA,FALSE
DNA-directed RNA polymerase subunit beta,LBJ_RS13030,101904.8,0.087567401,0.222779599,0.119170344,95179.57527,96000.72898,80311.14098,104717.219,122086.2374,110158.9501,110890.6038,95893.94422,815238.3998,FALSE,FALSE,NA,FALSE
PDZ domain-containing protein,LBJ_RS04255,92578.26216,0.193989247,-0.402465955,0.279456259,105853.5154,121663.4383,112444.8776,81671.48912,132657.55,86768.27469,55431.52409,44135.42814,740626.0973,FALSE,FALSE,NA,FALSE
DNA-directed RNA polymerase subunit beta',LBJ_RS13025,89405.5524,0.026239874,0.305740404,0.127590856,80863.66,82118.62806,64881.73284,92004.57601,102705.3414,99490.86414,105646.4296,87533.18716,715244.4192,TRUE,FALSE,NA,FALSE
recombinase RecA,LBJ_RS07440,88614.92624,1.06852E-09,-0.608029386,0.095603664,113140.0905,114122.2739,97028.72682,103777.2204,75925.93296,68162.75252,70810.99063,65951.42213,708919.4099,TRUE,FALSE,NA,FALSE
flagellin,LBJ_RS10725,80219.99332,6.04957E-06,-1.04783566,0.220323684,97489.44058,101398.1085,87633.64686,146020.9922,36412.19477,42351.13606,61702.14421,68752.28335,641759.9465,TRUE,FALSE,NA,FALSE
flagellin,LBJ_RS10715,74611.32688,0.000698356,-1.606215094,0.446506268,87106.85847,126693.3118,83130.54879,152380.2697,11221.06157,30819.85199,50678.18393,54860.52882,596890.615,TRUE,TRUE,TRUE,TRUE
DNA repair protein RadC,LBJ_RS05295,72071.43219,6.54532E-36,-1.66999288,0.130008108,104064.6822,131290.0533,107824.6724,95527.1073,36070.91248,36874.5044,35558.77331,29360.75211,576571.4575,TRUE,TRUE,TRUE,TRUE
hypothetical protein,LBJ_RS05290,69743.2637,4.34158E-22,-1.832579161,0.183592072,101979.2413,143735.6725,107281.1189,82640.06206,38789.91971,29343.36927,25971.14843,28205.57747,557946.1096,TRUE,TRUE,TRUE,TRUE
protease HtpX,LBJ_RS17520,69141.03117,0.622079306,-0.147678356,0.256753208,74733.32995,85185.55298,75279.95634,55508.19587,96945.73403,80347.18472,44888.0645,40240.23097,553128.2494,FALSE,FALSE,NA,FALSE
transcriptional repressor LexA,LBJ_RS10860,67821.44181,1.68068E-43,-1.714886462,0.121015458,102527.8343,121396.5589,105338.9093,86619.78342,34473.26134,29814.06521,31682.90663,30718.2154,542571.5345,TRUE,TRUE,TRUE,TRUE
co-chaperone GroES,LBJ_RS09720,67588.05656,0.569468883,0.148644885,0.224534062,67663.30469,72413.26179,76053.30488,40307.6112,97841.13124,65760.21002,69031.07141,51634.55725,540704.4525,FALSE,FALSE,NA,FALSE
lipoprotein LipL21,LBJ_RS00065,60223.49277,1.62503E-05,0.496764758,0.109483109,52080.90077,51321.04353,48048.14472,48376.42483,71351.43769,61004.18779,68100.20896,81505.59388,481787.9422,TRUE,FALSE,NA,FALSE
translational GTPase TypA,LBJ_RS04875,59307.87532,1.66317E-07,0.689273383,0.125778175,45295.6714,48458.28861,40472.64339,47388.14542,82029.6354,76172.24967,75662.4976,58983.87108,474463.0026,TRUE,FALSE,NA,FALSE
hypothetical protein,LBJ_RS01915,58174.69253,0.656865688,0.076617372,0.147220399,56068.04328,52337.51841,47590.7643,70523.53974,59787.21866,51197.76671,59004.27922,68888.40992,465397.5402,FALSE,FALSE,NA,FALSE
TAT-variant-translocated molybdopterin oxidoreductase,LBJ_RS04475,55865.0454,8.63701E-11,1.11333294,0.164814276,36112.64434,36001.00255,26922.4722,42239.83046,72348.09448,85809.25087,86692.48567,60794.58261,446920.3632,TRUE,FALSE,NA,FALSE
heat-inducible transcription repressor HrcA,LBJ_RS02385,54379.41345,0.475684197,-0.375385342,0.456619106,57688.88627,72951.39554,86420.59443,28597.04214,82448.73755,47951.95786,33466.27031,25510.42348,435035.3076,FALSE,FALSE,NA,FALSE
hypothetical protein,LBJ_RS14945,53982.20902,3.7172E-199,-4.720389245,0.155503024,95232.07221,104994.417,82759.34149,133089.6074,3379.069676,4080.642543,4039.478026,4283.043823,431857.6722,TRUE,TRUE,TRUE,TRUE
hypothetical protein,LBJ_RS02895,53393.64254,1.2126E-154,-5.225080672,0.195282472,98316.26737,95344.4683,97741.31226,124625.6791,2036.442657,2484.569318,2597.975955,4002.425362,427149.1403,TRUE,TRUE,TRUE,TRUE
aconitate hydratase,LBJ_RS17870,53183.40041,0.082645105,0.193811586,0.102106871,48631.85187,50756.65935,45672.85992,53403.54501,59173.09806,59369.01767,59096.41825,49363.75312,425467.2033,FALSE,FALSE,NA,FALSE
30S ribosomal protein S1,LBJ_RS05190,52991.82947,0.16570653,0.160960934,0.105274984,52995.65993,52111.47306,44276.41342,50771.74611,61974.6131,52473.39872,57733.2774,51598.05403,423934.6358,FALSE,FALSE,NA,FALSE
acetyl-CoA acetyltransferase,LBJ_RS15960,51052.38924,0.119624091,-0.465390491,0.27225152,57368.65495,70499.89731,62411.43665,46584.1215,70501.04474,46070.70729,30504.04383,24479.20767,408419.1139,FALSE,FALSE,NA,FALSE
hypothetical protein,LBJ_RS00360,50299.22165,7.71475E-94,-3.169227573,0.152051293,98246.70893,106287.9797,90681.74488,66920.21193,11458.27151,9283.595941,9498.930315,10016.32993,402393.7732,TRUE,TRUE,TRUE,TRUE
hypothetical protein,LBJ_RS04980,50274.71636,0.108191156,-0.680633489,0.386402707,64796.97182,70211.14262,64537.04035,48130.09397,63852.60326,44936.13074,24707.89661,21025.85149,402197.7309,FALSE,FALSE,NA,FALSE
translation initiation factor IF-2,LBJ_RS05245,49537.22839,0.847795926,-0.028481482,0.12483551,48197.4397,53377.327,43767.10816,54763.29135,42509.33409,49333.38147,57126.19319,47223.75218,396297.8271,FALSE,FALSE,NA,FALSE
DEAD/DEAH box helicase,LBJ_RS10330,49516.79511,0.097202465,0.257637628,0.141726044,43311.2871,51067.2894,46040.75287,40010.04352,63586.32807,57940.06451,51146.62905,43031.96639,396134.3609,FALSE,FALSE,NA,FALSE
glutamate synthase large subunit,LBJ_RS04150,49369.84291,2.38199E-06,0.687788661,0.13886178,39135.15561,38117.07865,31876.32199,42149.1807,61976.48828,67739.58614,65652.92767,48312.00425,394958.7433,TRUE,FALSE,NA,FALSE
FecR domain-containing protein,LBJ_RS00665,48465.4415,0.542920606,-0.115615022,0.16384448,49166.00823,56495.2944,47243.86224,48720.30271,59742.2144,50045.55823,41417.78173,34892.51006,387723.532,FALSE,FALSE,NA,FALSE
ATP-dependent chaperone ClpB,LBJ_RS08855,48175.77438,0.784924942,0.179025826,0.554718845,48322.11993,61568.91864,49771.60718,21099.7161,99504.4136,56518.01079,29075.45844,19545.95034,385406.195,FALSE,FALSE,NA,FALSE
hypothetical protein,LBJ_RS03865,48056.58097,1.19386E-11,-0.625630442,0.088698522,55867.24249,64258.12907,57369.20418,55771.27723,39907.52544,37388.89688,38306.58282,35583.78968,384452.6478,TRUE,FALSE,NA,FALSE
50S ribosomal protein L1,LBJ_RS13050,47553.28009,0.472420892,-0.093277522,0.112619941,46467.66556,54570.26308,43959.34052,51362.94017,49341.54295,45509.55186,48856.0702,40358.86642,380426.2407,FALSE,FALSE,NA,FALSE
LigB,LBJ_RS03415,45543.10136,6.99687E-07,1.227611845,0.235965195,23372.94967,32632.19772,22611.60649,30410.03726,92911.28986,66463.18752,58564.25081,37379.29154,364344.8109,TRUE,FALSE,NA,FALSE
polyribonucleotide nucleotidyltransferase,LBJ_RS05265,45278.13822,0.028580632,-0.237369389,0.100455154,48578.04251,50050.81453,45158.03075,52191.59718,38025.78492,40083.51618,46825.56728,41311.75241,362225.1058,TRUE,FALSE,NA,FALSE
lipoprotein LipL41,LBJ_RS01765,45201.94762,4.87285E-12,1.091085341,0.151874039,30332.73136,27328.15307,22074.68165,35783.00597,56549.72488,58771.83177,61703.00532,69072.44696,361615.581,TRUE,FALSE,NA,FALSE
nucleotide exchange factor GrpE,LBJ_RS02390,44527.38902,0.159132137,-0.672264514,0.432540755,48862.8384,73785.57579,69301.97213,26921.99229,53892.5985,38467.51121,27347.20596,17639.41787,356219.1122,FALSE,FALSE,NA,FALSE
50S ribosomal protein L3,LBJ_RS14665,44393.13906,0.010654037,0.331303197,0.120923943,39918.67242,40944.833,33223.05323,43185.74096,53317.85663,50382.86477,51787.29663,42384.79482,355145.1125,TRUE,FALSE,NA,FALSE
50S ribosomal protein L10,LBJ_RS13045,44108.57044,0.000776649,-0.437813107,0.12275391,47277.43085,56120.49664,45565.69591,54038.0933,40625.71839,40400.89097,37417.05376,31423.18373,352868.5635,TRUE,FALSE,NA,FALSE
helix-turn-helix transcriptional regulator,LBJ_RS05700,43544.3093,0.250323487,-0.182835544,0.142767526,47146.1885,49893.31196,41875.7186,46285.56849,33596.6159,35496.91383,44341.25816,49718.89898,348354.4744,FALSE,FALSE,NA,FALSE
transcription elongation factor GreA,LBJ_RS03930,43376.12379,0.001671253,-0.327548124,0.09788111,48882.52476,47571.60751,44376.94873,52285.20291,35857.14226,36012.07291,40634.1695,41389.32174,347008.9903,TRUE,FALSE,NA,FALSE
vitamin B12-dependent ribonucleotide reductase,LBJ_RS07050,42869.66086,0.376944536,0.130650888,0.130538901,43407.09402,43533.4168,40625.10353,36154.47291,52663.41971,46023.17773,43908.97976,36641.62242,342957.2869,FALSE,FALSE,NA,FALSE
50S ribosomal protein L7/L12,LBJ_RS13040,41999.1975,6.33788E-08,-0.58397469,0.103227293,46777.3975,51364.79424,48250.32012,55146.58217,37281.33949,33691.55723,33360.35349,30121.23575,335993.58,TRUE,FALSE,NA,FALSE
acyl-CoA dehydrogenase,LBJ_RS03170,41692.24449,0.004630318,0.494908879,0.163499907,35473.49411,35053.07045,30309.73881,37604.86901,57047.58448,56321.75972,47185.51224,34541.92711,333537.9559,TRUE,FALSE,NA,FALSE
peroxiredoxin,LBJ_RS05650,41513.93905,0.010101736,-0.64841517,0.234893915,43275.85167,53708.37405,75668.84018,30103.60167,38851.80057,27752.66228,29758.32054,32992.06146,332111.5124,TRUE,FALSE,NA,FALSE
ATP-dependent metallopeptidase FtsH/Yme1/Tma family protein,LBJ_RS14310,41216.58347,4.55397E-19,-1.151303776,0.124758853,60212.67662,61294.74751,54462.51846,51397.42649,30804.47675,25018.94609,23814.06199,22727.81386,329732.6678,TRUE,FALSE,NA,FALSE
30S ribosomal protein S2,LBJ_RS05030,40906.08901,0.887933602,0.016720246,0.101343619,41107.72809,42314.23029,36700.91209,42553.16331,43551.93272,42219.27987,42743.89475,36057.57099,327248.7121,FALSE,FALSE,NA,FALSE
four-helix bundle copper-binding protein,LBJ_RS09185,38909.83809,0.082047546,-1.171281643,0.615868525,62420.1729,62951.44114,52785.45691,37405.83367,57228.5391,23138.46212,8505.206665,6843.592216,311278.7047,FALSE,FALSE,NA,FALSE
lipoprotein LipL71,LBJ_RS04660,38514.81749,3.09016E-12,1.033572059,0.142571432,25682.81499,24644.77607,20852.79096,29938.06734,45170.21082,47595.48617,53622.32705,60612.06654,308118.5399,TRUE,FALSE,NA,FALSE
flagellin,LBJ_RS06985,38397.06485,3.64802E-05,-0.756841178,0.173923224,41854.49705,59910.76665,56356.11759,34854.83129,31874.26546,28750.783,28158.37379,25416.88399,307176.5188,TRUE,FALSE,NA,FALSE
response regulator transcription factor,LBJ_RS17895,38303.07692,0.122993281,0.244105131,0.144064223,35043.01921,39480.64251,35029.37446,30729.28206,51235.47212,43247.29822,35459.74539,36199.78143,306424.6154,FALSE,FALSE,NA,FALSE
AAA family ATPase,LBJ_RS05770,37750.03703,5.01098E-18,0.97925895,0.109348187,26071.29233,26396.26291,22487.87073,26678.6174,55381.48936,50110.71972,51247.37919,43626.66459,302000.2962,TRUE,FALSE,NA,FALSE
4-(cytidine 5'-diphospho)-2-C-methyl-D-erythritol kinase,LBJ_RS14280,37673.99581,0.017472576,-0.417351579,0.163215705,41242.90771,45268.86171,44578.01935,41253.5217,22254.60539,33324.35306,39698.14037,33771.55719,301391.9665,TRUE,FALSE,NA,FALSE
transcription termination/antitermination protein NusA,LBJ_RS05240,36442.36125,0.004106818,0.329691497,0.107533539,32003.44644,34796.39961,27564.35149,34822.31562,38158.92252,40117.24683,43791.86848,40284.33902,291538.89,TRUE,FALSE,NA,FALSE
,LBJ_RS12005,35536.85955,4.60788E-07,0.533467035,0.10096797,30718.58386,28820.05235,25180.22843,31442.65623,43966.34693,39512.39488,41654.58763,43000.02608,284294.8764,TRUE,FALSE,NA,FALSE
DUF3347 domain-containing protein,LBJ_RS09190,35246.32189,0.069202362,-1.205077842,0.608643717,51771.16883,59658.47088,51502.80312,33734.51854,49124.95996,22189.40417,7491.677431,6497.572163,281970.5751,FALSE,FALSE,NA,FALSE
alpha/beta hydrolase,LBJ_RS09100,35133.57764,2.80758E-14,0.907018047,0.11492548,24880.92424,24638.94264,20841.74312,27394.94754,48802.42945,46556.73535,47368.92917,40583.96957,281068.6211,TRUE,FALSE,NA,FALSE
acyl carrier protein,LBJ_RS11600,34726.85294,0.286267641,-0.182554171,0.152821937,32588.78731,44697.18574,36328.6,34071.49916,24913.60695,34425.19895,36758.30282,34031.64259,277814.8235,FALSE,FALSE,NA,FALSE
fumarate reductase/succinate dehydrogenase flavoprotein subunit,LBJ_RS08260,34433.12692,7.7186E-07,0.679280976,0.131089578,26723.5668,27692.74234,21238.36044,30238.59099,42924.68588,43906.57918,45669.95451,37070.53519,275465.0153,TRUE,FALSE,NA,FALSE
hypothetical protein,LBJ_RS07150,32597.72865,1.93E-08,-0.996417278,0.169661551,43854.63042,47651.81715,47678.0422,34525.73326,28729.59296,20985.8331,19462.00019,17894.17989,260781.8292,TRUE,FALSE,NA,FALSE
beta-ketoacyl-[acyl-carrier-protein] synthase family protein,LBJ_RS11970,32512.81369,0.752215721,0.084502653,0.228116325,31697.65177,37199.77206,32190.08054,25156.29269,50675.73167,33048.37498,28579.45773,21555.1481,260102.5095,FALSE,FALSE,NA,FALSE
,LBJ_RS01655,32358.14696,0.123779088,-1.294401925,0.765455102,35973.52745,72449.72071,20564.44243,54904.19261,3468.140603,20545.80139,45353.06517,5606.285345,258865.1757,FALSE,FALSE,NA,FALSE
transcription termination/antitermination factor NusG,LBJ_RS13060,32165.25096,0.000304339,0.389697938,0.10190446,26592.32445,30066.94764,24773.66805,29956.78848,35158.63868,38715.12487,37800.24876,34258.26671,257322.0076,TRUE,FALSE,NA,FALSE
DNA-directed RNA polymerase subunit alpha,LBJ_RS14540,31811.74356,0.947945861,-0.007964485,0.106009951,32596.66185,33854.30094,26884.90956,34262.65191,33290.0244,30090.04329,32393.32432,31122.03221,254493.9485,FALSE,FALSE,NA,FALSE
cAMP/cGMP-dependent 3'%2C5'-cyclic-AMP/GMP phosphodiesterase,LBJ_RS08695,31688.5841,0.935116124,0.018694544,0.196459682,32804.02476,32172.81525,32930.28557,28025.55454,46511.90025,31785.77527,25950.48173,23327.83545,253508.6728,FALSE,FALSE,NA,FALSE
flagellin,LBJ_RS06930,31415.76749,3.95113E-26,1.95536104,0.179498812,12605.82748,11789.35853,10097.72235,17026.38901,39319.65733,47290.37708,57121.02652,56075.78167,251326.14,TRUE,TRUE,TRUE,TRUE
Fe-S cluster assembly protein SufB,LBJ_RS05655,31385.80409,0.002318521,-0.634592485,0.195459814,37789.92154,40952.12479,45536.97154,28438.40506,33371.59461,25123.97108,20015.69543,19857.74863,251086.4327,TRUE,FALSE,NA,FALSE
S-adenosylmethionine decarboxylase,LBJ_RS17810,31049.94984,6.07245E-29,1.582412886,0.137701498,15142.74206,16512.97707,12880.67231,17646.15745,38745.85304,51745.12324,50527.48927,45198.58426,248399.5987,TRUE,FALSE,NA,FALSE
chemotaxis protein,LBJ_RS05145,30539.75284,7.36327E-07,0.514778478,0.099164651,25443.95391,25893.12972,22674.57916,26581.07038,39675.94104,35654.06801,35626.80119,32768.47927,244318.0227,TRUE,FALSE,NA,FALSE
electron transfer flavoprotein subunit alpha/FixB family protein,LBJ_RS13405,30483.54883,1.78719E-09,0.87392796,0.139223406,22009.34168,21548.68402,17403.65648,25129.68896,39380.6006,41546.2,43649.78494,33200.43398,243868.3906,TRUE,FALSE,NA,FALSE
preprotein translocase subunit SecY,LBJ_RS14570,29934.9836,0.000181501,0.4165704,0.105264199,26404.6479,26275.21927,21965.30807,27927.0222,32421.81726,34300.24221,36988.21981,33197.39204,239479.8688,TRUE,FALSE,NA,FALSE
pirin family protein,LBJ_RS14700,29873.03741,0.112503439,-1.027012399,0.589791155,41833.49827,49713.93404,48340.91238,20425.75487,40947.31131,20758.91779,8725.651426,8238.319199,238984.2993,FALSE,FALSE,NA,FALSE
S-adenosylmethionine decarboxylase proenzyme,LBJ_RS17815,29852.03026,2.88159E-25,1.200173956,0.112134436,18648.22516,17911.54149,15818.29197,20041.47873,36421.57066,43510.244,42028.31039,44436.57966,238816.242,TRUE,FALSE,NA,FALSE
30S ribosomal protein S10,LBJ_RS14670,29763.52303,1.16302E-05,0.546449123,0.118456265,25382.27001,24408.52222,20040.77499,26940.71344,38724.2885,34820.76753,35400.32864,32390.51891,238108.1843,TRUE,FALSE,NA,FALSE
flagellar filament outer layer protein Flaa,LBJ_RS03925,29634.49622,0.015720639,0.390118082,0.150227192,25674.94044,23024.54137,21101.36727,32805.35854,33972.58897,29544.98659,33858.07643,37094.11018,237075.9698,TRUE,FALSE,NA,FALSE
hypothetical protein,LBJ_RS13255,29152.78472,2.60097E-08,-0.537855667,0.092411989,35457.74503,33927.2188,34040.59311,34673.53178,26386.5588,22366.4901,21791.30909,24578.83103,233222.2777,TRUE,FALSE,NA,FALSE
lipoprotein LipL46,LBJ_RS10705,28824.68552,4.88513E-26,1.254974267,0.115435406,17027.38217,16071.09487,14928.94115,20061.1852,37396.66291,43001.21776,41142.22578,40968.77429,230597.4841,TRUE,FALSE,NA,FALSE
phosphoenolpyruvate carboxykinase (ATP),LBJ_RS15340,28578.01849,5.1769E-19,-0.794431512,0.086229592,34970.83592,38510.83506,37632.24468,33900.05288,22375.55434,20852.4437,20158.64008,20223.54126,228624.1479,TRUE,FALSE,NA,FALSE
30S ribosomal protein S3,LBJ_RS14635,28436.16537,0.13215834,0.211456357,0.127695923,27553.01844,27083.14908,21355.46751,29431.61109,33863.82868,27896.01756,31867.18468,28439.04595,227489.323,FALSE,FALSE,NA,FALSE
translation elongation factor Ts,LBJ_RS05035,28267.86004,0.599648035,-0.080060579,0.130757205,28423.1552,31812.60105,25472.99609,30499.7017,27277.26806,30602.90256,29843.57066,22210.68499,226142.8803,FALSE,FALSE,NA,FALSE
ABC-F family ATPase,LBJ_RS15805,28252.78209,0.775917974,0.035342207,0.105700286,28369.34584,28884.22006,24441.12818,29932.1554,29190.8866,29584.85009,30281.87684,25337.79369,226022.2567,FALSE,FALSE,NA,FALSE
hypothetical protein,LBJ_RS04045,28220.45858,0.002367567,-0.648477601,0.200141796,33675.47395,40040.65162,36436.8688,27679.70602,30868.23278,22668.53278,18434.69315,15959.50953,225763.6686,TRUE,FALSE,NA,FALSE
GatB/YqeY domain-containing protein,LBJ_RS07595,28173.25927,3.11312E-08,-0.49290621,0.085172991,33058.63492,34590.77126,32141.47006,31968.81894,23310.33027,22839.48587,25571.5923,21904.97057,225386.0742,TRUE,FALSE,NA,FALSE
2-oxoglutarate dehydrogenase E1 component,LBJ_RS11675,28133.27902,5.03134E-05,0.847584887,0.198319245,19791.34601,21022.21712,19018.85014,20562.71483,52706.54879,36584.72742,30266.37682,25113.45102,225066.2321,TRUE,FALSE,NA,FALSE
sigma-70 family RNA polymerase sigma factor,LBJ_RS04975,28039.52612,0.002274044,-0.856810586,0.263380557,38565.56382,42518.40028,38321.62967,25111.95314,31194.51365,21826.79964,14576.90983,12200.43893,224316.209,TRUE,FALSE,NA,FALSE
OmpA family protein,LBJ_RS00875,28038.6159,1.83713E-06,0.604548154,0.120723122,22307.26181,23982.68196,18407.90479,24297.09065,29763.75329,35552.87605,35351.24524,34646.11336,224308.9272,TRUE,FALSE,NA,FALSE
polysulfide reductase NrfD,LBJ_RS04480,28004.92578,3.99066E-11,1.140782073,0.165987821,18526.16978,16938.81733,12967.95021,21469.21239,40056.60205,42068.25853,41017.36449,30995.03144,224039.4062,TRUE,FALSE,NA,FALSE
50S ribosomal protein L2,LBJ_RS14650,27949.49886,0.000416795,0.52048765,0.13919636,21870.22479,24077.47517,19268.53124,26630.33656,30377.87389,34788.57009,38144.6937,28438.28547,223595.9909,TRUE,FALSE,NA,FALSE
chemotaxis protein,LBJ_RS05645,27703.92595,0.019049419,-0.489580117,0.194029387,32137.31364,36053.5034,31868.5885,29380.37427,32309.30662,24785.13133,18495.83213,16601.35771,221631.4076,TRUE,FALSE,NA,FALSE
flagellar filament capping protein FliD,LBJ_RS03590,27648.73808,0.001459906,-0.436369443,0.128821796,31597.90759,30815.08482,26995.38792,37784.19787,26364.05667,22779.69062,23839.89537,21013.68375,221189.9046,TRUE,FALSE,NA,FALSE
hypothetical protein,LBJ_RS10615,27254.99756,0.002166924,0.393325167,0.120374833,23581.625,21978.89935,21006.35588,27681.67666,30406.93914,28346.78176,30225.04343,34812.65928,218039.9805,TRUE,FALSE,NA,FALSE
50S ribosomal protein L13,LBJ_RS13195,27248.5792,0.719932046,0.040816752,0.096957659,28503.21303,27551.2817,25569.11226,25829.2686,30844.79307,25732.65606,28078.29034,25880.01852,217988.6336,FALSE,FALSE,NA,FALSE
cytochrome c oxidase subunit I,LBJ_RS15370,27066.41586,0.000445844,0.619481641,0.166505835,23136.71344,19458.85834,15535.46736,27240.25176,29083.0639,33014.64433,34716.60544,34345.72233,216531.3269,TRUE,FALSE,NA,FALSE
hypothetical protein,LBJ_RS19915,26830.26036,4.1336E-211,-4.710876634,0.150649561,49729.0379,46318.87879,45949.05583,64751.51504,1771.105055,1858.2524,1869.474908,2394.762961,214642.0829,TRUE,TRUE,TRUE,TRUE
4Fe-4S dicluster domain-containing protein,LBJ_RS11040,26698.7582,0.616867831,-0.079985907,0.137018749,28836.5686,28865.26142,22180.74088,29873.03599,21915.19828,25210.59753,29793.62614,26915.03675,213590.0656,FALSE,FALSE,NA,FALSE
transcription termination factor Rho,LBJ_RS04055,25819.98769,1.16254E-09,-0.534416551,0.084210004,30425.91343,32293.85888,29033.71372,30440.58229,20689.76985,19620.50822,22503.449,21552.10617,206559.9016,TRUE,FALSE,NA,FALSE
adenylate/guanylate cyclase domain-containing protein,LBJ_RS11965,25647.68008,2.00452E-07,0.986817649,0.181214901,17620.59758,18456.96704,19573.45152,13160.96516,40847.92691,38607.03346,32576.74125,24337.75772,205181.4406,TRUE,FALSE,NA,FALSE
electron transfer flavoprotein subunit beta/FixA family protein,LBJ_RS13400,25575.79891,1.55985E-12,1.075149152,0.146291405,18166.56574,15481.91862,12866.31012,19338.94312,36472.20045,36245.12106,36438.83013,29596.50204,204606.3913,TRUE,FALSE,NA,FALSE
lipoprotein LipL45,LBJ_RS07310,25471.30054,0.001552872,0.752349087,0.223296616,18996.01738,18983.43394,18929.36266,18996.05056,49072.45499,33752.88569,21402.08631,23638.11277,203770.4043,TRUE,FALSE,NA,FALSE
chromosome segregation protein SMC,LBJ_RS08030,25182.69008,3.48875E-44,1.587850468,0.111149131,13496.96302,12426.66056,10645.69503,13720.62887,35475.54366,36061.13568,39691.25147,39943.64235,201461.5206,TRUE,TRUE,TRUE,TRUE
3-hydroxyacyl-CoA dehydrogenase family protein,LBJ_RS15965,24882.12912,0.427443501,-0.183493716,0.202374275,26316.71552,29973.61279,27878.11004,21681.05693,32639.33784,24879.42384,19425.83347,16262.9425,199057.0329,FALSE,FALSE,NA,FALSE
50S ribosomal protein L4,LBJ_RS14660,24747.81766,1.46609E-07,0.692275586,0.125764969,19086.5746,19423.85777,15620.5357,21554.93553,31118.56897,32787.72902,31787.10123,26603.23846,197982.5413,TRUE,FALSE,NA,FALSE
flagellar filament outer layer protein Flaa,LBJ_RS03920,24740.98668,0.021608078,0.352102547,0.142334145,22078.90012,19413.64927,18687.41505,26765.32587,27737.62411,24215.54323,27318.78925,31710.64654,197927.8935,TRUE,FALSE,NA,FALSE
hypothetical protein,LBJ_RS05125,24727.10887,0.476759238,-0.089652653,0.109302145,26713.06741,26932.93831,22378.49715,25956.37532,27282.89359,23314.01484,23169.08885,22069.99552,197816.871,FALSE,FALSE,NA,FALSE
aminomethyl-transferring glycine dehydrogenase,LBJ_RS15040,24649.18974,0.044711667,0.306197555,0.140654972,23669.55737,22005.14978,18668.63373,23829.06202,29915.64266,29482.89152,28427.90196,21194.67886,197193.5179,TRUE,FALSE,NA,FALSE
PAS domain-containing protein,LBJ_RS03320,24619.33594,0.916019518,-0.027167818,0.221645465,26587.07476,26183.34277,26978.81617,19655.23194,37456.66858,23282.58401,17412.5528,19398.41652,196954.6875,FALSE,FALSE,NA,FALSE
transcriptional regulator,LBJ_RS15350,24618.06998,5.49561E-08,-0.689514388,0.121302942,30343.23075,32748.86629,33294.86417,25179.94045,20020.33152,16678.27525,18684.41574,19994.63569,196944.5598,TRUE,FALSE,NA,FALSE
DNA polymerase III subunit alpha,LBJ_RS15310,24490.24947,0.006658279,0.299723529,0.10322396,22939.84992,22980.79066,19441.98227,22459.46244,29956.89657,26915.52878,26634.20494,24593.28022,195921.9958,TRUE,FALSE,NA,FALSE
hypothetical protein,LBJ_RS09400,24378.37773,0.064487182,-0.209840199,0.104256546,26541.13994,26371.47084,25924.85259,25754.38402,26607.82973,21694.94345,20962.0579,21170.34338,195027.0218,FALSE,FALSE,NA,FALSE
DNA gyrase subunit B,LBJ_RS15500,24245.56413,0.000137151,0.469491996,0.116551236,21981.78079,20449.08279,16490.00042,22419.06418,27931.70497,28052.40514,29450.90343,27189.57134,193964.5131,TRUE,FALSE,NA,FALSE
thioredoxin,LBJ_RS08700,24204.40961,0.001449515,-0.682152993,0.201254222,29356.28829,35392.86765,32176.82313,22363.88607,25633.67507,18939.76229,15890.10616,13881.86824,193635.2769,TRUE,FALSE,NA,FALSE
FapA family protein,LBJ_RS08895,24195.07767,0.031734493,-0.264214495,0.113851353,24869.11243,29387.35325,27252.80251,24108.89388,25180.81973,21560.78743,21424.47523,19776.37688,193560.6213,TRUE,FALSE,NA,FALSE
hypothetical protein,LBJ_RS14855,24184.30857,5.26388E-11,1.020119517,0.149341655,17354.17561,16281.09829,11498.58799,18759.57293,31397.9704,33010.8113,33920.93763,31251.31443,193474.4686,TRUE,FALSE,NA,FALSE
NADPH-dependent 2%2C4-dienoyl-CoA reductase,LBJ_RS07525,24138.70702,0.799274418,-0.03687604,0.122632228,24803.49126,25347.70418,22074.68165,25562.24595,27435.72055,24137.34945,24216.20146,19532.26164,193109.6561,FALSE,FALSE,NA,FALSE
PaaI family thioesterase,LBJ_RS05600,23750.17632,1.08768E-05,-0.536292773,0.115861994,27042.48571,28789.42685,29855.67273,26771.23781,16036.51713,19312.3327,20348.08479,21845.65285,190001.4106,TRUE,FALSE,NA,FALSE
carbohydrate-binding protein,LBJ_RS16640,23512.50877,0.004986433,-0.356559767,0.118764917,26547.70206,29855.48587,24815.64983,24395.623,22453.3742,21603.71736,21102.41921,17326.09862,188100.0701,TRUE,FALSE,NA,FALSE
rod shape-determining protein,LBJ_RS09550,23372.02345,4.06748E-06,0.86096203,0.177877435,15373.72859,16269.43144,14347.82496,20400.13646,22001.45644,32494.88561,38021.55463,28067.16945,186976.1876,TRUE,FALSE,NA,FALSE
hypothetical protein,LBJ_RS13965,23262.51364,4.79244E-12,-1.288007752,0.179213999,39129.90591,34459.51913,31664.20353,26777.14975,18301.73143,12934.93925,11862.68371,10969.97641,186100.1091,TRUE,FALSE,NA,FALSE
hypothetical protein,LBJ_RS08560,23034.32781,0.459462226,0.098784358,0.116275757,22257.38972,25502.29002,20083.86155,21142.08501,26284.36163,23513.33234,24598.53534,20892.76686,184274.6225,FALSE,FALSE,NA,FALSE
elongation factor G-like protein,LBJ_RS14680,23029.3753,0.000609108,0.283222152,0.077913879,20421.30927,20679.5032,20189.92078,21813.09027,23743.49625,25895.17649,26500.73252,24991.77364,184235.0024,TRUE,FALSE,NA,FALSE
Holliday junction branch migration DNA helicase RuvB,LBJ_RS04260,23023.02341,0.116996156,-0.431798213,0.250876025,26702.56803,30236.11706,27521.26493,21311.56064,31377.34345,20597.16397,13900.07553,12538.09366,184184.1873,FALSE,FALSE,NA,FALSE
S41 family peptidase,LBJ_RS10850,22869.89066,7.03515E-23,-1.029278639,0.10123835,30318.2947,34759.94068,28912.18752,28805.93071,15162.68446,15567.46348,15745.43929,13687.18443,182959.1253,TRUE,FALSE,NA,FALSE
single-stranded DNA-binding protein,LBJ_RS06590,22839.14986,0.000161351,0.446646615,0.112020157,19675.85274,19903.65725,16103.32615,21643.61464,27503.22694,25301.82362,27322.2337,25259.46388,182713.1989,TRUE,FALSE,NA,FALSE
long-chain fatty acid--CoA ligase,LBJ_RS00485,22800.93848,2.3596E-07,0.827154035,0.152744417,17215.05872,16512.97707,15754.21452,16270.64593,23358.14729,28145.93105,26563.59372,38586.93955,182407.5079,TRUE,FALSE,NA,FALSE
sigma-70 family RNA polymerase sigma factor,LBJ_RS02880,22729.56596,4.46463E-98,-3.516173973,0.164990568,41551.32722,35903.29262,38182.42693,51583.65262,4123.515104,3391.463951,2826.170727,4274.678503,181836.5277,TRUE,TRUE,TRUE,TRUE
hypothetical protein,LBJ_RS15295,22719.32304,0.306626517,-0.211301644,0.184024811,24724.74585,24205.81059,28085.80936,20503.59542,29186.19866,21044.09514,17298.02485,16706.30446,181754.5843,FALSE,FALSE,NA,FALSE
3-isopropylmalate dehydratase large subunit,LBJ_RS10480,22458.72782,0.008630142,0.335084615,0.119026659,19541.98555,19432.60791,17775.96856,22696.92539,24202.91471,25264.25994,28579.45773,22175.70275,179669.8225,TRUE,FALSE,NA,FALSE
hypothetical protein,LBJ_RS12500,22321.50072,0.356502685,-0.102338307,0.098168843,23155.08737,25375.41296,22138.7591,21783.53056,23170.62955,21806.10128,21836.08693,19306.398,178572.0058,FALSE,FALSE,NA,FALSE
TldD/PmbA family protein,LBJ_RS07460,21929.95964,0.116930314,-0.715078948,0.415354792,27066.10933,32171.35689,28702.27863,21084.93625,29386.84264,17753.82315,11211.68278,8062.64748,175439.6771,FALSE,FALSE,NA,FALSE
molecular chaperone DnaJ,LBJ_RS02400,21751.84853,0.019966453,-0.740294712,0.295526455,22176.01946,38276.03957,32855.16028,15546.4332,20602.5741,19237.20533,17098.24679,8223.109527,174014.7883,TRUE,FALSE,NA,FALSE
diaminopimelate epimerase,LBJ_RS00390,21682.21932,2.44617E-05,-0.822968545,0.185146206,26804.93706,34408.47663,28010.68408,21592.37782,20179.7216,16817.7975,12887.40741,12756.35246,173457.7546,TRUE,FALSE,NA,FALSE
thioredoxin domain-containing protein,LBJ_RS12740,21450.19309,4.38805E-06,-1.257544061,0.260692608,29410.09766,36120.58783,31510.63861,23953.21277,19060.24069,15131.2648,9244.902172,7170.600178,171601.5447,TRUE,FALSE,NA,FALSE
cytochrome c oxidase subunit II,LBJ_RS15375,21425.55747,0.01169657,0.401788636,0.148522601,19040.63978,17309.24002,14649.43089,22844.72391,20821.96986,25371.58474,25653.39797,25713.47261,171404.4598,TRUE,FALSE,NA,FALSE
membrane protein,LBJ_RS15900,21340.3064,1.17971E-09,0.86382967,0.136170254,16683.52722,15251.4982,11391.42398,17216.55643,28189.54187,26876.43188,27694.23424,27419.2374,170722.4512,TRUE,FALSE,NA,FALSE
DNA gyrase subunit A,LBJ_RS15495,21249.0293,0.000827847,0.373230666,0.105159803,20040.70647,18860.93194,15986.21908,19175.37942,25721.80841,24747.56764,23286.20013,22173.4213,169992.2344,TRUE,FALSE,NA,FALSE
F0F1 ATP synthase subunit alpha,LBJ_RS09625,21202.06187,0.002290824,0.418520009,0.128751583,17405.36013,18875.51551,15179.72703,21131.24645,23669.42674,25014.34645,26883.0664,21457.8062,169616.4949,TRUE,FALSE,NA,FALSE
TraR/DksA family transcriptional regulator,LBJ_RS17355,21028.57255,0.036242312,-0.29129649,0.128607358,24316.58215,27665.03355,20398.72489,20199.13048,20675.70602,18538.82747,19007.33287,17427.24294,168228.5804,TRUE,FALSE,NA,FALSE
pyridoxal phosphate-dependent aminotransferase,LBJ_RS10325,20928.24224,0.547557917,-0.089226047,0.127774552,20956.77805,24194.14374,20961.05975,20189.27724,23985.39413,20658.49244,19598.05594,16882.73666,167425.9379,FALSE,FALSE,NA,FALSE
ADP-forming succinate--CoA ligase subunit beta,LBJ_RS12530,20927.47084,4.60029E-05,0.642392325,0.149570248,17010.32066,16440.05921,12516.09371,19407.91576,25817.44245,26214.08449,28398.62414,21615.22631,167419.7667,TRUE,FALSE,NA,FALSE
30S ribosomal protein S9,LBJ_RS13190,20906.76683,0.20615665,-0.107776655,0.076744657,22046.08954,22301.19626,21214.0552,21188.39521,21131.37413,20201.59539,20398.89042,18772.53849,167254.1346,FALSE,FALSE,NA,FALSE
,LBJ_RS20820,20869.15043,2.74571E-30,-4.727079906,0.401770192,38433.00905,28639.21607,24438.91861,69367.75535,1411.070994,1301.696607,1309.751882,2051.784843,166953.2034,TRUE,TRUE,TRUE,TRUE
30S ribosomal protein S20,LBJ_RS02030,20624.46042,0.008920611,0.285719607,0.101900716,19662.72851,17952.37549,17474.36263,19266.02918,20338.17409,21333.10552,24467.64627,24501.2617,164995.6834,TRUE,FALSE,NA,FALSE
50S ribosomal protein L27,LBJ_RS13760,20165.9115,2.33781E-05,-0.50808555,0.114036348,23034.34441,25287.91154,21420.64974,24979.9198,16488.43489,18461.40028,17475.414,14179.21734,161327.292,TRUE,FALSE,NA,FALSE
hypothetical protein,LBJ_RS11570,19782.03167,1.25241E-05,-0.690756252,0.150308201,25265.46432,22080.98435,23721.91404,26649.0577,12942.47442,12560.06902,15840.16165,19196.12787,158256.2534,TRUE,FALSE,NA,FALSE
hypothetical protein,LBJ_RS14180,19611.90992,1.11541E-32,-2.073015243,0.16942289,36236.01215,33609.29696,30553.89599,26368.24052,9276.502602,8435.729953,5680.758162,6734.843056,156895.2794,TRUE,TRUE,TRUE,TRUE
hypothetical protein,LBJ_RS15950,19486.1434,7.9927E-123,-5.040989659,0.211405842,39370.07941,28547.33958,29626.98252,53749.39354,1230.116375,1070.948268,897.279067,1397.008434,155889.1472,TRUE,TRUE,TRUE,TRUE
sodium-translocating pyrophosphatase,LBJ_RS05390,19279.08419,3.95812E-11,1.339071722,0.19479928,10622.75561,10371.83546,8657.084501,14040.85899,18844.59529,29502.05666,33752.15961,28441.3274,154232.6735,TRUE,FALSE,NA,FALSE
MotA/TolQ/ExbB proton channel family protein,LBJ_RS07215,19277.67581,0.012965236,-0.29352254,0.110014934,20905.59354,23028.91644,21848.20101,19145.81972,19673.4237,17467.8792,16690.94065,15460.63226,154221.4065,TRUE,FALSE,NA,FALSE
50S ribosomal protein L9,LBJ_RS06600,19182.9131,0.011717258,0.330742924,0.122296404,17368.61227,17866.33242,13914.74978,18824.60428,23662.86362,21241.87943,21185.086,19399.177,153463.3048,TRUE,FALSE,NA,FALSE
tRNA-Trp,LBJ_RS13070,19172.84906,0.039413942,-0.343600675,0.154101127,20048.58101,24707.48542,19290.62691,21735.24972,14226.03335,14267.30009,21173.03042,17934.48552,153382.7924,TRUE,FALSE,NA,FALSE
50S ribosomal protein L11,LBJ_RS13055,19141.44209,0.020697254,0.292753063,0.117565709,18014.32462,15973.38495,15273.63364,19560.64089,22402.74441,20760.451,22552.5324,18593.82483,153131.5368,TRUE,FALSE,NA,FALSE
peptidase inhibitor,LBJ_RS07470,19018.39888,0.029367863,0.422478557,0.179636639,16489.28854,17939.25028,15520.00039,15065.59537,29123.38021,23888.96917,18066.13707,16054.56998,152147.191,TRUE,FALSE,NA,FALSE
thiol:disulfide oxidoreductase,LBJ_RS13585,18962.01551,0.000873975,0.921930158,0.260869425,14399.91037,14532.52817,13198.84999,10274.95281,37867.33243,29629.31322,17197.27471,14595.96237,151696.1241,TRUE,FALSE,NA,FALSE
30S ribosomal protein S4,LBJ_RS14545,18665.62845,0.878911388,0.019390975,0.107702965,19612.85641,18152.17041,16028.20086,20366.63546,20611.0124,18078.864,18041.16481,18434.12327,149325.0276,FALSE,FALSE,NA,FALSE
methionine adenosyltransferase,LBJ_RS09035,18662.964,1.6357E-06,0.882212942,0.175350707,12435.21243,13190.83967,11093.1324,15792.76406,19829.06343,28743.11694,29059.95842,19159.62466,149303.712,TRUE,FALSE,NA,FALSE
malate dehydrogenase,LBJ_RS10285,18585.0845,6.52498E-06,-0.630259277,0.132969392,24004.22536,23435.79806,18635.49022,24249.79513,14692.01494,16208.34591,15410.46659,12044.53978,148680.676,TRUE,FALSE,NA,FALSE
RNA polymerase sigma factor WhiG,LBJ_RS08900,18515.63473,0.06606394,-0.181365216,0.090605417,18636.41335,19846.78132,21270.39917,18958.60827,15810.55826,17772.9883,18272.80403,17556.52516,148125.0778,FALSE,FALSE,NA,FALSE
ribosome maturation factor RimP,LBJ_RS05235,18361.52478,0.056867914,0.219187343,0.10585503,16796.39564,17605.28651,15437.14162,18039.3015,17410.08458,19228.77267,21907.55926,20467.65651,146892.1983,FALSE,FALSE,NA,FALSE
30S ribosomal protein S6,LBJ_RS06585,18299.77704,5.62848E-05,0.582915484,0.13727122,14161.0493,14955.45172,12159.2486,17332.8246,19339.64212,22756.69244,25142.75835,20550.54922,146398.2163,TRUE,FALSE,NA,FALSE
hypothetical protein,LBJ_RS12695,18237.57096,0.82428512,-0.027792408,0.105441726,18262.37266,17157.57089,19578.97544,18652.17268,20524.75424,17654.93101,15925.41177,18144.37901,145900.5677,FALSE,FALSE,NA,FALSE
hypothetical protein,LBJ_RS13665,18024.45976,0.001494056,-0.310563597,0.091858853,20515.80376,21023.67547,19446.4014,18843.32543,17255.38244,14642.93692,15651.57804,16816.57458,144195.6781,TRUE,FALSE,NA,FALSE
DsbA family protein,LBJ_RS10290,18008.91289,0.015448899,-0.331835695,0.12745795,21074.89616,20858.88112,18362.60866,19987.28594,18213.59809,17154.33744,15648.1336,12771.56214,144071.3032,TRUE,FALSE,NA,FALSE
30S ribosomal protein S12,LBJ_RS13020,17932.70955,2.30867E-08,0.746781189,0.127829986,13864.44159,14251.06526,10675.52419,14778.86624,23993.83243,22802.68879,23194.92222,19900.33572,143461.6764,TRUE,FALSE,NA,FALSE
carbamoyl-phosphate synthase large subunit,LBJ_RS04325,17855.92741,2.24444E-21,1.217063003,0.124060145,10331.3976,10781.63379,9407.232583,12443.6497,23293.45367,26434.10035,27896.59564,22259.35595,142847.4193,TRUE,FALSE,NA,FALSE
gamma-glutamyltransferase,LBJ_RS10435,17823.93063,0.19458677,0.258424732,0.179691916,16617.90604,17829.8735,15215.08011,15264.6307,25568.04386,21700.30969,16423.99582,13971.60531,142591.445,FALSE,FALSE,NA,FALSE
ATP-dependent Clp protease ATP-binding subunit ClpX,LBJ_RS06025,17804.36052,0.746957184,-0.038239376,0.101091903,17464.41918,18866.76537,16645.77491,19184.24734,16912.22498,18556.4594,19027.99956,15776.99346,142434.8842,FALSE,FALSE,NA,FALSE
preprotein translocase subunit SecA,LBJ_RS08510,17776.47615,0.333861843,0.143270179,0.131653267,15385.5404,18674.26224,15242.6997,18275.77913,17407.27181,19644.273,21687.11449,15894.86842,142211.8092,FALSE,FALSE,NA,FALSE
succinate dehydrogenase/fumarate reductase iron-sulfur subunit,LBJ_RS08265,17775.30098,0.000340076,0.459951181,0.121217824,14808.07407,15662.7549,12782.34656,16608.61187,21608.60678,21169.81849,22011.75385,17550.44129,142202.4078,TRUE,FALSE,NA,FALSE
50S ribosomal protein L19,LBJ_RS07890,17771.77127,1.62195E-05,-0.454217318,0.10009338,20702.1679,21114.09361,19443.08705,20926.29917,16683.45334,15805.11127,14012.02013,13487.93772,142174.1702,TRUE,FALSE,NA,FALSE
30S ribosomal protein S7,LBJ_RS13015,17717.60386,5.86878E-08,0.705400209,0.124361379,14288.35437,13279.79945,11359.38525,14953.26849,25246.45094,21678.07812,21197.14157,19738.3527,141740.8309,TRUE,FALSE,NA,FALSE
carbon-nitrogen family hydrolase,LBJ_RS00885,17595.56885,2.92864E-08,-1.54997604,0.267338116,26232.72042,30855.91882,29614.8299,18225.52763,14468.86882,9338.791557,6319.703525,5708.190151,140764.5508,TRUE,FALSE,NA,FALSE
DUF1858 domain-containing protein,LBJ_RS09510,17577.26797,0.104291348,-0.422145722,0.237063336,20421.30927,19483.65041,23576.0826,17041.16886,23113.43664,16193.01379,10797.48774,9991.994458,140618.1438,FALSE,FALSE,NA,FALSE
NAD(P)(+) transhydrogenase (Re/Si-specific) subunit beta,LBJ_RS14975,17507.42801,0.000166059,0.607338672,0.152608573,14063.92996,13208.33995,10572.77931,17656.99601,19802.81094,21990.85327,22596.44913,20167.26547,140059.4241,TRUE,FALSE,NA,FALSE
50S ribosomal protein L16,LBJ_RS14630,17267.29871,0.560065318,0.082657807,0.122154018,16540.47306,19006.76765,13673.90695,17870.81119,19207.44212,17694.79451,17596.83084,16547.36338,138138.3897,FALSE,FALSE,NA,FALSE
hypothetical protein,LBJ_RS17070,17153.40727,0.28003416,0.229393233,0.189698071,16915.82617,15586.92033,15964.12341,14702.99634,26485.00561,18199.22111,13121.62996,16251.53524,137227.2582,FALSE,FALSE,NA,FALSE
threonine synthase,LBJ_RS14070,17151.80568,0.772772453,0.046398105,0.136548301,15187.36445,20090.32695,16599.37399,15628.21505,18154.53001,18973.49294,18453.63763,14127.50446,137214.4455,FALSE,FALSE,NA,FALSE
hypothetical protein,LBJ_RS14060,16973.52089,0.040406019,-0.286147423,0.128902147,19465.86498,20409.70715,17699.73849,17030.3303,18329.85909,15230.15694,14735.35451,12887.15565,135788.1671,TRUE,FALSE,NA,FALSE
hypothetical protein,LBJ_RS09600,16966.57631,1.30729E-12,0.701209326,0.095086485,12344.65521,13588.97115,11800.19392,13956.12117,22479.62668,19929.45034,21340.08622,20293.50575,135732.6104,TRUE,FALSE,NA,FALSE
HAMP domain-containing histidine kinase,LBJ_RS09260,16947.35648,0.062056084,-0.358555792,0.176566729,16921.07587,20106.36888,23800.35368,15342.47125,16370.29871,17588.23631,14184.2426,11265.80454,135578.8518,FALSE,FALSE,NA,FALSE
adenylate/guanylate cyclase domain-containing protein,LBJ_RS05090,16904.66686,1.76639E-07,0.696221331,0.127302909,12772.50526,12223.94893,11601.33287,15013.37322,17393.20798,21796.90201,22941.75519,21494.30941,135237.3349,TRUE,FALSE,NA,FALSE
lipoprotein LipL31,LBJ_RS09135,16901.49971,0.078947322,0.138253544,0.072018484,15910.50979,16270.88979,16002.79084,16185.90811,16702.20511,17724.69213,17876.69235,18538.30953,135211.9977,FALSE,FALSE,NA,FALSE
secretion protein HlyD,LBJ_RS05705,16899.48889,5.36194E-09,-0.905255541,0.148544983,21780.97999,24752.69449,19820.92305,21783.53056,8704.573495,12304.7893,13532.38056,12516.03964,135195.9111,TRUE,FALSE,NA,FALSE
STAS domain-containing protein,LBJ_RS03735,16814.60718,8.27015E-07,-0.48152307,0.093174174,20315.00297,21017.84204,19237.5973,17810.70646,14397.61208,13098.99289,14929.10478,13709.99894,134516.8575,TRUE,FALSE,NA,FALSE
TolC family protein,LBJ_RS12540,16805.20684,2.85941E-08,0.826233467,0.142388792,13714.82532,10990.17885,9437.061741,14338.42667,22020.20822,21844.43157,21852.44807,20244.07432,134441.6548,TRUE,FALSE,NA,FALSE
50S ribosomal protein L21,LBJ_RS13770,16748.71653,0.428673333,-0.107442233,0.118853967,16547.03518,18475.92568,15964.12341,18502.40352,13268.75529,16560.98457,17193.83026,17476.67438,133989.7323,FALSE,FALSE,NA,FALSE
50S ribosomal protein L6,LBJ_RS14595,16709.11684,0.966133413,0.006600356,0.132770505,18258.43539,16932.9839,13430.85455,18060.97862,19171.81375,14945.7462,17012.99667,15859.12569,133672.9348,FALSE,FALSE,NA,FALSE
DNA primase,LBJ_RS07600,16707.134,2.66231E-10,-0.67829781,0.103039034,18619.35184,22538.90846,22224.93222,18872.88513,13509.71558,13211.68393,12289.79544,12389.79935,133657.072,TRUE,FALSE,NA,FALSE
30S ribosomal protein S16,LBJ_RS07910,16666.64464,0.0017734,-0.290303829,0.087223152,18628.53881,17463.82587,17123.04143,20134.09913,15187.06177,14538.67853,15506.05006,14751.86152,133333.1571,TRUE,FALSE,NA,FALSE
hypothetical protein,LBJ_RS04495,16616.68618,2.16214E-11,1.110436504,0.159443151,11566.38809,9569.739071,8018.519564,12923.50221,24509.50622,24253.10692,22809.14388,19283.58349,132933.4894,TRUE,FALSE,NA,FALSE
hypothetical protein,LBJ_RS02875,16587.49857,1.20712E-66,-3.240640719,0.184525874,31210.74266,25255.82768,26898.16697,36638.26671,4169.456951,2851.006879,2364.614509,3311.906223,132699.9886,TRUE,TRUE,TRUE,TRUE
30S ribosomal protein S5,LBJ_RS14585,16580.54452,0.619282496,-0.071990229,0.124180467,17491.98008,18219.25483,13605.41037,18660.05527,16927.2264,15387.31112,17296.30263,15056.81546,132644.3562,FALSE,FALSE,NA,FALSE
membrane protein insertase YidC,LBJ_RS00815,16380.08585,0.098045652,-0.191881108,0.105823102,18312.24475,16826.52383,15492.3808,19239.42545,15444.89866,14271.89972,14685.40999,16767.90363,131040.6868,FALSE,FALSE,NA,FALSE
hypothetical protein,LBJ_RS05195,16332.63225,0.240806055,-0.12725885,0.097452483,17679.65663,18120.08655,15014.00949,17397.85594,14724.83054,15251.6219,16812.35749,15660.63946,130661.058,FALSE,FALSE,NA,FALSE
hypothetical protein,LBJ_RS06800,16271.38224,0.717446128,0.044669768,0.105102905,16578.53334,15449.83476,14654.95481,17393.91465,16222.15969,14630.67122,17227.41364,18013.57582,130171.0579,FALSE,FALSE,NA,FALSE
translation initiation factor IF-3,LBJ_RS05110,16268.11331,0.277807771,0.148528941,0.122267425,17981.51403,13978.35248,14066.10514,15699.15834,19173.68892,15243.18924,16459.30143,17543.59694,130144.9065,FALSE,FALSE,NA,FALSE
hypothetical protein,LBJ_RS08075,16199.78385,1.12611E-17,0.991722714,0.111953186,11012.54538,11500.60383,9450.319145,11402.16282,21817.68906,23155.32745,22604.19915,18655.42401,129598.2708,TRUE,FALSE,NA,FALSE
PBP1A family penicillin-binding protein,LBJ_RS11690,16161.65975,6.34619E-11,0.900709126,0.132415846,11229.09525,11245.39134,9575.159695,13046.66764,20727.2734,21954.8228,23766.70082,17748.16703,129293.278,TRUE,FALSE,NA,FALSE
molecular chaperone HtpG,LBJ_RS16890,16159.56332,2.88714E-25,1.201401428,0.112259053,10343.20941,9717.033135,8331.173331,10787.321,22967.17281,23694.25131,23211.28335,20225.06223,129276.5066,TRUE,FALSE,NA,FALSE
UMP kinase,LBJ_RS05040,16038.48423,0.938413205,0.016589718,0.186325537,15525.96971,17268.40603,13356.83405,17634.33357,12166.15098,19835.92444,19813.33402,12706.92103,128307.8738,FALSE,FALSE,NA,FALSE
RNA polymerase sigma factor RpoD,LBJ_RS07605,15968.65934,7.16929E-10,-0.607665338,0.094590604,17730.84115,20888.04827,19926.98228,18585.17069,13725.36099,12409.81429,12605.82367,11877.23338,127749.2747,TRUE,FALSE,NA,FALSE
AAA domain-containing protein,LBJ_RS05735,15879.87056,1.126E-05,0.499130791,0.108021253,12675.38592,13686.68107,11689.71556,14587.7135,17734.49027,19553.81351,20072.52884,17038.6358,127038.9645,TRUE,FALSE,NA,FALSE
methylmalonyl-CoA mutase small subunit,LBJ_RS17290,15819.23487,0.207847972,0.132692081,0.094850313,15129.61782,16340.89093,13988.77028,14910.89959,17532.9087,16752.63601,17001.80221,14896.35341,126553.8789,FALSE,FALSE,NA,FALSE
F0F1 ATP synthase subunit B,LBJ_RS09635,15800.03021,0.400781089,-0.136757234,0.143298199,15241.17382,19082.60222,13827.47187,18043.24279,12513.99638,16600.08146,16621.19055,14470.48257,126400.2417,FALSE,FALSE,NA,FALSE
succinate--CoA ligase subunit alpha,LBJ_RS12535,15790.64509,0.004171345,0.439454346,0.143567782,14020.61999,13068.33767,10457.88181,16068.65462,18251.10164,18273.58187,20144.86228,16040.12079,126325.1607,TRUE,FALSE,NA,FALSE
2-isopropylmalate synthase,LBJ_RS07100,15697.39784,0.388821977,0.179199493,0.183282163,14941.94126,16129.42916,14881.43545,12942.22336,22916.54302,16893.69147,14986.79931,11887.11967,125579.1827,FALSE,FALSE,NA,FALSE
,LBJ_RS13170,15677.05543,0.016215337,-1.255757254,0.485715978,21098.51979,24522.27408,27118.01891,15658.76007,17192.564,10223.45462,4856.673645,4746.178355,125416.4435,TRUE,FALSE,NA,FALSE
50S ribosomal protein L15,LBJ_RS14575,15663.5508,0.50269849,-0.094417639,0.122067572,15847.51346,18026.7517,13198.84999,17631.3776,14566.37805,15403.40985,16382.66243,14251.46329,125308.4064,FALSE,FALSE,NA,FALSE
2-oxoglutarate dehydrogenase complex dihydrolipoyllysine-residue succinyltransferase,LBJ_RS11685,15606.80047,7.67012E-05,0.530668284,0.127175757,11908.93061,13078.54617,11360.49004,14724.67346,17120.36967,19318.46554,21073.14139,16269.78685,124854.4037,TRUE,FALSE,NA,FALSE
Grx4 family monothiol glutaredoxin,LBJ_RS10415,15478.31905,0.001665456,-0.622074977,0.185832033,17007.69581,22926.83144,20581.01419,14543.37394,14291.66456,13822.66874,11877.32262,8775.981128,123826.5524,TRUE,FALSE,NA,FALSE
glycosyltransferase,LBJ_RS12885,15443.04724,5.94364E-07,0.81949358,0.156558057,11675.31924,9473.487505,9284.601601,14249.74756,16813.77816,20991.19934,21156.66929,19899.57523,123544.3779,TRUE,FALSE,NA,FALSE
TRAM domain-containing protein,LBJ_RS15345,15437.83812,3.90691E-06,-0.723638512,0.149237462,18133.75516,21284.72139,21648.23517,15854.83944,14209.15675,11796.52967,10189.54242,10385.92498,123502.705,TRUE,FALSE,NA,FALSE
leucyl aminopeptidase,LBJ_RS04565,15283.40994,0.149526136,0.302467559,0.190288165,13730.5744,15054.62,12749.20305,13214.17263,22418.68342,18958.16083,14943.74369,11198.1215,122267.2795,FALSE,FALSE,NA,FALSE
acyl-CoA dehydrogenase,LBJ_RS08690,15196.25114,0.716108003,0.061896125,0.144862578,14914.38037,15805.67389,14830.61541,13930.50276,19614.35561,16096.42147,13821.7143,12556.34527,121570.0091,FALSE,FALSE,NA,FALSE
tetratricopeptide repeat protein,LBJ_RS04230,15183.11955,0.000559209,-1.456010892,0.397964107,21229.76213,26857.10374,26285.01205,14645.84758,13534.09289,8535.388704,5747.924926,4629.824359,121464.9564,TRUE,FALSE,NA,FALSE
quinolinate synthase NadA,LBJ_RS01775,15177.84866,0.005584837,-0.63913367,0.215644184,18262.37266,21170.96954,19986.6406,14523.66747,16607.50865,13380.3372,9346.51343,8144.779712,121422.7893,TRUE,FALSE,NA,FALSE
bifunctional 3%2C4-dihydroxy-2-butanone-4-phosphate synthase/GTP cyclohydrolase II,LBJ_RS11825,15125.44213,0.076346575,-0.233127051,0.120473451,16638.90482,17723.41343,16712.06192,14305.91099,15162.68446,14577.00882,14321.15947,11562.39316,121003.5371,FALSE,FALSE,NA,FALSE
3-oxoacid CoA-transferase,LBJ_RS11995,15085.74543,0.882282845,-0.015571698,0.089526042,14504.90425,15689.00532,14259.44227,16215.46782,13949.44468,14691.23308,15693.77255,15682.69349,120685.9635,FALSE,FALSE,NA,FALSE
crotonyl-CoA carboxylase/reductase,LBJ_RS14405,15026.38851,6.62248E-09,1.363437422,0.225069853,7269.513629,9629.531711,6469.612919,10275.93813,15393.33128,26319.87609,28575.15217,16278.15217,120211.1081,TRUE,FALSE,NA,FALSE
IMP dehydrogenase,LBJ_RS08400,14983.33327,0.056374213,-0.299065095,0.14413422,15860.6377,19051.97672,17509.7157,13701.90773,13830.37092,14573.17579,14619.10434,10719.77729,119866.6662,FALSE,FALSE,NA,FALSE
response regulator,LBJ_RS11265,14728.36005,0.018439807,0.316374295,0.124739431,13145.23353,13440.21873,11941.60622,13953.1652,13156.24464,17540.70675,18343.41525,16306.29006,117826.8804,TRUE,FALSE,NA,FALSE
hypothetical protein,LBJ_RS08305,14716.27335,0.128090996,0.16622082,0.099376334,14802.82438,12942.91897,12786.7657,14943.41526,16791.27604,15062.27028,15862.55057,14538.16562,117730.1868,FALSE,FALSE,NA,FALSE
alanine--tRNA ligase,LBJ_RS13185,14700.64427,4.98354E-12,-0.804666516,0.112062487,17436.85829,21197.21996,17625.71798,18529.99257,10028.44874,10540.06281,12238.1287,10008.7251,117605.1542,TRUE,FALSE,NA,FALSE
flagellar hook-length control protein FliK,LBJ_RS04380,14637.26809,1.71377E-05,0.668282871,0.147666615,11576.88747,11529.77097,9064.749659,13054.55023,17180.37535,15378.87846,17614.05309,21698.87951,117098.1447,TRUE,FALSE,NA,FALSE
DUF883 family protein,LBJ_RS17910,14465.26774,5.80734E-16,-1.428172057,0.170297173,23416.25964,22273.48748,22197.31263,16482.49047,10231.90549,7558.732946,7271.23267,6290.720614,115722.1419,TRUE,FALSE,NA,FALSE
tetratricopeptide repeat protein,LBJ_RS17065,14464.06664,0.243732021,-0.208896349,0.16098354,15138.80479,17697.163,15090.23956,14111.80228,17422.27323,13769.00633,10499.54286,11983.70109,115712.5331,FALSE,FALSE,NA,FALSE
50S ribosomal protein L20,LBJ_RS05120,14398.50349,0.482103607,0.107207729,0.132199675,16022.06578,13126.67196,12500.62674,13805.36669,18037.33142,13518.32624,13570.2695,14607.36963,115188.028,FALSE,FALSE,NA,FALSE
1-deoxy-D-xylulose-5-phosphate synthase,LBJ_RS05095,14381.17536,0.598289525,-0.067616149,0.109914863,13747.6359,16319.01558,15430.51292,13376.75099,13495.65175,14867.55241,15181.4107,12630.87267,115049.4029,FALSE,FALSE,NA,FALSE
tetratricopeptide repeat protein,LBJ_RS05975,14253.00433,0.020015566,-0.455457859,0.181894314,18077.32095,17695.70465,16618.15532,13546.22662,16589.69447,11864.75759,9438.652451,10193.52262,114024.0347,TRUE,FALSE,NA,FALSE
tRNA (guanosine(37)-N1)-methyltransferase TrmD,LBJ_RS07895,14247.32006,3.49552E-08,-0.632960973,0.1097909,17288.55444,18088.0027,15855.85461,18061.96394,11058.85872,12545.50352,11492.4054,9587.417165,113978.5605,TRUE,FALSE,NA,FALSE
hypothetical protein,LBJ_RS10855,14176.09746,1.10395E-36,-1.360271954,0.10476613,19796.5957,21423.26531,22338.72494,18059.00797,8783.330946,7774.915775,7611.372047,7621.566973,113408.7797,TRUE,FALSE,NA,FALSE
phosphoglucosamine mutase,LBJ_RS02040,14132.67611,0.021048432,0.300794793,0.121118259,12873.56187,12094.15515,10830.19389,14859.66277,14540.12557,14816.95643,17043.1356,16003.61758,113061.4089,TRUE,FALSE,NA,FALSE
acyl-CoA dehydrogenase,LBJ_RS09055,14120.86768,0.042916616,-0.374535163,0.17068741,14856.63374,17157.57089,16946.27605,14813.35257,15865.87599,13361.17206,11104.90484,8861.155295,112966.9414,TRUE,FALSE,NA,FALSE
DUF3341 domain-containing protein,LBJ_RS04485,14005.27228,1.89162E-06,0.646958848,0.129351796,11343.2761,10968.3035,8832.745097,12521.49025,18554.88038,17782.18757,16895.02428,15144.27107,112042.1782,TRUE,FALSE,NA,FALSE
hypothetical protein,LBJ_RS01505,14002.69796,4.64692E-11,-0.936401513,0.13670781,20427.87139,19046.14329,17068.90704,17034.27159,9349.634521,8604.383224,8511.234452,11979.13819,112021.5837,TRUE,FALSE,NA,FALSE
plastocyanin,LBJ_RS06110,13964.55896,0.00029083,-0.396630656,0.103393242,15002.31274,18013.62649,15961.91384,14512.82892,11683.2928,12888.9429,12399.1567,11254.39729,111716.4717,TRUE,FALSE,NA,FALSE
DUF1554 domain-containing protein,LBJ_RS11375,13961.10276,0.002978197,-0.414505249,0.130818166,16666.46571,16539.22749,15080.29651,15527.71206,9246.499764,12890.47611,13473.82492,12264.31955,111688.8221,TRUE,FALSE,NA,FALSE
DNA repair protein RadA,LBJ_RS12565,13907.34063,0.166775107,-0.1807824,0.118522566,13625.58052,16807.56519,13798.7475,14879.36924,12635.88292,14375.3915,13880.26994,11255.91826,111258.7251,FALSE,FALSE,NA,FALSE
DNA starvation/stationary phase protection protein,LBJ_RS02590,13805.08665,2.4841E-17,-1.430880492,0.163234681,21032.89861,23259.33686,20974.31716,15294.1904,8861.150808,8099.956623,6811.398676,6107.444059,110440.6932,TRUE,FALSE,NA,FALSE
ATP-grasp domain-containing protein,LBJ_RS05485,13770.45749,0.134065836,-0.274407746,0.166445063,14252.91894,17016.11025,14778.69058,14256.64482,15758.05329,13456.23118,11682.71123,8962.299618,110163.6599,FALSE,FALSE,NA,FALSE
Gfo/Idh/MocA family oxidoreductase,LBJ_RS02405,13733.77494,0.194637252,-0.396178403,0.275540747,14297.54134,17634.45365,20940.06887,9558.622671,19048.05204,10839.80566,9596.236011,7955.419288,109870.1995,FALSE,FALSE,NA,FALSE
Mrp/NBP35 family ATP-binding protein,LBJ_RS07145,13694.56915,0.188593963,-0.359807162,0.247048001,15445.91188,17614.03665,16809.28288,11704.65712,17941.69737,13500.69431,9414.541305,7125.731644,109556.5532,FALSE,FALSE,NA,FALSE
polymer-forming cytoskeletal protein,LBJ_RS01560,13583.06177,0.053388433,0.246518261,0.117444646,12288.221,12824.79204,10863.3374,13725.55549,12670.5737,15423.3416,16196.66216,14672.01074,108664.4941,FALSE,FALSE,NA,FALSE
hypothetical protein,LBJ_RS19470,13577.74578,2.49528E-08,-1.416914263,0.243140866,20444.9329,24964.15627,21309.0666,12307.67506,10623.81756,7814.779275,5646.313668,5511.22489,108621.9662,TRUE,FALSE,NA,FALSE
type II secretion system secretin GspD,LBJ_RS07835,13533.69694,1.33862E-11,0.605674793,0.08607369,10614.88107,11001.84571,9908.80435,11409.06009,17140.05903,15547.53173,16820.96861,15826.42489,108269.5755,TRUE,FALSE,NA,FALSE
30S ribosomal protein S13,LBJ_RS14555,13516.41078,0.164328626,-0.162812473,0.106070246,14859.25859,14707.53102,12541.50373,15004.50531,14331.04329,12535.53764,12362.12887,11789.77777,108131.2862,FALSE,FALSE,NA,FALSE
ATP-dependent Clp protease ATP-binding subunit ClpA,LBJ_RS10440,13449.31778,0.744975441,0.083219861,0.217893978,13033.67753,15032.74464,12812.17572,11367.6765,19502.78256,15743.0162,11413.18307,8689.285994,107594.5422,FALSE,FALSE,NA,FALSE
NTP transferase domain-containing protein,LBJ_RS14290,13437.1125,0.155124425,0.150827113,0.096156877,12216.03771,12374.15971,12524.93198,13825.07316,12729.64179,13933.82657,15398.41101,14494.81805,107496.9,FALSE,FALSE,NA,FALSE
leucine--tRNA ligase,LBJ_RS14030,13404.5637,1.77822E-11,1.122950438,0.160533443,8247.269118,7848.877733,7287.152803,10359.69063,14308.54116,17273.16133,21352.14179,20559.67503,107236.5096,TRUE,FALSE,NA,FALSE
polyamine aminopropyltransferase,LBJ_RS17805,13400.40561,4.50638E-21,1.582990785,0.162561745,6862.662352,6858.653284,5232.255257,7874.704916,16149.96536,23504.13308,22406.14331,18314.72734,107203.2449,TRUE,FALSE,NA,FALSE
50S ribosomal protein L22,LBJ_RS14640,13396.92866,0.001263495,0.423469431,0.123505397,11175.28589,12700.83169,9300.068572,12603.27209,16042.14266,15136.63104,16133.80096,14083.3964,107175.4293,TRUE,FALSE,NA,FALSE
efflux RND transporter permease subunit,LBJ_RS09870,13373.86153,7.82682E-13,1.111478039,0.149251194,8189.522485,8575.139552,7197.66533,9887.720699,16441.55545,20829.44552,20877.66889,14992.17435,106990.8923,TRUE,FALSE,NA,FALSE
phosphoribosylformylglycinamidine synthase subunit PurL,LBJ_RS12525,13351.85269,0.549197066,0.118134505,0.170084019,11768.5013,14637.52988,11100.86588,13715.70226,12038.63891,16910.5568,16076.10643,10566.92008,106814.8215,FALSE,FALSE,NA,FALSE
adenosylhomocysteinase,LBJ_RS17095,13346.89339,0.667259231,0.070041465,0.138949262,13406.4058,14497.5276,14333.46278,9856.190349,15068.92559,12850.61261,13118.18552,13643.83686,106775.1471,FALSE,FALSE,NA,FALSE
DEAD/DEAH box helicase,LBJ_RS01225,13340.93268,3.15335E-15,-1.27430536,0.15587669,20198.19728,18653.84524,15384.11201,21274.11835,6536.868419,6669.470246,8898.735008,9112.114894,106727.4614,TRUE,FALSE,NA,FALSE
ABC transporter permease,LBJ_RS20250,13262.13705,1.4447E-41,-1.206109145,0.08707037,18215.12541,19575.52691,18235.55855,17991.02065,7406.013145,7885.307006,8734.26255,8054.28216,106097.0964,TRUE,FALSE,NA,FALSE
TldD/PmbA family protein,LBJ_RS07465,13249.83773,0.021571146,-0.947998881,0.383096992,18002.51281,20612.41878,17389.29429,13807.33733,14957.35254,10162.89277,6549.620522,4517.272782,105998.7018,TRUE,FALSE,NA,FALSE
efflux RND transporter permease subunit,LBJ_RS01395,13244.3308,9.76618E-12,0.994651159,0.14043415,9179.089785,8665.55769,7042.995622,10517.34238,15375.5171,17635.76586,19648.00045,17890.37747,105954.6464,TRUE,FALSE,NA,FALSE
50S ribosomal protein L5,LBJ_RS14605,13240.67297,0.574724093,0.076488622,0.117190775,14044.24361,12196.24015,11048.94105,14268.4687,15170.18517,12893.54254,13166.40781,13137.35476,105925.3838,FALSE,FALSE,NA,FALSE
CHAT domain-containing protein,LBJ_RS15290,13203.28429,0.861165857,0.030309256,0.146756446,12700.32197,12744.58241,14798.57668,12014.04868,16970.35548,13190.21897,11086.82149,12121.34863,105626.2743,FALSE,FALSE,NA,FALSE
outer membrane protein assembly factor,LBJ_RS07225,13155.59205,0.062051488,-0.196687052,0.096846524,13241.04044,14563.15367,15239.38535,13159.97984,13268.75529,12422.07999,12095.18405,11255.15777,105244.7364,FALSE,FALSE,NA,FALSE
ABC transporter ATP-binding protein,LBJ_RS15890,13140.77544,1.77859E-08,0.680742225,0.115605885,10534.82324,11071.84685,8136.731412,10645.43442,16143.40224,16562.51778,16372.32908,15659.11849,105126.2035,TRUE,FALSE,NA,FALSE
biotin carboxylase,LBJ_RS09975,13137.75208,2.00071E-11,0.832804704,0.119373908,9197.463714,9323.276727,8201.913646,11067.15285,15007.98233,17550.67262,17982.60917,16770.94556,105102.0166,TRUE,FALSE,NA,FALSE
flagellar motor switch protein FliM,LBJ_RS10555,13053.10368,0.000645493,-0.511073288,0.141221306,14500.96698,16587.35328,17181.59497,13094.94849,13247.19075,10155.22671,9525.624798,10131.92345,104424.8294,TRUE,FALSE,NA,FALSE
KH domain-containing protein,LBJ_RS00820,12959.67709,1.85181E-13,-0.835990199,0.109389839,16973.5728,18071.96077,14777.58579,16628.31834,10659.44594,8961.621515,8776.457055,8828.454499,103677.4167,TRUE,FALSE,NA,FALSE
cytochrome c3 family protein,LBJ_RS04470,12954.43649,2.40085E-10,0.888435908,0.134616861,9789.366701,8454.095915,7456.184698,10647.40507,17565.7243,17033.21372,17981.74806,14707.75347,103635.4919,TRUE,FALSE,NA,FALSE
insulinase family protein,LBJ_RS13155,12922.0521,0.021608078,-0.275861029,0.111520913,13591.45751,15061.91178,13994.2942,13966.95973,13092.48861,12373.78382,11463.98869,9831.532411,103376.4168,TRUE,FALSE,NA,FALSE
PAS domain-containing protein,LBJ_RS00215,12844.15614,6.52381E-12,-0.740020779,0.10360827,16309.48653,16822.14876,14796.36712,16345.53051,8567.685544,9324.226047,9715.930627,10871.87402,102753.2492,TRUE,FALSE,NA,FALSE
protein meaA,LBJ_RS16960,12816.49592,1.29672E-15,0.971357683,0.117223798,8949.415677,8575.139552,7286.04802,9819.733382,16970.35548,17193.43433,18336.52635,15401.31454,102531.9673,TRUE,FALSE,NA,FALSE
tRNA (adenosine(37)-N6)-threonylcarbamoyltransferase complex transferase subunit TsaD,LBJ_RS10845,12816.05811,5.13891E-25,-1.207291806,0.113401023,16736.02416,20266.78815,17437.90477,17103.24423,8487.990505,7923.637295,7911.039145,6661.836628,102528.4649,TRUE,FALSE,NA,FALSE
50S ribosomal protein L28,LBJ_RS10200,12811.96285,7.73784E-18,-1.123329977,0.126202765,16892.20255,21112.63525,17351.73164,14894.14909,7881.370616,7333.350848,8466.456609,8563.806194,102495.7028,TRUE,FALSE,NA,FALSE
cAMP-binding protein,LBJ_RS04555,12718.31181,2.11714E-30,1.137160488,0.096452684,7924.412943,8086.589934,7197.66533,8592.020378,16463.11999,17561.4051,19085.69409,16835.58667,101746.4944,TRUE,FALSE,NA,FALSE
HAMP domain-containing protein,LBJ_RS04025,12673.69383,0.382284866,0.121917959,0.123198196,12613.70202,12823.33369,11159.41942,11957.88524,15908.06748,13121.99106,11425.23864,12379.91307,101389.5506,FALSE,FALSE,NA,FALSE
dihydrolipoyl dehydrogenase,LBJ_RS11680,12651.49385,0.001661499,0.498280607,0.148800193,9584.628639,11723.73246,8809.544641,11834.71981,14547.62628,15768.3142,17044.85782,11898.52693,101211.9508,TRUE,FALSE,NA,FALSE
class I fructose-bisphosphate aldolase,LBJ_RS06090,12599.20987,0.005298966,0.358322048,0.120146237,11542.76446,11366.43498,9331.002513,11930.29619,14078.83193,15231.69015,15109.93838,12202.72038,100793.679,TRUE,FALSE,NA,FALSE
SPFH domain-containing protein,LBJ_RS14075,12554.0336,0.028785793,-0.426880296,0.180872264,13431.34184,15955.88467,15523.31474,12681.11265,12895.59499,12815.34875,9785.680727,7343.990447,100432.2688,TRUE,FALSE,NA,FALSE
zinc protease,LBJ_RS05065,12548.40203,0.084161147,-0.331384072,0.175421234,13989.12182,15840.67446,12648.66774,13454.59154,14422.92698,12140.73567,9912.264242,7978.233797,100387.2163,FALSE,FALSE,NA,FALSE
CBS domain-containing protein,LBJ_RS09285,12539.52639,3.12637E-12,-0.869316393,0.119944749,17087.75365,16400.68357,16219.32843,15119.78815,10540.37217,8014.096777,9147.596477,7786.591921,100316.2111,TRUE,FALSE,NA,FALSE
GTPase HflX,LBJ_RS15690,12536.28257,1.36124E-33,-1.376243555,0.110867761,17801.71202,20205.53716,18917.21004,15476.47524,7362.884064,7215.293559,6927.648843,6383.499618,100290.2605,TRUE,FALSE,NA,FALSE
,LBJ_RS04960,12534.84708,4.5402E-08,0.785110823,0.137290218,8761.73912,11106.84742,8499.100442,8459.001714,13465.64892,18341.80978,15164.18846,16480.44082,100278.7767,TRUE,FALSE,NA,FALSE
50S ribosomal protein L17,LBJ_RS14535,12507.06221,0.427443501,-0.099642499,0.10990088,13511.39968,13170.42267,11275.4217,13798.46942,11924.25309,10919.53267,11907.46155,13549.53689,100056.4977,FALSE,FALSE,NA,FALSE
serine protease,LBJ_RS17510,12504.467,0.000142461,0.405147319,0.100817859,10931.17512,11258.51655,10209.3055,10642.47845,15108.30432,15747.61584,13384.26923,12754.07101,100035.736,TRUE,FALSE,NA,FALSE
glutamate--cysteine ligase,LBJ_RS10430,12493.43337,0.062444199,0.549033866,0.270785739,10148.97073,11090.80549,10707.56291,8630.447992,24389.49486,16492.75665,10081.04226,8406.386082,99947.46699,FALSE,FALSE,NA,FALSE
hypothetical protein,LBJ_RS17745,12476.56967,2.24416E-08,-1.225659338,0.209624843,18083.88306,21007.63354,18477.50616,12347.088,10464.42749,7367.848108,6402.37031,5661.80065,99812.55732,TRUE,FALSE,NA,FALSE
hypothetical protein,LBJ_RS08205,12462.24815,0.341235819,0.12281807,0.114463783,10942.98694,13877.72585,12279.67001,10629.66925,13929.75532,12546.27012,13351.54696,12140.36072,99697.98517,FALSE,FALSE,NA,FALSE
amidophosphoribosyltransferase,LBJ_RS01065,12453.60876,0.010514539,0.260035804,0.094722744,11748.81495,10892.46893,10677.73375,12017.00465,13648.47871,14266.53348,14242.79824,12135.03734,99628.87006,TRUE,FALSE,NA,FALSE
alpha-galactosidase,LBJ_RS12575,12440.98621,0.000152877,0.495053547,0.123738649,10075.47502,11623.10582,9368.565156,10242.43714,16311.23062,15168.82848,14704.35446,12033.89301,99527.88971,TRUE,FALSE,NA,FALSE
50S ribosomal protein L25/general stress protein Ctc,LBJ_RS14300,12290.2436,0.020259758,-0.223180571,0.089319024,13580.95812,13170.42267,12186.86819,14017.21123,11375.7637,10418.93909,11764.5169,11807.26889,98321.9488,TRUE,FALSE,NA,FALSE
alginate export family protein,LBJ_RS16175,12277.26653,0.000147314,-0.383042237,0.095512762,15015.43698,13960.8522,12648.66774,13965.97441,11353.26157,10103.09751,10000.0977,11170.74409,98218.13221,TRUE,FALSE,NA,FALSE
preprotein translocase subunit SecE,LBJ_RS13065,12270.00712,0.000745918,0.323037497,0.090281233,10986.29691,9890.577626,10852.28957,11876.1034,13682.23191,13276.84542,13178.46338,14417.24872,98160.05693,TRUE,FALSE,NA,FALSE
hypothetical protein,LBJ_RS14080,12239.50346,2.60803E-10,-0.978523498,0.148571198,15264.79744,18446.75854,17079.95487,14161.06845,9939.377813,8852.763495,7494.260768,6677.0463,97916.02767,TRUE,FALSE,NA,FALSE
polynucleotide adenylyltransferase PcnB,LBJ_RS10890,12235.38647,0.126371924,0.14693561,0.087479321,11713.37952,11665.39818,11317.40347,11755.89394,11797.67862,12238.0946,13695.13079,13700.11265,97883.09176,FALSE,FALSE,NA,FALSE
phosphoglycerate dehydrogenase,LBJ_RS08215,12137.59748,0.007640692,0.36559772,0.127972388,11222.53314,10603.71423,9090.159682,11514.4897,14834.52842,14062.61634,14589.82652,11182.91183,97100.77985,TRUE,FALSE,NA,FALSE
AMP-binding protein,LBJ_RS07260,12135.59243,2.81955E-21,1.018344941,0.104055174,8041.218632,7624.290744,7245.171025,9175.331854,15072.67595,17004.84931,16385.24577,16535.95612,97084.7394,TRUE,FALSE,NA,FALSE
trigger factor,LBJ_RS06015,12134.098,6.54587E-06,0.358052463,0.0755535,10534.82324,10231.83318,10475.55835,11299.68919,13244.37798,13561.25617,14202.32596,13522.91997,97072.78403,TRUE,FALSE,NA,FALSE
F0F1 ATP synthase subunit beta,LBJ_RS09615,12078.8542,0.017034062,0.324646489,0.126467671,10416.70512,10978.512,8906.7656,12599.3308,12805.58647,13016.96607,15035.0216,12871.94598,96630.83364,TRUE,FALSE,NA,FALSE
CTP synthase,LBJ_RS07985,12072.22129,5.58334E-06,0.72664681,0.152225916,9230.274301,9464.737362,8912.289519,8771.349244,18868.03501,15950.76637,14147.21477,11233.10375,96577.77032,TRUE,FALSE,NA,FALSE
type I methionyl aminopeptidase,LBJ_RS08020,12022.75978,3.81687E-08,0.463683354,0.080642173,9693.559788,10437.46153,10022.59706,10274.95281,13779.74113,14534.0789,14511.4653,12928.22177,96182.07828,TRUE,FALSE,NA,FALSE
phosphate acyltransferase PlsX,LBJ_RS05215,11972.05123,0.000822375,0.505954005,0.142472356,8441.507792,10759.75844,9614.931905,10759.73194,11576.40768,14498.81503,16954.44103,13170.81604,95776.40986,TRUE,FALSE,NA,FALSE
cysteine desulfurase,LBJ_RS13470,11968.52145,0.069685815,-0.321004765,0.162396811,12975.9309,15216.49763,12969.055,12017.00465,13339.07444,11477.62167,9815.819659,7937.167681,95748.17163,FALSE,FALSE,NA,FALSE
PAS domain S-box protein,LBJ_RS10970,11955.62465,0.018436288,-0.379496178,0.149613369,13251.53983,14713.36445,14299.21448,11812.05737,13237.81486,10484.10059,9051.151894,8795.753702,95644.99717,TRUE,FALSE,NA,FALSE
hypothetical protein,LBJ_RS15280,11937.51426,0.602991552,-0.133937973,0.220764705,12680.63562,11939.5693,15379.69287,9964.575927,17080.05336,10684.18469,7929.983616,9841.418698,95500.11408,FALSE,FALSE,NA,FALSE
hypothetical protein,LBJ_RS00795,11935.91997,0.041162079,-0.524464072,0.237101962,13954.99881,14442.11003,16045.8774,11883.98598,15180.49865,10469.53508,6803.648665,6706.705162,95487.35977,TRUE,FALSE,NA,FALSE
hypothetical protein,LBJ_RS16810,11918.68637,0.184177934,0.255168749,0.173628422,12658.32442,9402.028009,10735.1825,10673.02348,17733.55268,12209.73019,11433.84976,10503.79994,95349.49098,FALSE,FALSE,NA,FALSE
type I glutamate--ammonia ligase,LBJ_RS05790,11896.23779,6.08697E-27,1.229516665,0.111048452,7371.88266,6889.278783,6195.62658,7994.914375,15011.73268,16978.78471,16921.71876,17805.96379,95169.90234,TRUE,FALSE,NA,FALSE
caspase,LBJ_RS16025,11895.04445,6.52579E-05,0.735545285,0.174671699,9681.747976,8716.600187,7271.685833,10037.48986,11200.43462,13779.73881,15058.27164,19414.38667,95160.3556,TRUE,FALSE,NA,FALSE
2-isopropylmalate synthase,LBJ_RS07535,11894.86196,0.610893343,0.090788713,0.15273214,11408.89727,12907.9184,11050.04584,10716.37771,14638.57238,13201.71806,12231.2398,9004.126218,95158.89567,FALSE,FALSE,NA,FALSE
50S ribosomal protein L14,LBJ_RS14615,11870.92768,0.17357006,0.18384839,0.122296652,11147.725,11938.11095,9232.67677,12144.11137,12498.05738,13190.21897,13721.82527,11094.69573,94967.42143,FALSE,FALSE,NA,FALSE
2Fe-2S iron-sulfur cluster binding domain-containing protein,LBJ_RS00760,11854.6416,2.71666E-08,-0.545236704,0.093809925,14416.97187,13918.55984,13663.9639,14275.36597,8726.138035,9232.999959,9866.625288,10736.50793,94837.1328,TRUE,FALSE,NA,FALSE
30S ribosomal protein S11,LBJ_RS14550,11837.49653,0.818914802,-0.029570522,0.108673627,11814.43612,12425.20221,10689.88637,12904.78107,13160.93259,11408.62715,11813.60031,10482.5064,94699.97222,FALSE,FALSE,NA,FALSE
Asp-tRNA(Asn)/Glu-tRNA(Gln) amidotransferase subunit GatA,LBJ_RS09110,11807.80086,1.01121E-07,0.826591803,0.148332128,8159.336745,9098.689739,7618.587891,9182.229118,16663.76397,17040.11318,15532.74454,11166.94167,94462.40685,TRUE,FALSE,NA,FALSE
hypothetical protein,LBJ_RS13415,11765.9151,0.109461709,0.165221115,0.094115635,11422.0215,11630.39761,10209.3055,11110.50709,13370.95246,12416.71374,12748.76832,11218.65456,94127.32077,FALSE,FALSE,NA,FALSE
sulfurtransferase,LBJ_RS11235,11739.92161,1.19227E-15,1.029314317,0.124051552,7822.043912,7405.537184,6580.091282,9074.828863,14211.96952,15554.43118,17402.21945,15868.25149,93919.37289,TRUE,FALSE,NA,FALSE
DUF736 family protein,LBJ_RS13800,11722.13247,2.2976E-127,-3.324442959,0.136875411,22945.09962,23502.88249,22720.98007,16096.24368,2211.771744,1980.909324,2235.447656,2083.725155,93777.05973,TRUE,TRUE,TRUE,TRUE
30S ribosomal protein S1,LBJ_RS12955,11686.97985,0.982877033,-0.004045564,0.160507735,11902.3685,12746.04076,11172.67682,10992.26827,15608.0391,11462.28955,10282.54255,9329.613213,93495.83877,FALSE,FALSE,NA,FALSE
septal ring lytic transglycosylase RlpA family protein,LBJ_RS00290,11657.03965,0.025972983,0.441565901,0.183922333,9797.241242,9827.868272,8084.806582,11837.67578,10350.04166,11364.93062,14129.99252,17863.76055,93256.31723,TRUE,FALSE,NA,FALSE
50S ribosomal protein L18,LBJ_RS14590,11620.77752,0.061013506,-0.265689193,0.130338535,13209.54228,14735.2398,10073.41711,12734.32011,11317.6332,10107.69715,10963.68242,9824.688058,92966.22013,FALSE,FALSE,NA,FALSE
glutamine-hydrolyzing GMP synthase,LBJ_RS10530,11561.11645,0.009899663,-0.434416438,0.156977582,12520.51995,14736.69816,14235.13703,11662.28821,12419.29993,10330.77943,8755.790359,7828.418521,92488.93159,TRUE,FALSE,NA,FALSE
tRNA (adenosine(37)-N6)-dimethylallyltransferase MiaA,LBJ_RS09330,11547.16488,0.122278162,-0.148520549,0.08747181,11782.93796,12972.08611,11744.95474,12065.2855,10396.9211,11062.88795,11910.04489,10442.20077,92377.31901,FALSE,FALSE,NA,FALSE
flagellar basal-body rod protein FlgG,LBJ_RS09810,11528.03709,0.44170978,0.160041862,0.181831772,9839.238793,10629.96466,8830.53553,14256.64482,9328.06998,11250.70636,14231.60378,13857.53277,92224.29669,FALSE,FALSE,NA,FALSE
signal peptidase I,LBJ_RS09675,11509.59325,0.243030855,0.145861681,0.112247248,10776.30915,11547.27125,10629.12327,10760.71727,12256.15949,13085.96059,13059.62988,9961.575112,92076.74602,FALSE,FALSE,NA,FALSE
winged helix-turn-helix transcriptional regulator,LBJ_RS07195,11505.45124,0.856012831,-0.033850413,0.15780814,14193.85988,10893.92729,10394.90915,11079.96206,10172.8374,9446.116365,11605.21112,14256.78667,92043.60993,FALSE,FALSE,NA,FALSE
TIGR02300 family protein,LBJ_RS09335,11423.51071,0.014339918,0.29641516,0.112674817,9907.484814,11945.40273,9776.230315,9390.132363,11618.59918,12122.33713,13883.71439,12744.18473,91388.08565,TRUE,FALSE,NA,FALSE
ribose-phosphate pyrophosphokinase,LBJ_RS14295,11415.85748,0.020170691,0.274112576,0.109605214,9962.6066,10277.04225,9652.494549,11445.51705,11101.9878,11866.2908,13993.07566,13027.84512,91326.85983,TRUE,FALSE,NA,FALSE
sphingomyelin phosphodiesterase,LBJ_RS18430,11399.49344,1.18069E-05,-0.794463722,0.17234962,17603.53607,15992.34359,12582.38073,11667.21483,10682.88565,7783.348438,7490.816319,7393.421883,91195.94751,TRUE,FALSE,NA,FALSE
SpoIIE family protein phosphatase,LBJ_RS09990,11398.93967,9.60432E-07,0.351072433,0.068337192,9709.308869,10024.74648,9912.118701,10427.67794,12880.59357,12653.59493,12605.82367,12977.6532,91191.51736,TRUE,FALSE,NA,FALSE
ketoacyl-ACP synthase III,LBJ_RS12000,11348.05786,0.925706477,0.012185597,0.11125056,11024.35719,12046.02937,9633.713227,12496.85716,10970.72538,12306.32251,11576.79441,10729.66358,90784.46284,FALSE,FALSE,NA,FALSE
adenylate kinase,LBJ_RS14565,11323.15859,0.251888755,-0.164790127,0.129076151,11639.8838,13778.55757,10162.90458,12296.8365,9506.211834,11687.67165,11712.85016,9800.352582,90585.26869,FALSE,FALSE,NA,FALSE
NADP-dependent isocitrate dehydrogenase,LBJ_RS01150,11285.00985,0.014084706,0.289970479,0.10993618,10610.9438,10613.92273,8447.175612,10947.92872,11544.52967,12562.36884,12776.32391,12776.88552,90280.0788,TRUE,FALSE,NA,FALSE
flagellar hook-associated protein FlgK,LBJ_RS16320,11275.87344,0.509440948,-0.11312072,0.148526547,11937.80393,10551.21338,9608.303204,14771.96898,11331.69703,9462.215086,10718.2654,11825.5205,90206.98751,FALSE,FALSE,NA,FALSE
chemotaxis protein CheX,LBJ_RS08080,11234.17078,0.000459285,0.394656838,0.106314461,9574.129251,10431.6281,9375.193858,9448.266446,14183.84186,13617.985,12016.82282,11225.49891,89873.36624,TRUE,FALSE,NA,FALSE
ribonuclease D,LBJ_RS12570,11232.21557,0.038659191,-0.238167161,0.106449729,11965.36482,13390.63459,11705.18253,11568.68248,11223.87433,10844.4053,10210.20911,8949.371396,89857.72456,TRUE,FALSE,NA,FALSE
hypothetical protein,LBJ_RS03595,11215.62633,3.80802E-05,-0.563078571,0.129701753,13541.58542,12848.12576,11187.03901,15929.72402,10057.51399,8254.81099,8667.095787,9239.115661,89725.01063,TRUE,FALSE,NA,FALSE
hypothetical protein,LBJ_RS12980,11205.44423,0.574297446,-0.110832404,0.169590277,10484.95114,12346.45093,10851.18478,12860.44151,7744.482665,13134.25675,12433.6012,9788.184844,89643.55382,FALSE,FALSE,NA,FALSE
flagellar motor switch protein FliN,LBJ_RS08950,11202.95086,0.540660828,0.069147889,0.097309712,10923.30058,11863.73474,10335.25083,10617.84537,10550.68565,11469.95561,12745.32387,11117.51023,89623.60688,FALSE,FALSE,NA,FALSE
aldolase,LBJ_RS11080,11198.0493,0.00105297,0.552225618,0.15859055,8921.854784,9527.446716,7413.098137,10460.19362,12038.63891,15036.97229,15609.38354,10576.80637,89584.39436,TRUE,FALSE,NA,FALSE
M23 family metallopeptidase,LBJ_RS01565,11176.33673,4.1505E-06,0.71654979,0.14817525,8158.024322,8282.009781,7275.000183,10110.4038,10957.59914,13759.04046,15408.74436,15459.87178,89410.69383,TRUE,FALSE,NA,FALSE
hypothetical protein,LBJ_RS02920,11092.87574,2.60864E-05,-0.522385748,0.11794005,12155.66623,13908.35134,12899.45363,13356.0592,7404.137967,9529.676395,9494.624753,9995.036392,88743.00591,TRUE,FALSE,NA,FALSE
ribosomal-processing cysteine protease Prp,LBJ_RS13765,11068.10605,0.297656529,0.117561583,0.100590627,10171.28193,10767.05022,9959.624397,11571.63845,10334.10266,12632.12997,11748.15577,11360.865,88544.8484,FALSE,FALSE,NA,FALSE
outer membrane lipoprotein carrier protein LolA,LBJ_RS13410,11056.05161,0.000294306,0.384946688,0.100432482,9986.230223,9245.983802,8625.045776,10500.59188,12253.34673,12839.88013,13414.40816,11582.92622,88448.41292,TRUE,FALSE,NA,FALSE
acyl-CoA/acyl-ACP dehydrogenase,LBJ_RS13260,11023.29745,0.000682943,0.4501173,0.12489915,9113.468612,9174.524306,8299.134606,10681.89139,11671.10414,14028.11908,14028.38127,11189.75618,88186.37959,TRUE,FALSE,NA,FALSE
MFS transporter,LBJ_RS17715,10964.58969,1.07107E-12,-1.154543058,0.155961271,14813.32376,16486.72664,14150.06869,15077.41925,7242.872711,8566.052935,6276.647907,5103.605663,87716.71756,TRUE,FALSE,NA,FALSE
hypothetical protein,LBJ_RS05025,10961.10828,2.0128E-06,-0.378692565,0.075908053,12370.90368,13030.42039,12269.72696,11895.80987,9892.498378,9391.687355,9727.9862,9109.833443,87688.86627,TRUE,FALSE,NA,FALSE
cytochrome c,LBJ_RS04490,10907.57638,6.4612E-10,0.841631092,0.130640983,8160.649169,8120.132147,6343.667586,8628.477346,15986.82493,14228.20319,13348.10251,12444.55417,87260.61106,TRUE,FALSE,NA,FALSE
2-isopropylmalate synthase,LBJ_RS12795,10863.10249,1.34126E-28,1.070377682,0.093737162,6787.854214,7024.90599,6450.831598,7769.275308,14104.14682,15656.38975,14246.24269,14865.17358,86904.81995,TRUE,FALSE,NA,FALSE
response regulator,LBJ_RS07565,10847.48346,0.705683223,-0.127104448,0.287161678,11747.50253,11725.19082,12075.28504,9751.746065,18054.20802,11081.28648,5821.980588,6522.668123,86779.86766,FALSE,FALSE,NA,FALSE
hypothetical protein,LBJ_RS08685,10805.67908,0.142080919,-0.410637448,0.253776443,11777.68827,13698.34793,13657.3352,10199.08291,14771.70998,10001.13895,6681.370711,5658.758715,86445.43264,FALSE,FALSE,NA,FALSE
30S ribosomal protein S18,LBJ_RS06595,10789.42649,0.001202163,0.429268089,0.124659568,9639.750425,8649.515762,8077.073097,10415.85406,14438.86599,11936.05192,11974.62832,11183.67231,86315.41188,TRUE,FALSE,NA,FALSE
glutathione peroxidase,LBJ_RS16270,10729.26064,8.01391E-13,-0.969994363,0.130312482,15588.96604,13960.8522,15063.72475,12211.11337,8376.41745,6437.955302,6448.009265,7747.046772,85834.08514,TRUE,FALSE,NA,FALSE
30S ribosomal protein S8,LBJ_RS14600,10702.70753,0.207045985,0.191286469,0.136454054,11362.96245,9212.44159,8286.981986,11113.46306,13238.75245,10438.10424,10953.34907,11015.60543,85621.66027,FALSE,FALSE,NA,FALSE
phosphopyruvate hydratase,LBJ_RS08555,10675.00037,0.128840233,-0.22042458,0.132032482,11423.33393,12712.49855,9958.519613,11862.30887,8653.006116,10310.08107,11665.48898,8814.765793,85400.00293,FALSE,FALSE,NA,FALSE
threonine--tRNA ligase,LBJ_RS11645,10665.84679,9.16006E-21,1.240314627,0.128406496,6247.135742,6205.309318,5455.42155,7466.781012,13445.02196,15235.52318,17099.96901,14171.61251,85326.77429,TRUE,FALSE,NA,FALSE
type I glyceraldehyde-3-phosphate dehydrogenase,LBJ_RS06730,10594.55734,0.000118593,0.580869808,0.142882631,9282.77124,9076.814383,6366.868042,9234.45126,13949.44468,12423.6132,13089.76881,11332.7271,84756.45872,TRUE,FALSE,NA,FALSE
cyclic nucleotide-binding domain-containing protein,LBJ_RS10130,10593.84384,0.74544253,-0.099930909,0.262449874,10449.51571,12565.20449,12300.6609,8526.989031,15710.23626,11929.91908,7360.788354,5907.436863,84750.75069,FALSE,FALSE,NA,FALSE
citrate synthase,LBJ_RS14010,10592.60837,9.25035E-08,0.609312562,0.109018658,8377.199042,8430.762202,7175.569657,9569.461229,12187.71552,13165.68759,13361.0192,12473.45255,84740.86698,TRUE,FALSE,NA,FALSE
sodium:proton antiporter,LBJ_RS11185,10571.48488,0.023189959,0.384764204,0.157305903,9306.394862,8029.714009,7341.287201,12001.23947,10969.78779,12741.75459,12721.21272,11460.48835,84571.87901,TRUE,FALSE,NA,FALSE
hypothetical protein,LBJ_RS09320,10556.74404,0.323119765,0.127836734,0.114956799,9503.258384,10908.51086,9587.312315,10358.7053,10986.66439,12491.07451,11305.54402,9312.882573,84453.95235,FALSE,FALSE,NA,FALSE
hypothetical protein,LBJ_RS17905,10533.08464,3.50898E-17,-2.274310818,0.260663679,18022.19916,21042.63411,18733.81596,12030.79918,5704.289653,3796.998406,2413.697913,2520.242761,84264.67715,TRUE,TRUE,TRUE,TRUE
CDP-diacylglycerol--serine O-phosphatidyltransferase,LBJ_RS10840,10526.81175,1.39214E-05,-0.558057877,0.122066,11751.4398,14029.39498,11864.27137,12506.7104,8250.780564,9578.739164,9109.707534,7123.450193,84214.494,TRUE,FALSE,NA,FALSE
30S ribosomal protein S21,LBJ_RS07590,10492.3601,6.99687E-07,-0.650497727,0.12503985,11634.63411,13090.21303,14292.58578,12257.42357,6700.946442,8137.520306,8998.624041,8826.933531,83938.88081,TRUE,FALSE,NA,FALSE
biopolymer transporter ExbD,LBJ_RS07220,10482.35849,0.000125143,-0.50193909,0.123884892,11725.19133,13486.88615,13272.87049,10666.12622,9994.695546,8842.79762,8093.594963,7776.705634,83858.86795,TRUE,FALSE,NA,FALSE
Cys-rich protein,LBJ_RS05775,10467.98802,2.26583E-05,-0.466580774,0.104545688,11499.45449,12148.11437,11732.80212,13202.34874,9674.9778,9206.935363,8567.206754,7712.064525,83743.90416,TRUE,FALSE,NA,FALSE
isoleucine--tRNA ligase,LBJ_RS12515,10420.02175,0.006025226,0.35698032,0.121512312,9072.783484,9094.314667,7685.979693,10695.68592,10995.10269,12342.35298,12482.6846,10991.26995,83360.17399,TRUE,FALSE,NA,FALSE
peptidylprolyl isomerase,LBJ_RS10570,10387.8866,0.011159563,0.414139507,0.152142266,8604.248303,9511.404789,7718.018418,9795.100296,9282.128134,13272.24579,14118.79806,10801.14904,83103.09284,TRUE,FALSE,NA,FALSE
methyl-accepting chemotaxis protein,LBJ_RS03010,10381.0983,0.000700995,0.492192714,0.136868637,8978.288994,8506.59677,7508.109529,9515.26844,14656.38656,12445.84476,10212.79245,11225.49891,83048.78642,TRUE,FALSE,NA,FALSE
penicillin acylase family protein,LBJ_RS14935,10375.12928,4.95555E-74,-2.092072889,0.112991401,17135.00089,16186.30508,14981.97076,18928.06324,4348.536393,4004.748571,3496.116134,3920.29313,83001.03421,TRUE,TRUE,TRUE,TRUE
elongation factor P,LBJ_RS17765,10362.48891,0.001341291,0.325321081,0.095345719,9651.562236,9915.369696,8209.647132,9021.621397,12256.15949,11093.55218,11634.48894,11117.51023,82899.9113,TRUE,FALSE,NA,FALSE
RNA-binding protein,LBJ_RS08740,10360.08006,0.015252748,-0.265095782,0.101633166,10617.50591,11462.68654,11298.62215,11858.36757,9133.98912,9267.497219,8500.901103,10741.07084,82880.64046,TRUE,FALSE,NA,FALSE
ketol-acid reductoisomerase,LBJ_RS16030,10349.20285,0.880431471,-0.029473969,0.166336455,10763.18492,10457.87852,8334.487682,12264.32083,7730.418835,11384.09577,12038.35063,9820.88564,82793.62283,FALSE,FALSE,NA,FALSE
oxygen-independent coproporphyrinogen III oxidase,LBJ_RS16695,10338.88542,0.892687763,0.038917409,0.248681765,10731.68676,11362.05991,10357.3465,8346.674842,16617.82213,11128.04944,7675.955474,6491.488294,82711.08334,FALSE,FALSE,NA,FALSE
16S rRNA processing protein RimM,LBJ_RS07900,10303.99003,0.002822635,-0.379065738,0.118976633,11183.16043,12553.53763,10014.86358,12848.61763,8074.513888,8656.512416,10044.87554,9055.839105,82431.92022,TRUE,FALSE,NA,FALSE
50S ribosomal protein L29,LBJ_RS14625,10286.459,0.686209508,0.059344502,0.125366787,10547.94747,10091.8309,8237.266722,11421.86929,11653.28996,9531.209606,10437.54277,10370.71531,82291.67203,FALSE,FALSE,NA,FALSE
heme lyase CcmF/NrfE family subunit,LBJ_RS03115,10281.80234,0.82428512,0.060154309,0.228164695,11126.72622,10850.17658,9381.82256,8911.265172,15005.16956,12132.303,8590.456788,6256.498851,82254.41873,FALSE,FALSE,NA,FALSE
50S ribosomal protein L23,LBJ_RS14655,10272.04395,5.33219E-05,0.529918666,0.124412036,8559.625905,8704.933331,6759.06623,9601.976902,12060.20345,12182.13238,13044.12985,11264.28358,82176.35163,TRUE,FALSE,NA,FALSE
helix-turn-helix domain-containing protein,LBJ_RS11875,10271.52661,0.239443765,0.131038447,0.100040415,9837.92637,10644.54823,9460.262198,9279.776138,11924.25309,10564.59419,10796.62662,9664.226012,82172.21285,FALSE,FALSE,NA,FALSE
glutamyl-tRNA reductase,LBJ_RS16660,10264.7092,6.66811E-21,-1.402311205,0.144646137,17431.6086,15448.37641,13450.74066,13247.67362,5724.916605,6283.100936,6098.397651,4432.859098,82117.67357,TRUE,FALSE,NA,FALSE
glutamine--fructose-6-phosphate transaminase (isomerizing),LBJ_RS02045,10208.98051,0.011143931,0.409325862,0.150339348,8976.97657,8300.968423,7172.255306,10630.65457,9446.206157,11653.17439,12834.87955,12656.72911,81671.84408,TRUE,FALSE,NA,FALSE
cytochrome c,LBJ_RS01885,10185.04899,8.50932E-07,0.690072706,0.133680669,6765.543015,8475.971271,7810.820242,8125.962392,12146.46161,14712.69804,13154.35223,10288.58307,81480.39189,TRUE,FALSE,NA,FALSE
S41 family peptidase,LBJ_RS09350,10153.43086,2.36657E-20,1.05394919,0.110288285,6980.780464,6876.153569,5495.19376,7053.930492,14065.70568,14481.1831,13404.07482,12870.42501,81227.44689,TRUE,FALSE,NA,FALSE
,LBJ_RS00490,10133.42943,3.06477E-10,0.951636337,0.145044663,6984.717735,7745.334381,7045.205189,5856.762515,12729.64179,11246.10673,12827.12954,16632.53754,81067.43542,TRUE,FALSE,NA,FALSE
biosynthetic-type acetolactate synthase large subunit,LBJ_RS05980,10125.51353,0.011776772,0.344756627,0.127572871,9219.774913,9108.898238,7387.688113,9969.502544,10039.6998,11992.78075,12648.87929,10636.88458,81004.10823,TRUE,FALSE,NA,FALSE
methionine synthase,LBJ_RS17105,10116.49834,0.020228089,0.289853887,0.115968981,8924.479631,10163.2904,9656.913683,7671.728287,12133.33537,10229.58747,11106.62707,11046.02477,80931.98668,TRUE,FALSE,NA,FALSE
flagellar hook protein FlgE,LBJ_RS04390,10078.29708,0.317841847,0.227908304,0.202829868,9123.967999,8995.146387,6764.590148,12251.51163,7856.055721,9998.839129,12933.90747,12702.35813,80626.37661,FALSE,FALSE,NA,FALSE
homoserine dehydrogenase,LBJ_RS15680,10021.04624,2.86039E-33,-1.08833207,0.088126384,13436.59154,14233.56497,14156.6974,12699.83379,6022.132223,6184.208791,6552.203859,6883.137365,80168.36993,TRUE,FALSE,NA,FALSE
ferredoxin,LBJ_RS10550,10005.52232,0.56034623,-0.157065588,0.232337576,10705.43829,11391.22705,12285.19393,7816.570833,14226.03335,9801.054839,7307.399389,6511.260868,80044.17855,FALSE,FALSE,NA,FALSE
phosphoesterase,LBJ_RS02205,9985.919928,0.012645555,-0.623178704,0.232771356,12138.60472,12795.6249,13251.87961,10252.29037,12297.41339,8087.690931,5580.008018,5483.84748,79887.35942,TRUE,FALSE,NA,FALSE
UDP-3-O-(3-hydroxymyristoyl)glucosamine N-acyltransferase,LBJ_RS02465,9979.69654,5.02041E-08,-0.531594571,0.093253757,12057.23447,12454.36935,10287.74513,12392.41288,8328.600426,8112.222316,8237.400725,7967.587026,79837.57232,TRUE,FALSE,NA,FALSE
acetate--CoA ligase,LBJ_RS16155,9966.29241,0.001396473,-0.435861656,0.128174839,11432.52089,11827.27581,11177.09595,11404.13347,10470.99061,8542.288156,7309.982726,7566.051667,79730.33928,TRUE,FALSE,NA,FALSE
replicative DNA helicase,LBJ_RS06605,9942.23216,0.002506706,0.351774216,0.109162535,8478.25565,9266.400801,7576.606114,9622.668694,11896.12543,11036.82335,11500.15541,10160.82182,79537.85728,TRUE,FALSE,NA,FALSE
tRNA 2-thiouridine(34) synthase MnmA,LBJ_RS05480,9907.422313,0.601688782,-0.114995282,0.188909986,10471.82691,11203.09899,10178.37156,9354.660719,13646.60353,9265.197402,8159.900613,6979.718786,79259.3785,FALSE,FALSE,NA,FALSE
PASTA domain-containing protein,LBJ_RS07920,9904.870203,0.00907574,0.267309608,0.095552135,8805.049095,9028.688599,8187.551459,9936.986871,10784.14523,10993.12682,11433.84976,10069.56379,79238.96163,TRUE,FALSE,NA,FALSE
type II secretion system ATPase GspE,LBJ_RS07830,9891.237092,4.10464E-08,0.563604574,0.098244385,7675.052483,8242.634141,7933.451225,8081.622837,12889.03186,11788.86361,12258.79539,10260.44518,79129.89674,TRUE,FALSE,NA,FALSE
50S ribosomal protein L31,LBJ_RS04050,9852.150055,1.62267E-09,-0.584967214,0.092953954,12264.59738,11758.73303,11177.09595,12088.93326,8292.972055,7095.703058,8481.095519,7658.070187,78817.20044,TRUE,FALSE,NA,FALSE
DUF342 domain-containing protein,LBJ_RS11105,9828.01141,0.007441234,-0.302619392,0.105599843,10734.3116,11281.85027,10710.87726,10692.72995,9813.740927,9401.65323,8386.373161,7602.554882,78624.09128,TRUE,FALSE,NA,FALSE
30S ribosomal protein S19,LBJ_RS14645,9815.010199,0.000424463,0.495030267,0.132568737,8697.43037,7476.996681,6734.76099,9678.83213,12180.21481,10821.40713,12224.3509,10706.08859,78520.08159,TRUE,FALSE,NA,FALSE
dihydroxy-acid dehydratase,LBJ_RS11310,9781.848347,0.000440117,0.600970451,0.161374821,7466.37715,8035.547437,6330.410182,9261.054993,10214.0913,13439.36585,13769.18645,9738.753408,78254.78677,TRUE,FALSE,NA,FALSE
polymer-forming cytoskeletal protein,LBJ_RS04215,9775.248402,5.64726E-11,0.688406958,0.100944347,7726.236998,7196.992124,6721.503586,8299.379317,11387.01477,12606.06537,12722.93495,11541.8601,78201.98721,TRUE,FALSE,NA,FALSE
thiol oxidoreductase,LBJ_RS12930,9767.636695,2.04617E-22,1.436372054,0.142806452,4901.90168,5452.797072,5149.396485,5577.915982,16960.97959,15431.00765,13796.74205,10870.35305,78141.09356,TRUE,FALSE,NA,FALSE
Re/Si-specific NAD(P)(+) transhydrogenase subunit alpha,LBJ_RS00230,9739.221708,1.25735E-06,0.770145793,0.151509466,7257.701818,6434.271378,6512.699481,8593.005702,9777.174968,11534.3505,13429.90819,14374.66164,77913.77367,TRUE,FALSE,NA,FALSE
glycine--tRNA ligase,LBJ_RS12315,9727.962651,0.230109778,0.141746368,0.106169459,9299.832745,9864.327199,8344.430734,9493.591324,10781.33247,10508.63197,10725.1543,8806.400473,77823.70121,FALSE,FALSE,NA,FALSE
LIC20035 family adhesin,LBJ_RS16830,9727.126883,0.381576053,0.100261435,0.101143726,10281.5255,9266.400801,8043.929588,9965.561251,10088.45442,9947.476542,10133.57012,10090.09685,77817.01507,FALSE,FALSE,NA,FALSE
metal-sulfur cluster assembly factor,LBJ_RS13460,9714.19505,1.04137E-05,-1.162172151,0.250534521,13514.02452,15026.91121,15208.45141,9962.60528,9943.128168,5212.919273,4506.200919,4339.319611,77713.5604,TRUE,FALSE,NA,FALSE
sigma-70 family RNA polymerase sigma factor,LBJ_RS15300,9690.948116,0.878155682,0.018420661,0.10160382,10057.10109,9623.698283,8921.127788,9915.309755,9213.684159,9126.441757,9510.124776,11160.09732,77527.58493,FALSE,FALSE,NA,FALSE
response regulator,LBJ_RS01580,9683.740414,0.501307096,-0.080903443,0.104220867,9668.623742,10815.17601,9917.642619,9420.67739,10176.58775,10002.67216,8195.20622,9273.337424,77469.92331,FALSE,FALSE,NA,FALSE
ribosome recycling factor,LBJ_RS05045,9642.074871,0.054993758,-0.224379735,0.107551171,10571.57109,11041.22135,9553.064022,10396.14759,9358.072819,9597.137703,9050.290782,7569.093602,77136.59896,FALSE,FALSE,NA,FALSE
hypothetical protein,LBJ_RS08025,9637.146412,0.284478674,0.152348947,0.127073811,9227.649454,9629.531711,9058.120957,8599.902966,12525.24745,9226.100508,8878.929424,9951.688825,77097.17129,FALSE,FALSE,NA,FALSE
FKBP-type peptidyl-prolyl cis-trans isomerase,LBJ_RS09265,9636.820971,0.007516801,-0.22368788,0.078152567,10448.20329,10037.87169,10399.32828,10642.47845,9311.193384,9146.373507,8841.901593,8267.217577,77094.56777,TRUE,FALSE,NA,FALSE
tRNA (N6-isopentenyl adenosine(37)-C2)-methylthiotransferase MiaB,LBJ_RS04830,9632.954374,0.040711035,-0.210577776,0.094992518,10474.45176,11023.72107,9903.280432,9937.972194,9801.552274,8813.6666,9042.540771,8066.449898,77063.63499,TRUE,FALSE,NA,FALSE
F0F1 ATP synthase subunit A,LBJ_RS09645,9632.322696,0.007935664,0.399247643,0.140358769,8529.440165,7853.252804,7385.478546,9463.046297,8908.030243,10457.26938,13063.93544,11398.1287,77058.58157,TRUE,FALSE,NA,FALSE
flagellar protein export ATPase FliI,LBJ_RS05855,9627.009964,0.126617048,-0.206687334,0.123134459,10264.464,11992.07016,10351.82258,8655.081078,9764.986315,8602.850012,9255.235521,8129.57004,77016.07971,FALSE,FALSE,NA,FALSE
dephospho-CoA kinase,LBJ_RS03650,9620.717114,0.000245388,-0.495920512,0.127805391,12038.86054,12931.25211,10314.25994,9749.775418,8908.967831,8178.150412,7853.344617,6991.126041,76965.73691,TRUE,FALSE,NA,FALSE
aspartate kinase,LBJ_RS03020,9552.562013,0.001916414,0.353227796,0.106853118,8488.755037,8443.887416,7694.817962,8928.015671,10139.08421,10922.59909,12184.73973,9618.596994,76420.4961,TRUE,FALSE,NA,FALSE
hypothetical protein,LBJ_RS01595,9534.423152,2.35897E-46,-1.782982104,0.121757993,15675.58599,15200.45571,15687.9275,12538.24075,4326.971852,3727.23728,4249.589439,4869.376704,76275.38522,TRUE,TRUE,TRUE,TRUE
M3 family metallopeptidase,LBJ_RS08990,9531.556087,2.70799E-09,0.831059695,0.13384291,6614.614315,6629.691225,6184.578744,8008.708903,10738.20339,13521.39267,13789.85315,10765.40631,76252.4487,TRUE,FALSE,NA,FALSE
TIGR04454 family lipoprotein,LBJ_RS17700,9528.901589,2.50984E-08,0.596922391,0.102451977,7332.509956,7905.753658,6644.168732,8458.016391,11330.75944,11318.16767,12162.35081,11079.48605,76231.21271,TRUE,FALSE,NA,FALSE
MinD/ParA family protein,LBJ_RS08910,9489.37,0.878155682,0.019647306,0.108257994,8861.483304,10793.30065,9069.168794,8977.281843,8803.957897,10032.56978,10360.90378,9016.293956,75914.96,FALSE,FALSE,NA,FALSE
WecB/TagA/CpsF family glycosyltransferase,LBJ_RS08375,9488.636011,0.218899074,-0.120157721,0.087973186,9853.675452,9693.699422,10094.408,9892.647316,8445.799013,10035.63621,9245.763285,8647.459394,75909.08809,FALSE,FALSE,NA,FALSE
AAA family ATPase,LBJ_RS17440,9479.47594,0.873724514,0.03058581,0.161804717,9280.146393,10102.0394,9310.011624,8823.571386,12351.79354,10079.33274,8825.540459,7063.371986,75835.80752,FALSE,FALSE,NA,FALSE
succinate dehydrogenase cytochrome B subunit%2C b558 family,LBJ_RS08255,9402.781007,1.10744E-06,0.697928759,0.136596843,7297.074522,6809.069144,5886.287164,8693.508692,10220.65442,12375.31703,12308.73991,11631.59717,75222.24806,TRUE,FALSE,NA,FALSE
hypothetical protein,LBJ_RS00740,9387.749163,1.79386E-09,-0.517705635,0.08248509,10589.94502,11105.38906,11665.41032,10857.27896,7184.742211,7991.098603,7623.42762,8084.701505,75101.9933,TRUE,FALSE,NA,FALSE
tRNA-Thr,LBJ_RS13075,9387.446701,0.372376918,0.18429353,0.182320017,7714.425187,8923.686891,8750.991109,9765.540593,6620.313814,11377.19631,12415.51784,9531.90186,75099.57361,FALSE,FALSE,NA,FALSE
tetratricopeptide repeat protein,LBJ_RS00675,9374.807827,0.497193298,0.082948813,0.105859714,9668.623742,8700.558259,7860.535506,10191.20032,9492.148003,9604.803761,9430.041327,10050.5517,74998.46261,FALSE,FALSE,NA,FALSE
acyl-CoA dehydrogenase,LBJ_RS01425,9338.371725,0.909662391,0.013533964,0.101676765,9264.397311,10590.58902,8969.738267,8356.528077,9764.986315,9654.633136,8854.818279,9251.283399,74706.9738,FALSE,FALSE,NA,FALSE
hypothetical protein,LBJ_RS06145,9337.226405,9.81279E-28,-1.856957699,0.165170667,15633.58844,16116.30394,16649.08926,10138.97818,4690.756268,3839.928329,3865.533332,3763.633501,74697.81124,TRUE,TRUE,TRUE,TRUE
diguanylate cyclase,LBJ_RS09175,9308.656655,1.18049E-06,0.564903466,0.110859605,7618.618273,8042.839222,6724.817937,7652.021819,9835.305467,12320.12142,11806.71141,10468.8177,74469.25324,TRUE,FALSE,NA,FALSE
transcriptional repressor,LBJ_RS11170,9307.616601,0.007295097,-1.101184704,0.383335869,12342.03036,14952.535,14292.58578,9199.964939,9512.774954,6965.380076,4125.589261,3070.072428,74460.9328,TRUE,FALSE,NA,FALSE
rod shape-determining protein MreC,LBJ_RS09545,9292.379076,0.000255102,0.608117219,0.157129206,6227.44939,7504.705465,6942.460312,8774.305214,8562.997601,11523.61802,13148.32445,11655.17216,74339.03261,TRUE,FALSE,NA,FALSE
SUF system NifU family Fe-S cluster assembly protein,LBJ_RS13465,9269.811329,0.002987586,-0.869589293,0.274550219,11994.23814,14243.77347,13381.13929,8308.247228,10573.18777,7101.069298,4625.895536,3930.9399,74158.49064,TRUE,FALSE,NA,FALSE
serine O-acetyltransferase,LBJ_RS00300,9256.970465,3.27112E-08,-1.253155081,0.216907901,12872.24944,13667.72243,15220.60403,10407.97147,8140.145097,5524.161218,4026.561341,4196.348688,74055.76372,TRUE,FALSE,NA,FALSE
protein translocase subunit SecD,LBJ_RS11845,9231.491831,6.89052E-05,0.607737441,0.144772185,7406.00567,7437.62104,5973.565071,8444.221863,9148.05295,11013.05857,13012.2687,11417.14079,73851.93465,TRUE,FALSE,NA,FALSE
DegT/DnrJ/EryC1/StrS family aminotransferase,LBJ_RS06195,9219.691196,3.16775E-13,0.557065037,0.073602396,7294.449675,7353.03633,7699.237096,7498.311362,10545.06011,11315.86785,11380.4608,10671.10634,73757.52957,TRUE,FALSE,NA,FALSE
50S ribosomal protein L35,LBJ_RS05115,9186.522594,0.240245266,0.161354394,0.123380993,10125.34711,7937.837514,7747.847576,8881.705469,11081.36085,8932.490496,9339.624531,9445.967209,73492.18075,FALSE,FALSE,NA,FALSE
hypothetical protein,LBJ_RS09310,9175.996679,0.86033319,-0.027019148,0.129976551,9062.284096,8436.59563,8468.166501,11078.97674,8396.106812,8083.091296,9923.458703,9959.293661,73407.97344,FALSE,FALSE,NA,FALSE
ATP-dependent Clp endopeptidase proteolytic subunit ClpP,LBJ_RS06020,9169.769233,0.989269861,0.001408744,0.088476265,9696.184635,8599.931622,8663.713202,9699.523922,9787.488444,8941.689765,9079.568602,8890.053673,73358.15386,FALSE,FALSE,NA,FALSE
DNA topoisomerase (ATP-hydrolyzing) subunit B,LBJ_RS00040,9149.421309,7.93124E-10,-0.530811515,0.082837811,11000.73357,11146.22306,10050.21665,11059.27027,7098.484051,7594.763417,7935.15029,7310.529167,73195.37048,TRUE,FALSE,NA,FALSE
hypothetical protein,LBJ_RS09060,9144.092172,0.01018848,0.262924538,0.095360062,7908.663861,8484.721414,7984.271272,8874.808205,9088.984862,9554.974385,10575.32075,10680.99263,73152.73738,TRUE,FALSE,NA,FALSE
,LBJ_RS15155,9142.004549,1.8324E-10,0.577439183,0.086948585,7542.497712,7675.333242,6554.681259,7575.16659,10805.70977,11366.46383,10791.45995,10824.72404,73136.03639,TRUE,FALSE,NA,FALSE
ACP S-malonyltransferase,LBJ_RS15875,9140.630941,0.664619442,-0.039926743,0.07850002,9566.254711,9203.691447,8721.161951,9577.343816,9251.187707,9324.226047,8576.67899,8904.502862,73125.04753,FALSE,FALSE,NA,FALSE
adenylate/guanylate cyclase domain-containing protein,LBJ_RS09210,9138.877404,0.006220747,0.382252659,0.130584171,8171.148556,7687.000098,6554.681259,9327.071663,9643.099784,10375.24256,11674.10011,9678.675201,73111.01923,TRUE,FALSE,NA,FALSE
carboxypeptidase,LBJ_RS14470,9137.662834,0.378558036,-0.112518863,0.112838547,9760.493385,10185.16575,8953.166513,9076.79951,10361.29273,8507.02429,8236.539612,8020.82088,73101.30267,FALSE,FALSE,NA,FALSE
sensor domain-containing diguanylate cyclase,LBJ_RS02135,9133.004183,1.21123E-05,0.549384928,0.119338097,7007.028934,7567.414819,7479.385154,7605.711617,8707.386261,11075.15364,11848.90591,11773.04713,73064.03346,TRUE,FALSE,NA,FALSE
DUF2147 domain-containing protein,LBJ_RS00340,9132.919806,2.03913E-08,0.679862078,0.115948582,7143.520975,7507.622179,6587.824767,6843.071276,9806.240218,10799.17556,11103.18262,13272.72085,73063.35845,TRUE,FALSE,NA,FALSE
HD-GYP domain-containing protein,LBJ_RS07870,9126.831033,0.664687997,-0.087495596,0.172147066,9221.087337,9336.401941,10275.59251,8780.217155,11813.61763,9501.311981,7229.899277,6856.520438,73014.64827,FALSE,FALSE,NA,FALSE
hypothetical protein,LBJ_RS04370,9114.092296,5.29915E-07,-0.667309604,0.126943777,11210.72132,11719.35739,11354.96612,10455.267,8394.231635,7509.670176,6133.703258,6134.82147,72912.73837,TRUE,FALSE,NA,FALSE
RNA-binding protein,LBJ_RS09270,9107.874193,0.025098323,-0.216604126,0.089697656,9773.61762,10310.58446,9625.979742,9451.222416,9135.864297,8287.775038,8627.484619,7650.465351,72862.99354,TRUE,FALSE,NA,FALSE
excinuclease ABC subunit UvrA,LBJ_RS07745,9107.871428,0.130720305,0.207971335,0.125150691,8301.07848,8731.183758,7776.57195,9000.929605,9782.8005,10567.66061,10875.84896,7826.897554,72862.97142,FALSE,FALSE,NA,FALSE
UvrD-helicase domain-containing protein,LBJ_RS12700,9096.69306,0.303376233,0.138495744,0.119832228,8948.103254,9037.438742,7966.594734,8690.552722,8617.377746,8232.579423,10466.82059,10814.07727,72773.54448,FALSE,FALSE,NA,FALSE
carbamoyltransferase,LBJ_RS06190,9079.117851,1.63664E-12,0.590296467,0.080396191,7201.267608,7067.198345,7353.439821,7366.278022,10023.7608,11251.47297,11465.71092,10903.81433,72632.94281,TRUE,FALSE,NA,FALSE
hypothetical protein,LBJ_RS19320,9076.062911,0.442363558,-0.138288812,0.15738515,8948.103254,9485.154361,11167.1529,8443.236539,6405.606001,8569.119358,9625.51383,9964.617047,72608.50329,FALSE,FALSE,NA,FALSE
segregation/condensation protein A,LBJ_RS05160,9071.843513,0.808981746,-0.025318894,0.088242094,8744.677615,9612.031426,8389.726863,9859.146319,9258.688417,9032.915852,8721.345865,8956.215749,72574.74811,FALSE,FALSE,NA,FALSE
3-deoxy-D-arabino-heptulosonate 7-phosphate synthase,LBJ_RS01935,9063.140708,2.04556E-06,0.50136991,0.100568709,7652.741284,7708.875454,6580.091282,8074.725573,9843.743766,10871.2365,11352.04409,10421.66771,72505.12566,TRUE,FALSE,NA,FALSE
alcohol dehydrogenase catalytic domain-containing protein,LBJ_RS14130,9048.621705,0.411278989,-0.215965303,0.230846031,8996.662922,11084.97206,11419.04357,7397.808372,12078.01764,9265.197402,6566.842769,5580.428901,72388.97364,FALSE,FALSE,NA,FALSE
ribosome-associated translation inhibitor RaiA,LBJ_RS12205,9034.356806,2.22654E-29,-1.446172048,0.124885056,13993.05909,14360.44204,13468.4172,11049.41703,5660.222984,4575.869874,4599.201053,4568.225185,72274.85445,TRUE,FALSE,NA,FALSE
DUF1561 domain-containing protein,LBJ_RS03235,9034.220174,0.934035008,0.010895589,0.112513991,10114.84772,8984.937887,8239.47629,8661.978342,8816.14655,8635.047455,10426.34831,8394.978828,72273.76139,FALSE,FALSE,NA,FALSE
DNA gyrase subunit A,LBJ_RS00045,9016.840441,0.000244441,-0.381990717,0.09841618,10815.68186,9976.620693,8902.346466,11119.375,7862.618842,7797.147342,8072.067154,7588.866176,72134.72353,TRUE,FALSE,NA,FALSE
valine--tRNA ligase,LBJ_RS02980,9008.359066,1.65956E-05,0.542137998,0.119609053,7673.740059,7269.909977,6206.674416,8190.993739,9893.435967,10346.11155,12117.57297,10368.43386,72066.87253,TRUE,FALSE,NA,FALSE
SPOR domain-containing protein,LBJ_RS03655,9006.265377,0.155518705,-0.164752563,0.105145424,10084.66198,9973.703979,8495.786091,9526.106997,9617.784889,8132.154066,7974.761459,8245.163552,72050.12302,FALSE,FALSE,NA,FALSE
N-acetylmuramoyl-L-alanine amidase,LBJ_RS07530,8978.077655,5.00234E-20,-1.081480287,0.114146267,12290.84585,13946.26863,11701.86818,10837.57249,6500.30246,5590.85592,5549.869085,5407.038633,71824.62124,TRUE,FALSE,NA,FALSE
hypothetical protein,LBJ_RS13135,8965.011648,3.99033E-20,0.798652333,0.084075767,6909.909597,6340.936526,6328.200615,6601.667034,10712.88849,12264.1592,11410.59973,11151.732,71720.09319,TRUE,FALSE,NA,FALSE
citrate synthase,LBJ_RS04190,8957.263503,6.56718E-17,1.216165752,0.140616156,5815.348419,5018.206666,4423.553642,6304.099356,12669.63611,13135.78996,13732.15862,10559.31525,71658.10802,TRUE,FALSE,NA,FALSE
methylmalonyl-CoA mutase,LBJ_RS17285,8921.360989,0.010775096,0.372900147,0.136348061,7843.042688,8118.67379,6532.585586,8604.829583,9234.31111,10618.2566,11806.71141,8612.477147,71370.88791,TRUE,FALSE,NA,FALSE
ATP-dependent Clp protease proteolytic subunit,LBJ_RS08545,8904.487227,0.207713432,-0.118310664,0.08453721,9243.398536,9512.863146,8738.838489,9582.270433,8521.743698,8513.157136,9174.29096,7949.335419,71235.89782,FALSE,FALSE,NA,FALSE
UDP-3-O-acyl-N-acetylglucosamine deacetylase,LBJ_RS07275,8885.902843,0.514458083,-0.213628933,0.283865998,11420.70908,9651.407067,8299.134606,8798.9383,13565.03332,9563.407049,5105.535114,4683.058214,71087.22275,FALSE,FALSE,NA,FALSE
hypothetical protein,LBJ_RS12690,8838.014484,0.000970444,-0.267241781,0.076242249,9589.878333,9562.447286,9327.688162,10137.00753,7733.231601,8157.452057,7793.066753,8403.344148,70704.11587,TRUE,FALSE,NA,FALSE
ABC transporter ATP-binding protein,LBJ_RS05305,8833.023279,6.42168E-14,-0.844146548,0.108460272,10393.0815,12000.8203,12418.87275,10570.54984,6778.766304,6646.472073,6257.703436,5597.920025,70664.18623,TRUE,FALSE,NA,FALSE
suppressor of fused domain protein,LBJ_RS00995,8815.077696,9.46264E-07,-0.990253639,0.192630009,10969.23541,13053.7541,13414.2828,9469.943561,8389.543691,5348.608495,4747.312377,5127.941139,70520.62157,TRUE,FALSE,NA,FALSE
DUF1554 domain-containing protein,LBJ_RS09740,8814.907597,3.15232E-39,-1.544080176,0.11486675,13725.3247,13829.60006,13203.26913,11755.89394,3765.356221,4689.327528,4903.173712,4647.315483,70519.26077,TRUE,FALSE,NA,FALSE
acetyl-CoA carboxylase carboxyltransferase subunit,LBJ_RS09980,8791.233743,3.16158E-09,0.930206658,0.150434487,5905.905638,5802.802768,5301.856626,7193.84642,9063.669967,12351.55225,13573.71395,11136.52233,70329.86995,TRUE,FALSE,NA,FALSE
flagellar basal body M-ring protein FliF,LBJ_RS05835,8740.341596,3.29691E-31,2.077062277,0.173810961,3752.218716,2797.128854,2507.858833,4337.393774,13399.08012,14318.66267,15809.1616,13001.22819,69922.73277,TRUE,TRUE,TRUE,TRUE
hypothetical protein,LBJ_RS08885,8724.002658,0.000196483,-0.482178503,0.122471112,10314.33609,10646.00659,10368.39434,9344.807485,8623.940866,7457.540984,6898.371023,6138.623888,69792.02126,TRUE,FALSE,NA,FALSE
HDOD domain-containing protein,LBJ_RS17185,8715.132778,1.12689E-06,0.4387142,0.085928675,7207.829726,7688.458455,7607.540055,7098.270046,9296.191965,10593.72521,10524.51512,9704.531644,69721.06222,TRUE,FALSE,NA,FALSE
transketolase family protein,LBJ_RS09030,8702.742435,2.40543E-05,0.790116862,0.177590789,6042.39768,6241.768245,5310.694895,7914.117853,9243.686997,12832.98068,13325.71359,8710.579536,69621.93948,TRUE,FALSE,NA,FALSE
,LBJ_RS03740,8682.471606,0.106673042,-0.129661068,0.073262904,8852.29634,9288.276157,9117.779273,9032.459955,7841.99189,8372.101674,8302.845263,8652.022296,69459.77285,FALSE,FALSE,NA,FALSE
hypothetical protein,LBJ_RS17160,8682.25215,0.374140774,0.08972112,0.089110423,8131.775852,8617.431907,7766.628897,9132.962946,8734.576333,9042.881727,9442.0969,8589.662638,69458.0172,FALSE,FALSE,NA,FALSE
DNA translocase FtsK,LBJ_RS11890,8681.299771,0.164827523,0.178306649,0.116355799,7882.415392,8362.21942,7205.398815,9131.977622,8298.597587,8614.349099,9712.486178,10242.95406,69450.39817,FALSE,FALSE,NA,FALSE
ABC-F family ATP-binding cassette domain-containing protein,LBJ_RS15750,8678.017667,0.116168609,0.201964083,0.117065106,8175.085827,7560.123033,8012.995646,8537.827589,8247.030209,8635.81406,9154.485376,11100.77959,69424.14134,FALSE,FALSE,NA,FALSE
hypothetical protein,LBJ_RS17115,8666.349735,0.000204944,-0.276080069,0.070309837,9568.879558,9483.696004,9725.410268,9194.052999,7918.874164,7702.088226,8124.595007,7613.201653,69330.79788,TRUE,FALSE,NA,FALSE
cellulase family glycosylhydrolase,LBJ_RS17705,8665.838913,0.047363089,0.165054581,0.076691243,8158.024322,8308.260209,7879.316827,8336.821608,9394.638778,9420.051769,9300.013363,8529.584431,69326.71131,TRUE,FALSE,NA,FALSE
peptidylprolyl isomerase,LBJ_RS07505,8658.010649,1.67482E-19,-0.799178876,0.085570777,10718.56252,11987.69509,10513.12099,10768.59985,6018.381868,6258.569551,6691.704059,6307.451254,69264.08519,TRUE,FALSE,NA,FALSE
4-hydroxy-tetrahydrodipicolinate synthase,LBJ_RS04990,8651.679845,8.23088E-09,-0.830077358,0.137873734,10066.28805,12993.96146,11350.54698,9886.735376,5873.055619,6651.838314,7155.843615,5235.169331,69213.43876,TRUE,FALSE,NA,FALSE
hypothetical protein,LBJ_RS08890,8633.54688,3.86189E-07,-0.68166984,0.12818036,10267.08885,11898.73531,11379.27136,8999.944282,7316.004629,7064.272221,6459.203725,5683.854675,69068.37504,TRUE,FALSE,NA,FALSE
response regulator,LBJ_RS06910,8623.22766,0.01029108,-0.576171345,0.209257358,10040.03959,11125.80606,9504.453543,10619.81601,9266.189126,8396.633058,5647.174781,4385.709113,68985.82128,TRUE,FALSE,NA,FALSE
sphingomyelinase C,LBJ_RS01605,8613.326317,5.14242E-55,-1.650785131,0.103488217,13479.90151,14576.27888,12730.42173,11477.0474,4179.770426,3907.389637,4421.811909,4133.98903,68906.61054,TRUE,TRUE,TRUE,TRUE
RNA-binding protein,LBJ_RS02735,8612.014092,1.27417E-19,-1.71782362,0.183324512,13309.28646,12344.99257,13755.66094,13425.03184,2946.841285,3281.072719,4290.06172,5543.165203,68896.11274,TRUE,TRUE,TRUE,TRUE
hypothetical protein,LBJ_RS00670,8609.87823,0.02914581,-0.241878403,0.102700929,9714.558563,9266.400801,7999.738243,10338.99883,7649.786207,8122.188191,7982.51147,7804.843528,68879.02584,TRUE,FALSE,NA,FALSE
efflux RND transporter permease subunit,LBJ_RS10010,8604.101335,0.333861843,0.226648672,0.20825806,7692.113988,8373.886277,8230.638021,7421.456134,13607.22481,9743.559406,7561.427531,6202.504513,68832.81068,FALSE,FALSE,NA,FALSE
hypothetical protein,LBJ_RS08670,8601.327697,0.000695063,-0.393496169,0.10933635,9175.152515,11179.76527,10299.89775,8415.647483,7549.464216,7379.347194,7361.649466,7449.697672,68810.62157,TRUE,FALSE,NA,FALSE
ATP-dependent DNA helicase RecG,LBJ_RS02220,8547.070305,0.317841847,-0.161708921,0.143934606,9021.598968,9868.70227,9170.808887,8041.224577,10376.29415,7479.005945,7316.010512,7102.917135,68376.56244,FALSE,FALSE,NA,FALSE
acetyl-CoA C-acetyltransferase,LBJ_RS15735,8544.535122,0.010737509,-0.409469517,0.149629851,9496.696266,10762.67515,8338.906816,10398.11824,7396.637258,8698.675734,7648.399878,5616.171632,68356.28098,TRUE,FALSE,NA,FALSE
ABC transporter ATP-binding protein,LBJ_RS00730,8534.736764,0.000202465,-0.562262688,0.143079884,10912.8012,10702.88251,10555.10277,8537.827589,8587.374907,6762.229545,6106.147662,6113.527928,68277.89411,TRUE,FALSE,NA,FALSE
glycoside hydrolase family 3 protein,LBJ_RS06000,8505.204952,6.85286E-16,1.272854617,0.152172551,5096.140354,4402.779984,4057.870262,6357.306821,11093.5495,12843.71316,13106.99105,11083.28847,68041.63961,TRUE,FALSE,NA,FALSE
phosphoglycerate kinase,LBJ_RS06725,8498.356185,4.93599E-06,0.565240914,0.117780454,7217.01669,7080.323558,5699.578731,7421.456134,10270.34662,10468.76847,10839.68224,8989.677029,67986.84948,TRUE,FALSE,NA,FALSE
hypothetical protein,LBJ_RS10630,8496.306357,0.889846067,-0.012666497,0.078205524,9012.412004,8655.34919,8212.961483,8255.039763,8631.441576,8674.144349,8525.012249,8004.09024,67970.45085,FALSE,FALSE,NA,FALSE
Uma2 family endonuclease,LBJ_RS13175,8447.278492,2.5494E-07,-0.578680783,0.107166027,9910.109661,11194.34884,9838.098198,9533.989585,7491.333716,6657.97116,7013.760078,5938.616692,67578.22793,TRUE,FALSE,NA,FALSE
PBP1A family penicillin-binding protein,LBJ_RS01555,8430.21072,1.15234E-06,0.415854315,0.081530435,7428.31687,7180.950196,6699.407914,7585.019825,9719.044469,9707.528934,9968.236545,9153.18101,67441.68576,TRUE,FALSE,NA,FALSE
hypothetical protein,LBJ_RS17915,8430.025159,2.82344E-05,-0.755171535,0.171183598,10127.97196,11515.1874,12160.35338,8545.710177,7561.652869,7048.173499,5773.758296,4707.39369,67440.20127,TRUE,FALSE,NA,FALSE
N-6 DNA methylase,LBJ_RS05665,8406.143143,1.94163E-56,-1.713631616,0.10600646,13502.21271,14307.94118,12474.11193,11253.37898,3905.056937,3659.009366,3953.366791,4194.067238,67249.14514,TRUE,TRUE,TRUE,TRUE
3-isopropylmalate dehydratase small subunit,LBJ_RS10475,8397.273234,0.641317294,0.060928542,0.111633251,8004.470775,8123.048861,7611.95919,9138.874886,8783.330946,8729.339965,9431.763552,7355.397701,67178.18588,FALSE,FALSE,NA,FALSE
,LBJ_RS17360,8390.847232,0.011581792,0.26408133,0.097484877,8377.199042,7027.822704,7337.97285,7756.466103,9474.333818,8533.855492,8793.679302,9825.448542,67126.77785,TRUE,FALSE,NA,FALSE
MaoC family dehydratase,LBJ_RS01360,8369.755672,0.106867076,0.235087011,0.132949832,7495.250467,8265.967854,6847.44892,8148.624831,9787.488444,9958.209023,9349.096767,7105.959069,66958.04537,FALSE,FALSE,NA,FALSE
50S ribosomal protein L24,LBJ_RS14610,8357.892902,0.54874741,0.098468204,0.141502224,8967.789606,8158.049431,6424.316791,8740.804217,10189.714,7648.425822,8053.122682,8680.920674,66863.14322,FALSE,FALSE,NA,FALSE
BamA/TamA family outer membrane protein,LBJ_RS09360,8332.482786,2.35668E-07,0.48116009,0.088845414,6764.230591,6854.278213,6773.428417,7429.338722,9362.760762,9857.783666,10560.68184,9057.360072,66659.86228,TRUE,FALSE,NA,FALSE
aldose 1-epimerase,LBJ_RS10335,8296.155654,2.80708E-10,-1.097738339,0.166967629,10431.14178,13104.7966,11538.3602,10159.66997,6088.701021,6362.06133,4774.867972,3909.646359,66369.24523,TRUE,FALSE,NA,FALSE
OmpA family protein,LBJ_RS14370,8294.481277,0.162099019,0.134655868,0.087258641,7913.913555,8408.886846,7661.674453,7648.080525,8657.69406,9351.057249,8712.734741,8001.808789,66355.85022,FALSE,FALSE,NA,FALSE
DUF4139 domain-containing protein,LBJ_RS15570,8266.544272,0.644070065,-0.119047874,0.220237263,8476.943226,9496.821218,9557.483157,6898.249389,12238.34531,7205.327683,5806.480565,6452.703628,66132.35417,FALSE,FALSE,NA,FALSE
aspartate--tRNA ligase,LBJ_RS06610,8266.128523,3.67282E-06,0.557317402,0.114626247,6635.61309,6927.196066,5927.164159,7265.775031,10441.92536,9989.63986,10564.9874,8376.727221,66129.02819,TRUE,FALSE,NA,FALSE
STAS domain-containing protein,LBJ_RS10380,8265.492195,1.01299E-07,-0.579759457,0.104047437,10634.56742,9311.60987,10502.07316,9168.434589,7071.293979,5905.164288,6510.009354,7020.784902,66123.93756,TRUE,FALSE,NA,FALSE
STAS domain-containing protein,LBJ_RS04655,8246.462543,8.63701E-11,0.886230677,0.131191049,5785.162679,5455.713786,5719.464837,6200.640395,8591.125262,10347.64476,11111.79374,12760.15488,65971.70034,TRUE,FALSE,NA,FALSE
4-hydroxy-tetrahydrodipicolinate reductase,LBJ_RS04995,8237.15883,2.08409E-05,-0.409910732,0.091460429,9193.526444,10068.49719,8891.29863,9445.310476,7051.604616,6803.626257,7779.288955,6664.118078,65897.27064,TRUE,FALSE,NA,FALSE
signal peptide peptidase SppA,LBJ_RS13680,8223.970403,0.137471797,0.172184934,0.105289904,7497.875314,8080.756506,6966.765551,8390.029074,7969.503954,9263.664191,9394.735721,8228.432912,65791.76322,FALSE,FALSE,NA,FALSE
hypothetical protein,LBJ_RS10320,8222.926951,0.243030855,-0.136156604,0.104779699,8308.953021,9499.737932,8701.275846,7933.824322,8534.86994,8223.380153,7534.733048,7046.641346,65783.41561,FALSE,FALSE,NA,FALSE
flagellar basal body rod protein FlgB,LBJ_RS15135,8219.558749,0.34061002,-0.161506074,0.150266876,9150.216469,7749.709452,7841.754184,9974.429162,6866.899642,6542.213688,8012.650402,9618.596994,65756.46999,FALSE,FALSE,NA,FALSE
hypothetical protein,LBJ_RS17445,8217.837426,0.732206808,0.046210067,0.115224179,8298.453634,8357.844349,8176.503623,7512.10589,9946.878523,8170.484355,7855.066842,7425.362195,65742.69941,FALSE,FALSE,NA,FALSE
tetratricopeptide repeat protein,LBJ_RS14985,8217.094991,0.00277817,-0.499881405,0.15665523,9479.634761,9560.988929,8749.886325,10716.37771,5307.689633,6049.286174,7230.760389,8642.136009,65736.75993,TRUE,FALSE,NA,FALSE
DegT/DnrJ/EryC1/StrS aminotransferase family protein,LBJ_RS01400,8183.935757,2.86463E-08,0.708527579,0.1221148,6471.560156,6211.142747,5973.565071,6199.655071,8391.418869,9455.315634,11296.9329,11471.89561,65471.48605,TRUE,FALSE,NA,FALSE
helicase,LBJ_RS05960,8183.190703,2.10458E-23,1.653100635,0.160703956,3840.151088,3890.896654,3655.729022,4406.366414,8937.095492,11914.58696,13801.90872,15018.79127,65465.52563,TRUE,TRUE,TRUE,TRUE
elongation factor 4,LBJ_RS08280,8159.694336,0.000312965,0.467035957,0.122363405,6506.99559,7176.575125,5939.316778,7778.143219,8900.529533,9980.440591,10511.59844,8483.955413,65277.55469,TRUE,FALSE,NA,FALSE
N-acetylmuramoyl-L-alanine amidase,LBJ_RS13130,8149.819126,1.02335E-07,0.483467682,0.086803215,6598.865233,7443.454468,6730.341855,6417.411551,9441.518213,9493.645923,10012.15327,9061.162491,65198.55301,TRUE,FALSE,NA,FALSE
MORN repeat protein,LBJ_RS08750,8147.268296,0.008363279,-0.261747805,0.092612908,8856.23361,9944.536837,8295.820255,8443.236539,7530.712442,7095.703058,7314.288287,7697.615336,65178.14636,TRUE,FALSE,NA,FALSE
biotin synthase BioB,LBJ_RS10265,8134.066004,0.111001106,0.17657292,0.100986247,7437.503834,8082.214863,7005.432978,8023.488755,7704.166351,8909.492322,9391.291272,8518.93766,65072.52804,FALSE,FALSE,NA,FALSE
hypothetical protein,LBJ_RS20425,8131.727301,0.301385076,-0.146373808,0.126144745,7660.615825,8128.882289,9335.421648,9050.195777,6379.353518,7781.048621,7911.900257,8806.400473,65053.81841,FALSE,FALSE,NA,FALSE
isovaleryl-CoA dehydrogenase,LBJ_RS13390,8129.924914,0.013399565,0.30532536,0.114965762,6911.22202,7770.126451,6678.417025,7731.833017,8523.618876,9892.280926,9746.069559,7785.831438,65039.39931,TRUE,FALSE,NA,FALSE
bacterioferritin,LBJ_RS05670,8114.804638,2.11646E-32,-1.637470927,0.134413432,13710.88805,12484.99485,12790.08005,10142.91947,3686.59877,3425.96121,4111.811464,4565.183251,64918.43711,TRUE,TRUE,TRUE,TRUE
4-hydroxythreonine-4-phosphate dehydrogenase,LBJ_RS04220,8108.169378,2.64344E-07,0.553961182,0.102726751,6274.696635,6851.361499,6018.8612,7136.697661,8660.506826,9463.748298,10173.18128,10286.30162,64865.35503,TRUE,FALSE,NA,FALSE
hypothetical protein,LBJ_RS12490,8102.990617,5.05719E-10,0.515650065,0.079571459,6577.866458,6860.111641,6365.763258,6876.572273,9732.17071,9646.967078,9881.264198,8883.20932,64823.92494,TRUE,FALSE,NA,FALSE
GAF domain-containing protein,LBJ_RS12020,8095.37812,0.046441503,0.207780483,0.096155791,7741.98608,6975.32185,7625.216593,7709.170578,9715.294114,8593.650743,7980.789245,8421.595755,64763.02496,TRUE,FALSE,NA,FALSE
energy transducer TonB,LBJ_RS17240,8086.904379,0.003316953,0.400145147,0.127637727,6715.670922,7132.824413,6058.63341,7982.10517,9526.838785,9865.449724,9756.402907,7657.309703,64695.23504,TRUE,FALSE,NA,FALSE
Asp-tRNA(Asn)/Glu-tRNA(Gln) amidotransferase subunit GatB,LBJ_RS15315,8077.521587,0.130720305,0.14980085,0.09013927,7726.236998,7440.537754,7063.986511,8401.852955,8387.668514,8498.591627,8970.207333,8131.091007,64620.1727,FALSE,FALSE,NA,FALSE
redox-regulated ATPase YchF,LBJ_RS07175,8072.870452,0.080655175,0.175582235,0.091943827,7562.184064,7775.959879,7150.159634,7840.218595,8687.696898,8532.322281,9315.513385,7718.908878,64582.96361,FALSE,FALSE,NA,FALSE
sigma factor regulatory protein FecR,LBJ_RS10545,8068.848158,0.683041674,-0.077343588,0.161517991,8025.469551,9057.855741,9199.533262,6857.851128,9830.617524,8387.433789,6396.342524,6795.681747,64550.78526,FALSE,FALSE,NA,FALSE
helix-turn-helix domain-containing protein,LBJ_RS01445,8053.028026,0.005710925,-0.774664036,0.262108715,10301.21186,12441.24414,11051.15062,6864.748392,9229.623167,6312.231955,4550.117649,3673.896432,64424.22421,TRUE,FALSE,NA,FALSE
sigma factor regulatory protein FecR,LBJ_RS12630,8047.765973,0.009834114,0.24591663,0.08878798,7386.319318,8028.255652,6605.501305,7436.235986,8837.71109,8661.878657,8574.956765,8851.269008,64382.12778,TRUE,FALSE,NA,FALSE
serine hydroxymethyltransferase,LBJ_RS11710,8042.440566,0.157055186,0.321212503,0.20572071,6257.63513,8082.214863,6132.653913,8130.889009,6787.204602,10789.20968,11662.90565,6496.811679,64339.52453,FALSE,FALSE,NA,FALSE
phosphoribosylformylglycinamidine cyclo-ligase,LBJ_RS12625,8038.280682,0.941044458,-0.010211403,0.12001537,7581.870416,8048.672651,7726.856687,8909.294525,6609.062749,8538.455127,8890.984997,8001.048306,64306.24546,FALSE,FALSE,NA,FALSE
DEAD/DEAH box helicase,LBJ_RS14230,8030.367451,0.343137375,-0.104816536,0.098027399,8774.863355,8079.298149,7448.451213,8984.179107,7910.435865,7357.115627,8263.234095,7425.362195,64242.93961,FALSE,FALSE,NA,FALSE
D-sedoheptulose 7-phosphate isomerase,LBJ_RS10495,8020.300267,2.61876E-09,-1.091329124,0.175604221,10744.81099,12673.12291,11156.10506,9093.550008,6818.145029,5229.7846,4439.895268,4006.988264,64162.40213,TRUE,FALSE,NA,FALSE
OmpA family protein,LBJ_RS17875,7996.976037,0.253676874,-0.12903281,0.10145435,8308.953021,8973.271031,7735.694956,8400.867631,7158.489728,6945.448326,8264.95632,8188.12728,63975.80829,FALSE,FALSE,NA,FALSE
dihydrolipoyl dehydrogenase,LBJ_RS10390,7982.665889,6.6218E-07,0.501287631,0.096158833,6577.866458,6771.15186,6034.32817,7054.915815,9186.494087,9906.846436,9831.319682,8498.404602,63861.32711,TRUE,FALSE,NA,FALSE
insulinase family protein,LBJ_RS13150,7975.831125,0.324807549,-0.112713625,0.101849219,8377.199042,8302.42678,8007.471728,8460.972361,8408.295465,8041.694584,7644.094317,6564.494722,63806.649,FALSE,FALSE,NA,FALSE
cysteine synthase A,LBJ_RS06770,7937.097393,0.74544253,0.066953102,0.175826221,6341.630232,8777.851184,9890.023028,6002.590384,9039.292661,6762.229545,8314.039724,8369.122384,63496.77914,FALSE,FALSE,NA,FALSE
hypothetical protein,LBJ_RS11175,7929.273983,8.42774E-89,-4.552246303,0.224531091,14599.39874,12136.44751,12133.83857,21971.72734,537.2383253,502.1267829,681.1398676,872.2747274,63434.19187,TRUE,TRUE,TRUE,TRUE
,LBJ_RS17935,7926.293505,7.20292E-07,0.570284396,0.109750645,6375.753242,6469.271948,6239.817925,6435.147373,7987.318139,9121.842122,10310.09815,10471.09915,63410.34804,TRUE,FALSE,NA,FALSE
glycine cleavage system aminomethyltransferase GcvT,LBJ_RS15030,7907.451241,0.064231627,0.249699777,0.123947028,7869.291157,7236.367765,6100.615188,7693.405403,8339.85149,9264.430796,9350.818991,7404.829137,63259.60993,FALSE,FALSE,NA,FALSE
DNA mismatch repair endonuclease MutL,LBJ_RS12255,7902.356021,0.276922827,0.154544543,0.127001572,7592.369804,8185.758215,6981.127739,7159.3601,9894.373556,8639.647089,7717.288866,7048.922797,63218.84817,FALSE,FALSE,NA,FALSE
endonuclease,LBJ_RS07755,7883.426655,7.57438E-17,1.342093365,0.155505961,4963.585583,3882.146511,3598.280273,5394.645822,9953.441644,10536.22978,11757.62801,12981.45562,63067.41324,TRUE,FALSE,NA,FALSE
site-specific tyrosine recombinase XerD,LBJ_RS08165,7854.097268,0.560814824,-0.118390037,0.175362917,8265.643047,8318.468708,8837.164232,7284.496176,5857.116612,6365.894359,7515.788577,10388.20643,62832.77814,FALSE,FALSE,NA,FALSE
hypothetical protein,LBJ_RS11975,7853.129483,0.025020188,-0.455339334,0.18845845,9337.893026,9670.365709,9862.403438,7457.913101,9352.447287,6407.291071,5663.535915,5073.186318,62825.03586,TRUE,FALSE,NA,FALSE
sensor domain-containing diguanylate cyclase,LBJ_RS05465,7847.129078,2.22671E-10,-0.72709233,0.109975803,9494.071419,11394.14376,9642.551496,8605.814906,6323.098196,5849.202067,5668.70259,5799.448187,62777.03262,TRUE,FALSE,NA,FALSE
TonB-dependent receptor plug domain-containing protein,LBJ_RS17260,7836.24683,0.000563026,0.643481916,0.175971288,6676.298218,5404.671289,4443.439748,7942.692233,8612.689802,9121.075516,11005.87692,9483.230907,62689.97464,TRUE,FALSE,NA,FALSE
hypothetical protein,LBJ_RS10710,7769.225868,0.974814045,-0.006604813,0.176158034,7680.302177,7137.199484,5748.189211,10581.3884,6835.959215,7564.865792,8023.844862,8582.057802,62153.80694,FALSE,FALSE,NA,FALSE
ACT domain-containing protein,LBJ_RS00735,7721.493134,1.18759E-40,-1.688946782,0.123362698,12282.9713,12832.08383,12358.10965,9675.87616,4082.261202,3734.136732,3320.449215,3486.056975,61771.94507,TRUE,TRUE,TRUE,TRUE
pyridoxal phosphate-dependent aminotransferase,LBJ_RS12640,7718.279586,1.24807E-05,0.59603785,0.129667366,5765.476326,6244.684959,5733.827024,6840.115306,8416.733764,10320.81355,10564.9874,7859.59835,61746.23669,TRUE,FALSE,NA,FALSE
30S ribosomal protein S12 methylthiotransferase RimO,LBJ_RS11870,7715.061985,0.690496381,0.053183965,0.114095309,7266.888782,8302.42678,7701.446663,7021.414818,8581.749375,8264.010259,7967.87256,6614.686642,61720.49588,FALSE,FALSE,NA,FALSE
ATP synthase F0 subunit C,LBJ_RS09640,7712.025729,0.19827901,-0.199215017,0.139643448,8032.031668,8263.05114,7168.940955,9510.341822,5892.744982,7380.1138,8503.48444,6945.497023,61696.20583,FALSE,FALSE,NA,FALSE
ABC transporter substrate-binding protein,LBJ_RS17855,7711.27931,0.595885879,-0.056466602,0.091151804,7311.51118,7983.046583,8301.344173,7852.042476,7526.024498,8041.694584,7805.122326,6869.448659,61690.23448,FALSE,FALSE,NA,FALSE
cupin domain-containing protein,LBJ_RS17760,7708.306807,0.124211079,0.160672789,0.09511879,7671.115212,7465.329824,7104.863505,6877.557596,9118.9877,7997.231449,7617.399834,7813.969332,61666.45445,FALSE,FALSE,NA,FALSE
hypothetical protein,LBJ_RS07655,7700.211832,0.000907803,-0.245282794,0.069609531,8123.901311,8658.265905,8332.278114,8299.379317,7009.413124,6881.05344,7030.982325,7266.421116,61601.69465,TRUE,FALSE,NA,FALSE
hypothetical protein,LBJ_RS10560,7698.387924,0.25912027,0.147618425,0.117285926,7227.516078,7246.576264,6786.68582,7958.457408,7683.5394,7080.370942,8084.983839,9518.973638,61587.10339,FALSE,FALSE,NA,FALSE
inorganic phosphate transporter,LBJ_RS06040,7686.781553,2.38014E-08,0.637665623,0.109263034,6223.512119,5782.385769,5327.266649,6726.80311,8424.234473,9272.096854,9699.569492,10038.38396,61494.25243,TRUE,FALSE,NA,FALSE
cysteine protease,LBJ_RS17230,7671.31935,4.94838E-17,-0.780067964,0.089832747,9252.5855,9677.657494,9242.619823,10609.96278,5823.363418,5313.34463,5945.119653,5505.901505,61370.5548,TRUE,FALSE,NA,FALSE
ferritin family protein,LBJ_RS17305,7668.15486,2.50659E-07,0.605710136,0.112096369,6216.950002,6342.394883,5158.234754,6609.549621,8688.634487,9071.246141,10279.95922,8978.269774,61345.23888,TRUE,FALSE,NA,FALSE
acyl-CoA dehydrogenase,LBJ_RS15720,7654.807585,1.1563E-05,0.580936214,0.125891486,6344.255079,5820.303053,5312.904462,7057.871786,8443.923836,9763.491156,10230.0147,8265.69661,61238.46068,TRUE,FALSE,NA,FALSE
ATP synthase F1 subunit gamma,LBJ_RS09620,7635.183547,0.000316575,0.478241941,0.125398598,6484.684391,6413.854379,5244.407877,7381.057873,8496.428803,9149.43993,9734.875099,8176.720025,61081.46838,TRUE,FALSE,NA,FALSE
oxidoreductase,LBJ_RS12875,7622.578082,0.731664697,0.034710552,0.086340243,7745.92335,7809.502092,7231.913622,7336.718318,8427.984828,7586.330754,7613.094272,7229.157418,60980.62465,FALSE,FALSE,NA,FALSE
30S ribosomal protein S15,LBJ_RS05260,7607.521517,0.164033602,-0.175806383,0.114412967,8501.879272,6852.819856,8017.414781,8908.309202,6517.179057,6941.615297,7316.871624,7804.083045,60860.17213,FALSE,FALSE,NA,FALSE
hypothetical protein,LBJ_RS05760,7589.761007,1.81962E-08,-0.587841504,0.099907727,8219.708225,9899.327768,9928.690455,8412.691513,6255.591809,6096.815732,6025.203102,5880.059453,60718.08806,TRUE,FALSE,NA,FALSE
endoflagellar hook capping protein,LBJ_RS04385,7581.353983,0.064543759,0.335647783,0.166821931,6873.16174,6409.479308,5073.166415,8457.031067,8200.150774,7176.96327,8415.650981,10045.22831,60650.83187,FALSE,FALSE,NA,FALSE
hypothetical protein,LBJ_RS13775,7570.340383,0.000446782,0.37934972,0.101981557,6366.566278,6755.109933,6276.275785,6925.838445,7424.764919,8930.957284,8535.345597,9347.86482,60562.72306,TRUE,FALSE,NA,FALSE
UDP-glucose/GDP-mannose dehydrogenase family protein,LBJ_RS05310,7565.017653,0.067953238,-0.194774885,0.097929682,7348.259038,8814.310111,8190.86581,7946.633526,7140.675542,7383.946829,7320.316074,6375.134298,60520.14123,FALSE,FALSE,NA,FALSE
TolC family protein,LBJ_RS08495,7557.850934,1.29278E-06,-0.588083802,0.115817162,8891.669044,10434.54481,8123.474009,8860.028353,6542.493952,5885.232538,6386.009176,5339.355589,60462.80747,TRUE,FALSE,NA,FALSE
hypothetical protein,LBJ_RS11555,7555.406092,0.017411159,0.266763319,0.104267799,6302.257528,7723.459025,7149.05485,6262.715771,8246.09262,8816.733023,8168.511737,7774.424183,60443.24874,TRUE,FALSE,NA,FALSE
hypothetical protein,LBJ_RS12880,7550.048765,0.174382747,-0.171938262,0.114572097,8038.593785,8053.047722,8838.269016,7067.72502,8137.332331,6759.163122,6449.731489,7056.527633,60400.39012,FALSE,FALSE,NA,FALSE
metallophosphoesterase,LBJ_RS12755,7543.81497,1.3253E-10,-1.576741413,0.235661053,10391.76908,12352.28435,14190.94569,8262.92235,5243.933601,4468.545065,2866.643008,2573.476615,60350.51976,TRUE,FALSE,NA,FALSE
hypothetical protein,LBJ_RS10295,7525.966881,3.89633E-09,-0.757693292,0.123257249,10201.46767,8814.310111,8492.47174,10322.24834,6557.495371,5340.942438,5512.841254,4965.958125,60207.73505,TRUE,FALSE,NA,FALSE
hypothetical protein,LBJ_RS16700,7523.54141,0.013006942,-0.448719999,0.168271065,8265.643047,10214.33289,8495.786091,7761.39272,7903.872745,7042.040653,5797.869442,4707.39369,60188.33128,TRUE,FALSE,NA,FALSE
HDIG domain-containing protein,LBJ_RS06620,7521.027309,0.000367144,-0.342289253,0.090695,8512.37866,8435.137273,7688.18926,8999.944282,6655.942184,6821.25819,6931.954405,6123.414215,60168.21847,TRUE,FALSE,NA,FALSE
RNA polymerase sigma factor,LBJ_RS00950,7512.552027,2.17792E-06,-1.195676415,0.240493799,10722.49979,10778.71708,12929.28279,7404.705636,7005.66277,4449.379921,3137.032285,3673.135949,60100.41622,TRUE,FALSE,NA,FALSE
serine/threonine-protein phosphatase,LBJ_RS11980,7497.859062,8.12389E-05,-0.746522413,0.179526623,9290.645781,10777.25872,9423.804338,8090.490748,7656.349328,5701.247152,4582.839918,4460.236509,59982.8725,TRUE,FALSE,NA,FALSE
hypothetical protein,LBJ_RS12950,7476.985595,0.692959736,-0.044102424,0.095545773,7507.062278,8263.05114,7329.134581,7266.760354,7872.932317,7292.720742,7653.566553,6630.656799,59815.88476,FALSE,FALSE,NA,FALSE
flagellar biosynthesis protein FlhF,LBJ_RS08915,7468.781266,0.991867124,-0.001176581,0.101338754,7157.957634,8640.76562,7358.963739,6732.715051,7386.323782,7481.305763,7386.621725,7605.596816,59750.25013,FALSE,FALSE,NA,FALSE
6%2C7-dimethyl-8-ribityllumazine synthase,LBJ_RS13825,7456.816981,0.005225891,0.26756222,0.089572103,6588.365845,7227.617622,6670.683539,6583.931212,7849.4926,8065.459363,8973.651783,7695.333885,59654.53585,TRUE,FALSE,NA,FALSE
hypothetical protein,LBJ_RS15905,7455.420994,1.80452E-08,0.71635535,0.121712174,6198.576073,5589.882636,4535.136789,6243.009302,9007.414645,8889.560572,9439.513563,9740.274375,59643.36796,TRUE,FALSE,NA,FALSE
polyphosphate kinase 1,LBJ_RS12895,7432.225279,0.011581792,0.270702476,0.099924272,6926.971102,7086.156987,6170.216556,6765.230724,8854.587687,8395.866453,8034.178211,7224.594516,59457.80224,TRUE,FALSE,NA,FALSE
signal peptide peptidase SppA,LBJ_RS10340,7419.698632,0.254562168,-0.147236034,0.115986043,8197.397026,8258.676068,6731.446639,8004.767609,7743.545077,7360.18205,6965.537786,6096.036804,59357.58906,FALSE,FALSE,NA,FALSE
hypothetical protein,LBJ_RS15240,7419.611315,0.000186426,-0.796989533,0.201769498,8581.937104,10298.9176,10728.5538,8063.887016,7628.221667,5809.338566,4133.339272,4112.695489,59356.89052,TRUE,FALSE,NA,FALSE
porin OmpL1,LBJ_RS03180,7401.867188,4.72954E-05,0.796867235,0.185839285,5811.411148,4657.992471,4726.264356,6436.132696,7165.052849,8219.547124,9514.430337,12684.10652,59214.9375,TRUE,FALSE,NA,FALSE
bifunctional phosphoribosylaminoimidazolecarboxamide formyltransferase/IMP cyclohydrolase,LBJ_RS07355,7400.32877,0.002402609,0.509629231,0.157507988,5854.721123,6355.520096,5106.309924,7110.093928,6824.70815,9151.739747,10584.79299,8214.744207,59202.63016,TRUE,FALSE,NA,FALSE
lipoyl synthase,LBJ_RS07320,7388.765111,0.005211977,-0.465884246,0.155913613,8096.340418,9636.823496,9326.583379,7226.362093,7609.469893,6424.156398,5921.008508,4869.376704,59110.12089,TRUE,FALSE,NA,FALSE
energy transducer TonB,LBJ_RS12310,7344.685773,0.014149053,-0.326102094,0.123714895,7437.503834,9136.607022,9036.025285,7075.607607,7123.798946,6818.958373,6208.620032,5920.365085,58757.48618,TRUE,FALSE,NA,FALSE
thioredoxin-dependent thiol peroxidase,LBJ_RS04570,7333.322278,0.402968951,0.220207074,0.231793172,7230.140925,7128.449342,7062.881727,5677.433649,12181.1524,8325.338721,5622.202523,5438.978945,58666.57823,FALSE,FALSE,NA,FALSE
3-oxoacyl-[acyl-carrier-protein] reductase,LBJ_RS11605,7303.589934,9.05815E-07,0.663380007,0.128815888,5648.670637,5476.130785,4994.726777,6493.281456,7586.030175,9604.803761,10081.04226,8544.03362,58428.71947,TRUE,FALSE,NA,FALSE
GTPase ObgE,LBJ_RS13755,7303.279082,0.019329526,-0.257356081,0.10222292,8164.586439,8462.846058,6870.649376,8314.159169,6936.281206,6618.874265,6909.565484,6149.270659,58426.23265,TRUE,FALSE,NA,FALSE
acyl dehydratase,LBJ_RS09005,7299.664707,7.42269E-14,1.148933536,0.147988205,4870.403516,4118.400356,3728.644741,5431.10279,9501.52389,11020.72463,11150.5438,8575.973932,58397.31765,TRUE,FALSE,NA,FALSE
hypothetical protein,LBJ_RS09300,7282.054152,7.80151E-06,-0.33000535,0.070189925,7740.673657,8082.214863,8280.353284,8340.762902,6456.235791,6402.691437,6379.120277,6574.38101,58256.43322,TRUE,FALSE,NA,FALSE
M23 family metallopeptidase,LBJ_RS00965,7274.019472,6.53416E-12,-0.648479029,0.090798072,8999.287769,9148.273879,9242.619823,8137.786273,6121.516625,5526.461035,5282.924257,5733.286111,58192.15577,TRUE,FALSE,NA,FALSE
type II secretion system major pseudopilin GspG,LBJ_RS07820,7273.728406,0.02731565,-0.288686533,0.121246144,7890.289933,9146.815522,7469.442102,7490.428775,7361.008887,6447.921177,6808.815339,5575.105516,58189.82725,TRUE,FALSE,NA,FALSE
endopeptidase La,LBJ_RS02580,7265.678778,0.124347477,0.236017223,0.139792968,7081.837072,6794.485573,5624.453445,7190.89045,6172.146415,8059.326517,8799.707088,8402.583664,58125.43022,FALSE,FALSE,NA,FALSE
DNA repair exonuclease,LBJ_RS03685,7248.727901,2.39641E-13,-1.001356903,0.131653746,9592.50318,11251.22477,9438.166525,8391.014397,5138.923667,5282.680399,4899.729262,3995.581009,57989.82321,TRUE,FALSE,NA,FALSE
RNA chaperone Hfq,LBJ_RS09325,7234.126932,0.301607138,-0.127955113,0.110354008,7022.778016,6979.696921,8742.15284,7472.692953,6974.722342,7577.89809,6650.370667,6452.703628,57873.01546,FALSE,FALSE,NA,FALSE
purine-binding chemotaxis protein CheW,LBJ_RS05140,7194.007139,0.048513017,0.17871618,0.083463756,6630.363397,6695.317293,7054.043458,6615.461562,8234.841556,7669.124178,7086.093515,7566.812151,57552.05711,TRUE,FALSE,NA,FALSE
endolytic transglycosylase MltG,LBJ_RS03550,7188.22671,0.03779358,0.431080317,0.1918508,6335.068115,6399.270808,6403.325902,5351.291591,11204.18497,9266.730614,6652.954004,5892.987674,57505.81368,TRUE,FALSE,NA,FALSE
FAD-dependent oxidoreductase,LBJ_RS07630,7185.448161,1.87036E-06,0.55512384,0.110938109,5502.991631,5993.847544,5544.909024,6237.097362,7902.935156,8884.960937,9770.180705,7646.662933,57483.58529,TRUE,FALSE,NA,FALSE
chemotaxis response regulator protein-glutamate methylesterase,LBJ_RS05150,7160.141232,0.002930281,0.291718025,0.091915737,6371.815972,6284.0606,5960.307667,7136.697661,7917.936575,7449.10832,8272.706331,7888.496728,57281.12985,TRUE,FALSE,NA,FALSE
hypothetical protein,LBJ_RS15790,7144.73472,4.62458E-09,0.534574042,0.087361406,5744.477551,5754.676985,5976.879422,5867.601073,8548.93377,9072.012747,7590.705351,8602.59086,57157.87776,TRUE,FALSE,NA,FALSE
carbamoyltransferase,LBJ_RS06200,7116.350401,5.16475E-14,0.617710506,0.079080566,5916.405026,5247.168726,5694.054813,5604.519715,8219.840137,8801.400908,8749.762572,8697.651314,56930.80321,TRUE,FALSE,NA,FALSE
,LBJ_RS13430,7116.297515,1.07161E-14,1.882114091,0.234767186,2782.337767,2638.167934,2367.551313,4359.070889,6863.149287,11198.57717,13559.07504,13162.45072,56930.38012,TRUE,TRUE,TRUE,TRUE
thioredoxin-disulfide reductase,LBJ_RS08190,7116.248796,0.166155666,0.368535112,0.241284626,5626.359438,6685.108793,8293.610687,4243.788047,11940.1921,7578.664696,6766.620834,5795.645769,56929.99036,FALSE,FALSE,NA,FALSE
chemotaxis protein CheD,LBJ_RS17190,7109.472065,0.00058245,0.382893067,0.104972596,6083.082807,6898.028925,6361.344124,5346.364974,8138.26992,8204.215009,8347.623105,7496.847657,56875.77652,TRUE,FALSE,NA,FALSE
hypothetical protein,LBJ_RS07880,7102.489905,4.01545E-06,-1.062374406,0.219357828,9730.307645,10043.70512,10735.1825,7912.147206,6652.191829,5131.659061,3475.449438,3139.276438,56819.91924,TRUE,FALSE,NA,FALSE
cytochrome-c peroxidase,LBJ_RS03175,7096.170914,0.164328626,-0.244579998,0.15938343,8591.124069,7662.208028,7442.927295,7088.416812,8362.353619,6811.292315,5778.92497,5032.120201,56769.36731,FALSE,FALSE,NA,FALSE
amidohydrolase,LBJ_RS09860,7079.631636,0.087648799,-0.200645241,0.107395628,7375.81993,7625.749101,7203.189248,8078.666867,6815.332263,6853.455633,7125.704683,5559.135359,56637.05308,FALSE,FALSE,NA,FALSE
MBL fold metallo-hydrolase,LBJ_RS00685,7069.849854,1.06336E-05,-0.694306281,0.149831147,8907.418126,9307.234799,9865.717789,6875.58695,6587.498209,5287.280033,4873.895892,4854.167031,56558.79883,TRUE,FALSE,NA,FALSE
penicillin-binding protein 1C,LBJ_RS07475,7069.330114,0.022707511,0.332038669,0.135294559,6375.753242,6769.693503,5601.252989,6291.290151,9137.739474,8600.550195,7470.149622,6308.211738,56554.64091,TRUE,FALSE,NA,FALSE
transcription-repair coupling factor,LBJ_RS09140,7063.550025,0.000132181,0.413697264,0.102471338,5887.53171,6251.976745,5700.683515,6390.807818,7296.315267,8684.87683,8790.234852,7505.97346,56508.4002,TRUE,FALSE,NA,FALSE
ATP synthase F1 subunit delta,LBJ_RS09630,7057.044751,0.006228769,0.340610592,0.116400074,5875.719898,6117.807894,5723.883971,7192.861097,7170.678381,8920.224803,7918.789156,7536.392806,56456.35801,TRUE,FALSE,NA,FALSE
SDR family NAD(P)-dependent oxidoreductase,LBJ_RS00890,7045.042828,3.87736E-09,-1.443560224,0.234792071,9496.696266,13024.58696,11558.24631,7129.800396,5232.682537,4327.489602,2874.393019,2716.447538,56360.34263,TRUE,FALSE,NA,FALSE
hypothetical protein,LBJ_RS13900,7040.284774,6.21034E-12,-0.687984634,0.096227956,8703.992487,9706.824635,8500.205226,7843.174566,5127.672603,5646.051536,5447.396716,5346.960426,56322.27819,TRUE,FALSE,NA,FALSE
NADH-quinone oxidoreductase subunit D,LBJ_RS02805,7034.045002,0.663997446,-0.037834496,0.07422798,6986.030158,7301.993833,7147.950066,7068.710343,7191.305332,6602.008938,7188.565884,6785.79546,56272.36002,FALSE,FALSE,NA,FALSE
SpoIIE family protein phosphatase,LBJ_RS00325,7023.198777,0.088478793,-0.22381872,0.120101826,7673.740059,7062.823274,7558.929576,7972.251936,5800.86129,6352.862061,5929.619631,7834.50239,56185.59022,FALSE,FALSE,NA,FALSE
hypothetical protein,LBJ_RS07090,7020.455738,0.000698356,0.370017582,0.102861574,6308.819645,6597.607369,6072.995597,5522.737869,8608.939447,8172.017566,7784.45563,7096.072782,56163.64591,TRUE,FALSE,NA,FALSE
flagellar hook-associated protein 3,LBJ_RS16315,7017.500389,0.153061551,-0.246179739,0.156223903,7841.730264,6507.189231,6457.460299,9651.243074,6623.12658,5554.058843,6108.731,7396.463817,56140.00311,FALSE,FALSE,NA,FALSE
hypothetical protein,LBJ_RS06150,7009.246657,0.786986892,-0.039120276,0.122649533,7895.539627,7202.825552,7295.991072,6024.267499,6616.563459,6046.986357,7571.760879,7420.03881,56073.97326,FALSE,FALSE,NA,FALSE
NADH-quinone oxidoreductase subunit B,LBJ_RS02795,7004.122592,0.125480131,-0.159856251,0.094970081,7509.687125,7598.040317,7726.856687,6733.700374,6278.093938,6577.477553,7303.954939,6305.169804,56032.98074,FALSE,FALSE,NA,FALSE
methionine--tRNA ligase,LBJ_RS13905,6992.768895,0.220057329,0.142849178,0.10490049,7014.903475,6482.397161,5810.057094,7279.569559,7140.675542,7613.161956,7777.566731,6823.819641,55942.15116,FALSE,FALSE,NA,FALSE
asparagine--tRNA ligase,LBJ_RS09065,6984.915202,9.47768E-08,0.682764523,0.122266156,5164.386375,5449.880358,5123.986462,5709.949323,9059.919612,9381.72148,9132.957567,6856.520438,55879.32161,TRUE,FALSE,NA,FALSE
type Z 30S ribosomal protein S14,LBJ_RS19720,6984.36293,0.92557694,0.013770115,0.125152663,7623.867967,6838.236285,5706.207433,7635.27132,7920.749341,6584.377005,6780.398631,6785.79546,55874.90344,FALSE,FALSE,NA,FALSE
chorismate synthase,LBJ_RS00755,6983.005599,0.077714242,0.219162145,0.113749914,6764.230591,6466.355233,5480.831573,7103.196664,6903.465601,7715.88713,8211.567354,7218.510647,55864.04479,FALSE,FALSE,NA,FALSE
(E)-4-hydroxy-3-methylbut-2-enyl-diphosphate synthase,LBJ_RS04105,6970.412243,1.98013E-11,-0.649069244,0.093014431,9173.840091,8389.928204,7768.838465,8717.156455,5490.51943,5493.496987,5725.536004,5003.982307,55763.29794,TRUE,FALSE,NA,FALSE
transcriptional repressor,LBJ_RS04645,6953.289245,0.000304557,0.291988044,0.076360477,6426.937758,5839.261695,6572.357797,6168.124721,7668.537981,7735.052274,7570.899767,7645.141965,55626.31396,TRUE,FALSE,NA,FALSE
hypothetical protein,LBJ_RS01455,6946.482045,0.043690033,0.175814351,0.080393917,6358.691737,7059.90656,6495.022943,6183.889896,7406.950733,7181.562904,7296.204928,7589.62666,55571.85636,TRUE,FALSE,NA,FALSE
NAD(P)-binding protein,LBJ_RS03330,6937.031435,0.008895184,0.447661891,0.159595143,5260.193289,6583.023799,6385.649364,5248.817954,9252.125296,9205.402152,7556.260857,6004.778768,55496.25148,TRUE,FALSE,NA,FALSE
adenylosuccinate lyase,LBJ_RS04690,6931.433453,0.009603526,0.311353379,0.112068617,5740.54028,6154.266821,6082.93865,6766.216048,7911.373454,8530.789069,7732.788889,6532.55441,55451.46762,TRUE,FALSE,NA,FALSE
hypothetical protein,LBJ_RS14500,6923.644124,2.9252E-09,-0.451670556,0.072892453,8060.904985,7802.210306,7859.430722,8270.804938,6023.069812,5996.390376,5774.619408,5601.722443,55389.15299,TRUE,FALSE,NA,FALSE
adenine phosphoribosyltransferase,LBJ_RS17515,6903.325693,0.010224261,0.355014412,0.1288213,6261.5724,6577.19037,5768.075316,5627.182154,8557.372069,8710.174821,7456.371825,6268.666589,55226.60554,TRUE,FALSE,NA,FALSE
prohibitin family protein,LBJ_RS15225,6893.490307,0.458966241,0.171570882,0.201712108,6442.68684,6763.860075,6733.656206,5995.693119,10666.94664,7615.461773,5622.202523,5307.415277,55147.92246,FALSE,FALSE,NA,FALSE
response regulator,LBJ_RS05155,6869.004832,1.94381E-05,-0.339357939,0.07545991,7377.132354,8042.839222,7407.574219,7865.837005,6106.515206,6237.871195,5874.508441,6039.761015,54952.03866,TRUE,FALSE,NA,FALSE
FecR domain-containing protein,LBJ_RS04030,6864.100401,0.931049184,-0.01411136,0.137593073,7332.509956,6625.316154,6855.182405,6777.054606,8467.363554,6179.609156,5590.341366,7085.426011,54912.80321,FALSE,FALSE,NA,FALSE
SDR family oxidoreductase,LBJ_RS08980,6857.076792,0.001758469,0.416233711,0.124964923,5888.844133,6578.648728,5304.066193,5728.670468,7925.437285,8413.498386,8598.206799,6419.242349,54856.61434,TRUE,FALSE,NA,FALSE
tetratricopeptide repeat protein,LBJ_RS12210,6756.89037,3.1049E-19,-1.181958932,0.127494059,9676.498282,10694.13237,9524.339648,7624.432762,4672.004494,3967.184888,3947.339005,3949.191508,54055.12296,TRUE,FALSE,NA,FALSE
LPS-assembly protein LptD,LBJ_RS09125,6749.486948,0.089856494,0.191557968,0.103210763,5982.0262,6470.730305,6053.109492,6702.170024,6418.732243,7157.798125,8135.789468,7075.539724,53995.89558,FALSE,FALSE,NA,FALSE
hypothetical protein,LBJ_RS11090,6744.792749,0.569497597,0.117587592,0.17769947,6353.442043,6931.571138,6657.426136,5937.559037,9859.682774,6871.854171,5749.64715,5597.159541,53958.34199,FALSE,FALSE,NA,FALSE
OmpA family protein,LBJ_RS07550,6728.715311,0.328398206,0.08986713,0.081757431,6527.994366,6645.733153,6645.273516,6257.789154,7520.398966,6818.191767,6847.565394,6566.776173,53829.72249,FALSE,FALSE,NA,FALSE
phosphoenolpyruvate--protein phosphotransferase,LBJ_RS07270,6719.596482,0.022701552,0.20004119,0.081499492,6556.867682,6094.474181,6384.54458,5981.898591,7697.60323,7124.834077,6921.621056,6994.928459,53756.77186,TRUE,FALSE,NA,FALSE
hydrolase,LBJ_RS07730,6718.377253,5.58118E-08,0.675620941,0.118919887,5184.072727,4869.454245,5045.546824,5593.681157,6953.157802,7820.912121,8977.957344,9302.235802,53747.01802,TRUE,FALSE,NA,FALSE
aminotransferase class V-fold PLP-dependent enzyme,LBJ_RS17310,6717.326202,3.42659E-15,0.748498832,0.091683097,5097.452778,4875.287674,4598.109455,5479.383638,7981.692607,8295.441096,8889.262773,8521.979595,53738.60961,TRUE,FALSE,NA,FALSE
aminoacyl-tRNA hydrolase,LBJ_RS14305,6714.077877,6.96397E-06,-0.391045519,0.082744027,7453.252916,7915.962158,7252.904511,7853.0278,5430.513753,5749.543316,5902.064036,6155.354528,53712.62302,TRUE,FALSE,NA,FALSE
response regulator,LBJ_RS08845,6713.692766,0.582256552,-0.111630616,0.17422124,6274.696635,8378.261348,7994.214325,5246.847307,7504.459958,6749.963853,6444.564815,5116.533885,53709.54212,FALSE,FALSE,NA,FALSE
argininosuccinate lyase,LBJ_RS10575,6691.03454,1.85951E-16,0.892761166,0.104720937,4404.493183,4867.995888,4332.961385,5131.564464,8357.665676,9306.594114,9255.235521,7871.766088,53528.27632,TRUE,FALSE,NA,FALSE
DUF342 domain-containing protein,LBJ_RS08150,6681.53627,0.000241799,-0.482875355,0.124294103,7400.755977,7875.12816,6516.013832,9364.513954,5593.654187,5424.502467,5900.341811,5377.379771,53452.29016,TRUE,FALSE,NA,FALSE
ABC transporter permease,LBJ_RS05300,6668.914856,1.78869E-12,-0.767768741,0.104766519,8193.459756,7975.754797,9222.733718,8217.597472,5434.264108,5236.684052,4507.923144,4562.9018,53351.31885,TRUE,FALSE,NA,FALSE
helix-turn-helix transcriptional regulator,LBJ_RS05520,6663.736665,0.213011248,0.218904555,0.158225259,6235.323931,5563.632209,5659.806521,7177.095922,6249.966277,5901.331259,7364.232803,9158.504396,53309.89332,FALSE,FALSE,NA,FALSE
GDP-mannose 4%2C6-dehydratase,LBJ_RS02275,6662.425935,1.98925E-06,0.513782118,0.102935776,5555.48857,5630.716634,4926.230193,5841.982663,7053.479793,7739.651909,8648.151315,7903.706401,53299.40748,TRUE,FALSE,NA,FALSE
cytochrome c maturation protein CcmE,LBJ_RS03120,6658.702191,0.252124499,-0.348350087,0.273055482,8421.82144,8251.384283,7614.168757,5547.370955,9680.603332,6050.05278,4416.645235,3287.570747,53269.61753,FALSE,FALSE,NA,FALSE
potassium transporter Trk,LBJ_RS02115,6655.705905,0.010522863,0.241550628,0.088002722,6202.513344,5782.385769,5806.742743,6605.608328,7351.633,7527.302109,7224.732603,6744.729344,53245.64724,TRUE,FALSE,NA,FALSE
excinuclease ABC subunit UvrC,LBJ_RS10180,6652.504993,1.63221E-10,-1.234923758,0.185446965,8823.423024,10134.12326,10010.44444,8382.146486,5447.390349,4182.601111,3359.199271,2880.712003,53220.03994,TRUE,FALSE,NA,FALSE
uroporphyrinogen synthase,LBJ_RS16665,6646.561998,2.96685E-14,-1.194336156,0.151475754,10108.28561,10768.50858,7661.674453,8464.913655,4139.454112,4206.36589,4602.645502,3220.648187,53172.49598,TRUE,FALSE,NA,FALSE
M23 family metallopeptidase,LBJ_RS11225,6644.573031,0.003953779,0.425203849,0.138088469,6021.398904,5912.179548,5177.016076,5579.886629,8254.530919,9127.974968,6887.176562,6196.420644,53156.58425,TRUE,FALSE,NA,FALSE
thiolase family protein,LBJ_RS03085,6632.877645,0.88764502,-0.030509581,0.184163305,6241.886048,7361.786472,5413.439772,7794.893717,6323.098196,8221.080336,7092.982414,4613.854203,53063.02116,FALSE,FALSE,NA,FALSE
outer membrane lipoprotein carrier protein LolA,LBJ_RS11880,6628.801442,0.023030781,0.261327757,0.106717806,6518.807401,6076.973897,5974.669855,5550.326926,8281.720991,7019.809086,7028.398988,6579.704395,53030.41154,TRUE,FALSE,NA,FALSE
ATP-dependent helicase,LBJ_RS07500,6627.395557,0.000545798,-0.30487003,0.083176255,7471.626844,7143.032912,7069.510429,7615.564851,5603.967662,5754.142951,6400.648086,5960.670718,53019.16445,TRUE,FALSE,NA,FALSE
argininosuccinate synthase,LBJ_RS15860,6594.718831,2.47948E-06,0.639057023,0.12925371,5338.938697,5018.206666,4176.08211,6096.19611,7396.637258,8174.317384,8604.234585,7953.137837,52757.75065,TRUE,FALSE,NA,FALSE
glutamine-hydrolyzing carbamoyl-phosphate synthase small subunit,LBJ_RS11655,6594.055843,3.95164E-18,0.924426477,0.10289779,4638.104561,4516.531835,3952.915817,5095.107497,8365.166385,8613.582493,9124.346444,8446.691715,52752.44675,TRUE,FALSE,NA,FALSE
SH3 domain-containing protein,LBJ_RS12545,6585.378803,2.05219E-06,0.632103346,0.126812801,5178.823033,5187.376086,4367.209677,5927.705802,6959.720923,7917.504449,8977.096232,8167.594221,52683.03042,TRUE,FALSE,NA,FALSE
TolC family protein,LBJ_RS12745,6584.647411,2.96646E-06,0.524090309,0.106781393,6063.396455,5121.750018,4745.045678,5676.448326,7541.963506,7339.483694,7984.233694,8204.857919,52677.17929,TRUE,FALSE,NA,FALSE
hypothetical protein,LBJ_RS01290,6579.652225,2.82813E-07,0.643119042,0.119559659,5685.418494,4421.738626,4576.013783,5862.674455,8144.833041,7984.199151,7729.344439,8232.995814,52637.2178,TRUE,FALSE,NA,FALSE
ATPase,LBJ_RS03845,6571.16872,8.00068E-05,-0.900876886,0.216438943,8910.042973,9451.612149,9085.740548,6786.90784,6675.631547,4876.379338,3601.171841,3181.863522,52569.34976,TRUE,FALSE,NA,FALSE
putative peptidyl-prolyl cis-trans isomerase,LBJ_RS03000,6564.118248,1.2857E-08,0.786160844,0.132250952,5128.950941,4867.995888,4443.439748,4833.996786,10116.58208,8419.631232,7867.122415,6835.226896,52512.94598,TRUE,FALSE,NA,FALSE
YebC/PmpR family DNA-binding transcriptional regulator,LBJ_RS03040,6562.002449,0.864948386,0.024063977,0.119792449,6703.859111,6881.986997,5480.831573,6963.280735,5923.685409,6595.109486,7496.844105,6450.422177,52496.0196,FALSE,FALSE,NA,FALSE
dehypoxanthine futalosine cyclase,LBJ_RS11015,6560.46916,0.037196249,-0.19152992,0.084988553,6933.533219,7453.662968,6660.740487,6934.706356,6154.33223,6519.98212,6121.647685,5705.148217,52483.75328,TRUE,FALSE,NA,FALSE
endonuclease III,LBJ_RS10195,6553.581301,1.45348E-27,-0.827959993,0.073885497,8137.025546,8492.013199,8827.221179,8080.637514,4765.763364,4814.28427,4610.395513,4701.309821,52428.65041,TRUE,FALSE,NA,FALSE
MoxR family ATPase,LBJ_RS16855,6546.789853,0.000122612,0.440157438,0.108486487,5264.130559,5918.012976,4981.469374,6059.739143,6867.837231,7659.924908,8308.87305,7314.331585,52374.31883,TRUE,FALSE,NA,FALSE
hypothetical protein,LBJ_RS08965,6540.227163,8.08277E-05,-0.950248053,0.228446612,8259.080929,10011.62126,10082.25538,6124.77049,6291.22018,4696.993586,3957.672353,2898.203126,52321.81731,TRUE,FALSE,NA,FALSE
KH domain-containing protein,LBJ_RS07905,6532.101089,0.258536761,-0.135682697,0.107674202,7013.591051,6651.566581,5884.077597,7805.732275,6361.539332,5952.693846,6378.259165,6209.348866,52256.80871,FALSE,FALSE,NA,FALSE
hypothetical protein,LBJ_RS12655,6523.218759,1.3127E-28,1.044732418,0.091468366,4228.628437,4265.69442,4327.437467,4216.198991,8139.207508,8203.448403,9142.429803,9662.705044,52185.75007,TRUE,FALSE,NA,FALSE
sodium-dependent bicarbonate transport family permease,LBJ_RS16170,6513.77789,0.016870397,-0.308211321,0.119893676,7824.668759,6424.062878,7491.537774,7086.446165,6657.817362,5840.769403,4943.645992,5841.274787,52110.22312,TRUE,FALSE,NA,FALSE
aldolase/citrate lyase,LBJ_RS09680,6512.420455,0.882336785,0.024879723,0.143359433,6386.25263,5785.302483,6021.070767,7631.330026,5669.598871,5761.809008,7074.899054,7769.100798,52099.36364,FALSE,FALSE,NA,FALSE
cysteine synthase A,LBJ_RS06085,6503.850361,1.83754E-05,-0.934198433,0.207123907,8357.51269,10069.95555,8927.756489,6800.702368,5955.563425,5189.154494,3656.283031,3073.874846,52030.80289,TRUE,FALSE,NA,FALSE
PAS domain S-box protein,LBJ_RS15415,6495.059586,0.034933586,-0.450712204,0.197609564,7420.442329,6935.946209,9283.496817,6365.189409,7469.769176,5935.828519,4097.172554,4452.631673,51960.47669,TRUE,FALSE,NA,FALSE
serine hydrolase,LBJ_RS03475,6488.116537,0.056732747,0.231942704,0.111952967,6147.391558,6343.85324,5987.927258,5392.675176,8050.136582,7172.363635,6431.64813,6378.936716,51904.93229,FALSE,FALSE,NA,FALSE
UDP-N-acetylglucosamine 1-carboxyvinyltransferase,LBJ_RS01125,6488.099887,1.7086E-08,-0.558325545,0.094703098,8083.216184,7952.421084,6859.60154,8017.576814,5173.614449,5084.129503,5661.813691,5072.425834,51904.7991,TRUE,FALSE,NA,FALSE
1-deoxy-D-xylulose-5-phosphate reductoisomerase,LBJ_RS05060,6487.515417,0.625240623,0.095396371,0.16739636,6051.584644,7086.156987,6033.223387,5921.793862,8033.259985,7787.948073,6236.175627,4749.980773,51900.12334,FALSE,FALSE,NA,FALSE
tetratricopeptide repeat protein,LBJ_RS13835,6482.672974,0.000161895,0.415403636,0.104209458,5418.996529,5636.550063,5266.50355,5901.102069,6611.875515,6922.450152,7997.15038,8106.755531,51861.38379,TRUE,FALSE,NA,FALSE
thioesterase,LBJ_RS11990,6481.278153,0.146501518,0.135694633,0.084778198,6030.585868,6304.477599,6355.820206,6017.370235,6300.596067,6868.787748,6620.231734,7352.355767,51850.22522,FALSE,FALSE,NA,FALSE
TonB-dependent receptor,LBJ_RS04265,6464.00949,2.75617E-05,-0.934638436,0.211607069,8203.959143,10126.83147,8593.00705,7026.341436,5990.254207,5104.827859,3804.394355,2862.460396,51712.07592,TRUE,FALSE,NA,FALSE
3-isopropylmalate dehydrogenase,LBJ_RS10230,6463.837411,1.39126E-12,0.820738603,0.111425026,4559.359153,4984.664454,4380.467081,4768.965439,8820.834494,8937.856736,8338.15087,6920.401063,51710.69929,TRUE,FALSE,NA,FALSE
GHKL domain-containing protein,LBJ_RS06705,6457.704112,0.0564017,0.271309492,0.130780943,5594.861275,6199.47589,5765.865749,5849.865251,5578.652768,6878.753623,8255.484084,7538.674257,51661.6329,FALSE,FALSE,NA,FALSE
HEAT repeat domain-containing protein,LBJ_RS13235,6451.936088,0.00096629,0.335345682,0.095636267,5651.295484,5280.710938,5970.25072,5917.852568,7298.190444,7413.844454,6416.148108,7667.195991,51615.48871,TRUE,FALSE,NA,FALSE
ParB/RepB/Spo0J family partition protein,LBJ_RS00170,6449.931417,1.70453E-12,0.6466404,0.088149562,5169.636069,5073.624235,4739.52176,5129.593818,8604.251504,7729.686034,7839.56682,7313.571101,51599.45134,TRUE,FALSE,NA,FALSE
alkaline phosphatase family protein,LBJ_RS05695,6398.825061,8.86029E-15,0.89648034,0.111474641,4744.410863,4379.446271,3805.979595,4959.132863,7856.055721,8563.753118,8914.235031,7967.587026,51190.60049,TRUE,FALSE,NA,FALSE
cytochrome c oxidase subunit 3 family protein,LBJ_RS15365,6396.217989,0.016173747,0.469277395,0.181438795,5489.867397,4503.406622,4496.469362,6969.192676,5502.708083,7557.199734,8220.178478,8430.721559,51169.74391,TRUE,FALSE,NA,FALSE
flagellar basal body rod protein FlgC,LBJ_RS15140,6387.95418,0.338394375,-0.164798433,0.152715088,7077.899802,6219.892889,5699.578731,8011.664873,5525.210212,5015.134983,6300.759053,7253.492894,51103.63344,FALSE,FALSE,NA,FALSE
ATP-dependent protease ATPase subunit HslU,LBJ_RS07120,6381.152931,0.00059648,0.311384851,0.085519253,5825.847806,5691.967631,5395.763234,5866.615749,7473.519531,6477.818803,7022.371201,7295.319494,51049.22345,TRUE,FALSE,NA,FALSE
glutamate--tRNA ligase,LBJ_RS15485,6349.026325,1.77822E-11,0.578316522,0.082672888,5307.440534,5063.415735,4640.091233,5362.130149,7576.654288,7472.106493,7681.122148,7689.250016,50792.2106,TRUE,FALSE,NA,FALSE
purine-binding chemotaxis protein CheW,LBJ_RS09305,6338.532294,6.42015E-06,-0.366229499,0.077203471,7169.769445,6854.278213,7114.806558,7414.55887,5674.286815,5235.917446,5474.091199,5770.549809,50708.25835,TRUE,FALSE,NA,FALSE
pyruvate kinase,LBJ_RS17930,6337.225093,0.728576223,0.045566095,0.111541497,6440.061993,6297.185814,5626.663012,6584.916535,5934.936474,6854.988844,7207.510356,5751.537718,50697.80075,FALSE,FALSE,NA,FALSE
efflux RND transporter permease subunit,LBJ_RS08480,6334.269324,1.14927E-06,-0.715581345,0.140274596,7157.957634,8907.644963,7624.11181,7804.746951,5490.51943,4825.016751,5153.757405,3710.399647,50674.15459,TRUE,FALSE,NA,FALSE
flagellar export chaperone FliS,LBJ_RS07365,6326.433845,0.000574386,-0.284855325,0.078014863,7274.763323,6779.902003,6785.581037,6955.398148,5610.530783,5545.62618,6090.64764,5569.021646,50611.47076,TRUE,FALSE,NA,FALSE
DUF1987 domain-containing protein,LBJ_RS12015,6315.792728,0.013299348,-0.269845368,0.101490921,7235.390619,6511.564302,7146.845283,6723.84714,6457.17338,5156.957051,5491.313446,5803.250606,50526.34183,TRUE,FALSE,NA,FALSE
hypothetical protein,LBJ_RS16105,6313.93467,0.000255102,-0.364957181,0.09429644,7680.302177,7064.281631,6301.685808,7387.955137,5380.821552,5807.805355,5369.035492,5519.59021,50511.47736,TRUE,FALSE,NA,FALSE
tRNA-Leu,LBJ_RS05595,6309.337163,0.002689217,-0.38391904,0.119943262,7004.404087,7338.452759,7084.9774,7148.521542,4581.05839,5081.06308,6371.370266,5864.84978,50474.6973,TRUE,FALSE,NA,FALSE
HEAT repeat domain-containing protein,LBJ_RS08575,6307.979975,0.067899575,0.194764105,0.097898618,5688.043341,6294.2691,5947.050264,5602.549068,7563.528046,6723.899256,6311.953514,6332.547214,50463.8398,FALSE,FALSE,NA,FALSE
tRNA guanosine(34) transglycosylase Tgt,LBJ_RS04650,6307.303612,3.655E-05,0.34670998,0.079688066,5375.686554,5782.385769,5526.127702,5528.64981,6811.581909,6831.990671,7594.149801,7007.856681,50458.4289,TRUE,FALSE,NA,FALSE
glycerol kinase GlpK,LBJ_RS10370,6306.663957,1.67821E-06,0.593399105,0.118069465,4945.211654,5019.665023,4728.473923,5417.308261,6225.588971,7579.431302,8227.067377,8310.565144,50453.31166,TRUE,FALSE,NA,FALSE
alpha/beta fold hydrolase,LBJ_RS08660,6305.224161,2.33457E-08,-0.692812926,0.118638348,7692.113988,8305.343494,7816.344161,7348.5422,5620.844259,4767.521318,4863.562544,4027.521322,50441.79328,TRUE,FALSE,NA,FALSE
flagellar hook-basal body protein,LBJ_RS08795,6282.21745,0.145165662,-0.244608921,0.152358722,6466.310462,6632.607939,6138.177831,8016.591491,4523.86548,5312.578024,6883.732113,6283.876262,50257.7396,FALSE,FALSE,NA,FALSE
DNA-binding protein,LBJ_RS00355,6264.58448,1.07161E-14,-0.678128821,0.084586989,8222.333072,7581.998389,7689.294044,7347.556876,5198.929344,4714.625519,4734.395691,4627.542908,50116.67584,TRUE,FALSE,NA,FALSE
MarR family EPS-associated transcriptional regulator,LBJ_RS06155,6264.261446,0.483035125,-0.107775761,0.133411308,6045.022527,7167.824982,7473.861236,5306.952036,5748.356322,5938.128337,6768.343058,5665.603068,50114.09157,FALSE,FALSE,NA,FALSE
peptide permease,LBJ_RS10910,6262.736522,3.13113E-06,-0.863131308,0.176286024,8319.452409,9113.273309,8303.55374,6592.799123,5536.461276,5092.562166,3792.338782,3351.451372,50101.89218,TRUE,FALSE,NA,FALSE
hypothetical protein,LBJ_RS07485,6240.823891,0.063509795,-0.22065635,0.109245352,6667.111254,7105.115629,6701.617481,6394.749112,6450.610259,5953.460452,5781.508307,4872.418638,49926.59113,FALSE,FALSE,NA,FALSE
aminotransferase class I/II-fold pyridoxal phosphate-dependent enzyme,LBJ_RS10280,6227.927123,2.40726E-11,-0.786234653,0.113155294,7564.808911,8147.840931,7424.145973,8399.882308,4269.778942,5085.662714,4966.896026,3964.40118,49823.41699,TRUE,FALSE,NA,FALSE
uracil-DNA glycosylase,LBJ_RS14930,6215.128521,0.247577308,-0.159439833,0.12381357,6419.063217,6949.071422,6037.642521,6828.291425,4788.265493,5710.446421,6416.148108,6572.099559,49721.02817,FALSE,FALSE,NA,FALSE
magnesium transporter,LBJ_RS07555,6212.383496,7.32067E-16,1.142841278,0.136762776,3590.790628,4109.650214,3720.911256,4070.371122,7327.255694,10100.03109,9494.624753,7285.433207,49699.06796,TRUE,FALSE,NA,FALSE
metal (Ni/Fe) hydrogenase large subunit,LBJ_RS16200,6207.61119,0.106775307,-0.172407744,0.097470668,6803.603295,6951.988137,5674.168708,6883.469537,6069.011658,5794.773057,5660.091466,5823.783664,49660.88952,FALSE,FALSE,NA,FALSE
phosphoribosylaminoimidazolesuccinocarboxamide synthase,LBJ_RS03895,6200.928654,2.93072E-08,0.523309782,0.090264979,4947.836501,5094.041234,4829.009233,5482.339608,6704.696797,7544.167436,7739.677787,7265.660632,49607.42923,TRUE,FALSE,NA,FALSE
hypothetical protein,LBJ_RS00620,6198.111632,2.88159E-25,-1.104078412,0.103150895,8576.68741,9437.028578,7943.394278,7885.543473,4216.336386,4106.707139,3838.838849,3580.356945,49584.89306,TRUE,FALSE,NA,FALSE
bifunctional methylenetetrahydrofolate dehydrogenase/methenyltetrahydrofolate cyclohydrolase FolD,LBJ_RS09070,6177.945996,0.616881273,0.074180066,0.127133973,5874.407475,6676.358651,5340.524053,6185.860543,6237.777624,6324.497647,7428.81623,5355.325746,49423.56797,FALSE,FALSE,NA,FALSE
1%2C4-dihydroxy-6-naphthoate synthase,LBJ_RS16650,6172.101457,0.000123511,0.404983729,0.099871313,5247.069054,5410.504717,5121.776895,5466.574433,6432.796074,7263.589722,7930.844729,6503.656032,49376.81166,TRUE,FALSE,NA,FALSE
hypothetical protein,LBJ_RS01050,6150.608267,7.62749E-09,-0.763498565,0.126547237,6930.908372,7175.116768,9008.405694,7850.07183,3845.05126,4863.347039,4640.534446,4891.430729,49204.86614,TRUE,FALSE,NA,FALSE
polymer-forming cytoskeletal protein,LBJ_RS05020,6142.672313,0.303720915,0.139295678,0.120618201,6004.337399,6221.351246,5688.530895,5471.501051,7813.864229,6089.149674,6017.453091,5835.190918,49141.3785,FALSE,FALSE,NA,FALSE
insulinase family protein,LBJ_RS05270,6131.270953,7.60354E-06,-0.410948747,0.087297788,7125.147047,6601.982441,6900.478534,7365.292698,5175.489626,4928.50853,5707.452645,5245.816102,49050.16762,TRUE,FALSE,NA,FALSE
Fe-S cluster assembly ATPase SufC,LBJ_RS13485,6108.951767,2.11896E-05,-0.467868178,0.104486601,7383.694471,7290.326976,6068.576463,7621.476792,5110.796006,5445.967429,5165.812978,4784.963021,48871.61414,TRUE,FALSE,NA,FALSE
MBL fold metallo-hydrolase,LBJ_RS13660,6100.352805,5.29841E-09,-1.615969101,0.265074629,9215.837643,10482.67059,10910.8431,6187.83119,4817.330743,3057.990438,2122.641939,2007.676792,48802.82244,TRUE,TRUE,TRUE,TRUE
hypothetical protein,LBJ_RS09180,6097.843738,0.25028083,-0.494809977,0.386282887,7706.550646,7650.541172,8061.606126,5114.813966,8790.831655,5528.760853,3346.282586,2583.362902,48782.74991,FALSE,FALSE,NA,FALSE
phosphomethylpyrimidine synthase ThiC,LBJ_RS02235,6096.087686,1.15621E-31,-1.525291371,0.126679419,9113.468612,10132.6649,9437.061741,7511.120567,3530.959046,3023.493178,3240.365767,2779.56768,48768.70149,TRUE,FALSE,NA,FALSE
SGNH hydrolase,LBJ_RS10260,6092.426075,0.242118804,0.153990569,0.118273885,6281.258752,5005.081453,5913.906755,5868.586396,7132.237244,6879.520229,5738.45269,5920.365085,48739.4086,FALSE,FALSE,NA,FALSE
flagellar basal body P-ring formation protein FlgA,LBJ_RS09805,6090.238945,0.741675678,0.064796774,0.167564511,5615.86005,5479.047499,4915.182356,7802.776305,5215.80594,5688.214854,6858.759855,7146.264702,48721.91156,FALSE,FALSE,NA,FALSE
triose-phosphate isomerase,LBJ_RS06720,6083.655618,1.2957E-15,1.125946977,0.135871978,3708.908741,3645.892667,3455.763185,4481.250995,6687.8202,8927.890861,9122.624219,8639.094074,48669.24494,TRUE,FALSE,NA,FALSE
acetyl-CoA carboxylase biotin carboxylase subunit,LBJ_RS09390,6067.498053,2.51305E-05,0.831116826,0.187245341,3786.341726,4952.580598,3760.683466,4967.01545,5697.726532,9178.570949,9614.31937,6582.74633,48539.98442,TRUE,FALSE,NA,FALSE
hypothetical protein,LBJ_RS15080,6065.437719,6.43124E-40,-1.388549668,0.102374548,9768.367926,9192.024591,8169.874921,7983.090494,3475.641312,3110.886237,3349.727035,3473.889237,48523.50175,TRUE,FALSE,NA,FALSE
30S ribosome-binding factor RbfA,LBJ_RS05250,6053.075857,0.00346804,-0.394911535,0.126555454,6559.492529,7172.200054,6181.264393,7592.902412,4463.859803,4844.948501,5970.953024,5638.986141,48424.60686,TRUE,FALSE,NA,FALSE
hypothetical protein,LBJ_RS07970,6043.3761,0.750480382,0.047706994,0.127827377,5842.909311,6450.313306,5655.387386,5825.232165,7162.240083,6299.199657,6191.397785,4920.329107,48347.0088,FALSE,FALSE,NA,FALSE
TraB/GumN family protein,LBJ_RS17195,6043.028111,0.001752123,0.294546868,0.08840017,5093.515507,5795.510983,5320.637947,5504.016724,6665.318071,7075.771307,6735.620789,6153.83356,48344.22489,TRUE,FALSE,NA,FALSE
ABC transporter ATP-binding protein,LBJ_RS03775,6034.331497,0.120587312,0.197816103,0.116016268,5013.457675,6266.560315,5838.781468,5368.04209,5533.64851,6947.748143,6665.870689,6640.543086,48274.65198,FALSE,FALSE,NA,FALSE
HPr kinase/phosphorylase,LBJ_RS07955,6019.873271,0.340734054,-0.260009565,0.24201604,6506.99559,7019.072562,7057.357809,5659.697827,8490.803271,5990.257529,4076.505857,3358.295725,48158.98617,FALSE,FALSE,NA,FALSE
hypothetical protein,LBJ_RS02330,6005.234458,0.110987079,0.788373485,0.450827234,4525.236142,4116.941999,6394.487633,2579.57676,13325.01061,6379.693263,4500.173133,6220.75612,48041.87566,FALSE,FALSE,NA,FALSE
phosphoribosylformylglycinamidine synthase subunit PurQ,LBJ_RS03905,6001.544266,2.74527E-06,0.650362941,0.132090749,4330.997468,4843.203818,4054.555911,5455.735876,6282.781882,7398.512339,8320.06751,7326.499323,48012.35413,TRUE,FALSE,NA,FALSE
tRNA pseudouridine(55) synthase TruB,LBJ_RS05255,5998.008029,7.4463E-22,-0.906140936,0.091300453,7572.683452,8195.966714,7418.622055,8101.329306,4007.254106,3850.66081,4464.006414,4373.541375,47984.06423,TRUE,FALSE,NA,FALSE
hypothetical protein,LBJ_RS07165,5995.558369,0.000205177,0.351643484,0.089563677,5093.515507,5129.041803,5357.095807,5493.178166,6141.205988,7083.437365,7167.899188,6499.09313,47964.46695,TRUE,FALSE,NA,FALSE
tRNA uridine-5-carboxymethylaminomethyl(34) synthesis GTPase MnmE,LBJ_RS00825,5991.951331,3.73964E-26,-1.00798273,0.092481531,7437.503834,8871.186036,8047.243939,7660.88973,3923.808711,3891.290916,4229.783855,3873.903628,47935.61065,TRUE,FALSE,NA,FALSE
sulfatase-like hydrolase/transferase,LBJ_RS01375,5987.500316,0.001744995,0.287957292,0.086388904,5232.632396,5324.46165,5285.284871,5724.729174,6123.391802,7117.934625,6590.953915,6500.614097,47900.00253,TRUE,FALSE,NA,FALSE
nuclear transport factor 2 family protein,LBJ_RS06880,5979.953443,1.1727E-104,2.50787632,0.113909384,1699.5884,1951.281755,1940.000049,1564.693619,10119.39484,9507.444827,11364.09966,9693.12439,47839.62755,TRUE,TRUE,TRUE,TRUE
hypothetical protein,LBJ_RS04820,5973.738025,0.058953619,0.203129242,0.098899419,5323.189615,5458.6305,6154.749586,5279.36298,5888.057039,6670.236852,6130.258808,6885.418816,47789.9042,FALSE,FALSE,NA,FALSE
adenosine kinase,LBJ_RS12295,5973.196612,1.8569E-06,-0.533563013,0.106595759,6367.878702,8004.921939,6839.715434,7049.989198,4605.435696,5162.323292,5191.646348,4563.662283,47785.57289,TRUE,FALSE,NA,FALSE
phospho-sugar mutase,LBJ_RS10220,5967.788239,6.29746E-18,0.780441974,0.087447325,4475.36405,4392.571485,4086.594636,4612.299013,7826.052882,7733.519063,7700.066619,6915.838161,47742.30591,TRUE,FALSE,NA,FALSE
hypothetical protein,LBJ_RS04210,5957.689796,0.006331971,0.285480459,0.097741571,5728.728469,5445.505287,4749.464812,5557.22419,6840.647158,6562.912044,6756.287486,6020.748925,47661.51837,TRUE,FALSE,NA,FALSE
ribonuclease P protein component,LBJ_RS18180,5953.728892,0.362500347,-0.118424296,0.11489808,6234.011507,6270.935386,5608.986474,6678.522262,4798.578969,5711.213027,6196.564459,6131.019051,47629.83114,FALSE,FALSE,NA,FALSE
VacB/RNase II family 3'-5' exoribonuclease,LBJ_RS16455,5952.721564,2.03298E-26,-1.196704287,0.109225361,8483.505344,8690.34976,8231.742804,7750.554162,4209.773265,3328.602277,3292.89362,3634.351283,47621.77252,TRUE,FALSE,NA,FALSE
saccharopine dehydrogenase,LBJ_RS11735,5932.127114,0.497428425,0.143702665,0.183589001,5295.628722,5505.297927,4221.378239,7524.915095,4806.079678,6829.690853,6655.537341,6618.48906,47457.01692,FALSE,FALSE,NA,FALSE
MBL fold metallo-hydrolase,LBJ_RS10375,5931.48434,1.95259E-11,0.966237014,0.138421656,4054.076115,3985.689863,3551.879361,4473.368408,6098.076908,8013.330171,8794.540414,8480.913478,47451.87472,TRUE,FALSE,NA,FALSE
peptide chain release factor 1,LBJ_RS00525,5926.805854,5.70534E-18,-0.960722694,0.107483473,8096.340418,8228.05057,7572.186979,7424.412104,4700.132155,3875.958801,3819.894377,3697.471425,47414.44683,TRUE,FALSE,NA,FALSE
aerotolerance regulator BatD,LBJ_RS16885,5918.312448,1.76308E-11,0.654536071,0.0935472,4649.916373,4767.369251,4374.943163,4601.460455,7733.231601,7280.455049,7531.288599,6407.835094,47346.49958,TRUE,FALSE,NA,FALSE
helix-turn-helix domain-containing protein,LBJ_RS11195,5891.957966,0.06583184,-0.315259049,0.157365118,6726.17031,6953.446494,6685.045727,5768.083405,6738.44999,5555.592055,4234.950529,4473.925215,47135.66372,FALSE,FALSE,NA,FALSE
LCP family protein,LBJ_RS11920,5870.892992,0.023237742,0.258138031,0.105575576,5667.044566,5112.999876,4940.59238,5667.580415,5609.593195,6542.213688,7015.482302,6411.637512,46967.14393,TRUE,FALSE,NA,FALSE
Fe-S cluster assembly protein SufD,LBJ_RS13480,5865.059718,0.000406975,-0.399510382,0.106658167,6783.916943,6755.109933,5870.820194,7277.598912,5056.415861,5252.016168,5410.368885,4514.230847,46920.47774,TRUE,FALSE,NA,FALSE
DUF350 domain-containing protein,LBJ_RS08015,5862.046031,0.053190609,0.169531391,0.080702447,5602.735816,5549.048639,5180.330427,5740.494349,5972.440022,6593.576275,6171.592201,6086.150517,46896.36824,FALSE,FALSE,NA,FALSE
class II fumarate hydratase,LBJ_RS00850,5850.218228,0.31344056,0.141322229,0.124720112,5500.366784,5344.878649,4854.419257,6555.356832,5411.761979,6806.69268,6052.758697,6275.510942,46801.74582,FALSE,FALSE,NA,FALSE
hypothetical protein,LBJ_RS04500,5835.731074,7.76412E-05,0.644788856,0.154633966,5020.019793,4219.026994,3464.601454,5506.972694,7808.238697,7402.345368,7056.815695,6207.827898,46685.84859,TRUE,FALSE,NA,FALSE
hypothetical protein,LBJ_RS12665,5831.032651,2.30278E-18,1.10844135,0.122553496,3127.505141,3947.772579,3950.70625,3754.082298,6863.149287,7846.976717,8870.318301,8287.750635,46648.26121,TRUE,FALSE,NA,FALSE
ribose 5-phosphate isomerase B,LBJ_RS15170,5826.098682,4.93061E-09,-0.504252188,0.082550028,6734.044851,7112.407414,7025.319084,6465.692399,4574.495269,4887.111818,5123.618473,4686.100148,46608.78946,TRUE,FALSE,NA,FALSE
hypothetical protein,LBJ_RS04575,5820.140124,6.22331E-14,-0.939651505,0.120664664,7383.694471,8296.593352,8319.020711,6607.578974,3556.273941,3924.254965,3927.533421,4546.17116,46561.12099,TRUE,FALSE,NA,FALSE
SDR family oxidoreductase,LBJ_RS16775,5811.842699,0.308749787,-0.130762454,0.114342794,5887.53171,6470.730305,5876.344112,6065.651084,6250.903866,6053.885809,5040.090575,4849.604129,46494.74159,FALSE,FALSE,NA,FALSE
tetratricopeptide repeat protein,LBJ_RS15235,5788.84388,0.026165362,-0.340140405,0.141865297,6497.808626,6725.942791,6648.587867,5999.634413,6510.615936,5135.49209,4418.36746,4374.301859,46310.75104,TRUE,FALSE,NA,FALSE
carbon starvation protein A,LBJ_RS14380,5788.35765,1.35008E-21,1.318053532,0.133631599,3418.863153,3255.052973,2718.872506,3862.467876,7322.56775,8668.778109,9224.235476,7836.023357,46306.8612,TRUE,FALSE,NA,FALSE
TolC family protein,LBJ_RS11725,5780.907401,1.31062E-05,0.485741964,0.105931663,4586.920046,4741.118824,4463.325853,5474.457021,6304.346422,7331.051031,6972.426685,6373.613331,46247.25921,TRUE,FALSE,NA,FALSE
peptide deformylase,LBJ_RS10005,5780.692418,0.107803516,0.385251939,0.218460654,4949.148925,5244.252012,5484.145924,4375.821388,9877.496959,6684.802362,5257.090887,4372.780891,46245.53935,FALSE,FALSE,NA,FALSE
hypothetical protein,LBJ_RS12010,5775.406685,2.50659E-07,-0.550174769,0.101817927,7096.27373,6741.984719,7206.503599,6408.54364,5308.627222,4322.123362,4388.228527,4730.968683,46203.25348,TRUE,FALSE,NA,FALSE
iron-containing alcohol dehydrogenase,LBJ_RS11575,5768.83934,0.095434542,-0.369428289,0.202260317,6900.722632,5393.004432,5923.849808,7795.87904,3926.621477,3848.360993,5328.563212,7033.713124,46150.71472,FALSE,FALSE,NA,FALSE
LPS export ABC transporter ATP-binding protein,LBJ_RS07965,5715.435736,0.497376309,-0.09366299,0.119611527,5715.604234,6234.47646,5820.000147,5833.114752,6369.040042,5816.238018,5388.841076,4546.17116,45723.48589,FALSE,FALSE,NA,FALSE
hypothetical protein,LBJ_RS15215,5712.140444,0.706438245,0.051234174,0.116146205,5677.543954,5435.296787,5075.375982,6253.84786,5943.374772,5127.826032,5565.369108,6618.48906,45697.12356,FALSE,FALSE,NA,FALSE
,LBJ_RS10470,5705.634715,4.54717E-05,0.393688362,0.091601669,4666.977878,4932.163599,4758.303081,5369.027413,6164.645705,6878.753623,6737.343014,6137.863404,45645.07772,TRUE,FALSE,NA,FALSE
HEAT repeat domain-containing protein,LBJ_RS13870,5700.523175,0.287396386,0.142148275,0.119293066,5691.980612,5150.917159,4810.227912,6025.252823,6721.573393,5347.84189,5567.952445,6288.439164,45604.1854,FALSE,FALSE,NA,FALSE
Rpn family recombination-promoting nuclease/putative transposase,LBJ_RS04415,5698.233527,4.30436E-37,-1.303958249,0.099863438,7990.034117,7557.206319,9128.827109,7769.275308,3068.727816,3237.37619,3286.004721,3548.416633,45585.86821,TRUE,FALSE,NA,FALSE
NADP-dependent isocitrate dehydrogenase,LBJ_RS15400,5689.448148,9.20346E-12,-0.72288223,0.101929283,7860.104193,7067.198345,6275.171001,7140.638954,4598.872576,4003.981965,4221.172732,4348.445415,45515.58518,TRUE,FALSE,NA,FALSE
,LBJ_RS11850,5686.099645,0.042153868,0.212583602,0.096541639,5606.673086,5129.041803,4686.492145,5648.859269,6195.586132,5774.074701,6394.620299,6053.449721,45488.79716,TRUE,FALSE,NA,FALSE
glucose 1-dehydrogenase,LBJ_RS11985,5662.564911,8.2454E-25,-1.127775639,0.106402685,7127.771894,8868.269322,7434.089026,7650.051172,3199.990235,3639.844222,3735.505367,3644.998054,45300.51929,TRUE,FALSE,NA,FALSE
EVE domain-containing protein,LBJ_RS14315,5658.006835,2.13668E-21,-1.146266097,0.116776872,7958.535953,7975.754797,8007.471728,7235.230004,4237.900926,3175.281122,3317.865878,3356.014274,45264.05468,TRUE,FALSE,NA,FALSE
biopolymer transporter ExbD,LBJ_RS17245,5646.697392,0.117170846,0.175125151,0.101811434,5286.441758,5540.298496,4697.539982,5693.198824,6227.464148,6224.072291,6110.453224,5394.110411,45173.57913,FALSE,FALSE,NA,FALSE
hypothetical protein,LBJ_RS06795,5632.629845,2.33513E-18,-1.140708882,0.126149019,8328.639373,7501.788751,8576.435296,6594.76977,3524.395925,3133.88441,3352.310372,4048.814864,45061.03876,TRUE,FALSE,NA,FALSE
hypothetical protein,LBJ_RS02885,5627.458133,8.48395E-10,-1.190137665,0.186050318,7478.188962,8053.047722,9802.745122,5967.11874,4319.471143,3745.635819,2870.087457,2783.370098,45019.66506,TRUE,FALSE,NA,FALSE
AAA family ATPase,LBJ_RS10465,5625.742637,0.691395828,-0.07088149,0.15261783,5109.264589,6537.81473,6247.55141,5161.124168,6614.688281,5843.06922,5141.701832,4350.726866,45005.9411,FALSE,FALSE,NA,FALSE
PDZ domain-containing protein,LBJ_RS17505,5620.786482,8.87288E-16,0.670210003,0.080425814,4408.430453,4445.072339,4097.642472,4402.42512,7242.872711,7068.10525,6502.259343,6799.484165,44966.29185,TRUE,FALSE,NA,FALSE
hypothetical protein,LBJ_RS07345,5606.773708,0.237722881,0.193667799,0.14733069,5107.952165,5201.959657,4437.915829,6176.007309,4915.777556,5540.259939,6508.287129,6966.030081,44854.18967,FALSE,FALSE,NA,FALSE
ABC transporter ATP-binding protein,LBJ_RS14745,5598.667538,0.130307286,0.168474425,0.101267243,5193.259691,5406.129646,4872.095795,5617.328919,5372.383253,6309.165532,6425.620344,5593.357123,44789.3403,FALSE,FALSE,NA,FALSE
hypothetical protein,LBJ_RS15675,5592.083021,6.15214E-05,-0.339470138,0.080339001,6426.937758,6548.023229,6127.129995,5887.307541,5057.35345,4690.094134,5090.896204,4908.921853,44736.66416,TRUE,FALSE,NA,FALSE
single-stranded-DNA-specific exonuclease RecJ,LBJ_RS10880,5577.298511,0.003018186,0.336811168,0.10646064,4996.39617,5188.834443,4374.943163,5157.182874,6054.010239,6335.230128,6913.871045,5597.920025,44618.38809,TRUE,FALSE,NA,FALSE
DoxX family protein,LBJ_RS14685,5573.831701,4.60532E-16,-1.360916128,0.16173731,8597.686186,7665.124742,8619.521857,7211.582242,4178.832838,3032.692448,2549.753664,2735.459629,44590.65361,TRUE,FALSE,NA,FALSE
phosphatidylserine decarboxylase,LBJ_RS08960,5573.369987,2.56784E-16,1.188666141,0.140078644,3307.307157,3246.30283,3081.241536,3960.014897,6114.953504,8257.110807,8782.484841,7837.544325,44586.9599,TRUE,FALSE,NA,FALSE
FAD-dependent thymidylate synthase,LBJ_RS09865,5565.565338,0.076320332,-0.221237531,0.114310038,6466.310462,5783.844126,5570.319047,6144.476959,5804.611644,5271.947918,5126.20181,4356.810735,44524.5227,FALSE,FALSE,NA,FALSE
mannose-6-phosphate isomerase,LBJ_RS03635,5556.112136,0.428876498,-0.120266172,0.133122066,5403.247447,6543.648158,5214.578719,5989.781179,4754.5123,6035.48727,5915.841833,4591.800178,44448.89708,FALSE,FALSE,NA,FALSE
,LBJ_RS00335,5549.657009,6.56699E-09,-0.637926703,0.105278592,6348.192349,6848.444785,7546.776956,6285.37821,4251.027168,4367.353103,3962.839027,4787.244471,44397.25607,TRUE,FALSE,NA,FALSE
isoprenyl transferase,LBJ_RS05050,5547.228433,0.016816382,-0.290515068,0.112939444,5745.789974,6615.107654,5781.33272,6273.554329,4763.888187,5266.581677,5606.7025,4324.870422,44377.82746,TRUE,FALSE,NA,FALSE
GDP-L-fucose synthase,LBJ_RS06160,5543.621246,0.035124132,0.28156974,0.123581591,4769.346909,5105.70809,5586.890801,4556.135577,5206.430053,6466.319716,6936.259966,5721.878857,44348.96997,TRUE,FALSE,NA,FALSE
ATP-dependent 6-phosphofructokinase,LBJ_RS17120,5532.652522,3.27216E-05,-0.532078196,0.121560757,6038.460409,7055.531488,7123.644827,5948.397594,4747.01159,4847.248318,4726.64568,3774.280272,44261.22018,TRUE,FALSE,NA,FALSE
glycine cleavage system protein GcvH,LBJ_RS15035,5532.203083,0.600116807,0.09188198,0.150284384,5937.403802,5363.837291,4178.291677,5944.456301,6563.120903,5799.372691,5798.730554,4672.411443,44257.62466,FALSE,FALSE,NA,FALSE
6-carboxytetrahydropterin synthase QueD,LBJ_RS14960,5531.358579,0.52706118,0.102955758,0.140755358,6096.207042,4710.493325,4390.410133,6138.565018,5354.569068,5272.714524,6000.230844,6287.67868,44250.86863,FALSE,FALSE,NA,FALSE
Rrf2 family transcriptional regulator,LBJ_RS09450,5530.488349,4.25291E-10,-1.344476106,0.206615736,8455.944451,8763.267613,9015.034396,5508.943341,4254.777523,3230.476738,2642.753797,2372.708936,44243.90679,TRUE,FALSE,NA,FALSE
YbbR-like domain-containing protein,LBJ_RS05005,5519.304304,4.19939E-05,-0.35883198,0.083118106,6020.086481,6772.610217,6139.282615,5878.43963,4954.218693,4676.29523,4885.951465,4827.550104,44154.43444,TRUE,FALSE,NA,FALSE
SET domain-containing protein,LBJ_RS03345,5512.687004,7.05579E-29,1.258817935,0.109675842,3236.43629,3607.975383,3137.585501,3019.031014,6715.947861,7820.912121,8377.762038,8185.845829,44101.49604,TRUE,FALSE,NA,FALSE
type II secretion system protein F,LBJ_RS07825,5495.818743,2.55052E-05,0.511408769,0.11531762,4363.808055,4849.037247,4476.583256,4437.896764,7413.513854,6641.105833,6359.314693,5425.29024,43966.54994,TRUE,FALSE,NA,FALSE
hypothetical protein,LBJ_RS15125,5484.170161,9.27861E-10,-0.527308376,0.08261523,6659.236713,6868.861784,6349.191504,6027.22347,4356.037102,4565.903999,4381.339629,4665.56709,43873.36129,TRUE,FALSE,NA,FALSE
hypothetical protein,LBJ_RS09520,5480.761649,3.89585E-05,-0.806234147,0.185954699,6447.936534,8242.634141,7600.911353,5602.549068,5195.178989,4068.37685,3800.949906,2887.556356,43846.0932,TRUE,FALSE,NA,FALSE
,LBJ_RS09225,5475.678255,0.150599826,-0.21732606,0.137095708,5790.412372,6263.643601,5333.895351,6162.21278,3996.003041,5099.461618,6069.119832,5090.677441,43805.42604,FALSE,FALSE,NA,FALSE
translation initiation factor IF-1,LBJ_RS14560,5471.395176,0.892570144,-0.015721112,0.100157469,5727.416046,5503.839569,4805.808777,5967.11874,5727.729371,5416.069804,5524.896827,5098.282277,43771.16141,FALSE,FALSE,NA,FALSE
class 1 fructose-bisphosphatase,LBJ_RS07575,5468.075961,2.85227E-14,1.006622643,0.12758336,3551.417924,3682.351593,3427.038811,3876.262405,5797.110935,7354.049204,8364.845352,7691.531467,43744.60769,TRUE,FALSE,NA,FALSE
formate hydrogenase,LBJ_RS16195,5461.037406,0.05926252,-0.229351349,0.111821786,6276.009058,5938.429975,5315.114029,6046.929938,5805.549233,4618.033191,4624.173311,5064.060514,43688.29925,FALSE,FALSE,NA,FALSE
histidinol-phosphate transaminase,LBJ_RS12225,5459.629637,0.000319098,0.545277108,0.14306153,4393.993795,4363.404343,3803.770028,5197.581135,6546.244306,6835.057094,7370.26059,5166.725804,43677.0371,TRUE,FALSE,NA,FALSE
ImmA/IrrE family metallo-endopeptidase,LBJ_RS13125,5451.34029,7.81707E-29,-1.495786081,0.130434179,8038.593785,7971.379726,9480.148303,6705.125995,2791.201561,2542.831357,2888.170817,3193.270776,43610.72232,TRUE,FALSE,NA,FALSE
MotA/TolQ/ExbB proton channel family protein,LBJ_RS17250,5450.20854,0.01440163,0.333159422,0.126720407,5018.707369,4325.48706,4274.407853,5674.477679,5670.53646,6549.11314,6542.731623,5546.207137,43601.66832,TRUE,FALSE,NA,FALSE
hypothetical protein,LBJ_RS08500,5442.043041,0.378477968,0.114931255,0.115216059,5205.071503,5406.129646,5322.847515,4968.986097,4631.68818,5980.291654,6289.564593,5731.765144,43536.34433,FALSE,FALSE,NA,FALSE
GTP cyclohydrolase I FolE,LBJ_RS16150,5441.405747,1.66458E-23,-0.854586885,0.082884128,6869.224469,7350.119616,6881.697212,6928.794415,3996.94063,3920.421936,4032.589128,3551.458567,43531.24597,TRUE,FALSE,NA,FALSE
PASTA domain-containing protein,LBJ_RS02375,5436.610943,0.151883968,-0.196228977,0.12416243,5794.349643,5923.846405,5695.159597,5810.452313,4256.6527,4541.372614,5823.702812,5647.351461,43492.88754,FALSE,FALSE,NA,FALSE
MoxR family ATPase,LBJ_RS07480,5427.331152,0.542569023,0.084922712,0.120094225,5016.082522,5519.881497,5278.65617,5255.715218,6041.821586,6249.370281,5529.202389,4527.919553,43418.64922,FALSE,FALSE,NA,FALSE
23S rRNA (adenine(2503)-C(2))-methyltransferase RlmN,LBJ_RS04425,5424.825201,0.641841021,-0.049089213,0.090187904,5328.439309,5741.551771,5759.237047,5239.950043,5148.299554,5528.760853,5716.063769,4936.299264,43398.60161,FALSE,FALSE,NA,FALSE
Gfo/Idh/MocA family oxidoreductase,LBJ_RS06205,5416.02879,2.22671E-10,0.567473298,0.085832572,4320.49808,4111.108571,4749.464812,4275.318397,6129.017335,6586.676823,6434.231467,6721.914835,43328.23032,TRUE,FALSE,NA,FALSE
FecR domain-containing protein,LBJ_RS09215,5395.888576,0.135458955,0.184382119,0.112230835,5383.561095,4862.16246,4325.227899,5634.079418,6144.956343,5533.360487,5893.452912,5390.307993,43167.10861,FALSE,FALSE,NA,FALSE
hypothetical protein,LBJ_RS13320,5392.574035,0.285231823,0.294385054,0.245913979,4715.537546,5152.375516,5638.815632,3870.350464,8814.271373,6895.61895,4484.67311,3568.949691,43140.59228,FALSE,FALSE,NA,FALSE
,LBJ_RS06715,5391.449999,0.641670118,0.062988423,0.115562812,5722.166352,5257.377225,4703.0639,5413.366968,4959.844225,6133.612809,5931.341856,5010.82666,43131.59999,FALSE,FALSE,NA,FALSE
tetracycline resistance MFS efflux pump,LBJ_RS04905,5385.591044,0.269474604,0.126063553,0.102169783,5817.973265,4970.080883,4574.908999,5238.964719,5973.37761,5465.899179,5581.730242,5461.793454,43084.72835,FALSE,FALSE,NA,FALSE
aldehyde dehydrogenase family protein,LBJ_RS02595,5382.947891,0.000143429,-0.401434169,0.099937642,6188.076685,6524.689516,5857.56279,5939.529684,4672.004494,4289.925919,4352.061809,5239.732233,43063.58313,TRUE,FALSE,NA,FALSE
HDOD domain-containing protein,LBJ_RS06785,5374.971416,5.0495E-23,0.898555355,0.088094979,3719.408129,3523.390673,3893.257501,3874.291758,7045.041495,7429.943176,7111.926885,6402.511709,42999.77133,TRUE,FALSE,NA,FALSE
paraslipin,LBJ_RS10590,5374.3049,0.014058702,0.243421903,0.092260647,4748.348133,4905.913172,4595.899888,5437.01473,5501.770494,6148.944925,5725.536004,5931.011856,42994.4392,TRUE,FALSE,NA,FALSE
AMP-binding protein,LBJ_RS07430,5372.783384,0.887337895,-0.019761749,0.118782603,5856.033546,5481.964213,4590.37597,5709.949323,5642.408799,5534.893699,5574.841344,4591.800178,42982.26707,FALSE,FALSE,NA,FALSE
mucoidy inhibitor MuiA family protein,LBJ_RS15565,5370.627702,0.03288027,-0.381452318,0.165406026,5856.033546,6896.570568,6623.177844,4930.558483,6048.384706,4587.36896,3942.172331,4080.755176,42965.02161,TRUE,FALSE,NA,FALSE
peroxiredoxin,LBJ_RS04780,5364.338613,2.52274E-05,-0.76101967,0.17149149,6010.899516,8098.256791,7484.909073,5395.631146,4220.086741,4650.230634,4038.616914,3016.07809,42914.7089,TRUE,FALSE,NA,FALSE
formate hydrogenase,LBJ_RS16180,5345.75424,0.000136748,-0.386548517,0.095940165,6455.811074,5934.054904,5340.524053,6500.17872,4717.946341,4622.632826,4450.228617,4744.657388,42766.03392,TRUE,FALSE,NA,FALSE
lipoprotein,LBJ_RS05475,5336.182567,0.000716306,-0.40909299,0.11394885,5940.028649,6549.481586,5975.774638,5885.336894,5447.390349,4488.476815,4220.311619,4182.659983,42689.46053,TRUE,FALSE,NA,FALSE
Gfo/Idh/MocA family oxidoreductase,LBJ_RS12485,5335.285664,0.848082929,0.026737872,0.117537189,4928.150149,6100.30761,4963.792836,5152.256257,5640.533622,5623.053363,5668.70259,4605.488883,42682.28531,FALSE,FALSE,NA,FALSE
hypothetical protein,LBJ_RS08300,5335.162195,0.490971449,-0.089042024,0.112069324,5236.569666,6445.938234,5023.451152,5295.128155,5142.674022,5473.565237,5353.53547,4710.435625,42681.29756,FALSE,FALSE,NA,FALSE
NADH-quinone oxidoreductase subunit NuoF,LBJ_RS02815,5331.833959,0.010632317,0.279174422,0.101854166,4631.542444,5050.290522,4395.934052,5192.654518,5479.268365,5442.1344,6254.258986,6208.588382,42654.67167,TRUE,FALSE,NA,FALSE
ornithine carbamoyltransferase,LBJ_RS11075,5323.342221,0.001205625,0.335973545,0.097593418,4706.350582,4859.245746,4425.76321,4833.996786,5750.2315,6089.149674,6584.926128,5337.074138,42586.73776,TRUE,FALSE,NA,FALSE
aspartate 1-decarboxylase,LBJ_RS06805,5322.273113,0.589335073,-0.076637762,0.12169998,5147.32487,5951.555189,5837.676685,4918.734602,5263.622964,5821.604259,5271.729797,4365.936539,42578.1849,FALSE,FALSE,NA,FALSE
hypothetical protein,LBJ_RS08705,5312.153207,0.798495191,-0.03263761,0.107912957,5479.368009,5263.210653,5710.626568,5035.002768,6041.821586,5304.14536,4948.812666,4714.238043,42497.22565,FALSE,FALSE,NA,FALSE
VOC family protein,LBJ_RS00365,5308.882162,0.159435214,0.25953963,0.167134038,4261.439024,5251.543797,4726.264356,5092.151527,3969.750558,6339.829763,6006.25863,6823.819641,42471.0573,FALSE,FALSE,NA,FALSE
aminotransferase class III-fold pyridoxal phosphate-dependent enzyme,LBJ_RS16675,5307.908995,1.24807E-05,-0.684440364,0.148895515,7206.517302,7210.117337,5227.836123,6531.70907,4052.258363,4243.162967,4709.423433,3282.247361,42463.27196,TRUE,FALSE,NA,FALSE
LL-diaminopimelate aminotransferase,LBJ_RS04085,5296.263322,1.09659E-07,0.645118686,0.116090279,4093.448819,4239.443993,3842.437455,4350.202978,6631.564878,7012.143028,6901.815472,5299.049957,42370.10658,TRUE,FALSE,NA,FALSE
ribosome biogenesis GTPase Der,LBJ_RS05745,5293.923629,0.091709439,0.302212017,0.163731092,4492.425556,5038.623665,4389.30535,5044.856002,7552.276982,6212.573204,5229.535292,4391.792982,42351.38903,FALSE,FALSE,NA,FALSE
hypothetical protein,LBJ_RS01440,5279.757206,4.36273E-06,-1.298052526,0.269015927,7112.022812,8729.725401,8857.050337,5327.643829,4854.834291,3306.37071,2187.225365,1863.184902,42238.05765,TRUE,FALSE,NA,FALSE
undecaprenyl-diphosphate phosphatase,LBJ_RS09130,5278.636055,0.002633279,0.356141595,0.111043956,4605.293974,4347.362416,4397.038835,5170.977402,5185.803102,6042.386722,5869.341767,6610.884224,42229.08844,TRUE,FALSE,NA,FALSE
30S ribosomal protein S17,LBJ_RS14620,5276.811837,0.769409353,0.042810927,0.12401641,5565.987958,4809.661606,4777.084403,5639.991358,6176.834358,4657.896692,4948.812666,5638.225657,42214.4947,FALSE,FALSE,NA,FALSE
tetratricopeptide repeat protein,LBJ_RS15210,5276.723472,0.221432266,-0.147960264,0.108959377,5520.053137,5435.296787,5041.12769,6190.78716,5303.00169,4618.799797,4628.478873,5476.242643,42213.78778,FALSE,FALSE,NA,FALSE
outer membrane lipoprotein-sorting protein,LBJ_RS08395,5272.553817,0.324807549,-0.181138314,0.163667329,5283.816911,6782.818717,5614.510392,4732.508472,5069.542103,5658.317229,5380.229953,3658.68676,42180.43054,FALSE,FALSE,NA,FALSE
patatin-like phospholipase family protein,LBJ_RS17710,5257.243119,4.74399E-05,0.441622308,0.103012048,4388.744101,4729.451967,4345.114005,4373.850741,5286.125093,5866.067394,6374.814715,6693.77694,42057.94496,TRUE,FALSE,NA,FALSE
hypothetical protein,LBJ_RS00750,5256.135501,0.44199822,0.104268681,0.118557805,5356.000202,5155.292231,5160.444321,4593.577867,6512.491113,5273.481129,4969.479363,5028.317783,42049.08401,FALSE,FALSE,NA,FALSE
histidinol dehydrogenase,LBJ_RS09150,5253.463434,4.40865E-05,0.488233655,0.113406014,4134.133947,4617.158473,4115.31901,4625.108217,5796.173346,6698.601266,6733.037452,5308.17576,42027.70747,TRUE,FALSE,NA,FALSE
1-acyl-sn-glycerol-3-phosphate acyltransferase,LBJ_RS09395,5232.21058,1.40833E-13,1.040748028,0.135528928,3044.822462,3485.473389,3286.73129,3873.306434,5728.66696,8112.988922,7539.899723,6785.79546,41857.68464,TRUE,FALSE,NA,FALSE
hypothetical protein,LBJ_RS02870,5230.687932,0.000118721,-0.762399438,0.187554584,6392.814748,7773.043165,7333.553716,4827.099522,4725.44705,4446.313498,3255.865789,3091.365969,41845.50346,TRUE,FALSE,NA,FALSE
2%2C3-bisphosphoglycerate-independent phosphoglycerate mutase,LBJ_RS15795,5224.851486,4.07708E-17,0.784683369,0.090122956,3959.581625,4052.774288,3471.230156,3870.350464,6594.06133,7015.976057,6580.620566,6254.2174,41798.81189,TRUE,FALSE,NA,FALSE
M23 family metallopeptidase,LBJ_RS15305,5219.720614,0.001734842,-0.322663987,0.096749329,6339.005385,5607.382921,5474.202871,5783.84858,4652.315131,4233.197092,4612.117738,5055.695194,41757.76491,TRUE,FALSE,NA,FALSE
50S ribosomal protein L34,LBJ_RS00805,5215.212578,0.068994843,-0.265038133,0.133749343,6072.58342,5916.554619,4700.854333,6082.401582,4109.451274,4431.747988,5532.646838,4875.460573,41721.70063,FALSE,FALSE,NA,FALSE
cyclic nucleotide-binding domain-containing protein,LBJ_RS03705,5210.196944,0.032198741,0.296494017,0.128099416,4693.226347,4773.202679,4138.519467,5102.004761,4818.268331,5623.053363,6785.565305,5747.7353,41681.57555,TRUE,FALSE,NA,FALSE
arginine--tRNA ligase,LBJ_RS06645,5206.260198,3.23569E-09,0.626809031,0.101432255,3937.270426,4293.403204,3636.9477,4502.928111,6369.040042,6457.887052,6596.120589,5856.48446,41650.08158,TRUE,FALSE,NA,FALSE
glucose-6-phosphate isomerase,LBJ_RS03365,5200.100472,1.9899E-29,1.483985684,0.128020646,2467.356133,2700.877287,2726.605991,3059.429275,6154.33223,8108.389287,8225.345152,8158.468418,41600.80377,TRUE,FALSE,NA,FALSE
YjgP/YjgQ family permease,LBJ_RS04825,5197.626249,2.90213E-08,-0.507529817,0.087512008,5873.095051,6320.519527,6122.710861,6095.210787,3883.492397,4575.869874,4440.756381,4269.355117,41581.00999,TRUE,FALSE,NA,FALSE
hypothetical protein,LBJ_RS11120,5195.949519,0.00073775,0.527128272,0.147181525,3983.205247,4245.277421,3897.676636,4901.984103,4961.719403,5576.290411,6554.787196,7446.655737,41567.59615,TRUE,FALSE,NA,FALSE
hypothetical protein,LBJ_RS09160,5194.890497,2.14039E-06,-0.817004549,0.164211937,6429.562605,7382.203471,7522.471716,5176.889343,4610.12364,3987.116638,3315.282541,3135.47402,41559.12397,TRUE,FALSE,NA,FALSE
MaoC family dehydratase,LBJ_RS01365,5190.741123,3.20411E-08,0.713764732,0.123457446,4142.008488,3857.354441,3335.34177,4393.55721,7021.601777,6828.157642,6357.592468,5590.315188,41525.92898,TRUE,FALSE,NA,FALSE
cytochrome-c oxidase%2C cbb3-type subunit I,LBJ_RS08105,5182.373166,3.60533E-45,1.849441478,0.128027825,2190.43478,2289.620595,1965.410072,2559.870292,6711.259918,8451.828674,8455.262149,8835.298851,41458.98533,TRUE,TRUE,TRUE,TRUE
tryptophan--tRNA ligase,LBJ_RS13420,5180.042847,0.000741332,0.387922733,0.108361417,4477.988897,4201.526709,4191.549081,5078.356999,5358.319423,6088.383069,6433.370355,5610.848246,41440.34278,TRUE,FALSE,NA,FALSE
,LBJ_RS00700,5178.437097,0.000825952,-0.637721728,0.179642958,6282.571176,6088.640753,6344.77237,6503.13469,3554.398763,3092.487698,3767.366524,5794.124802,41427.49678,TRUE,FALSE,NA,FALSE
hypothetical protein,LBJ_RS00945,5168.527447,0.000154131,-1.060102281,0.265111546,6874.474163,7583.456746,9114.464922,4372.865417,5197.054166,3397.596797,2301.753307,2506.554055,41348.21957,TRUE,FALSE,NA,FALSE
tRNA (N(6)-L-threonylcarbamoyladenosine(37)-C(2))-methylthiotransferase MtaB,LBJ_RS15230,5165.84304,0.004718727,-0.351325217,0.116297341,5593.548851,5826.136481,6196.731364,5549.341602,5460.516591,4210.198919,4225.478294,4264.792215,41326.74432,TRUE,FALSE,NA,FALSE
NADPH-dependent assimilatory sulfite reductase hemoprotein subunit,LBJ_RS15600,5157.729967,0.17839774,-0.160168505,0.107684385,5289.066605,5846.55348,5683.006977,4957.162216,5032.038555,4199.466438,5129.646259,5124.899205,41261.83974,FALSE,FALSE,NA,FALSE
UDP-N-acetylmuramoyl-L-alanyl-D-glutamate--2%2C6-diaminopimelate ligase,LBJ_RS02670,5152.054108,0.1570178,-0.163913601,0.104957751,5464.931351,5557.798781,4941.697163,5813.408283,4465.73498,4516.841229,5415.535559,5040.485521,41216.43287,FALSE,FALSE,NA,FALSE
cell division protein FtsA,LBJ_RS01750,5147.888958,0.004373819,0.480816512,0.157847292,4239.127825,4624.450258,3781.674355,4547.267666,4477.923633,5516.49516,7062.843482,6933.329285,41183.11166,TRUE,FALSE,NA,FALSE
alpha/beta fold hydrolase,LBJ_RS14920,5141.31402,6.58156E-14,0.859109407,0.110431543,4051.451268,3430.055821,3208.291653,3926.5139,7015.976245,6519.215514,6089.786528,6889.221234,41130.51216,TRUE,FALSE,NA,FALSE
tetratricopeptide repeat protein,LBJ_RS16465,5140.330023,0.796483019,0.032691911,0.106989736,5304.815687,4612.783402,4780.398754,5629.152801,5185.803102,5236.684052,4705.117872,5667.884519,41122.64019,FALSE,FALSE,NA,FALSE
NADH-quinone oxidoreductase subunit I,LBJ_RS00765,5137.934196,2.34476E-13,-0.76232795,0.100186108,6398.064441,6620.941082,6069.681246,6771.142665,3298.437048,3909.689455,4036.894689,3998.622944,41103.47357,TRUE,FALSE,NA,FALSE
STAS domain-containing protein,LBJ_RS01875,5134.503974,0.022364709,-0.255037256,0.103646555,5571.237652,5725.509844,5942.631129,5110.872672,4235.08816,4473.911306,4774.00686,5242.774168,41076.03179,TRUE,FALSE,NA,FALSE
sulfate adenylyltransferase subunit CysD,LBJ_RS15620,5130.371498,0.000393539,-0.620875041,0.16533478,5345.500814,7517.830678,7176.674441,4831.040816,4050.383186,3594.614481,4734.395691,3792.531879,41042.97199,TRUE,FALSE,NA,FALSE
chloride channel protein,LBJ_RS15575,5126.181351,3.70449E-06,-0.856349873,0.176197785,6282.571176,7619.915673,7607.540055,4907.896044,4486.361932,3846.061175,3269.643587,2989.461162,41009.4508,TRUE,FALSE,NA,FALSE
polymer-forming cytoskeletal protein,LBJ_RS10875,5122.784326,0.519755549,-0.082651361,0.111109273,5161.761528,5871.34555,5035.603772,5010.369682,5033.913733,5054.998483,5520.591266,4293.690593,40982.27461,FALSE,FALSE,NA,FALSE
hypothetical protein,LBJ_RS04270,5115.520428,0.848203617,-0.027773473,0.122337491,4539.672801,5444.04693,5850.934088,4825.128875,4342.91086,5426.035679,5336.313223,5159.120968,40924.16342,FALSE,FALSE,NA,FALSE
protein-glutamate O-methyltransferase CheR,LBJ_RS02690,5104.967017,0.010987866,-0.331848815,0.121653409,6252.385436,5362.378934,5607.88169,5534.561751,5363.007366,4611.133739,4133.339272,3975.047951,40839.73614,TRUE,FALSE,NA,FALSE
BamA/TamA family outer membrane protein,LBJ_RS09375,5102.917542,2.31007E-27,1.348773745,0.120825611,2647.158149,2823.379281,2818.303032,3219.051672,6267.780462,8313.073029,7752.594473,6982.000237,40823.34034,TRUE,FALSE,NA,FALSE
hypothetical protein,LBJ_RS01810,5101.884859,0.152979973,0.167831801,0.106474097,4429.429229,4574.866118,5237.779175,4978.839332,5038.601676,5799.372691,4925.562633,5830.628016,40815.07887,FALSE,FALSE,NA,FALSE
hypothetical protein,LBJ_RS01800,5099.423749,0.024252181,-0.233397352,0.096122814,5640.796096,5971.972188,5091.947737,5340.453033,4969.220112,4665.562749,4850.645859,4264.792215,40795.38999,TRUE,FALSE,NA,FALSE
cell division protein ZapA,LBJ_RS05130,5097.053128,0.086054363,-0.188822121,0.100533361,5925.59199,5401.754575,4858.838391,5534.561751,4993.597418,4312.924093,4813.618028,4935.53878,40776.42503,FALSE,FALSE,NA,FALSE
hypothetical protein,LBJ_RS08370,5090.285266,0.209341278,-0.155476736,0.111555785,4921.588032,5500.922855,5236.674392,5797.643108,4399.166182,5347.075284,5182.174113,4337.038161,40722.28213,FALSE,FALSE,NA,FALSE
hypothetical protein,LBJ_RS02435,5086.865151,9.48214E-27,-1.095448987,0.099320608,7152.70794,6881.986997,7554.510441,6132.653077,3253.43279,3002.794822,3360.060383,3356.774757,40694.92121,TRUE,FALSE,NA,FALSE
hypothetical protein,LBJ_RS03715,5083.368143,0.321480097,-0.290107278,0.259892718,6223.512119,6059.473612,6097.300837,3990.559923,7627.284078,4183.367717,3358.338159,3127.1087,40666.94514,FALSE,FALSE,NA,FALSE
PAS domain-containing hybrid sensor histidine kinase/response regulator,LBJ_RS09240,5080.519493,1.91288E-08,0.49744561,0.084672613,4316.56081,4067.357859,3921.981876,4545.297019,5955.563425,5844.602432,6169.008864,5823.783664,40644.15595,TRUE,FALSE,NA,FALSE
MBL fold metallo-hydrolase,LBJ_RS11695,5060.152442,0.000387442,0.387718801,0.10313506,4290.31234,4399.86327,4067.813314,4777.83335,5801.798878,5830.803528,6252.536762,5060.258096,40481.21954,TRUE,FALSE,NA,FALSE
FtsX-like permease family protein,LBJ_RS14020,5057.83434,2.8606E-16,0.665826168,0.07859178,3754.843562,4020.690433,3834.703969,4033.914155,5833.676894,6240.937618,6440.259254,6303.648836,40462.67472,TRUE,FALSE,NA,FALSE
inositol monophosphatase,LBJ_RS16425,5053.072807,1.22006E-13,-0.870679003,0.113097429,6871.849316,6870.320141,5697.369164,6694.287437,3223.429952,3371.5322,4025.700229,3670.094014,40424.58245,TRUE,FALSE,NA,FALSE
hypothetical protein,LBJ_RS09345,5052.729537,0.589585383,0.101710687,0.161735526,4702.413312,5343.420292,5156.025187,4296.995513,6686.882611,5515.728554,4704.256759,4016.114067,40421.8363,FALSE,FALSE,NA,FALSE
pirin family protein,LBJ_RS04890,5050.64859,3.13979E-08,-0.740152334,0.127936967,6211.700308,7242.201193,6267.437516,5553.282896,4366.350578,3810.030704,3725.172019,3229.013507,40405.18872,TRUE,FALSE,NA,FALSE
hypothetical protein,LBJ_RS05440,5040.26516,0.460446325,-0.116511991,0.137426727,5535.802218,5953.013546,4569.385081,4917.749278,5600.217308,4102.87411,4433.00637,5210.073372,40322.12128,FALSE,FALSE,NA,FALSE
polysaccharide biosynthesis protein,LBJ_RS17535,5040.082959,1.68893E-13,0.90790241,0.118604343,3605.227286,3342.554397,3115.489828,3954.102956,5638.658444,6687.102179,7105.037987,6872.490594,40320.66367,TRUE,FALSE,NA,FALSE
response regulator,LBJ_RS03890,5037.13219,5.76152E-17,0.875487203,0.101037233,3563.229735,3519.015602,3104.441992,4028.002214,6615.62587,6487.018072,6479.870422,6499.853614,40297.05752,TRUE,FALSE,NA,FALSE
DNA ligase (NAD(+)) LigA,LBJ_RS00970,5030.912384,2.50953E-07,-0.51482773,0.095284279,5757.601786,5928.221476,6169.111773,5822.276194,3945.373251,3883.624858,4042.061363,4699.02837,40247.29907,TRUE,FALSE,NA,FALSE
proline--tRNA ligase,LBJ_RS05070,5029.04727,1.11364E-05,0.650495698,0.140699162,4094.761243,4089.233215,3370.694846,4101.901472,6627.814523,6677.136304,6570.287218,4700.549337,40232.37816,TRUE,FALSE,NA,FALSE
NAD(P) transhydrogenase subunit alpha,LBJ_RS14970,5027.408047,0.058195565,0.283252612,0.137529034,5084.328543,3848.604299,3829.180051,5377.895324,5901.18328,5378.506121,5518.007929,5281.558833,40219.26438,FALSE,FALSE,NA,FALSE
hypothetical protein,LBJ_RS08070,5023.638586,0.028299793,-0.320846158,0.135553604,5223.445431,6400.729165,6151.435235,4546.282342,4213.52362,4381.152007,4184.144901,5088.39599,40189.10869,TRUE,FALSE,NA,FALSE
sigma-54-dependent Fis family transcriptional regulator,LBJ_RS07940,5022.047652,0.016594331,0.331700706,0.128704123,4366.432902,4592.366403,4181.606028,4647.770656,6758.139353,5670.582921,5350.952133,4608.530818,40176.38121,TRUE,FALSE,NA,FALSE
ferredoxin,LBJ_RS17550,5019.433334,0.001215548,0.386122938,0.112248873,3911.021956,4532.573763,4516.355467,4446.764675,4976.720822,5764.875431,6493.648219,5513.506341,40155.46667,TRUE,FALSE,NA,FALSE
ferredoxin,LBJ_RS15420,5013.100753,1.42395E-17,-1.050016234,0.118897316,6972.905924,7624.290744,6687.255294,5761.186141,3104.356187,2966.764351,3390.199316,3597.848069,40104.80603,TRUE,FALSE,NA,FALSE
Spy/CpxP family protein refolding chaperone,LBJ_RS03580,5005.125429,0.234819838,-0.597906738,0.452344529,5937.403802,6809.069144,7630.740511,3733.390506,7457.580523,3822.296396,2142.447523,2508.075023,40041.00343,FALSE,FALSE,NA,FALSE
amidohydrolase family protein,LBJ_RS15670,5000.942872,0.00952456,-0.31077477,0.111745955,5585.67431,5859.678694,5364.829292,5341.438357,3989.43992,4030.046562,4727.506793,5108.929048,40007.54298,TRUE,FALSE,NA,FALSE
hypothetical protein,LBJ_RS02160,4998.16098,1.20559E-25,-1.768403751,0.163945517,7955.911107,8592.639837,7914.669903,6447.956577,2934.652632,2355.779548,1909.086076,1874.592156,39985.28784,TRUE,TRUE,TRUE,TRUE
NeuB family protein,LBJ_RS06175,4993.213951,6.32308E-08,0.561871417,0.099309587,3900.522568,3880.688154,4482.107175,3868.379817,5334.879705,6096.815732,6105.28655,6277.031909,39945.71161,TRUE,FALSE,NA,FALSE
YqgE/AlgH family protein,LBJ_RS02410,4957.764611,0.31211856,-0.291844551,0.256876698,5340.25112,5499.464498,7368.906792,3621.063634,6955.970568,4235.496909,3446.171618,3194.791743,39662.11688,FALSE,FALSE,NA,FALSE
NmrA/HSCARG family protein,LBJ_RS12820,4956.754072,2.97492E-09,1.061926054,0.171457731,2658.969961,3545.266029,3053.621945,3584.606667,4959.844225,7475.172916,8215.872916,6160.677913,39654.03257,TRUE,FALSE,NA,FALSE
rhodanese-related sulfurtransferase,LBJ_RS13445,4936.230217,0.000822186,-0.339804074,0.095679981,5464.931351,5654.050347,5206.845234,5733.597085,4144.142056,4073.743091,4900.590375,4311.942201,39489.84174,TRUE,FALSE,NA,FALSE
HDOD domain-containing protein,LBJ_RS03785,4923.137089,0.085910578,0.242318517,0.12895313,4386.119254,4258.402635,4610.262075,4787.686585,4348.536393,5275.014341,5310.479853,6408.595578,39385.09671,FALSE,FALSE,NA,FALSE
NAD(P)/FAD-dependent oxidoreductase,LBJ_RS16785,4921.23976,0.390675171,0.157303777,0.161594703,4498.987673,4773.202679,3980.535408,5360.159502,3942.560485,5658.317229,6343.814671,4812.340431,39369.91808,FALSE,FALSE,NA,FALSE
crotonase,LBJ_RS04950,4910.476382,0.483035125,-0.085944923,0.106324574,5390.123213,5317.169865,4501.99328,5018.252269,5100.48253,4894.01127,4873.03478,4188.743852,39283.81106,FALSE,FALSE,NA,FALSE
HAMP domain-containing protein,LBJ_RS17045,4908.424043,0.030181317,-0.279588059,0.119422448,4978.022241,6076.973897,5623.348661,4852.717932,4713.258397,4706.959461,4518.256492,3797.855265,39267.39235,TRUE,FALSE,NA,FALSE
transcription antitermination factor NusB,LBJ_RS13830,4898.929479,0.018928194,0.319890212,0.126657355,4035.702186,4748.410609,3986.059326,4662.550508,4563.244205,5439.067977,6319.703525,5436.697494,39191.43583,TRUE,FALSE,NA,FALSE
motility protein A,LBJ_RS01850,4898.415669,0.005608768,0.511155253,0.172559567,4005.516446,4062.982788,3302.198261,4787.686585,4263.215821,5321.010687,6899.232135,6545.482632,39187.32535,TRUE,FALSE,NA,FALSE
ATP phosphoribosyltransferase,LBJ_RS05200,4896.283175,0.001174053,-0.445454156,0.129108244,5329.751733,6110.516109,5224.521772,5920.808538,3487.829966,3856.793656,4921.257071,4318.786553,39170.2654,TRUE,FALSE,NA,FALSE
PaaI family thioesterase,LBJ_RS01495,4883.81948,0.150281068,0.368382401,0.232169377,4283.750223,4738.202109,4990.307643,3042.678776,7780.111036,5979.525048,4804.145792,3451.835211,39070.55584,FALSE,FALSE,NA,FALSE
signal peptide peptidase SppA,LBJ_RS07740,4882.254024,3.64785E-11,1.053924126,0.153036004,3064.508815,3093.175338,2619.441979,3918.631312,6045.57194,7699.788409,6999.98228,5616.932115,39058.03219,TRUE,FALSE,NA,FALSE
SCO family protein,LBJ_RS15380,4879.507225,0.616263894,0.069737947,0.119243988,4937.337114,4571.949404,4424.658426,5112.843319,4137.578935,5048.099031,5155.47963,5648.111944,39036.0578,FALSE,FALSE,NA,FALSE
hypothetical protein,LBJ_RS04815,4860.182855,0.219905114,0.140087363,0.102828692,4753.597827,4986.122811,4365.00011,4394.542533,5601.154896,5329.443351,4590.589929,4861.011384,38881.46284,FALSE,FALSE,NA,FALSE
bifunctional (p)ppGpp synthetase/guanosine-3'%2C5'-bis(diphosphate) 3'-pyrophosphohydrolase,LBJ_RS04675,4857.683904,1.93E-08,0.560803458,0.095491453,3853.275323,3953.606008,3596.070706,4296.995513,5711.790363,5846.902249,6209.481144,5393.349927,38861.47123,TRUE,FALSE,NA,FALSE
M23 family metallopeptidase,LBJ_RS10895,4847.11758,1.10848E-12,0.984995292,0.133150847,3182.626927,3257.969687,3038.154974,3536.325819,5266.43573,6212.573204,7824.066798,6458.787497,38776.94064,TRUE,FALSE,NA,FALSE
bifunctional riboflavin kinase/FAD synthetase,LBJ_RS03610,4845.419297,4.70194E-08,0.546296732,0.095632393,3951.707084,4175.276282,3895.467069,3734.37583,5732.417314,5895.198413,6245.647863,5133.264525,38763.35438,TRUE,FALSE,NA,FALSE
formylglycine-generating enzyme family protein,LBJ_RS01220,4841.792229,2.30132E-12,-1.062236408,0.145673513,7142.208552,6510.105945,5442.164146,7097.284723,2994.658309,2537.465117,3282.560272,3727.89077,38734.33783,TRUE,FALSE,NA,FALSE
tetratricopeptide repeat protein,LBJ_RS11930,4841.613012,0.250274279,0.130694682,0.102011946,4323.122927,4885.496173,4467.744987,4814.290317,4489.174698,4918.542655,5309.61874,5524.913596,38732.90409,FALSE,FALSE,NA,FALSE
AAA family ATPase,LBJ_RS03680,4834.088562,9.28654E-10,-0.729514848,0.114302123,6487.309238,6603.440798,5494.088977,5540.473691,3505.644151,3918.888724,3893.088927,3229.773991,38672.7085,TRUE,FALSE,NA,FALSE
preprotein translocase subunit YajC,LBJ_RS11855,4828.805231,0.672801021,0.051231405,0.103455452,4852.029588,4571.949404,4313.07528,5234.038102,4806.079678,5077.230051,5310.479853,4465.559895,38630.44185,FALSE,FALSE,NA,FALSE
methylenetetrahydrofolate reductase [NAD(P)H],LBJ_RS16645,4828.033996,0.005663062,-0.263812701,0.089158855,5338.938697,5776.552341,5005.774614,4954.206246,4492.925052,4562.07097,4242.700541,4251.10351,38624.27197,TRUE,FALSE,NA,FALSE
hypothetical protein,LBJ_RS01070,4827.771338,2.39569E-09,-1.266328228,0.203291365,7196.017914,7161.991554,7215.341868,5706.993352,4139.454112,2880.904504,2163.975332,2157.492068,38622.1707,TRUE,FALSE,NA,FALSE
RNA polymerase factor sigma-54,LBJ_RS07960,4825.587216,0.540757309,0.115208788,0.162217921,4724.724511,4946.74717,4450.068449,4410.307708,6516.241468,5146.224571,4719.756782,3690.627072,38604.69773,FALSE,FALSE,NA,FALSE
response regulator,LBJ_RS15410,4820.51668,0.016870397,-0.565257035,0.219881244,5563.363111,6009.889472,6803.257575,4634.961452,5734.292492,4060.710793,2740.059493,3017.599057,38564.13344,TRUE,FALSE,NA,FALSE
anthranilate synthase component I,LBJ_RS15715,4808.681015,6.40738E-05,0.46907049,0.11126728,4018.640681,4092.149929,3533.098039,4491.10423,4965.469757,5771.774883,6031.230888,5565.979712,38469.44812,TRUE,FALSE,NA,FALSE
D-glycero-beta-D-manno-heptose-7-phosphate kinase,LBJ_RS07995,4806.394961,1.11977E-10,0.688660462,0.102532372,3492.358867,3756.727804,3749.63563,3723.537272,5199.866933,6162.743829,6625.398409,5740.890948,38451.15969,TRUE,FALSE,NA,FALSE
DUF4178 domain-containing protein,LBJ_RS14350,4796.945796,2.65251E-13,1.419423877,0.186949908,2413.546771,2420.872731,2322.255184,3285.068342,5139.861256,6373.560417,7165.315851,9255.085817,38375.56637,TRUE,FALSE,NA,FALSE
cytochrome-c peroxidase,LBJ_RS13985,4786.699836,0.001622026,-0.903917807,0.269321208,4720.78724,7075.948487,9946.366993,3213.139731,3782.232818,3007.394457,3331.643676,3216.085285,38293.59869,TRUE,FALSE,NA,FALSE
pyruvate dehydrogenase (acetyl-transferring) E1 component subunit alpha,LBJ_RS10755,4776.235747,6.31675E-15,0.935697493,0.115720737,2918.829809,3403.805394,3222.65384,3571.797462,5644.283977,6946.214931,6754.565261,5747.7353,38209.88597,TRUE,FALSE,NA,FALSE
Asp-tRNA(Asn)/Glu-tRNA(Gln) amidotransferase subunit GatC,LBJ_RS09115,4775.291604,0.012724601,0.412135272,0.154071403,4033.077339,4606.949973,3883.314449,3868.379817,6429.045719,5669.049709,5762.563835,3949.951991,38202.33283,TRUE,FALSE,NA,FALSE
HlyD family efflux transporter periplasmic adaptor subunit,LBJ_RS08490,4774.907612,4.86355E-12,-0.976101086,0.135858513,5891.46898,7388.0369,5995.660743,6049.885909,3687.536359,3293.338411,3302.365856,2590.967739,38199.2609,TRUE,FALSE,NA,FALSE
polyhydroxyalkanoate synthesis repressor PhaR,LBJ_RS13865,4774.602118,3.23067E-05,-0.790659093,0.180515518,6315.381763,7186.783624,6272.961434,4430.014177,4425.418666,3622.212289,3118.087814,2825.957181,38196.81695,TRUE,FALSE,NA,FALSE
WGR domain-containing protein,LBJ_RS17925,4768.001732,0.098092333,0.258097004,0.142386779,4426.804382,4429.030411,4287.665256,4228.022872,4009.129283,4755.255625,6052.758697,5955.347332,38144.01386,FALSE,FALSE,NA,FALSE
glycosyltransferase family 39 protein,LBJ_RS04435,4763.814852,0.613939099,-0.063818655,0.108396297,4703.725735,5495.089427,4341.799654,4937.455747,4867.022944,5017.4348,4433.00637,4314.984135,38110.51881,FALSE,FALSE,NA,FALSE
LysM peptidoglycan-binding domain-containing M23 family metallopeptidase,LBJ_RS07845,4760.538629,0.54168944,0.098579197,0.139111546,4098.698513,4491.739765,4545.079841,5255.715218,3871.303744,4917.009444,5409.507773,5495.254734,38084.30903,FALSE,FALSE,NA,FALSE
Gfo/Idh/MocA family oxidoreductase,LBJ_RS06335,4756.058783,6.5396E-19,0.718295961,0.078182954,3582.916087,3357.137967,3678.929478,3761.964886,5840.240015,5890.598779,5812.508352,6124.174699,38048.47026,TRUE,FALSE,NA,FALSE
Rpn family recombination-promoting nuclease/putative transposase,LBJ_RS13355,4748.550329,7.45282E-39,-1.705873307,0.127561975,7811.544524,7589.290175,7673.827073,6000.619737,2603.683821,2097.433402,2112.308591,2099.695311,37988.40263,TRUE,TRUE,TRUE,TRUE
hypothetical protein,LBJ_RS00660,4746.401357,0.472050026,-0.12629392,0.152335089,5097.452778,4986.122811,5276.446602,4455.632586,5912.434345,4522.974075,3778.560985,3941.586671,37971.21085,FALSE,FALSE,NA,FALSE
thiamine phosphate synthase,LBJ_RS08380,4746.381941,5.61764E-15,-0.892676182,0.110181208,5676.23153,6814.902572,6483.975107,5704.037382,3571.27536,3556.284192,3155.115645,3009.233737,37971.05552,TRUE,FALSE,NA,FALSE
tetratricopeptide repeat protein,LBJ_RS05015,4744.919018,0.102938873,0.184039749,0.102963049,4411.0553,4536.948834,4460.011502,4362.026859,5786.797459,4445.546892,4991.007171,4965.958125,37959.35214,FALSE,FALSE,NA,FALSE
flagellar motor switch protein FliN,LBJ_RS10605,4739.740546,0.010686944,-0.38171923,0.13938537,4900.589256,6095.932539,5528.337269,4928.587836,4047.57042,3274.939873,4381.339629,4760.627544,37917.92437,TRUE,FALSE,NA,FALSE
sterol desaturase family protein,LBJ_RS08975,4737.68959,1.58617E-07,0.567556495,0.103398054,3846.713206,3939.022437,3436.981863,4048.694006,5094.856998,6256.269733,5741.897139,5537.081334,37901.51672,TRUE,FALSE,NA,FALSE
alpha/beta hydrolase,LBJ_RS03480,4728.122292,0.00588369,0.330463656,0.11219901,4401.868336,4471.322766,4068.918098,3815.172351,6034.320876,5381.572544,4826.534713,4825.268653,37824.97834,TRUE,FALSE,NA,FALSE
hypothetical protein,LBJ_RS03155,4727.328419,1.23138E-05,-0.903455007,0.196403654,6411.188676,6925.737709,6471.822487,4834.98211,4411.354835,3523.320144,2971.698714,2268.522678,37818.62735,TRUE,FALSE,NA,FALSE
hypothetical protein,LBJ_RS15470,4716.361702,5.01497E-10,0.471123829,0.072683634,3870.336828,4035.274003,3814.817864,4092.048238,5366.757721,5597.755372,5394.00775,5559.895843,37730.89362,TRUE,FALSE,NA,FALSE
50S ribosomal protein L32,LBJ_RS05210,4699.315258,1.63058E-15,0.753755964,0.091289105,3500.233408,3344.012754,3346.389606,3802.363147,6231.214503,5429.102102,6026.925326,5914.281216,37594.52206,TRUE,FALSE,NA,FALSE
hypothetical protein,LBJ_RS17350,4697.030333,0.550229614,-0.065470654,0.094504406,4995.083747,4541.323905,4796.970508,4881.292311,4078.510847,4621.099614,4692.201186,4969.760543,37576.24266,FALSE,FALSE,NA,FALSE
hypothetical protein,LBJ_RS05100,4693.474055,0.972272312,0.005919098,0.144319605,4699.788465,4907.371529,4423.553642,4705.904739,3967.87538,4227.830852,4508.784256,6106.683575,37547.79244,FALSE,FALSE,NA,FALSE
ATP-binding protein,LBJ_RS01920,4680.697755,0.043987545,-0.225433787,0.10322549,5310.065381,5222.376656,4711.902169,4938.441071,4780.764783,4399.550545,4302.117293,3780.364141,37445.58204,TRUE,FALSE,NA,FALSE
histidine kinase,LBJ_RS12945,4679.547189,1.65612E-09,0.564244065,0.089709386,3918.896497,3466.514747,3965.068437,3752.111651,5448.327938,5393.838236,5446.535604,6045.084401,37436.37751,TRUE,FALSE,NA,FALSE
PhoU domain protein,LBJ_RS02540,4659.268295,0.020830292,0.375591756,0.150980693,4080.324584,4297.778275,4511.936332,3336.305161,4639.18889,4762.155077,4988.423834,6658.034209,37274.14636,TRUE,FALSE,NA,FALSE
DNA mismatch repair protein MutS,LBJ_RS10250,4649.936736,0.052409023,0.297554993,0.141219034,4076.387314,4494.656479,4149.567303,3967.897484,6197.46131,5496.56341,4808.451353,4008.509231,37199.49388,FALSE,FALSE,NA,FALSE
,LBJ_RS00715,4647.794698,0.678748736,0.067618675,0.139344294,4214.191779,4942.372099,5024.555935,3974.794748,5708.977597,4385.751641,4046.366925,4885.34686,37182.35758,FALSE,FALSE,NA,FALSE
multicopper oxidase domain-containing protein,LBJ_RS06120,4646.796182,0.055899353,-0.261047228,0.125591323,4680.102112,5592.799351,4952.745,5039.929385,3594.715077,4930.808348,4481.228661,3902.041522,37174.36946,FALSE,FALSE,NA,FALSE
diaminopimelate decarboxylase,LBJ_RS01545,4640.56684,0.000723075,0.673312711,0.187689704,3424.112847,4046.94086,2897.847453,3939.323105,4541.679665,6697.068054,7197.177008,4380.385728,37124.53472,TRUE,FALSE,NA,FALSE
TIGR00159 family protein,LBJ_RS05000,4626.267461,0.033282716,-0.24435249,0.106214777,4766.722062,5584.049208,4780.398754,4938.441071,3986.627154,4097.50787,4820.506926,4035.886642,37010.13969,TRUE,FALSE,NA,FALSE
PTS sugar transporter subunit IIA,LBJ_RS12865,4623.136535,0.097460048,0.19621393,0.108029592,4372.995019,4423.196983,4173.872543,4268.421133,4130.078225,4965.305608,5289.813156,5361.409615,36985.09228,FALSE,FALSE,NA,FALSE
hypothetical protein,LBJ_RS00845,4621.103895,0.003976609,0.32077499,0.104237887,4124.946982,4162.151068,3805.979595,4345.276361,4794.828614,4769.054529,5092.618428,5873.975583,36968.83116,TRUE,FALSE,NA,FALSE
ferredoxin--NADP(+) reductase,LBJ_RS16505,4618.31606,0.119014886,0.221223514,0.129204952,4686.66423,3758.186161,3618.166378,4995.58983,4732.94776,5307.211783,4817.923589,5029.838751,36946.52848,FALSE,FALSE,NA,FALSE
,LBJ_RS03005,4617.44633,0.000223165,0.509931257,0.130575557,4139.383641,3695.476807,3344.180039,4059.532564,6550.93225,5290.346456,4770.56241,5089.156474,36939.57064,TRUE,FALSE,NA,FALSE
ribulose-phosphate 3-epimerase,LBJ_RS07915,4609.514838,0.510441161,0.069118114,0.090984874,4518.674025,4410.071769,4261.150449,4805.422407,4645.752011,4325.189785,5056.45171,4853.406548,36876.1187,FALSE,FALSE,NA,FALSE
UDP-N-acetylglucosamine--N-acetylmuramyl-(pentapeptide) pyrophosphoryl-undecaprenol N-acetylglucosamine transferase,LBJ_RS02655,4607.310036,2.09931E-08,0.606420505,0.103516092,3872.961675,3625.475668,3243.644729,3869.365141,6108.390383,5331.743168,5652.341455,5154.558066,36858.48028,TRUE,FALSE,NA,FALSE
twin-arginine translocase subunit TatC,LBJ_RS08715,4605.652169,0.006184688,-0.521092095,0.177894508,5446.557422,5913.637905,5692.95003,4660.579861,5107.045651,3945.719926,3203.337936,2875.388617,36845.21735,TRUE,FALSE,NA,FALSE
FecR domain-containing protein,LBJ_RS15760,4600.263072,0.002003086,-0.735502722,0.223425122,5967.589542,5939.888332,6348.08672,4736.449766,5354.569068,3312.503556,2419.725699,2723.291891,36802.10457,TRUE,FALSE,NA,FALSE
uroporphyrinogen decarboxylase,LBJ_RS16690,4590.26133,0.104846612,-0.366821228,0.206298241,5538.427065,5620.508135,5336.104918,4187.624611,5836.48966,4030.046562,3299.782519,2873.107167,36722.09064,FALSE,FALSE,NA,FALSE
50S ribosomal protein L36,LBJ_RS19715,4584.610532,0.043668701,-0.25587132,0.116981835,5594.861275,4828.620248,4514.1459,5022.193563,4819.20592,3729.537098,4125.589261,4042.730995,36676.88426,TRUE,FALSE,NA,FALSE
formate hydrogenase,LBJ_RS16185,4580.804952,3.75289E-10,-0.671593845,0.102881909,5625.047015,6305.935956,4827.90445,5755.274201,3533.771812,3507.988028,3551.227325,3539.290829,36646.43962,TRUE,FALSE,NA,FALSE
alpha/beta hydrolase,LBJ_RS01370,4579.408188,7.48693E-20,1.150713079,0.122025411,2674.719042,2827.754352,2752.016015,3121.504651,5197.991755,6493.150918,6373.953603,7194.175171,36635.26551,TRUE,FALSE,NA,FALSE
hypothetical protein,LBJ_RS03370,4579.27728,0.424000801,0.107020826,0.117200665,5048.893109,4322.570345,4025.831537,4241.8174,4348.536393,4542.13922,5465.480075,4638.950163,36634.21824,FALSE,FALSE,NA,FALSE
DUF1566 domain-containing protein,LBJ_RS09370,4577.739749,1.1196E-08,0.589047079,0.098705372,3648.537261,3663.392951,3604.908975,3706.786773,5262.685375,5731.911383,6125.953246,4877.742024,36621.91799,TRUE,FALSE,NA,FALSE
site-specific DNA-methyltransferase,LBJ_RS10830,4574.016878,1.61632E-15,-0.694330566,0.084077497,5285.129335,6004.056043,5860.877141,5466.574433,3438.137764,3659.775972,3492.671685,3384.912652,36592.13503,TRUE,FALSE,NA,FALSE
DegT/DnrJ/EryC1/StrS family aminotransferase,LBJ_RS06290,4564.489574,1.36382E-08,0.652768311,0.110006123,3661.661496,3128.175908,3451.344051,3953.117633,5047.039974,5409.170352,5918.425171,5946.982012,36515.9166,TRUE,FALSE,NA,FALSE
thioredoxin domain-containing protein,LBJ_RS00585,4560.875732,1.56969E-07,0.55325676,0.100751781,3648.537261,3527.765744,3454.658401,4155.108938,4936.404508,5599.288584,5705.73042,5459.512003,36487.00586,TRUE,FALSE,NA,FALSE
hypothetical protein,LBJ_RS04200,4558.134743,0.001569721,0.396088426,0.117679614,3865.087134,3934.647366,3652.414671,4293.054219,4783.57755,4724.591394,5055.590597,6156.115011,36465.07794,TRUE,FALSE,NA,FALSE
GAF domain-containing protein,LBJ_RS04395,4554.524367,6.75003E-09,0.937198829,0.154798083,2920.142232,2941.506203,3095.603723,3542.237759,4497.612996,5672.882738,6487.620433,7278.588854,36436.19494,TRUE,FALSE,NA,FALSE
hypothetical protein,LBJ_RS03660,4550.51359,0.159774852,0.263160231,0.169624321,4367.745325,3922.980509,4501.99328,3753.096975,6861.27411,4430.214776,4079.950307,4486.853436,36404.10872,FALSE,FALSE,NA,FALSE
phosphatidate cytidylyltransferase,LBJ_RS05055,4548.408424,0.002588236,0.402786894,0.125381351,4034.389763,3908.396939,3298.88391,4428.04353,5202.679699,5662.150257,5394.00775,4458.715542,36387.26739,TRUE,FALSE,NA,FALSE
N-acetyltransferase,LBJ_RS10450,4544.601668,0.555622878,-0.194488812,0.28427076,4854.654435,4913.204957,5715.045702,3918.631312,6811.581909,5103.294647,2706.476111,2333.924271,36356.81334,FALSE,FALSE,NA,FALSE
hypothetical protein,LBJ_RS03910,4544.430341,0.540660828,-0.067248748,0.094632008,4555.421882,4786.327893,4530.717654,4729.552502,3976.313678,4594.268412,4880.784791,4302.055913,36355.44273,FALSE,FALSE,NA,FALSE
permease,LBJ_RS17525,4539.781625,9.12973E-14,1.091527615,0.141087384,2872.894987,2680.460288,2641.537652,3403.307154,4999.222951,6919.383729,6900.093248,5901.352994,36318.253,TRUE,FALSE,NA,FALSE
histidine--tRNA ligase,LBJ_RS00240,4536.714515,0.000288615,0.485917333,0.126595673,3708.908741,3696.935164,3350.808741,4362.026859,4490.112286,5166.922927,5880.536227,5637.465173,36293.71612,TRUE,FALSE,NA,FALSE
DUF3095 domain-containing protein,LBJ_RS00720,4527.946134,2.43232E-15,-0.731592398,0.089133807,5555.48857,5690.509274,5681.902193,5681.374943,3235.618605,3427.494422,3172.337891,3778.843174,36223.56907,TRUE,FALSE,NA,FALSE
MBOAT family protein,LBJ_RS04965,4523.175456,3.28357E-06,-0.549697603,0.112509983,5749.727245,5301.127937,5003.565046,5444.897318,3145.61009,3554.750981,4157.450418,3828.27461,36185.40364,TRUE,FALSE,NA,FALSE
FAD-binding oxidoreductase,LBJ_RS08460,4523.136478,4.15727E-08,0.788225223,0.137455642,3215.437514,3058.174769,2871.332646,4122.593264,5035.78891,5649.117959,6171.592201,6061.054557,36185.09182,TRUE,FALSE,NA,FALSE
3-deoxy-8-phosphooctulonate synthase,LBJ_RS07980,4517.031843,0.143438796,0.267594265,0.165950094,4013.390987,4485.906337,3651.309887,4246.744017,5458.641414,5749.543316,5144.285169,3386.433619,36136.25475,FALSE,FALSE,NA,FALSE
tetratricopeptide repeat protein,LBJ_RS02095,4513.834916,5.12963E-17,0.96001124,0.110612468,3082.882743,3030.465984,2893.428319,3253.537992,5187.678279,5651.417777,6242.203414,6769.06482,36110.67933,TRUE,FALSE,NA,FALSE
ribonuclease HII,LBJ_RS07885,4503.863278,4.07898E-07,-0.511080802,0.096297227,5114.514283,5292.377795,4986.993292,5778.921963,3640.656924,4045.378677,3754.449839,3417.613448,36030.90622,TRUE,FALSE,NA,FALSE
enoyl-CoA hydratase/isomerase family protein,LBJ_RS12180,4502.046664,2.29361E-18,1.313338672,0.145193048,2651.09542,2375.663662,2234.977277,3071.253156,5540.211631,6040.086905,6337.786884,7765.298379,36016.37331,TRUE,FALSE,NA,FALSE
FHA domain-containing protein,LBJ_RS10485,4474.133157,0.394645995,-0.092435652,0.095685559,4657.790913,4653.6174,4416.924941,4742.361707,3905.994526,4200.999649,4384.784078,4830.592039,35793.06525,FALSE,FALSE,NA,FALSE
tetratricopeptide repeat protein,LBJ_RS15120,4472.780584,0.416705366,0.11672364,0.126091112,4237.815401,3984.231506,3963.963653,4980.809978,3878.804454,4743.756538,5044.396137,4948.467002,35782.24467,FALSE,FALSE,NA,FALSE
DoxX family protein,LBJ_RS03850,4439.87613,0.02250455,-0.566266415,0.230369728,5472.805891,5626.341563,5519.499,4581.753986,5185.803102,4056.111158,2997.532085,2079.162253,35519.00904,TRUE,FALSE,NA,FALSE
hypothetical protein,LBJ_RS05720,4433.975548,1.82207E-09,-0.619552377,0.098757558,4912.401068,5726.968201,5658.701737,5189.698547,3224.367541,3784.732713,3596.866279,3378.068299,35471.80439,TRUE,FALSE,NA,FALSE
efflux RND transporter permease subunit,LBJ_RS01415,4432.929878,0.000641902,-0.697461744,0.192639317,5114.514283,6431.354664,5926.059375,4464.500497,4305.407312,3914.289089,2895.059715,2412.254085,35463.43902,TRUE,FALSE,NA,FALSE
type 1 glutamine amidotransferase,LBJ_RS08515,4431.470496,0.029709795,0.317447491,0.135244729,3601.290016,4022.14879,3615.956811,4543.326372,4234.150571,4958.406156,5890.008463,4586.476792,35451.76397,TRUE,FALSE,NA,FALSE
glucanase,LBJ_RS15175,4429.720409,0.159176838,0.142443668,0.09166904,4299.499305,4388.196413,3713.17777,4444.794028,4622.312293,4777.487193,4681.867838,4510.428429,35437.76327,FALSE,FALSE,NA,FALSE
RibD family protein,LBJ_RS01320,4424.371341,0.00455538,-0.561708123,0.185226842,5193.259691,5766.343841,5494.088977,4645.80001,5040.476853,3558.58401,2736.615043,2959.802301,35394.97073,TRUE,FALSE,NA,FALSE
2-oxo acid dehydrogenase subunit E2,LBJ_RS10765,4414.772812,2.71415E-08,0.801097219,0.137819634,2917.517385,3467.973104,2884.59005,3608.25443,4779.827195,5668.283104,6726.148553,5265.588677,35318.1825,TRUE,FALSE,NA,FALSE
SpoIIE family protein phosphatase,LBJ_RS01350,4411.824157,0.611116698,0.140823765,0.23712948,4260.1266,4751.327323,4201.492133,3573.768109,7151.926607,4933.874771,3466.838315,2955.239399,35294.59326,FALSE,FALSE,NA,FALSE
lipoyl(octanoyl) transferase LipB,LBJ_RS06815,4408.042957,9.46354E-08,-0.666744384,0.119387519,5349.438085,5591.340993,5889.601515,4805.422407,3696.912246,3790.86556,3168.03233,2972.730522,35264.34366,TRUE,FALSE,NA,FALSE
DUF389 domain-containing protein,LBJ_RS13490,4383.846239,4.54717E-05,-0.610479554,0.142039656,5299.565993,5948.638475,5407.915854,4535.443785,4181.645604,3662.075789,3028.532129,3006.952286,35070.76991,TRUE,FALSE,NA,FALSE
hypothetical protein,LBJ_RS15355,4382.581749,0.356502685,-0.168764204,0.161914929,4758.847521,4666.742613,4434.601479,4695.066181,3401.571805,3379.198258,4180.700451,5543.925687,35060.654,FALSE,FALSE,NA,FALSE
FAD-dependent dehydrogenase,LBJ_RS17030,4378.208791,0.375953413,0.096941542,0.096627626,4173.506651,4487.364694,4430.182344,3834.87882,4672.942083,4706.959461,4621.589974,4098.2463,35025.67033,FALSE,FALSE,NA,FALSE
hypothetical protein,LBJ_RS00535,4377.160883,0.003612076,-0.244040248,0.078524802,4792.970531,4636.117115,4707.483034,4849.761961,3781.295229,4021.613898,3953.366791,4274.678503,35017.28706,TRUE,FALSE,NA,FALSE
RdgB/HAM1 family non-canonical purine NTP pyrophosphatase,LBJ_RS15810,4376.651857,0.00063463,0.45549158,0.125699131,3435.924658,3721.727234,3501.059314,4106.828089,4272.591708,4930.808348,5080.562856,5963.712652,35013.21486,TRUE,FALSE,NA,FALSE
DUF1343 domain-containing protein,LBJ_RS10700,4375.701634,1.01222E-21,1.056881651,0.106832895,2813.835931,2772.336784,2489.077512,3287.038989,5773.671217,6084.55004,5745.341589,6039.761015,35005.61308,TRUE,FALSE,NA,FALSE
tRNA-Leu,LBJ_RS00565,4364.399539,1.3134E-08,-1.525163074,0.256728899,6727.482734,7100.740557,4735.102625,7349.527523,1137.295094,2371.111663,3236.060205,2257.875907,34915.19631,TRUE,FALSE,NA,FALSE
mannose-1-phosphate guanylyltransferase,LBJ_RS09315,4356.940174,0.055432723,-0.223081982,0.107122539,4628.917597,4965.705812,4260.045665,4918.734602,3560.024296,4110.540168,4488.978672,3922.57458,34855.52139,FALSE,FALSE,NA,FALSE
FecR domain-containing protein,LBJ_RS17685,4352.876155,2.58163E-10,0.509597167,0.077349666,3588.165781,3691.101736,3391.685735,3697.918862,5071.417281,5350.141707,4967.757138,5064.820998,34823.00924,TRUE,FALSE,NA,FALSE
hybrid sensor histidine kinase/response regulator,LBJ_RS07570,4345.437951,0.482385225,-0.174401737,0.215233914,4703.725735,4621.533544,4700.854333,4404.395767,6050.259884,4464.712036,2931.226434,2886.795872,34763.50361,FALSE,FALSE,NA,FALSE
ribonuclease III,LBJ_RS11595,4343.316936,0.822072545,0.033302606,0.124468824,4371.682596,4745.493895,4356.161841,3701.860156,3971.625735,4000.148936,4509.645369,5089.916958,34746.53549,FALSE,FALSE,NA,FALSE
acyl-CoA dehydrogenase,LBJ_RS13915,4342.778215,0.103711311,-0.240172884,0.13463878,4758.847521,4694.451397,4682.073011,4677.33036,5006.72366,4005.515177,3546.060651,3371.223946,34742.22572,FALSE,FALSE,NA,FALSE
FAD-binding oxidoreductase,LBJ_RS12900,4342.034073,0.001970113,0.358687411,0.108789028,4005.516446,3887.97994,3332.027419,3994.501217,5433.326519,4877.912549,4810.173578,4394.834917,34736.27258,TRUE,FALSE,NA,FALSE
SDR family oxidoreductase,LBJ_RS07200,4340.749715,0.200769412,0.180341393,0.127077019,4100.010936,4062.982788,3630.318998,4486.177613,3783.170406,4506.108748,5045.257249,5111.970983,34725.99772,FALSE,FALSE,NA,FALSE
HEAT repeat domain-containing protein,LBJ_RS15695,4337.281761,0.134307872,0.160141282,0.097197944,4432.054076,4415.905198,3710.968203,3830.937526,4742.323647,4408.749815,4623.312199,4534.003422,34698.25408,FALSE,FALSE,NA,FALSE
M15 family metallopeptidase,LBJ_RS02255,4329.28545,6.22463E-09,0.578961532,0.095401499,3715.470858,3377.554966,3168.519442,3626.975575,4822.018686,5302.612149,5546.424636,5074.707285,34634.2836,TRUE,FALSE,NA,FALSE
aspartate-semialdehyde dehydrogenase,LBJ_RS17940,4327.361788,0.004901695,0.388913652,0.129289227,3689.222389,3682.351593,3361.856577,4256.597252,4013.817227,5251.249562,5472.368974,4891.430729,34618.8943,TRUE,FALSE,NA,FALSE
SRPBCC family protein,LBJ_RS03840,4319.944441,0.00439707,-0.531419544,0.174560403,5332.37658,5614.674707,5230.04569,4249.699988,4585.746334,3726.470674,3232.615756,2587.925804,34559.55553,TRUE,FALSE,NA,FALSE
inositol monophosphatase,LBJ_RS00910,4314.674945,0.652667223,0.049301797,0.093450714,4102.635783,4376.529557,3946.287115,4538.399755,4178.832838,4696.993586,4547.534312,4130.186612,34517.39956,FALSE,FALSE,NA,FALSE
response regulator,LBJ_RS10235,4311.81499,0.00039491,0.51844987,0.13810209,3567.167006,3941.939151,3327.608284,3345.173072,6366.227276,4930.808348,4640.534446,4375.062342,34494.51992,TRUE,FALSE,NA,FALSE
hypothetical protein,LBJ_RS03755,4307.812516,5.02406E-20,-1.663744072,0.17562072,6815.415107,7140.116198,7706.970582,4532.487814,2482.734879,2042.237786,1765.280314,1977.257447,34462.50013,TRUE,TRUE,TRUE,TRUE
hypothetical protein,LBJ_RS10565,4295.316665,6.49179E-07,0.515030186,0.098718238,3676.098154,3438.805963,3130.956799,3899.910167,4911.089613,5091.795561,5308.757628,4905.119435,34362.53332,TRUE,FALSE,NA,FALSE
SDR family oxidoreductase,LBJ_RS16565,4294.115957,5.77383E-12,-0.53738984,0.075056472,5043.643415,5336.128507,5094.157304,4866.51246,3574.088126,3424.427999,3429.810484,3584.159364,34352.92766,TRUE,FALSE,NA,FALSE
PLP-dependent transferase,LBJ_RS00520,4291.368422,1.9798E-06,-0.475401456,0.095225223,5168.323645,5025.498452,4973.735888,4800.495789,4051.320775,3560.883827,3317.865878,3432.823121,34330.94738,TRUE,FALSE,NA,FALSE
prolyl oligopeptidase family serine peptidase,LBJ_RS09075,4286.373781,3.74055E-05,0.555297424,0.127788905,3614.414251,3330.88754,3010.535383,3929.46987,4459.171859,5047.332426,5927.897406,4971.281511,34290.99025,TRUE,FALSE,NA,FALSE
hypothetical protein,LBJ_RS17790,4284.415295,0.276922827,0.096604506,0.079363626,4085.574278,3991.523291,4119.738145,4365.968153,4381.351997,4530.640133,4192.756024,4607.770334,34275.32236,FALSE,FALSE,NA,FALSE
NAD(P)-dependent alcohol dehydrogenase,LBJ_RS13780,4283.796306,0.004766773,0.27249453,0.090308665,3664.286343,4118.400356,4022.517186,3717.625331,4610.12364,5012.06856,4766.256848,4359.092186,34270.37045,TRUE,FALSE,NA,FALSE
TetR/AcrR family transcriptional regulator,LBJ_RS07685,4283.377518,0.000224313,-0.389066603,0.09966219,5471.493468,4873.829317,4473.268905,4612.299013,3987.564743,3636.011193,3547.782875,3664.770629,34267.02014,TRUE,FALSE,NA,FALSE
prolipoprotein diacylglyceryl transferase,LBJ_RS10905,4278.88842,5.35015E-21,1.150280992,0.118352964,2769.213533,2559.416652,2274.749488,3027.898925,5373.320842,6076.883982,6430.787018,5718.836922,34231.10736,TRUE,FALSE,NA,FALSE
,LBJ_RS20375,4275.127647,0.000531617,0.587916505,0.160076369,3706.283894,3120.884123,2648.166354,4187.624611,4281.030006,5032.00031,5631.674759,5593.357123,34201.02118,TRUE,FALSE,NA,FALSE
bifunctional glycerol-3-phosphate dehydrogenase/glycerol-3-phosphate acyltransferase,LBJ_RS16245,4269.334025,4.15457E-05,-0.409727153,0.094844836,5106.639742,4885.496173,4793.656157,4699.992799,4128.203048,3630.644953,3484.060562,3425.978768,34154.6722,TRUE,FALSE,NA,FALSE
hypothetical protein,LBJ_RS09295,4267.312333,0.859416226,0.021544393,0.102920126,4291.624764,4331.320488,4177.186893,4141.314409,4828.581807,4400.317151,4247.867215,3720.285934,34138.49866,FALSE,FALSE,NA,FALSE
tRNA-Gly,LBJ_RS16395,4266.348111,1.72591E-14,-1.919579672,0.241313053,6399.376865,8646.599048,5199.111748,6751.436196,948.8397648,1990.108593,1897.891616,2297.421056,34130.78489,TRUE,TRUE,TRUE,TRUE
excinuclease ABC subunit UvrB,LBJ_RS12970,4261.493287,3.57314E-22,0.903677619,0.090351708,3147.191493,3037.75777,2673.576377,3018.04569,5588.966243,5240.517081,5810.786127,5575.105516,34091.9463,TRUE,FALSE,NA,FALSE
hypothetical protein,LBJ_RS08090,4251.935821,0.981263621,-0.002889899,0.104359147,3993.704635,4946.74717,4211.435186,3875.277081,4328.84703,4285.326285,4305.561742,4068.587438,34015.48657,FALSE,FALSE,NA,FALSE
glycosyltransferase family 2 protein,LBJ_RS10505,4250.40909,0.478016186,0.074086174,0.090560542,4260.1266,3755.269447,4496.469362,4051.649977,4513.552004,4346.654747,4169.505991,4410.044589,34003.27272,FALSE,FALSE,NA,FALSE
YbaB/EbfC family nucleoid-associated protein,LBJ_RS16530,4244.475219,9.78975E-10,-1.705450017,0.267572329,6682.860336,7857.627875,6833.086733,4613.284336,3275.934919,2005.440709,1399.307566,1288.259275,33955.80175,TRUE,TRUE,TRUE,TRUE
tetratricopeptide repeat protein,LBJ_RS07660,4240.652684,0.578280262,-0.072055025,0.111280876,4375.619866,4235.068921,3880.000098,4895.086839,3648.157633,4168.035601,4429.56192,4293.690593,33925.22147,FALSE,FALSE,NA,FALSE
hypothetical protein,LBJ_RS02010,4240.143918,0.597358288,-0.115129863,0.18653204,4403.180759,4539.865548,4155.091221,4539.385078,3203.740589,3021.193361,4449.367504,5609.327279,33921.15134,FALSE,FALSE,NA,FALSE
hydroxyethylthiazole kinase,LBJ_RS02945,4237.935087,6.692E-09,0.754266108,0.124549786,3361.11652,3548.182743,2812.779114,2898.821554,5833.676894,5286.513427,5623.063635,4539.326807,33903.4807,TRUE,FALSE,NA,FALSE
phosphoserine phosphatase SerB,LBJ_RS10255,4231.92838,0.107881371,-0.196724539,0.111587091,4539.672801,4534.03212,4488.735876,4516.722639,4539.804487,4132.771735,3735.505367,3368.182012,33855.42704,FALSE,FALSE,NA,FALSE
peroxiredoxin,LBJ_RS17145,4231.377644,6.77134E-10,0.51488832,0.080022984,3324.368663,3463.598033,3493.325828,3654.564631,4733.885348,4989.836992,4941.062655,5250.379004,33851.02116,TRUE,FALSE,NA,FALSE
N-acetyl sugar amidotransferase,LBJ_RS06395,4227.858029,3.41658E-08,0.482010154,0.083543418,3673.473307,3257.969687,3469.020589,3709.742744,5049.85274,4880.978972,4735.256804,5046.56939,33822.86423,TRUE,FALSE,NA,FALSE
deoxyguanosinetriphosphate triphosphohydrolase,LBJ_RS07395,4222.321428,2.06626E-11,0.747516756,0.107222504,3149.81634,2983.798558,3031.526272,3442.720092,4602.62293,5267.348283,5843.508396,5457.230552,33778.57143,TRUE,FALSE,NA,FALSE
hypothetical protein,LBJ_RS07875,4204.619519,0.01710732,-0.476189694,0.185633457,4601.356704,5546.131924,5104.100356,4317.687305,4352.286747,4221.698005,3051.782163,2441.912946,33636.95615,TRUE,FALSE,NA,FALSE
KamA family radical SAM protein,LBJ_RS10990,4185.845589,5.71727E-06,0.414656732,0.086966681,3404.426495,3688.185021,3671.195992,3589.533284,4714.195986,4960.705973,5072.812844,4385.709113,33486.76471,TRUE,FALSE,NA,FALSE
NAD(+) synthase,LBJ_RS11550,4182.941123,0.023461541,-0.247975997,0.10157049,4735.223898,4566.115976,4230.216508,4633.976128,4326.971852,3842.228147,3664.033042,3464.763433,33463.52898,TRUE,FALSE,NA,FALSE
AI-2E family transporter,LBJ_RS12465,4179.868761,1.37633E-06,0.495832369,0.097889496,3136.692106,3727.560662,3536.41239,3474.250442,4724.509461,5344.775466,4927.284858,4567.464701,33438.95009,TRUE,FALSE,NA,FALSE
S-methyl-5'-thioadenosine phosphorylase,LBJ_RS16060,4174.294753,0.516943065,-0.072124345,0.09636416,4311.311116,4396.946556,3975.01149,4430.9995,4294.156248,4308.324458,4065.311397,3612.297258,33394.35802,FALSE,FALSE,NA,FALSE
aspartate carbamoyltransferase,LBJ_RS04075,4170.988171,6.79847E-11,0.79661024,0.117291767,3038.260345,3275.469972,2715.558155,3162.888236,5173.614449,5686.681642,5813.369464,4502.063109,33367.90537,TRUE,FALSE,NA,FALSE
GyrI-like domain-containing protein,LBJ_RS03315,4170.286618,1.03675E-07,0.540516207,0.097092338,3302.057464,3774.228088,3048.098027,3470.309148,4740.448469,4938.474405,4881.645903,5207.031437,33362.29294,TRUE,FALSE,NA,FALSE
hypothetical protein,LBJ_RS06080,4163.758091,8.09791E-08,-0.529541572,0.094329634,5139.450329,5096.957948,4494.259794,4947.308982,3646.282456,3489.58949,3391.92154,3104.294191,33310.06473,TRUE,FALSE,NA,FALSE
DUF2225 domain-containing protein,LBJ_RS09405,4159.668417,8.64648E-07,0.494170601,0.095793014,3445.111622,3647.351024,3082.346319,3642.74075,4598.872576,4990.603598,5160.646304,4709.675141,33277.34733,TRUE,FALSE,NA,FALSE
hypothetical protein,LBJ_RS05340,4159.212181,7.21428E-10,-0.579805492,0.090270542,5436.058034,4692.99304,4850.000122,4956.176893,3494.393086,3144.616891,3230.893531,3468.565851,33273.69745,TRUE,FALSE,NA,FALSE
type I DNA topoisomerase,LBJ_RS06775,4147.236788,0.008600184,-0.329553177,0.117001905,4061.950656,5007.998167,4931.754111,4474.353731,3300.312225,3413.695518,4071.339183,3916.490711,33177.8943,TRUE,FALSE,NA,FALSE
penicillin-binding protein,LBJ_RS14755,4145.17468,0.001704721,0.401993786,0.12033712,3513.357643,3447.556106,3392.790518,3931.440517,3890.055518,4700.826615,5015.979429,5269.391095,33161.39744,TRUE,FALSE,NA,FALSE
50S ribosomal protein L30,LBJ_RS14580,4144.157224,0.633498817,-0.072371248,0.129741758,4481.926168,4491.739765,3425.934027,4592.592544,4476.986045,3673.574876,4284.895046,3725.609319,33153.25779,FALSE,FALSE,NA,FALSE
efflux RND transporter periplasmic adaptor subunit,LBJ_RS11455,4132.492285,1.41754E-11,0.654732221,0.09315826,3321.743816,3163.176478,3048.098027,3308.716104,5478.330777,5284.21361,4644.840007,4810.819464,33059.93828,TRUE,FALSE,NA,FALSE
hypothetical protein,LBJ_RS18805,4114.863213,0.002039403,-0.363599114,0.110648307,5215.57089,4746.952252,4418.029724,4143.285056,3773.794519,3189.080026,3761.338738,3670.854498,32918.9057,TRUE,FALSE,NA,FALSE
hypothetical protein,LBJ_RS11625,4111.991242,2.27484E-10,0.813776792,0.12315076,3502.858255,2520.041011,2708.929453,3195.403909,5128.610191,5082.596291,5229.535292,5527.95553,32895.92993,TRUE,FALSE,NA,FALSE
dehydrogenase,LBJ_RS07125,4111.659409,3.41944E-05,0.560491402,0.128353773,3052.697003,3271.0949,3307.722179,3659.491248,3905.994526,5256.615802,5002.201632,5437.457978,32893.27527,TRUE,FALSE,NA,FALSE
WYL domain-containing protein,LBJ_RS14270,4106.485486,0.000383372,0.552555063,0.146866432,3602.602439,2989.631987,2791.788225,3933.411164,4269.778942,4459.345796,5144.285169,5661.040166,32851.88389,TRUE,FALSE,NA,FALSE
SUMF1/EgtB/PvdO family nonheme iron enzyme,LBJ_RS01720,4106.462519,9.69842E-07,0.624503983,0.121609144,3051.38458,3447.556106,2845.922623,3580.665373,4286.655538,4949.973492,5526.619052,5162.923386,32851.70015,TRUE,FALSE,NA,FALSE
hypothetical protein,LBJ_RS07300,4102.50657,3.33688E-08,0.659253228,0.114180082,3368.991061,2940.047846,2737.653828,3676.241747,5073.292458,5162.323292,4987.562722,4873.939606,32820.05256,TRUE,FALSE,NA,FALSE
catalase,LBJ_RS08780,4100.309039,0.012614294,0.515262093,0.192390787,3198.376009,3505.890388,3990.478461,2808.171798,6656.879773,5003.635896,3937.005657,3702.034327,32802.47231,TRUE,FALSE,NA,FALSE
flagellar biosynthetic protein FliO,LBJ_RS08945,4097.157987,0.636429419,0.063450538,0.114775894,4102.635783,4357.570915,3593.861138,3975.780072,3811.298067,3835.328695,4790.367994,4310.421233,32777.2639,FALSE,FALSE,NA,FALSE
transcriptional repressor,LBJ_RS08790,4090.096525,4.03844E-08,-1.601878014,0.279076384,4477.988897,6771.15186,10225.87725,3137.269826,2053.319254,1922.647285,2271.614375,1860.903451,32720.7722,TRUE,TRUE,TRUE,TRUE
ABC transporter ATP-binding protein,LBJ_RS10490,4071.489498,5.55013E-09,-0.677147924,0.111231369,5185.38515,5339.045221,4883.143631,4632.005481,3573.150537,3230.476738,2967.393153,2761.316072,32571.91598,TRUE,FALSE,NA,FALSE
methylcrotonoyl-CoA carboxylase,LBJ_RS02055,4066.497934,0.599411733,0.04647586,0.075801874,4006.82887,4137.358998,3860.113993,4000.413158,4245.401636,4244.696179,4116.117025,3921.053613,32531.98347,FALSE,FALSE,NA,FALSE
4Fe-4S dicluster domain-containing protein,LBJ_RS16205,4062.336297,0.000474496,-0.416648696,0.112503513,4953.086195,5077.999306,4026.93632,4522.63458,3883.492397,3312.503556,3267.921362,3454.116662,32498.69038,TRUE,FALSE,NA,FALSE
PGAP1-like protein,LBJ_RS09090,4052.762771,0.130042657,-0.16354539,0.098235789,4592.16974,3867.562941,4294.293958,4372.865417,4156.330709,3761.73454,3862.949995,3514.194869,32422.10217,FALSE,FALSE,NA,FALSE
tyrosine recombinase XerC,LBJ_RS07110,4052.061374,0.000113028,0.357305492,0.087615462,3576.35397,3447.556106,3589.442004,3596.430548,4985.15912,4220.9314,4382.200741,4618.417105,32416.49099,TRUE,FALSE,NA,FALSE
peptide chain release factor 3,LBJ_RS11065,4050.130589,0.001650949,0.456396409,0.136207506,3117.005754,3500.05696,3138.690284,3902.866137,3930.371832,5130.125849,5383.674402,4298.253495,32401.04471,TRUE,FALSE,NA,FALSE
PaaI family thioesterase,LBJ_RS12995,4042.446173,0.012121204,-0.262432397,0.09747945,4509.487061,4345.904059,3980.535408,4800.495789,3439.075353,3568.549885,3763.060962,3932.460868,32339.56938,TRUE,FALSE,NA,FALSE
ABC transporter substrate-binding protein,LBJ_RS04680,4041.158335,2.6701E-05,0.558901071,0.126337201,3376.865602,3169.009906,2723.29164,3802.363147,4272.591708,4900.144117,5195.090798,4889.909762,32329.26668,TRUE,FALSE,NA,FALSE
carboxylating nicotinate-nucleotide diphosphorylase,LBJ_RS04670,4031.592432,0.113787961,0.231773955,0.133522916,3601.290016,3705.685306,3573.975033,3953.117633,3344.378894,4736.090481,4915.229285,4422.972811,32252.73946,FALSE,FALSE,NA,FALSE
OmpA family protein,LBJ_RS15650,4025.211325,0.000430477,-0.624952846,0.167534387,4963.585583,4216.11028,3892.152718,6461.751106,3062.164696,2831.075129,3114.643364,3660.207727,32201.6906,TRUE,FALSE,NA,FALSE
50S ribosomal protein L11 methyltransferase,LBJ_RS12300,4024.187046,0.085486392,-0.242729544,0.129009696,4040.95188,4815.495034,4204.806484,4387.645269,2978.719301,3893.590733,4240.978316,3631.309349,32193.49637,FALSE,FALSE,NA,FALSE
tRNA dihydrouridine synthase DusB,LBJ_RS00050,4015.940409,1.71971E-14,-0.645955866,0.081196009,4853.342011,4971.53924,4589.271186,5186.742577,3095.917889,3249.641882,3168.03233,3013.036155,32127.52327,TRUE,FALSE,NA,FALSE
BolA/IbaG family iron-sulfur metabolism protein,LBJ_RS10410,4005.868271,0.090430888,-0.454059451,0.24506789,5272.0051,4242.360707,5518.394217,3491.00094,5481.143543,2873.238446,2555.78145,2613.021764,32046.94617,FALSE,FALSE,NA,FALSE
acetyl-CoA C-acetyltransferase,LBJ_RS03200,4000.46731,5.94647E-16,1.037814315,0.123802929,2593.348787,2595.875579,2295.740377,2996.368575,5032.038555,5874.500057,5878.814003,4737.052552,32003.73848,TRUE,FALSE,NA,FALSE
CRISPR-associated helicase/endonuclease Cas3,LBJ_RS13495,3992.687099,1.23805E-26,1.549477534,0.140825796,2174.685698,1973.157111,1984.191394,2001.191902,7679.789045,5277.314158,5530.063501,5321.103982,31941.49679,TRUE,FALSE,NA,FALSE
C40 family peptidase,LBJ_RS07000,3985.059968,0.726384026,-0.055393784,0.13449069,3682.660271,3997.35672,3928.610577,4636.932099,3380.007265,4646.397605,4111.811464,3496.703746,31880.47975,FALSE,FALSE,NA,FALSE
sulfate adenylyltransferase,LBJ_RS15615,3984.904815,0.091709439,-0.25041366,0.13567961,3790.278996,4822.786819,5015.717666,3691.021598,3825.361898,3254.241517,3954.227904,3525.602124,31879.23852,FALSE,FALSE,NA,FALSE
FliG protein,LBJ_RS05840,3981.276717,3.50795E-12,1.008332015,0.139453392,2652.407843,2699.41893,2219.510307,3004.251162,4845.458404,5704.313575,6180.203324,4544.650192,31850.21374,TRUE,FALSE,NA,FALSE
OmpA family protein,LBJ_RS15800,3977.704382,0.433328408,-0.177479255,0.198221328,4424.179535,3745.060947,3606.013758,5112.843319,2882.147665,2974.430409,3883.616691,5193.342732,31821.63506,FALSE,FALSE,NA,FALSE
efflux RND transporter periplasmic adaptor subunit,LBJ_RS11720,3974.871278,0.004947886,0.453676653,0.150978165,2962.139783,3625.475668,3063.564998,3768.86215,3705.350544,5269.6481,5288.952044,4114.97694,31798.97023,TRUE,FALSE,NA,FALSE
PAS domain S-box protein,LBJ_RS14870,3970.991951,7.50086E-09,-0.517344887,0.085700387,4586.920046,4939.455385,4840.05707,4336.40845,3380.944854,3368.465777,3213.671284,3102.01274,31767.93561,TRUE,FALSE,NA,FALSE
OmpA family protein,LBJ_RS00250,3962.574027,0.88978159,-0.017064059,0.105095991,4090.823972,4248.194135,3813.71308,3792.509912,4086.011556,3381.498075,4042.061363,4245.780125,31700.59222,FALSE,FALSE,NA,FALSE
DUF4256 domain-containing protein,LBJ_RS10815,3956.400658,0.003144446,-1.356630895,0.430478948,5790.412372,6141.141608,6333.724533,4497.01617,3954.749138,2446.239029,1220.196198,1267.726217,31651.20527,TRUE,FALSE,NA,FALSE
aspartate aminotransferase family protein,LBJ_RS10225,3954.138759,2.1696E-11,0.858371178,0.123263339,2998.887641,2754.836499,2278.063839,3213.139731,4879.211597,4980.637723,5455.146727,5073.186318,31633.11007,TRUE,FALSE,NA,FALSE
GNAT family N-acetyltransferase,LBJ_RS12905,3953.886753,0.483035125,-0.062333888,0.077180706,3938.582849,4054.232645,4052.346344,4110.769383,3930.371832,3831.495666,4071.339183,3641.95612,31631.09402,FALSE,FALSE,NA,FALSE
fructose-6-phosphate aldolase,LBJ_RS07340,3949.593822,3.96632E-14,0.966635326,0.123206248,2677.343889,2391.705589,2399.590038,3223.978289,4846.395992,5195.28734,5613.591399,5248.858037,31596.75057,TRUE,FALSE,NA,FALSE
WGR domain-containing protein,LBJ_RS20445,3941.482348,0.018343587,-0.334303567,0.131696399,4256.18933,4765.910894,4118.633361,4444.794028,2811.828513,3412.162307,4161.75598,3560.584371,31531.85878,TRUE,FALSE,NA,FALSE
VWA domain-containing protein,LBJ_RS00070,3941.203209,0.304274499,-0.131835066,0.114304549,3941.207696,4204.443423,4542.870274,3797.43653,3270.309387,3852.194022,3670.060829,4251.10351,31529.62567,FALSE,FALSE,NA,FALSE
hypothetical protein,LBJ_RS08665,3939.191583,5.1287E-05,0.388841536,0.091079916,3506.795526,3414.013893,3164.100308,3560.958904,4402.916537,4529.106921,4815.340252,4120.300325,31513.53267,TRUE,FALSE,NA,FALSE
4%2C5-DOPA dioxygenase extradiol,LBJ_RS01830,3938.850289,0.423652695,-0.148832659,0.162807158,4262.751447,4507.781693,4163.92949,3632.887515,4928.903798,3694.273232,3409.143787,2911.131348,31510.80231,FALSE,FALSE,NA,FALSE
hypothetical protein,LBJ_RS04630,3938.510884,6.46056E-09,0.900373739,0.148521053,2749.52718,2286.70388,2745.387313,3208.213114,4448.858384,5603.888219,4442.478605,6023.030376,31508.08707,TRUE,FALSE,NA,FALSE
hypothetical protein,LBJ_RS05585,3933.349626,2.12195E-11,-1.234106366,0.177119845,6243.198471,5012.373238,6122.710861,4700.978122,3223.429952,2133.463873,2011.558446,2019.084046,31466.79701,TRUE,FALSE,NA,FALSE
DegT/DnrJ/EryC1/StrS family aminotransferase,LBJ_RS02585,3929.77475,0.890220208,-0.020134141,0.124919519,3890.02318,4001.731791,3503.268881,4433.95547,3229.993073,4034.646196,4319.33954,4025.239871,31438.198,FALSE,FALSE,NA,FALSE
hypothetical protein,LBJ_RS13120,3927.328535,7.97234E-26,-1.375468907,0.127060804,5688.043341,5508.214641,6706.036616,4775.862703,2190.207204,1977.076295,2163.975332,2409.21215,31418.62828,TRUE,FALSE,NA,FALSE
NADH-quinone oxidoreductase subunit L,LBJ_RS02835,3925.500814,1.04057E-14,1.117125707,0.139270892,2568.412741,2394.622303,2035.011441,2910.645435,4660.75343,5079.529868,5696.258185,6058.773106,31404.00651,TRUE,FALSE,NA,FALSE
glycosyltransferase,LBJ_RS08355,3919.741985,2.35587E-38,1.961929773,0.147697067,1548.659701,1499.191064,1338.997756,2015.971754,5557.088227,6388.125927,7148.093604,5861.807845,31357.93588,TRUE,TRUE,TRUE,TRUE
hypothetical protein,LBJ_RS16115,3909.081491,5.64934E-05,-0.516286481,0.121609194,5256.256018,4401.321627,4262.255233,4485.192289,3440.950531,2841.80761,2959.643141,3625.22548,31272.65193,TRUE,FALSE,NA,FALSE
UvrD-helicase domain-containing protein,LBJ_RS07230,3905.585999,0.168668178,-0.167140331,0.110063624,4082.949431,4350.27913,3919.772308,4172.844759,4180.708015,3765.567569,3628.727436,3143.83934,31244.68799,FALSE,FALSE,NA,FALSE
metalloenzyme,LBJ_RS15205,3897.45564,0.003173607,-0.785771852,0.249563294,5055.455226,5219.459941,5639.920416,3818.128322,4526.678246,3005.861246,2062.364074,1851.777647,31179.64512,TRUE,FALSE,NA,FALSE
winged helix-turn-helix transcriptional regulator,LBJ_RS03855,3896.386107,0.003433151,-0.603976982,0.193329299,4702.413312,5449.880358,4806.913561,3841.776084,4239.776103,3055.690621,2914.865299,2159.773519,31171.08886,TRUE,FALSE,NA,FALSE
glutamate-5-semialdehyde dehydrogenase,LBJ_RS13745,3894.049081,0.100835793,-0.211593968,0.117686541,4382.181984,4493.198122,4051.24156,3790.539266,4155.39312,3701.93929,3440.143832,3137.755471,31152.39264,FALSE,FALSE,NA,FALSE
,LBJ_RS07170,3893.381948,0.091142259,0.195608095,0.105794973,3470.047668,3565.683028,4199.282566,3284.083018,4181.645604,4357.387228,4181.561564,3907.364908,31147.05558,FALSE,FALSE,NA,FALSE
response regulator transcription factor,LBJ_RS01950,3889.411453,8.56211E-19,-1.109316341,0.121139599,5214.258467,5782.385769,5669.749573,4594.563191,2824.954754,2463.104357,2182.919803,2383.355707,31115.29162,TRUE,FALSE,NA,FALSE
response regulator,LBJ_RS08570,3888.891522,0.71208969,-0.051016719,0.117743541,4096.073666,4119.858713,3973.906706,3640.770103,4594.184632,3552.451163,3583.949594,3549.9376,31111.13218,FALSE,FALSE,NA,FALSE
DNA polymerase I,LBJ_RS14145,3884.76367,3.05737E-09,0.841157312,0.135912115,2858.458329,2619.209292,2301.264295,3353.055659,4501.363351,4728.424423,5274.313134,5442.02088,31078.10936,TRUE,FALSE,NA,FALSE
hypothetical protein,LBJ_RS18825,3883.616116,0.000244441,0.299289454,0.077102954,3496.296138,3567.141385,3315.455664,3550.120347,4403.854126,4063.01061,4383.922966,4289.127692,31068.92893,TRUE,FALSE,NA,FALSE
YihY family inner membrane protein,LBJ_RS09780,3883.027333,7.4463E-22,1.240651082,0.125000129,2367.611949,2095.659105,1981.981827,2789.450653,5143.611611,5570.92417,5444.813379,5670.16597,31064.21866,TRUE,FALSE,NA,FALSE
tRNA dihydrouridine(20/20a) synthase DusA,LBJ_RS01645,3882.747412,9.19166E-05,-0.375605656,0.090960714,4278.500529,4587.991332,4234.635642,4440.852735,3352.817193,3701.172684,3380.72708,3085.2821,31061.97929,TRUE,FALSE,NA,FALSE
ABC transporter ATP-binding protein,LBJ_RS10395,3881.302936,1.03305E-05,0.479673229,0.103364375,3371.615908,3295.886971,2838.189138,3462.426561,4275.404474,4529.873527,4951.396003,4325.630906,31050.42349,TRUE,FALSE,NA,FALSE
indole-3-glycerol-phosphate synthase,LBJ_RS04410,3876.250426,0.226102283,0.203772005,0.151409436,3704.97147,3432.972535,3263.530834,4010.266392,3327.502298,3613.01302,4643.117783,5014.629078,31010.00341,FALSE,FALSE,NA,FALSE
tyrosine--tRNA ligase,LBJ_RS07635,3873.710759,1.71011E-06,0.61613808,0.122686567,3176.06481,2926.922633,2717.767722,3414.145712,4101.012976,4381.918612,5277.757583,4994.09602,30989.68607,TRUE,FALSE,NA,FALSE
class I SAM-dependent methyltransferase,LBJ_RS14225,3858.866458,0.521091015,0.062232637,0.083906495,3880.836216,3730.477376,3844.647022,3646.682044,3882.554808,3952.619378,4253.895001,3679.219818,30870.93166,FALSE,FALSE,NA,FALSE
peptide MFS transporter,LBJ_RS06995,3853.53896,0.036731072,0.276439137,0.122357467,3320.431392,3177.760048,3389.476167,4051.649977,4607.310874,4608.833922,3887.922253,3784.927043,30828.31168,TRUE,FALSE,NA,FALSE
alpha/beta fold hydrolase,LBJ_RS02925,3849.597908,0.061905671,-0.208396968,0.102554078,4535.73553,3877.77144,3649.10032,4445.779352,3519.707981,3533.286019,3509.03282,3726.369803,30796.78327,FALSE,FALSE,NA,FALSE
bifunctional glutamate--cysteine ligase GshA/glutathione synthetase GshB,LBJ_RS10425,3844.313308,0.443191769,0.182092859,0.207602473,3519.91976,3966.731221,3603.804191,3317.584015,5738.980435,4635.665124,3238.643542,2733.178178,30754.50647,FALSE,FALSE,NA,FALSE
SpoIIE family protein phosphatase,LBJ_RS09255,3838.452096,2.49536E-06,-0.730782124,0.147848345,4493.737979,5340.503578,5295.227924,4031.943508,3305.937758,3034.992265,2932.948659,2272.325096,30707.61677,TRUE,FALSE,NA,FALSE
adenylosuccinate synthase,LBJ_RS14800,3837.379654,0.002876312,0.507154077,0.159484808,3038.260345,3166.093192,2778.530822,3695.948215,3521.583159,4029.279956,4976.368261,5492.973283,30699.03723,TRUE,FALSE,NA,FALSE
cyclic diguanylate phosphodiesterase,LBJ_RS09595,3836.085701,1.11099E-05,0.511168515,0.110547359,2777.088073,3376.096609,3150.842904,3350.099689,4089.761911,4302.191612,4624.173311,5018.431496,30688.68561,TRUE,FALSE,NA,FALSE
SDR family oxidoreductase,LBJ_RS00225,3835.604336,0.267129149,0.181009257,0.146025852,3439.861928,3393.596894,3431.457945,4115.696,3360.317902,3625.278712,4298.672843,5019.952463,30684.83469,FALSE,FALSE,NA,FALSE
hypothetical protein,LBJ_RS15265,3825.919125,0.913726351,-0.017756665,0.140759682,4344.121703,3641.517595,3399.41922,4013.222362,3604.090964,3241.975824,3670.060829,4692.944501,30607.353,FALSE,FALSE,NA,FALSE
beta-ketoacyl-ACP reductase,LBJ_RS02505,3825.468545,3.07514E-21,0.937798957,0.09591717,2719.341441,2540.45801,2598.451091,2638.696167,4482.611577,4998.269656,5066.785058,5559.135359,30603.74836,TRUE,FALSE,NA,FALSE
RluA family pseudouridine synthase,LBJ_RS00880,3821.256322,4.49397E-05,-0.446927895,0.103918088,4361.183208,4496.114836,4785.922672,3991.545247,3050.913631,2965.997745,3405.699338,3512.673902,30570.05058,TRUE,FALSE,NA,FALSE
decaprenyl-phosphate phosphoribosyltransferase,LBJ_RS02120,3820.491688,0.344510667,0.117345944,0.11007262,3606.53971,3333.804254,3718.701688,4000.413158,3579.713658,3795.465194,4012.783544,4516.512298,30563.9335,FALSE,FALSE,NA,FALSE
hypothetical protein,LBJ_RS13950,3819.397918,5.14242E-55,-1.306449326,0.081886663,5775.975714,5409.04636,5094.157304,5479.383638,2151.766067,2247.688134,2271.614375,2125.551755,30555.18335,TRUE,FALSE,NA,FALSE
DUF1577 domain-containing protein,LBJ_RS08405,3812.672544,0.572901319,-0.087091741,0.132766711,4128.884253,4219.026994,4058.975045,3304.774811,4461.047037,3432.094057,3342.838136,3553.740018,30501.38035,FALSE,FALSE,NA,FALSE
hypothetical protein,LBJ_RS17110,3811.481994,0.136870119,-0.452571025,0.276351876,3602.602439,4669.659327,6319.362346,3025.928278,4724.509461,3791.632165,2120.058602,2238.103333,30491.85595,FALSE,FALSE,NA,FALSE
lysine--tRNA ligase,LBJ_RS08365,3811.432341,2.76896E-14,1.27347066,0.161315375,2193.059627,2202.119171,1737.824645,2788.465329,4457.296682,5232.084417,6211.203369,5669.405486,30491.45873,TRUE,FALSE,NA,FALSE
hypothetical protein,LBJ_RS16020,3806.895244,7.72829E-20,-1.550699708,0.164518355,6097.519466,5019.665023,4655.558204,6930.765062,2348.659695,1575.374869,1868.613796,1959.005839,30455.16195,TRUE,FALSE,NA,FALSE
DegT/DnrJ/EryC1/StrS family aminotransferase,LBJ_RS06210,3801.672437,1.23563E-05,0.498036394,0.108289933,2968.701901,2921.089204,3587.232437,3129.387239,3962.249848,4693.160557,4541.506525,4610.051785,30413.3795,TRUE,FALSE,NA,FALSE
hypothetical protein,LBJ_RS10500,3799.771703,1.3766E-05,-0.618309158,0.135165326,4117.072442,5169.875801,5154.920403,3965.926837,3241.244137,3323.236037,2725.420583,2700.477382,30398.17362,TRUE,FALSE,NA,FALSE
DnaJ domain-containing protein,LBJ_RS03630,3797.35533,0.073279091,-0.169668272,0.086824592,3837.526241,4331.320488,3908.724472,4004.354452,3846.926438,3436.693691,3502.143921,3511.152935,30378.84264,FALSE,FALSE,NA,FALSE
hypothetical protein,LBJ_RS16275,3795.376292,0.004934214,-0.329318438,0.109556672,4374.307443,4561.740904,3525.364554,4446.764675,3163.424275,3453.559018,3478.032775,3359.816692,30363.01034,TRUE,FALSE,NA,FALSE
phenylalanine--tRNA ligase subunit alpha,LBJ_RS15920,3795.211648,1.94014E-09,1.001575697,0.15991357,2686.530854,2467.540157,1984.191394,2974.691459,4146.017233,4649.464028,5938.230755,5515.027309,30361.69319,TRUE,FALSE,NA,FALSE
hypothetical protein,LBJ_RS04305,3791.398376,3.6685E-24,1.278213053,0.12224212,2199.621744,2046.074964,2020.649254,2586.474024,4634.500946,5656.784017,5775.480521,5411.601534,30331.18701,TRUE,FALSE,NA,FALSE
protein translocase subunit SecF,LBJ_RS11840,3790.574011,1.34132E-08,0.690430716,0.116291132,2970.014324,2743.169642,2563.098015,3324.481279,4218.211563,4536.772979,4916.951509,5051.892776,30324.59209,TRUE,FALSE,NA,FALSE
putative lipoprotein,LBJ_RS12580,3790.432481,1.1644E-26,1.054123016,0.095741834,2664.219655,2168.576958,2492.391862,2529.325265,5206.430053,5344.008861,4909.201498,5009.305692,30323.45984,TRUE,FALSE,NA,FALSE
hypothetical protein,LBJ_RS08770,3788.113085,0.24039361,-0.316592454,0.242186793,3729.907516,5007.998167,4946.116298,3124.460622,4451.67115,4019.314081,3112.060027,1913.376821,30304.90468,FALSE,FALSE,NA,FALSE
hypothetical protein,LBJ_RS02190,3783.496129,0.004456558,0.337168816,0.110923963,3366.366214,3414.013893,3063.564998,3530.413878,3726.915084,4033.112985,4290.06172,4843.52026,30267.96903,TRUE,FALSE,NA,FALSE
peptidase M14,LBJ_RS01725,3777.089155,1.69717E-14,0.716907318,0.090088317,2842.709247,2862.754922,2643.747219,3080.121067,4503.238528,4968.372031,4827.395825,4488.374404,30216.71324,TRUE,FALSE,NA,FALSE
SIMPL domain-containing protein,LBJ_RS09730,3776.994083,0.032975794,0.39527244,0.171503056,3014.636722,3791.728373,3854.590074,2391.379984,4327.909441,4100.574293,5090.896204,3644.237571,30215.95266,TRUE,FALSE,NA,FALSE
lipoprotein,LBJ_RS13165,3776.948698,0.000604065,0.36934669,0.101542224,3299.432617,3409.638822,3055.831512,3420.057653,3906.932115,3991.716273,4777.451309,4354.529284,30215.58958,TRUE,FALSE,NA,FALSE
hypothetical protein,LBJ_RS02015,3768.133823,0.001135782,0.501870619,0.145056932,3233.811443,3362.971396,3149.73812,2732.301893,3660.346286,3813.097127,5004.784969,5188.019346,30145.07058,TRUE,FALSE,NA,FALSE
EAL domain-containing protein,LBJ_RS12990,3764.621823,0.735658494,0.076668942,0.193851124,3702.346623,3660.476237,3896.571852,3398.380537,5687.413057,3719.571222,3028.532129,3023.682926,30116.97458,FALSE,FALSE,NA,FALSE
,LBJ_RS01265,3762.39387,0.799274418,-0.036446513,0.121257232,3769.280221,3650.267738,3537.517173,4282.215661,3103.418598,3668.975241,4045.505813,4041.970511,30099.15096,FALSE,FALSE,NA,FALSE
penicillin-binding protein 2,LBJ_RS09535,3761.91235,5.93355E-07,0.818378253,0.156329963,2420.108888,2627.959434,2599.555874,3241.714111,3737.22856,4464.712036,5705.73042,5298.289473,30095.2988,TRUE,FALSE,NA,FALSE
protein kinase,LBJ_RS16955,3757.468523,0.002079095,0.286523151,0.087346004,3464.797974,3376.096609,3382.847466,3318.569339,4042.882476,4020.080686,4569.923233,3884.550399,30059.74818,TRUE,FALSE,NA,FALSE
hypothetical protein,LBJ_RS16415,3753.399775,4.21333E-06,0.844259862,0.174705206,2619.597256,2609.000792,2793.997793,2719.492689,3435.324998,4371.952737,4990.146059,6487.685875,30027.1982,TRUE,FALSE,NA,FALSE
flagellar motor switch protein FliG,LBJ_RS10770,3752.758601,3.76284E-09,0.816701893,0.132712877,2694.405395,2654.209861,2303.473862,3219.051672,4209.773265,5052.698666,5348.368796,4540.087291,30022.06881,TRUE,FALSE,NA,FALSE
metalloregulator ArsR/SmtB family transcription factor,LBJ_RS17090,3747.800008,0.165382087,0.235035659,0.153576353,3627.538485,3956.522722,3684.453396,2506.662826,4047.57042,3731.070309,3814.727703,4613.854203,29982.40006,FALSE,FALSE,NA,FALSE
N-6 DNA methylase,LBJ_RS02720,3741.260479,7.96816E-07,-0.644039168,0.124444542,4853.342011,4431.947125,4204.806484,4762.068175,2448.981686,2916.934976,2850.281873,3461.721499,29930.08383,TRUE,FALSE,NA,FALSE
glycosyl hydrolase,LBJ_RS12185,3736.119149,0.849586256,-0.031196461,0.138847526,3468.735245,3755.269447,4107.585525,3774.774091,2929.0271,3484.223249,3958.533466,4410.805073,29888.9532,FALSE,FALSE,NA,FALSE
general secretion pathway protein GspC,LBJ_RS07840,3731.735872,0.14264155,-0.232435203,0.143851513,3543.543383,4854.870675,4268.883935,3460.455914,3990.377509,3129.284775,3124.976712,3481.494073,29853.88698,FALSE,FALSE,NA,FALSE
hypothetical protein,LBJ_RS09995,3728.97636,0.26760669,0.102429181,0.082715872,3572.416699,3607.975383,3775.045653,3431.881534,3933.184598,3989.416455,3578.78292,3943.107639,29831.81088,FALSE,FALSE,NA,FALSE
serine protease,LBJ_RS04250,3727.22079,7.68827E-06,-0.530772116,0.112815846,4560.671576,4534.03212,4685.387362,3840.790761,3480.329256,2936.10012,2987.198737,2793.256385,29817.76632,TRUE,FALSE,NA,FALSE
nicotinamide-nucleotide amidohydrolase family protein,LBJ_RS06650,3724.494406,0.006228769,0.367197293,0.125483749,3025.13611,3486.931746,2813.883898,3686.094981,3891.930695,4391.117882,4687.034512,3813.825421,29795.95525,TRUE,FALSE,NA,FALSE
flagellar protein FlgN,LBJ_RS16325,3721.113149,0.01163846,-0.297000352,0.109709013,4052.763691,3956.522722,3744.111712,4656.638567,3317.188822,3020.426755,3335.949238,3685.303687,29768.90519,TRUE,FALSE,NA,FALSE
AtpZ/AtpI family protein,LBJ_RS09670,3720.129135,0.001913013,-0.527297463,0.15947431,4069.825197,4579.241189,4986.993292,3933.411164,3721.289552,3360.033114,2790.004009,2320.235565,29761.03308,TRUE,FALSE,NA,FALSE
YceI family protein,LBJ_RS14725,3713.906578,3.16382E-11,0.720242829,0.104257568,2917.517385,3034.841056,2626.070681,2646.578754,4958.906637,4942.307434,4164.339317,4420.69136,29711.25262,TRUE,FALSE,NA,FALSE
twin-arginine translocase TatA/TatE family subunit,LBJ_RS08710,3713.030834,0.001223615,-0.714626073,0.207874914,4719.474817,5487.797642,4454.487584,3795.465883,3781.295229,3133.117804,2519.614731,1812.992982,29704.24667,TRUE,FALSE,NA,FALSE
SMC-Scp complex subunit ScpB,LBJ_RS05165,3712.257129,2.37683E-08,0.527030877,0.090299073,2950.327972,3237.552688,2814.988681,3163.873559,4677.630026,4168.802207,4420.089684,4264.792215,29698.05703,TRUE,FALSE,NA,FALSE
potassium transporter Kef,LBJ_RS16130,3710.134275,0.665182488,0.056786802,0.111930004,3531.731572,3485.473389,4081.070718,3450.602679,3320.001588,3910.456061,3679.533065,4222.205132,29681.0742,FALSE,FALSE,NA,FALSE
aminopeptidase N,LBJ_RS12730,3707.446125,0.000124643,0.302376813,0.074610134,3248.248101,3360.054682,3188.405547,3484.103676,4018.50517,4068.37685,4180.700451,4111.174522,29659.569,TRUE,FALSE,NA,FALSE
hypothetical protein,LBJ_RS14125,3703.054918,0.982877033,0.004278438,0.171318402,3540.918536,4051.315931,4076.651583,3121.504651,4740.448469,4034.646196,3203.337936,2855.616043,29624.43935,FALSE,FALSE,NA,FALSE
class I SAM-dependent methyltransferase,LBJ_RS06240,3699.652701,0.653843948,0.091329057,0.173711951,4342.809279,2903.58892,3596.070706,3487.059647,4840.77046,3193.679661,3145.643409,4087.599529,29597.22161,FALSE,FALSE,NA,FALSE
hypothetical protein,LBJ_RS20835,3699.158334,7.11761E-07,-0.5198115,0.099990941,4933.399843,4235.068921,4163.92949,4102.886795,2856.83277,2934.566908,3161.143431,3205.438514,29593.26667,TRUE,FALSE,NA,FALSE
DNA mismatch repair protein MutS,LBJ_RS07095,3694.729087,0.811862934,0.03766346,0.133296365,3544.855806,3815.062086,3904.305338,3321.525309,4394.478239,3857.560262,3738.949817,2981.095842,29557.8327,FALSE,FALSE,NA,FALSE
,LBJ_RS08850,3681.430504,0.69182269,-0.252600661,0.544857006,4651.228796,4643.4089,4556.127678,2160.814299,6849.085457,3242.74243,1779.919224,1568.117252,29451.44404,FALSE,FALSE,NA,FALSE
D-alanine--D-alanine ligase,LBJ_RS10645,3677.925739,0.00570145,0.621648756,0.210276437,2602.535751,3018.799128,2448.200517,3520.560644,2915.900858,5402.2709,5713.480432,3801.657683,29423.40591,TRUE,FALSE,NA,FALSE
phenylalanine--tRNA ligase subunit beta,LBJ_RS01270,3669.422226,0.000182666,0.516114985,0.130479522,3152.441187,2856.921494,2555.364529,3514.648703,3740.978915,4317.523727,4448.506392,4768.992864,29355.37781,TRUE,FALSE,NA,FALSE
hypothetical protein,LBJ_RS16795,3666.334572,0.094595773,-0.258142911,0.140983641,4088.199125,4522.365264,4109.795092,3254.523315,3555.336352,2947.599207,3873.283343,2979.574875,29330.67657,FALSE,FALSE,NA,FALSE
cysteine--tRNA ligase,LBJ_RS09080,3655.651618,0.01949129,0.365490712,0.145353514,3027.760957,3330.88754,2910.000073,3511.692733,3234.681016,3934.22084,5028.896115,4267.073666,29245.21294,TRUE,FALSE,NA,FALSE
UDP-N-acetylmuramoyl-tripeptide--D-alanyl-D-alanine ligase,LBJ_RS05330,3652.895419,0.045659862,0.230030906,0.10610515,3536.981266,3467.973104,3033.73584,3411.189742,3845.988849,4065.310427,4367.561831,3494.422295,29223.16335,TRUE,FALSE,NA,FALSE
zinc-binding dehydrogenase,LBJ_RS01090,3645.537086,0.000997215,-0.296420445,0.084749859,4119.697289,3920.063795,3767.312168,4267.435809,3320.001588,3360.033114,3075.032196,3334.720732,29164.29669,TRUE,FALSE,NA,FALSE
methylglyoxal synthase,LBJ_RS04810,3639.442248,0.001651092,-0.383389264,0.114425501,4097.38609,4412.988484,4100.956823,3869.365141,3644.407279,3173.74791,3121.532263,2695.153996,29115.53799,TRUE,FALSE,NA,FALSE
pilus assembly protein PilM,LBJ_RS07795,3638.804987,2.24643E-12,0.697789049,0.095643517,2758.714145,2609.000792,2677.995512,3054.502657,4281.030006,4870.246491,4569.062121,4289.888175,29110.4399,TRUE,FALSE,NA,FALSE
holo-[acyl-carrier-protein] synthase,LBJ_RS05010,3635.618819,0.102577115,-0.18815201,0.105136968,3823.089583,4321.111988,3818.132215,3528.443231,3535.646989,3202.87893,3701.921986,3153.725627,29084.95055,FALSE,FALSE,NA,FALSE
paraslipin,LBJ_RS10595,3634.510793,0.000114007,0.449566563,0.110317457,3071.070932,2875.880135,2767.482985,3574.753433,4028.818646,4007.814994,4270.256136,4480.009084,29076.08634,TRUE,FALSE,NA,FALSE
hypothetical protein,LBJ_RS14520,3633.691248,4.19132E-07,-0.652560527,0.123087265,4791.658108,4417.363555,4731.788274,3826.996233,3097.793066,2835.674763,2381.836756,2986.419228,29069.52998,TRUE,FALSE,NA,FALSE
YajQ family cyclic di-GMP-binding protein,LBJ_RS13180,3633.635479,6.52787E-21,-1.055196934,0.108810629,4938.649537,5457.172143,4444.544531,4785.715938,2231.461107,2411.74177,2632.420449,2167.378355,29069.08383,TRUE,FALSE,NA,FALSE
SGNH/GDSL hydrolase family protein,LBJ_RS17405,3628.121111,3.42402E-12,0.908449189,0.125572566,2615.659986,2470.456871,2249.339464,2752.993685,3920.058356,4814.28427,5410.368885,4791.807373,29024.96889,TRUE,FALSE,NA,FALSE
symporter,LBJ_RS08860,3623.41815,1.7585E-19,1.585693106,0.169888916,1897.764345,1757.320265,1392.02737,2196.285943,4780.764783,5974.158808,6488.481545,4500.542142,28987.3452,TRUE,TRUE,TRUE,TRUE
flagellar motor protein MotB,LBJ_RS01855,3622.999916,0.057747036,0.385217078,0.186684626,3141.9418,3064.008197,2581.879336,3780.686031,3022.78597,3498.788759,4692.201186,5201.708052,28983.99933,FALSE,FALSE,NA,FALSE
rhomboid family intramembrane serine protease,LBJ_RS11095,3622.12377,0.086289327,-0.24657399,0.131391121,3712.846011,3701.310235,3686.662963,4622.152247,2709.631344,3586.181818,3538.31064,3419.894899,28976.99016,FALSE,FALSE,NA,FALSE
DNA polymerase III subunit gamma/tau,LBJ_RS16525,3618.261427,6.0126E-07,-0.525768891,0.100488719,4208.942085,4170.901211,4761.617432,3939.323105,3235.618605,2988.229313,2793.448458,2848.011207,28946.09141,TRUE,FALSE,NA,FALSE
1-acyl-sn-glycerol-3-phosphate acyltransferase,LBJ_RS06890,3617.239607,4.63461E-05,0.468958213,0.109239445,3260.059912,3113.592337,2514.487535,3250.582022,4203.210144,4145.804034,4097.172554,4353.008317,28937.91685,TRUE,FALSE,NA,FALSE
hypothetical protein,LBJ_RS06820,3617.116155,0.000177267,0.496678414,0.125312885,2988.388253,2889.005349,2785.159524,3339.261131,3585.33919,3997.849119,4420.950797,4930.975878,28936.92924,TRUE,FALSE,NA,FALSE
hypothetical protein,LBJ_RS00085,3614.937837,0.010553744,-0.518122109,0.188841745,4065.887926,4095.066643,3230.387325,5637.035388,2424.604379,2575.0288,3247.254666,3644.237571,28919.5027,TRUE,FALSE,NA,FALSE
iron-containing alcohol dehydrogenase,LBJ_RS06165,3614.180238,2.93311E-07,0.630444084,0.117350795,2669.469349,2598.792293,3282.312156,2795.362593,3847.864027,4690.86074,4694.784523,4333.996226,28913.44191,TRUE,FALSE,NA,FALSE
SpoIIE family protein phosphatase,LBJ_RS17125,3613.898479,0.25190885,0.224118489,0.175580848,3374.240755,3288.595185,3023.792787,3648.65269,2868.083835,3251.175094,4503.617582,4953.029904,28911.18783,FALSE,FALSE,NA,FALSE
copper-translocating P-type ATPase,LBJ_RS03305,3613.177625,0.471347051,-0.373481054,0.449780545,4148.570605,4674.034399,4327.437467,3162.888236,5927.435764,3260.374363,1822.113729,1582.566441,28905.421,FALSE,FALSE,NA,FALSE
DNA polymerase III subunit beta,LBJ_RS00025,3605.32909,0.000352445,0.501558126,0.132515753,3370.303484,2512.749226,2900.057021,3155.005648,4687.943502,4533.706556,3570.171796,4112.695489,28842.63272,TRUE,FALSE,NA,FALSE
glutaredoxin,LBJ_RS10420,3600.927212,0.000168904,-0.649139936,0.163298047,4307.373846,4622.991901,5055.489877,3604.313136,3670.659762,2588.827704,2422.309036,2535.452433,28807.41769,TRUE,FALSE,NA,FALSE
hypothetical protein,LBJ_RS12510,3597.50957,1.29249E-12,0.746143097,0.101154733,2729.840828,2537.541296,3011.640167,2470.205859,4658.878252,4315.990516,4270.256136,4785.723504,28780.07656,TRUE,FALSE,NA,FALSE
3-methyl-2-oxobutanoate hydroxymethyltransferase,LBJ_RS01930,3595.896488,6.2845E-05,-0.525088255,0.124413464,4400.555912,4644.867257,3877.790531,4049.67933,3459.702305,3020.426755,2790.865121,2523.284695,28767.17191,TRUE,FALSE,NA,FALSE
(2Fe-2S)-binding protein,LBJ_RS01315,3594.876004,2.42688E-05,-0.850347105,0.19122513,4787.720837,4762.99418,5264.293982,3683.139011,3590.027134,2531.332271,2116.614152,2022.886465,28759.00803,TRUE,FALSE,NA,FALSE
septum formation initiator family protein,LBJ_RS08550,3579.058831,0.877645559,-0.015052166,0.082445991,3431.987388,3647.351024,3614.852027,3695.948215,3529.083868,3721.104434,3685.560851,3306.582837,28632.47065,FALSE,FALSE,NA,FALSE
cbb3-type cytochrome c oxidase subunit II,LBJ_RS08110,3576.645604,1.35044E-38,1.611194554,0.120898627,1691.71386,1869.613759,1599.726692,1895.762294,4491.049875,5452.866881,5621.34141,5991.090063,28613.16483,TRUE,TRUE,TRUE,TRUE
SDR family NAD(P)-dependent oxidoreductase,LBJ_RS08455,3576.246818,0.000621749,0.560788699,0.154503989,2765.276262,2931.297704,2317.836049,3544.208406,3590.964723,4390.351276,4989.284947,4080.755176,28609.97454,TRUE,FALSE,NA,FALSE
23S rRNA (uracil(1939)-C(5))-methyltransferase RlmD,LBJ_RS03675,3570.040318,0.073120856,-0.176125937,0.090078332,3606.53971,3902.56351,3925.296227,3715.654684,3435.324998,3148.44992,3647.671908,3178.821587,28560.32254,FALSE,FALSE,NA,FALSE
ParA family protein,LBJ_RS00175,3569.354374,6.1539E-09,0.607617821,0.100089577,3005.449758,2766.503355,2721.082073,2820.981003,4921.403089,4162.669361,4085.116981,4071.629373,28554.83499,TRUE,FALSE,NA,FALSE
tRNA-Gln,LBJ_RS14285,3559.550623,0.000141114,-0.580310122,0.144313699,4531.79826,4014.857004,3865.637911,4651.71195,2490.235588,2416.341404,2966.53204,3539.290829,28476.40499,TRUE,FALSE,NA,FALSE
cation transporter,LBJ_RS01490,3554.428724,0.161416879,0.181133919,0.11720048,3519.91976,3198.177047,3266.845185,3342.217101,3055.601575,3974.08434,4067.033621,4011.551166,28435.4298,FALSE,FALSE,NA,FALSE
FecR domain-containing protein,LBJ_RS17675,3554.218005,0.240637366,0.107227029,0.082074995,3510.732796,3561.307957,3381.742682,3236.787493,3830.049841,3824.596214,3566.727347,3521.799706,28433.74404,FALSE,FALSE,NA,FALSE
imidazole glycerol phosphate synthase subunit HisF,LBJ_RS09105,3553.25712,0.083329332,0.368387151,0.194486455,2631.409068,3758.186161,2660.318974,3358.9676,3129.671082,4837.282443,4943.645992,3106.575642,28426.05696,FALSE,FALSE,NA,FALSE
lipoprotein signal peptidase,LBJ_RS12475,3552.968682,1.18907E-05,0.633899256,0.137566079,2336.113786,2963.381559,2576.355418,3262.405903,3720.351963,4808.151424,4575.089907,4181.899499,28423.74946,TRUE,FALSE,NA,FALSE
adenylate/guanylate cyclase domain-containing protein,LBJ_RS18175,3550.998923,0.03770088,-0.246614922,0.109700671,3934.645579,3959.439436,3891.047934,3629.931545,3785.983172,3238.142795,2874.393019,3094.407904,28407.99138,TRUE,FALSE,NA,FALSE
transglutaminase,LBJ_RS14440,3539.739347,3.1363E-13,1.140980584,0.15072042,2246.86899,2063.575249,1827.312119,2695.844926,4011.00446,4749.122779,5224.368618,5499.817636,28317.91478,TRUE,FALSE,NA,FALSE
UTP--glucose-1-phosphate uridylyltransferase,LBJ_RS17220,3539.21175,0.840759467,-0.031436585,0.131663819,3435.924658,3661.934594,3501.059314,3712.698714,2960.905116,3089.421275,3710.533109,4241.217223,28313.694,FALSE,FALSE,NA,FALSE
MBL fold metallo-hydrolase,LBJ_RS10385,3533.303481,0.00134807,-0.284819095,0.083512917,3634.100603,4010.481933,3754.054764,4124.563911,3140.922146,3074.08916,3268.782475,3259.432852,28266.42784,TRUE,FALSE,NA,FALSE
,LBJ_RS15895,3528.480272,2.61623E-16,0.848444366,0.100015387,2643.220879,2381.49709,2338.826938,2714.566071,4808.892444,4702.359827,4094.589217,4543.889709,28227.84217,TRUE,FALSE,NA,FALSE
hypothetical protein,LBJ_RS17975,3527.325803,0.70203814,0.057347145,0.127955038,3547.480653,3430.055821,3805.979595,3045.634746,4113.201629,3855.260445,3034.559916,3386.433619,28218.60642,FALSE,FALSE,NA,FALSE
thioredoxin family protein,LBJ_RS04365,3524.071174,0.000718689,-0.46224928,0.128791847,4201.067544,4396.946556,3842.437455,3894.98355,3559.086707,3061.823467,2735.753931,2500.470186,28192.5694,TRUE,FALSE,NA,FALSE
PAS domain S-box protein,LBJ_RS09230,3510.443974,8.50932E-07,0.682271902,0.132166614,2619.597256,2660.04329,2654.795056,2847.584735,3360.317902,4273.060592,4855.812533,4812.340431,28083.5518,TRUE,FALSE,NA,FALSE
cyclic nucleotide-binding domain-containing protein,LBJ_RS09245,3510.292603,0.000285715,0.565097255,0.147116809,2500.16672,2964.839916,2985.12536,2876.159115,3093.105123,4394.184305,4613.839963,4654.920319,28082.34082,TRUE,FALSE,NA,FALSE
cobalamin-binding protein,LBJ_RS16160,3497.793391,6.92725E-07,-0.590389462,0.113436873,4341.496856,4270.069491,4171.662975,4030.958184,3300.312225,2815.743013,2487.753575,2564.350811,27982.34713,TRUE,FALSE,NA,FALSE
UDP-N-acetylglucosamine 2-epimerase (non-hydrolyzing),LBJ_RS06440,3494.459591,1.10398E-15,0.779689769,0.093859476,2565.787894,2471.915228,2354.293909,2895.865584,4439.482496,4440.180651,4425.256358,4362.894604,27955.67673,TRUE,FALSE,NA,FALSE
aldo/keto reductase,LBJ_RS06265,3490.445186,4.01918E-07,0.48511403,0.091348406,3040.885192,2636.709576,2861.389594,3094.900918,4236.025749,3915.822301,3923.227859,4214.600296,27923.56149,TRUE,FALSE,NA,FALSE
ATP-dependent DNA helicase RecQ,LBJ_RS01630,3487.895908,0.123606557,-0.178632084,0.10558259,3876.898946,3523.390673,3287.836074,4125.549234,3145.61009,3150.749737,3251.560228,3541.57228,27903.16726,FALSE,FALSE,NA,FALSE
tRNA pseudouridine(38-40) synthase TruA,LBJ_RS09410,3484.78934,0.386866629,-0.08875583,0.090427499,3501.545832,3847.145942,3639.157267,3381.630039,3217.80442,3222.044074,3646.810795,3422.17635,27878.31472,FALSE,FALSE,NA,FALSE
cell division protein FtsZ,LBJ_RS01755,3480.914512,0.26361715,0.188775602,0.151254072,3286.308382,3326.512469,2817.198249,3584.606667,2779.012908,3649.810097,4182.422676,4221.444648,27847.3161,FALSE,FALSE,NA,FALSE
lytic transglycosylase domain-containing protein,LBJ_RS04195,3477.334202,2.58927E-10,0.628371852,0.095387893,2691.780548,2928.38099,2537.687991,2770.729507,3997.878219,4023.14711,4649.145569,4219.923681,27818.67361,TRUE,FALSE,NA,FALSE
zinc-binding alcohol dehydrogenase,LBJ_RS06225,3472.286006,1.89162E-07,0.699580111,0.128215865,2610.410292,2129.201317,3124.328097,2719.492689,4199.459789,4338.988689,4059.28361,4597.123563,27778.28805,TRUE,FALSE,NA,FALSE
taurine dioxygenase,LBJ_RS13455,3469.344441,0.546047183,0.122755386,0.175127481,3010.699452,3432.972535,4310.865712,2533.266559,3507.519328,3015.060515,3627.866324,4316.505102,27754.75553,FALSE,FALSE,NA,FALSE
UDP-N-acetylmuramate--alanine ligase,LBJ_RS15915,3468.720692,7.60354E-06,0.776957399,0.165050988,2567.100317,2431.08123,2184.15723,3043.6641,3256.245557,4191.033774,5024.590553,5051.892776,27749.76554,TRUE,FALSE,NA,FALSE
ABC transporter ATP-binding protein,LBJ_RS11940,3468.525892,1.83274E-26,1.532305582,0.139725807,1825.581054,1761.695336,1443.9522,2096.768276,4512.614415,5346.308678,5860.730643,4900.556533,27748.20714,TRUE,FALSE,NA,FALSE
flagellar assembly protein FliH,LBJ_RS05845,3467.615621,0.000333965,0.496610209,0.130713016,2739.027793,3005.673914,2684.624213,3077.165096,3470.953369,4105.173928,4941.062655,3717.243999,27740.92497,TRUE,FALSE,NA,FALSE
SpoIIE family protein phosphatase,LBJ_RS01330,3464.326771,0.192555497,-0.218338885,0.151173213,3323.056239,3957.981079,4319.703981,3302.804164,3949.123606,3277.23969,2704.753886,2879.951519,27714.61416,FALSE,FALSE,NA,FALSE
hypothetical protein,LBJ_RS13970,3457.699242,3.47824E-10,1.134420946,0.173469702,2035.56881,2228.369598,2057.107113,2336.201871,3228.117896,4765.2215,4978.090486,6032.916663,27661.59394,TRUE,FALSE,NA,FALSE
RluA family pseudouridine synthase,LBJ_RS05495,3455.263298,3.22138E-07,0.395444528,0.073863864,2930.64162,2982.340201,3034.840623,2990.456634,3802.859769,3988.64985,4095.450329,3816.867355,27642.10638,TRUE,FALSE,NA,FALSE
acyl-CoA--6-aminopenicillanic acid acyltransferase,LBJ_RS04790,3455.049853,1.07477E-12,0.862619828,0.11653884,2170.748428,2581.292008,2465.877055,2589.429995,3767.231398,4863.347039,4697.367861,4505.105044,27640.39883,TRUE,FALSE,NA,FALSE
NAD(P)-binding protein,LBJ_RS01705,3453.922082,0.000101117,-0.394232781,0.096017636,3983.205247,4140.275712,3811.503513,3757.038269,3359.380314,2877.071475,2798.615132,2904.286995,27631.37666,TRUE,FALSE,NA,FALSE
threonylcarbamoyl-AMP synthase,LBJ_RS16560,3453.786179,2.43581E-12,-1.457451051,0.20011433,5523.990407,5393.004432,5471.993304,3865.423847,2564.305096,1928.013525,1410.502027,1473.056798,27630.28944,TRUE,FALSE,NA,FALSE
hypothetical protein,LBJ_RS08720,3448.268564,0.840153667,0.024356825,0.101560082,3584.228511,3680.893236,3148.633337,3264.37655,3822.549132,3543.251894,3317.004766,3225.211089,27586.14851,FALSE,FALSE,NA,FALSE
SRPBCC family protein,LBJ_RS14430,3447.917611,0.142944292,-0.160939864,0.099679657,3744.344175,3737.769162,3353.018308,3726.493242,2850.269649,3329.368883,3455.643854,3386.433619,27583.34089,FALSE,FALSE,NA,FALSE
hypothetical protein,LBJ_RS17495,3446.521884,0.869369909,0.021410243,0.109934774,3613.101827,3239.011045,3371.799629,3460.455914,2899.024262,3583.115394,3716.560896,3689.106105,27572.17507,FALSE,FALSE,NA,FALSE
hypothetical protein,LBJ_RS01300,3446.325602,0.122402527,0.235567019,0.138795879,3210.18782,2985.256915,2875.751781,3590.518608,3581.588836,3199.045901,3515.921719,4612.333236,27570.60482,FALSE,FALSE,NA,FALSE
replication-associated recombination protein A,LBJ_RS12235,3442.477759,9.56341E-06,-0.553287641,0.118797633,3712.846011,4672.576041,3993.792811,4000.413158,2530.551902,2949.899024,3127.560049,2552.183073,27539.82207,TRUE,FALSE,NA,FALSE
PEGA domain-containing protein,LBJ_RS12850,3441.687728,0.209341278,0.160466321,0.115127537,2992.325523,3605.058669,3107.756343,3297.877547,3258.120734,3924.254965,4017.950218,3330.15783,27533.50183,FALSE,FALSE,NA,FALSE
J domain-containing protein,LBJ_RS14385,3440.290722,0.278293037,-0.195876676,0.161407615,4013.390987,3677.976522,3659.043372,3343.202425,4147.892411,3377.665047,2839.948525,2463.206488,27522.32578,FALSE,FALSE,NA,FALSE
hypothetical protein,LBJ_RS09665,3437.01892,0.000698293,-0.586351865,0.162984909,3619.663945,4545.698977,4539.555923,3799.407176,2674.940562,3404.496249,2873.531907,2038.856621,27496.15136,TRUE,FALSE,NA,FALSE
hypothetical protein,LBJ_RS11415,3430.134607,0.018142249,0.491084911,0.193128128,2580.224552,2576.916937,2877.961348,3371.776804,2534.302257,4191.80038,4963.451576,4344.642997,27441.07685,TRUE,FALSE,NA,FALSE
polysaccharide deacetylase family protein,LBJ_RS07640,3429.908791,2.31276E-14,0.730538043,0.092273985,2443.732511,2591.500507,2581.879336,2700.771543,3830.049841,4333.622449,4509.645369,4448.068771,27439.27033,TRUE,FALSE,NA,FALSE
amidohydrolase,LBJ_RS12495,3416.305051,0.208762513,-0.115997883,0.083104816,3460.860704,3784.436588,3411.57184,3558.988258,3122.170372,3398.363403,3409.143787,3184.905456,27330.44041,FALSE,FALSE,NA,FALSE
M23 family metallopeptidase,LBJ_RS04635,3414.059518,3.11456E-05,0.535937484,0.122114222,2779.71292,2862.754922,2907.790506,2598.297906,4808.892444,4174.168447,3556.393999,3624.464996,27312.47614,TRUE,FALSE,NA,FALSE
alpha-glucosidase,LBJ_RS05335,3410.769698,7.67262E-13,0.858039037,0.115168804,2325.614398,2438.373015,2491.287079,2446.558096,3578.77607,4762.155077,4689.617849,4553.775996,27286.15758,TRUE,FALSE,NA,FALSE
hypothetical protein,LBJ_RS04295,3404.293427,6.95959E-22,1.463718857,0.147361014,1788.833197,1681.485698,1510.239218,2264.27326,4416.980368,5594.688949,5338.89656,4638.950163,27234.34741,TRUE,FALSE,NA,FALSE
hypothetical protein,LBJ_RS14240,3397.281258,0.221408297,0.133934131,0.098611632,3473.984939,3204.010475,2880.170915,3400.351184,3838.48814,3538.652259,3447.032731,3395.559423,27178.25007,FALSE,FALSE,NA,FALSE
crotonase/enoyl-CoA hydratase family protein,LBJ_RS01590,3395.194617,0.002675312,-0.260622744,0.081381197,3821.77716,3739.227519,3410.467056,3832.908173,3169.987396,3028.092813,3019.059893,3140.036922,27161.55693,TRUE,FALSE,NA,FALSE
STAS domain-containing protein,LBJ_RS15815,3387.989822,0.004592715,0.331973326,0.109574857,2903.080727,2673.168503,3293.359992,3128.401915,3421.261168,3973.317734,3605.477403,4105.851136,27103.91858,TRUE,FALSE,NA,FALSE
hypothetical protein,LBJ_RS03625,3385.804379,0.88394775,-0.022232172,0.129841963,3560.604888,3317.762327,3082.346319,3687.080305,2998.408664,2956.798476,3438.421607,4045.012445,27086.43503,FALSE,FALSE,NA,FALSE
hypothetical protein,LBJ_RS14770,3379.010213,2.47894E-10,-0.912825158,0.138417074,4463.552239,4372.154486,5189.168696,3629.931545,2681.503683,2291.384663,2021.030682,2383.355707,27032.0817,TRUE,FALSE,NA,FALSE
PilZ domain-containing protein,LBJ_RS05490,3378.572961,0.033800902,0.225297615,0.098196217,2880.769528,3202.552118,3297.779126,3080.121067,3575.025715,4065.310427,3538.31064,3388.71507,27028.58369,TRUE,FALSE,NA,FALSE
hypothetical protein,LBJ_RS14065,3376.933248,0.019241765,-0.414548214,0.164544825,3925.458614,4057.149359,4168.348624,3284.083018,3696.912246,3120.852112,2490.336912,2272.325096,27015.46598,TRUE,FALSE,NA,FALSE
SpoIID/LytB domain-containing protein,LBJ_RS11425,3371.324448,0.616263894,0.110600906,0.189036507,3680.035424,2929.839347,2564.202798,3794.480559,2800.577448,2801.177503,3995.561297,4404.721204,26970.59558,FALSE,FALSE,NA,FALSE
[cytidine(C)-cytidine(C)-adenosine (A)]-adding enzyme,LBJ_RS08430,3370.887953,0.93387949,0.010054265,0.103262314,3088.132437,3453.389534,3569.555899,3325.466603,3049.038454,3348.534027,3797.505456,3335.481216,26967.10363,FALSE,FALSE,NA,FALSE
rhomboid family intramembrane serine protease,LBJ_RS11700,3369.640971,1.48419E-05,0.6489981,0.14239213,2796.774426,2343.579806,2226.139008,3129.387239,3468.140603,4145.037428,4547.534312,4300.534946,26957.12777,TRUE,FALSE,NA,FALSE
DedA family protein,LBJ_RS07390,3369.473562,3.18157E-08,0.863156811,0.149261271,2347.925597,2293.995666,2046.059277,2873.203145,3478.454079,4490.776633,5062.479496,4362.894604,26955.7885,TRUE,FALSE,NA,FALSE
N-acetylmuramoyl-L-alanine amidase,LBJ_RS14235,3364.761921,1.37423E-05,-0.547233049,0.119613793,3960.894048,4081.941429,4162.824706,3774.774091,3269.371798,2640.190291,2685.809415,2342.28959,26918.09537,TRUE,FALSE,NA,FALSE
sigma-70 family RNA polymerase sigma factor,LBJ_RS03575,3356.158239,0.241043395,-0.519567,0.398105554,4048.826421,4480.072909,4425.76321,2861.379264,4935.466919,2898.536437,1625.780114,1573.440637,26849.26591,FALSE,FALSE,NA,FALSE
GMC family oxidoreductase,LBJ_RS15825,3347.225794,0.006378342,-0.282165666,0.096692617,3596.040322,3879.229797,3677.824694,3543.223083,2674.002974,3134.651016,2996.670972,3276.163492,26777.80635,TRUE,FALSE,NA,FALSE
helicase,LBJ_RS08865,3346.273524,7.70622E-25,1.322886599,0.124719167,1896.451922,1881.280616,1700.262002,2165.740916,4584.808745,4826.549962,5543.841299,4171.252729,26770.18819,TRUE,FALSE,NA,FALSE
acetylglutamate kinase,LBJ_RS05660,3345.772291,4.67992E-05,-0.335332123,0.078155441,3904.459839,3677.976522,3739.692577,3610.225076,2839.018585,3025.02639,3084.504432,2885.274905,26766.17833,TRUE,FALSE,NA,FALSE
histone deacetylase,LBJ_RS12605,3343.171284,0.199589124,0.199333766,0.140110183,3076.320626,2871.505064,2997.27798,3504.795469,2824.017166,3524.08675,3679.533065,4267.83415,26745.37027,FALSE,FALSE,NA,FALSE
alpha/beta fold hydrolase,LBJ_RS10315,3342.743623,0.70203814,-0.04234211,0.094467881,3148.503917,3396.513608,3678.929478,3342.217101,3247.807258,3361.566325,3530.560628,3035.850664,26741.94898,FALSE,FALSE,NA,FALSE
hypothetical protein,LBJ_RS05230,3338.322214,1.14455E-10,0.791828966,0.11795656,2716.716594,2238.578097,2082.517137,2739.199157,4272.591708,4364.28668,4291.783944,4000.904395,26706.57771,TRUE,FALSE,NA,FALSE
DUF3808 domain-containing protein,LBJ_RS16880,3317.578437,5.89887E-07,0.578383665,0.110458375,2624.84695,2932.756061,2292.426026,2796.347917,3950.998784,3884.391464,4353.784033,3705.076261,26540.6275,TRUE,FALSE,NA,FALSE
MarR family transcriptional regulator,LBJ_RS16265,3316.545569,4.38275E-14,-1.028619656,0.13132207,4623.667903,4771.744322,4548.394192,3862.467876,2050.506488,1875.884333,2176.030904,2623.668535,26532.36455,TRUE,FALSE,NA,FALSE
hypothetical protein,LBJ_RS01715,3316.444852,8.30999E-07,0.639779503,0.123822603,2649.782996,2677.543574,2234.977277,2810.142445,3387.507975,4030.813167,4319.33954,4421.451844,26531.55882,TRUE,FALSE,NA,FALSE
hypothetical protein,LBJ_RS02290,3309.756906,4.41337E-06,-0.467790823,0.097001048,4034.389763,3855.896084,3824.760916,3651.608661,3119.357606,2603.393213,2595.392618,2793.256385,26478.05525,TRUE,FALSE,NA,FALSE
glycerol-3-phosphate acyltransferase,LBJ_RS14790,3309.710125,2.50224E-05,0.628661615,0.141592984,2635.346338,2480.66537,2449.305301,2833.790207,3304.06258,3741.036184,3980.061274,5053.413743,26477.681,TRUE,FALSE,NA,FALSE
hypothetical protein,LBJ_RS08485,3309.03545,1.4891E-07,-0.691076027,0.125614211,3815.215042,4418.821912,3929.715361,4182.697994,2800.577448,2694.619301,2610.031528,2020.605014,26472.2836,TRUE,FALSE,NA,FALSE
HNH endonuclease,LBJ_RS07385,3302.439187,0.010850264,-0.224689615,0.082229725,3311.244428,3702.768592,3673.40556,3549.135023,3001.22143,2933.800303,3056.948837,3190.989325,26419.5135,TRUE,FALSE,NA,FALSE
hypothetical protein,LBJ_RS08195,3300.016128,2.07631E-19,0.923904189,0.099189478,2064.442126,2323.162807,2249.339464,2474.147153,3989.43992,4692.393952,4315.033978,4292.169626,26400.12903,TRUE,FALSE,NA,FALSE
hypothetical protein,LBJ_RS20075,3299.590137,2.12741E-07,-1.035866546,0.190613747,3512.04522,3991.523291,6140.387399,4098.945502,1838.611442,2726.816743,2121.780826,1966.610676,26396.7211,TRUE,FALSE,NA,FALSE
FtsQ-type POTRA domain-containing protein,LBJ_RS01745,3291.19065,3.24403E-06,0.697069289,0.142593362,2689.155701,2362.538448,2227.243792,2765.80289,3284.373218,3794.698588,4419.228572,4786.483988,26329.5252,TRUE,FALSE,NA,FALSE
hypothetical protein,LBJ_RS07560,3288.42372,6.99687E-07,0.397545798,0.076419643,2832.209859,2858.379851,2889.009184,2773.685478,3601.278198,3709.605347,3966.283477,3676.938367,26307.38976,TRUE,FALSE,NA,FALSE
galactokinase,LBJ_RS03360,3285.75009,0.004010768,-0.382306142,0.124348951,3521.232184,4181.10971,4035.774589,3137.269826,3070.602994,3018.893544,2765.892863,2555.225008,26286.00072,TRUE,FALSE,NA,FALSE
Fis family transcriptional regulator,LBJ_RS17980,3277.354392,0.483035125,-0.119892562,0.14840625,3483.171903,3852.97937,3610.432893,2708.654131,3567.525005,3490.356096,2705.614999,2800.100738,26218.83513,FALSE,FALSE,NA,FALSE
hypothetical protein,LBJ_RS08760,3276.879657,0.080005639,-0.342503402,0.179005319,3382.115296,4277.361276,4037.984156,2958.926284,3740.041326,3038.825294,2506.698046,2273.08558,26215.03726,FALSE,FALSE,NA,FALSE
prohibitin family protein,LBJ_RS02530,3276.243537,3.80233E-10,-0.530466617,0.08129293,4013.390987,3694.01845,3697.710799,4081.20968,2735.883828,2747.515099,2633.281561,2606.937895,26209.9483,TRUE,FALSE,NA,FALSE
ribonuclease D,LBJ_RS01060,3274.723723,3.70481E-09,-0.54703695,0.088853904,3817.839889,4017.773719,3812.608297,3905.822108,2569.930628,2520.59979,2597.975955,2955.239399,26197.78978,TRUE,FALSE,NA,FALSE
glucose-1-phosphate thymidylyltransferase,LBJ_RS02050,3272.470875,0.796483019,-0.044726259,0.146362047,3109.131213,3345.471111,3006.116249,3831.92285,2490.235588,3235.842978,3770.810974,3390.236037,26179.767,FALSE,FALSE,NA,FALSE
tRNA-Ser,LBJ_RS00450,3266.117652,0.000754193,-0.914840781,0.2558939,3640.66272,4736.743752,3414.886191,5281.333627,1150.421335,2261.487038,3168.03233,2475.374226,26128.94122,TRUE,FALSE,NA,FALSE
transketolase,LBJ_RS14445,3264.929861,4.64288E-13,1.33584523,0.177683538,1930.574932,1706.277768,1344.521674,2428.822274,3981.939211,4443.247074,5239.007528,5045.048423,26119.43888,TRUE,FALSE,NA,FALSE
ATP-dependent protease subunit HslV,LBJ_RS07115,3259.807922,0.022333404,0.200768504,0.081569732,2929.329197,3138.384407,2927.676611,3137.269826,3700.662601,3363.866143,3504.727258,3376.547332,26078.46337,TRUE,FALSE,NA,FALSE
spiro-SPASM protein,LBJ_RS02995,3254.636879,5.1414E-41,1.203600811,0.087481933,2039.50608,2032.949751,1795.273394,2015.971754,4684.193147,4272.293987,4571.645458,4625.261458,26037.09503,TRUE,FALSE,NA,FALSE
ATP-dependent DNA helicase RecQ,LBJ_RS03830,3251.751619,2.13949E-06,0.457332941,0.09191572,2702.279935,2697.960573,2681.309863,2880.100409,3595.652666,4084.475572,3912.033399,3460.200531,26014.01295,TRUE,FALSE,NA,FALSE
acetolactate synthase small subunit,LBJ_RS05985,3245.34932,0.245077888,0.11875565,0.091766654,3334.86805,3100.467124,2933.20053,3080.121067,3260.9335,3159.182401,3431.532708,3662.489178,25962.79456,FALSE,FALSE,NA,FALSE
two-component system sensor histidine kinase CreC,LBJ_RS10745,3242.312102,3.68724E-08,0.571734539,0.099329627,2463.418863,2521.499368,2531.059289,2914.586729,3608.778908,4151.93688,4010.200206,3737.016574,25938.49682,TRUE,FALSE,NA,FALSE
NADH-quinone oxidoreductase subunit C,LBJ_RS02800,3240.922166,0.049405917,0.15851438,0.074312585,2968.701901,3157.343049,3074.612834,3052.532011,3296.561871,3383.797893,3446.171618,3547.656149,25927.37733,TRUE,FALSE,NA,FALSE
Hsp33 family molecular chaperone HslO,LBJ_RS16440,3240.299987,1.70778E-12,-0.772771549,0.105351565,4014.703411,4188.401495,4456.697151,3692.992245,2303.655437,2202.458393,2396.475666,2667.016102,25922.3999,TRUE,FALSE,NA,FALSE
VOC family protein,LBJ_RS03435,3237.163501,3.78306E-20,1.636773816,0.172195694,1493.537915,1726.694767,1442.847417,1638.592877,5552.400284,5252.016168,5531.785726,3259.432852,25897.30801,TRUE,TRUE,TRUE,TRUE
pyruvate kinase,LBJ_RS12610,3235.463551,4.35844E-13,1.006273345,0.133694014,2168.123581,2104.409247,1853.826926,2476.117799,3532.834223,4706.192855,4594.895491,4447.308287,25883.70841,TRUE,FALSE,NA,FALSE
UbiD family decarboxylase,LBJ_RS07185,3235.309475,0.000876679,0.373344911,0.10567093,2681.28116,2915.255776,2662.528541,3016.075043,3740.978915,3715.738194,3980.922387,3169.695784,25882.4758,TRUE,FALSE,NA,FALSE
hypothetical protein,LBJ_RS14925,3233.154999,1.14087E-13,0.916217002,0.118870266,2361.049832,2085.450605,1884.760868,2625.886962,4174.144894,4234.730304,4256.478338,4242.73819,25865.23999,TRUE,FALSE,NA,FALSE
Ppx/GppA family phosphatase,LBJ_RS09555,3230.688039,1.3329E-29,1.283707085,0.110406368,1783.583503,1892.947472,1698.052435,2148.990418,4232.275394,4787.453068,4919.534846,4382.667179,25845.50431,TRUE,FALSE,NA,FALSE
response regulator,LBJ_RS10750,3228.399039,0.000111734,0.338761629,0.083008534,2809.89866,2887.546992,2743.177746,2962.867578,3865.678212,3636.777799,3482.338337,3438.90699,25827.19231,TRUE,FALSE,NA,FALSE
homoserine O-acetyltransferase,LBJ_RS10635,3223.804645,0.597629199,0.07939017,0.128811835,3012.011876,3341.09604,3357.437442,2829.848914,3854.427147,3274.173267,3399.671551,2721.770924,25790.43716,FALSE,FALSE,NA,FALSE
apolipoprotein N-acyltransferase,LBJ_RS01130,3221.252066,0.293085418,-0.162933195,0.138214523,3525.169454,3291.511899,2932.095746,3863.4532,2527.739136,3048.791169,2974.282051,3606.973873,25770.01653,FALSE,FALSE,NA,FALSE
tetratricopeptide repeat protein,LBJ_RS08085,3219.667342,0.112035621,-0.169945964,0.097477434,3476.609786,3718.81052,3387.2666,3055.487981,3274.997331,2943.766178,2939.837557,2960.562784,25757.33874,FALSE,FALSE,NA,FALSE
SsrA-binding protein,LBJ_RS05740,3215.558093,0.03254731,0.238778073,0.103359635,2910.955268,3021.715842,2908.89529,2957.940961,4001.628573,3465.058105,3360.060383,3098.210322,25724.46474,TRUE,FALSE,NA,FALSE
STAS domain-containing protein,LBJ_RS03620,3214.543096,0.020591491,0.408071606,0.163724033,3111.75606,2524.416082,2868.018296,2547.061087,4837.020105,3486.523067,2862.337446,3479.212622,25716.34476,TRUE,FALSE,NA,FALSE
hypothetical protein,LBJ_RS19095,3212.73684,1.8415E-05,-0.696780172,0.15450671,3556.667618,4748.410609,4189.339513,3401.336508,2774.324965,2663.95507,2443.836845,1924.023592,25701.89472,TRUE,FALSE,NA,FALSE
hypothetical protein,LBJ_RS06790,3202.976941,4.27746E-70,-2.850868318,0.15824211,5764.163903,6403.64588,6400.011551,3937.352458,735.0695411,788.8373429,793.9455852,800.7892658,25623.81553,TRUE,TRUE,TRUE,TRUE
tRNA-Leu,LBJ_RS09895,3202.912821,2.4597E-11,-1.223641069,0.176190817,4409.742877,4465.489338,4199.282566,4865.527136,1902.367473,1378.357184,2616.920427,1785.615571,25623.30257,TRUE,FALSE,NA,FALSE
hypothetical protein,LBJ_RS07130,3193.955413,2.60438E-48,1.425243826,0.095334343,1787.520773,1634.818272,1650.546739,1858.320004,4312.908022,4769.054529,5015.118317,4523.356651,25551.64331,TRUE,FALSE,NA,FALSE
flagellar motor switch protein FliG,LBJ_RS00100,3174.478645,0.497136658,-0.143712422,0.183330398,3555.355194,3416.930607,3008.325816,3350.099689,2348.659695,2348.880096,3221.421295,4146.156769,25395.82916,FALSE,FALSE,NA,FALSE
DUF115 domain-containing protein,LBJ_RS08565,3173.731957,3.82885E-09,-0.599236652,0.097422299,3694.472083,4062.982788,3942.972765,3593.474578,2817.454045,2361.145788,2480.003563,2437.350045,25389.85565,TRUE,FALSE,NA,FALSE
arylesterase,LBJ_RS03750,3167.882111,0.01286655,-0.273273089,0.102320608,3500.233408,3726.102305,3358.542226,3284.083018,3124.983139,3039.5919,2751.253953,2558.266942,25343.05689,TRUE,FALSE,NA,FALSE
tRNA uridine-5-carboxymethylaminomethyl(34) synthesis enzyme MnmG,LBJ_RS00005,3160.973526,0.397217337,0.084746984,0.088157476,3010.699452,3029.007627,2884.59005,3347.143718,3202.803001,3105.519996,3291.171396,3416.852964,25287.7882,FALSE,FALSE,NA,FALSE
hypothetical protein,LBJ_RS04240,3160.770961,0.031110678,-0.265494262,0.114003797,3466.110398,3628.392382,3749.63563,2960.896931,2670.252619,2739.849041,2851.142986,3219.887703,25286.16769,TRUE,FALSE,NA,FALSE
glycosyltransferase family 2 protein,LBJ_RS02005,3157.269515,0.285231823,0.224212594,0.187325274,2975.264018,2686.293717,2561.993231,3425.969594,2500.549064,2860.206148,3713.116446,4534.763905,25258.15612,FALSE,FALSE,NA,FALSE
WYL domain-containing protein,LBJ_RS14190,3155.700285,5.18033E-15,0.778819142,0.096007063,2392.547995,2390.247232,2121.184564,2393.350631,3927.559066,4389.58467,3713.116446,3918.011679,25245.60228,TRUE,FALSE,NA,FALSE
thiolase family protein,LBJ_RS05675,3153.713314,0.301578642,-0.176707234,0.152364707,3262.684759,3470.889819,2828.246085,3825.025586,2284.903663,2870.938629,3423.782697,3263.23527,25229.70651,FALSE,FALSE,NA,FALSE
CoA transferase,LBJ_RS03165,3152.580903,0.107262632,0.231379499,0.131019845,2842.709247,3007.132271,2703.405535,3047.605393,3808.485301,3826.896031,3274.810261,2709.603185,25220.64723,FALSE,FALSE,NA,FALSE
acyl-[acyl-carrier-protein] thioesterase,LBJ_RS03080,3151.477733,0.834893972,-0.031267444,0.126234897,3313.869275,3195.260333,2837.084354,3395.424567,3744.729269,3104.753391,2876.115244,2744.585433,25211.82186,FALSE,FALSE,NA,FALSE
hypothetical protein,LBJ_RS04040,3150.993389,0.00011344,-0.768549297,0.188516009,3975.330706,4096.525,4564.965947,3246.640728,3257.183145,2237.722259,1774.75255,2054.826777,25207.94711,TRUE,FALSE,NA,FALSE
nitronate monooxygenase,LBJ_RS09435,3140.345809,0.000669063,0.564032202,0.156270272,2445.044934,2610.459149,2415.057008,2666.285223,2944.966108,4199.466438,4667.228928,3174.258685,25122.76647,TRUE,FALSE,NA,FALSE
DUF971 domain-containing protein,LBJ_RS08955,3138.607967,3.39281E-09,-0.698724975,0.113215459,3546.16823,4503.406622,3725.33039,3762.950209,2238.024228,2397.942866,2657.392707,2277.648482,25108.86373,TRUE,FALSE,NA,FALSE
glutathione S-transferase,LBJ_RS03310,3136.479926,5.14119E-14,0.643640025,0.082390581,2354.487714,2445.664801,2387.437418,2604.209846,3662.221464,3760.967934,3844.005523,4032.844707,25091.83941,TRUE,FALSE,NA,FALSE
ABC-F family ATP-binding cassette domain-containing protein,LBJ_RS13440,3135.396304,0.000122641,-0.423598062,0.104410754,3711.533588,3578.808242,3221.549056,3858.526583,2414.290904,2641.723502,2715.948347,2940.79021,25083.17043,TRUE,FALSE,NA,FALSE
2%2C4-dihydroxyhept-2-ene-1%2C7-dioic acid aldolase,LBJ_RS06325,3131.69505,3.11873E-14,0.784782299,0.099619938,2212.745979,2092.742391,2288.006891,2604.209846,3867.553389,4112.07338,4085.978093,3790.250428,25053.5604,TRUE,FALSE,NA,FALSE
7-cyano-7-deazaguanine synthase QueC,LBJ_RS14965,3128.09401,0.347158213,-0.136251948,0.128418029,3361.11652,3166.093192,2808.35998,3766.891503,2562.429918,2988.229313,3354.032597,3017.599057,25024.75208,FALSE,FALSE,NA,FALSE
SDR family oxidoreductase,LBJ_RS06260,3121.778886,1.17146E-19,0.711757519,0.075881991,2366.299526,2237.11974,2428.314412,2433.748892,3845.988849,3990.949667,3859.505546,3812.304454,24974.23108,TRUE,FALSE,NA,FALSE
tetratricopeptide repeat protein,LBJ_RS13820,3121.10217,0.85421827,-0.019682408,0.090682091,3098.631825,3193.801976,2872.43743,3404.292478,2985.282422,3076.388977,3280.838047,3057.144206,24968.81736,FALSE,FALSE,NA,FALSE
dehalogenase,LBJ_RS05430,3119.284026,0.055317537,0.25066056,0.120296485,2876.832258,2902.130563,2457.038786,3159.932265,3114.669663,3705.772319,3676.949728,3060.946624,24954.2722,FALSE,FALSE,NA,FALSE
prephenate dehydratase,LBJ_RS05170,3114.85062,0.00156623,0.401982466,0.119397498,2531.664884,2957.548131,2447.095734,2799.303887,3184.988815,3660.542578,4078.228082,3259.432852,24918.80496,TRUE,FALSE,NA,FALSE
SGNH/GDSL hydrolase family protein,LBJ_RS08185,3113.276765,0.000139879,0.50148386,0.124641658,2561.850624,2527.332796,2318.940833,2901.777525,3094.9803,3479.623615,3944.755668,4076.952758,24906.21412,TRUE,FALSE,NA,FALSE
SIS domain-containing protein,LBJ_RS06320,3111.982476,2.24479E-13,0.644126397,0.084585844,2588.099093,2293.995666,2305.683429,2525.383971,3833.800196,3781.66629,3901.700051,3665.531112,24895.85981,TRUE,FALSE,NA,FALSE
NAD-dependent epimerase/dehydratase family protein,LBJ_RS01405,3106.401254,6.77251E-36,1.421192172,0.110675325,1686.464166,1703.361054,1511.344002,1855.364034,3935.997364,4797.418943,4585.423255,4775.837217,24851.21003,TRUE,FALSE,NA,FALSE
FkbM family methyltransferase,LBJ_RS06315,3105.108821,1.68868E-12,0.625772337,0.085286346,2467.356133,2223.994527,2568.621933,2505.677503,3751.29239,3922.721753,3658.866368,3742.339959,24840.87057,TRUE,FALSE,NA,FALSE
hypothetical protein,LBJ_RS14980,3100.196976,0.038590821,-0.332658618,0.148615156,3586.853358,2903.58892,3670.091209,3663.432542,2267.089478,2652.455983,2610.031528,3448.032793,24801.57581,TRUE,FALSE,NA,FALSE
acyl-CoA thioesterase,LBJ_RS10190,3097.49643,1.80924E-18,-1.391612121,0.153374875,4321.810504,4662.367542,4773.770052,4182.697994,2111.449753,1809.956236,1652.474597,1265.444766,24779.97144,TRUE,FALSE,NA,FALSE
PhoH family protein,LBJ_RS06615,3095.26593,0.074063387,0.186913723,0.095891136,2762.651415,2960.464845,2753.120798,3102.783506,3303.124992,3257.30794,3602.032953,3020.640991,24762.12744,FALSE,FALSE,NA,FALSE
hypothetical protein,LBJ_RS15195,3094.62269,0.217015522,-0.142325778,0.10379885,3135.379682,3313.387255,3185.091196,3355.026306,2909.337737,2722.983714,2734.892819,3400.882808,24756.98152,FALSE,FALSE,NA,FALSE
hypothetical protein,LBJ_RS06655,3093.717326,2.40948E-05,0.400705378,0.09007541,2543.476695,2565.25008,2602.870225,2953.014343,3629.405859,3632.94477,3381.588192,3441.188441,24749.73861,TRUE,FALSE,NA,FALSE
potassium transporter,LBJ_RS16280,3090.413549,0.369698142,0.109691022,0.107966995,3375.553178,2832.129423,2631.594599,3053.517334,2995.595898,3178.347545,3228.310194,3428.260219,24723.30839,FALSE,FALSE,NA,FALSE
PIN domain-containing protein,LBJ_RS04275,3078.568267,0.100835793,-0.283085902,0.157443115,2870.27014,3320.679041,4300.92266,3026.913601,2240.836994,2920.768004,2886.448592,3061.707108,24628.54614,FALSE,FALSE,NA,FALSE
SDR family NAD(P)-dependent oxidoreductase,LBJ_RS06415,3069.214184,0.000381597,0.454447135,0.120747387,2687.843277,2477.748656,2216.195956,2976.662106,3151.235622,3664.375607,3780.283209,3599.369036,24553.71347,TRUE,FALSE,NA,FALSE
AarF/ABC1/UbiB kinase family protein,LBJ_RS12480,3065.188488,0.000231807,0.392275135,0.100697759,2481.792792,2598.792293,2668.052459,2854.482,3088.417179,3458.925259,3596.005167,3775.040756,24521.5079,TRUE,FALSE,NA,FALSE
hypothetical protein,LBJ_RS02210,3058.036358,0.000131404,-0.641564336,0.158845861,3842.775935,3990.064934,3893.257501,3181.609381,3174.67534,2168.727739,2044.280715,2168.899322,24464.29087,TRUE,FALSE,NA,FALSE
ankyrin,LBJ_RS01190,3045.281396,0.005102034,-0.280936938,0.093804334,3501.545832,3253.594616,3135.375933,3473.265119,2524.92637,2652.455983,2905.393063,2915.69425,24362.25117,TRUE,FALSE,NA,FALSE
hypothetical protein,LBJ_RS05605,3045.041466,0.001027013,-0.518011968,0.148473299,3559.292465,4210.276851,3383.952249,3190.477292,3044.35051,2431.67352,2533.392529,2006.916308,24360.33172,TRUE,FALSE,NA,FALSE
M61 family metallopeptidase,LBJ_RS17140,3044.009229,2.1041E-07,0.714363227,0.131400452,2277.054729,2258.995096,2049.373628,2635.740196,3109.981719,3721.87104,4085.978093,4213.079328,24352.07383,TRUE,FALSE,NA,FALSE
hypothetical protein,LBJ_RS00955,3041.842244,3.10273E-06,-1.167814664,0.238401116,4138.071217,4159.234354,5659.806521,2882.071056,2669.31503,1905.781958,1251.196242,1669.261575,24334.73795,TRUE,FALSE,NA,FALSE
N-acetyl-gamma-glutamyl-phosphate reductase,LBJ_RS07435,3041.315103,0.114516581,-0.189571177,0.109409823,3560.604888,3183.593476,3021.58322,3197.374556,3136.234203,2928.434062,2842.531862,2460.164554,24330.52082,FALSE,FALSE,NA,FALSE
sulfurtransferase,LBJ_RS15745,3040.606221,1.19868E-06,-0.83339354,0.163648455,4223.378743,4181.10971,3940.763197,3235.80217,2771.512198,2304.416961,1698.974663,1968.892127,24324.84977,TRUE,FALSE,NA,FALSE
phosphoadenylyl-sulfate reductase,LBJ_RS15625,3036.597371,7.68342E-06,-0.755731833,0.160620733,3396.551954,4067.357859,4750.569596,3042.678776,2110.512165,1979.376112,2664.281606,2281.4509,24292.77897,TRUE,FALSE,NA,FALSE
KpsF/GutQ family sugar-phosphate isomerase,LBJ_RS00200,3032.265038,9.60844E-05,-0.588037909,0.142770004,3869.024405,3768.39466,3375.11398,3554.06164,3135.296614,2242.321893,2170.86423,2143.042879,24258.1203,TRUE,FALSE,NA,FALSE
phosphopantothenoylcysteine decarboxylase,LBJ_RS02180,3030.470505,0.144713833,-0.265597789,0.165215851,3246.935678,3625.475668,3617.061595,2745.111098,3573.150537,2791.978234,2405.947901,2238.103333,24243.76404,FALSE,FALSE,NA,FALSE
DUF4395 domain-containing protein,LBJ_RS10810,3028.442981,3.06958E-10,-1.512521411,0.230549325,3687.909965,5215.08487,6456.355516,2580.562084,1682.971717,1530.145128,1554.307789,1520.206783,24227.54385,TRUE,FALSE,NA,FALSE
response regulator,LBJ_RS14710,3027.568741,4.29014E-16,-1.181289974,0.14024479,4174.819075,4354.654201,4697.539982,3581.650697,2184.581672,1793.090909,1508.668834,1925.544559,24220.54993,TRUE,FALSE,NA,FALSE
NADH-quinone oxidoreductase subunit A,LBJ_RS02790,3025.176886,0.068470904,0.199153179,0.100319642,2737.715369,2906.505634,2868.018296,2755.949656,2777.137731,3331.6687,3415.171574,3409.248128,24201.41509,FALSE,FALSE,NA,FALSE
pantoate--beta-alanine ligase,LBJ_RS09145,3019.489402,0.063305522,0.236377621,0.116940747,2479.167945,3015.882414,2737.653828,2858.423293,3007.784551,3644.443856,3509.03282,2903.526512,24155.91522,FALSE,FALSE,NA,FALSE
TetR/AcrR family transcriptional regulator,LBJ_RS17865,3018.71594,0.003241071,0.396857527,0.126306299,2610.410292,2934.214418,2505.649266,2375.614809,4012.879638,3563.183644,3149.94897,2997.826482,24149.72752,TRUE,FALSE,NA,FALSE
,LBJ_RS18115,3017.505971,3.45847E-14,-1.323289826,0.168275439,4321.810504,4459.65591,4163.92949,4302.907453,1490.766034,1315.495511,1745.47473,2340.00814,24140.04777,TRUE,FALSE,NA,FALSE
quinone-dependent dihydroorotate dehydrogenase,LBJ_RS16100,3015.241007,0.589248662,-0.056598767,0.089824748,3275.808994,3056.716412,2874.646997,3091.944948,2790.263972,3050.324381,2833.059626,3149.162725,24121.92806,FALSE,FALSE,NA,FALSE
anthranilate phosphoribosyltransferase,LBJ_RS11860,3011.420623,0.489138371,0.084372751,0.105795454,2850.583788,3101.925481,2703.405535,3037.752159,3134.359026,3258.841151,3323.032552,2681.465291,24091.36498,FALSE,FALSE,NA,FALSE
hypothetical protein,LBJ_RS06735,3009.32307,0.001054401,-0.339131898,0.097408058,3330.93078,3634.22581,3465.706238,3016.075043,2748.072481,2705.351782,2732.309481,2441.912946,24074.58456,TRUE,FALSE,NA,FALSE
DUF1577 domain-containing protein,LBJ_RS03260,3003.502499,0.005507,-0.370777475,0.124884759,3568.479429,3355.67961,3619.271162,3007.207132,2175.205785,2557.396867,2968.254265,2776.525745,24028.02,TRUE,FALSE,NA,FALSE
transcriptional regulator,LBJ_RS04060,3000.62698,9.16703E-12,0.575510098,0.081139804,2446.357358,2461.706728,2219.510307,2512.574767,3628.468271,3645.210462,3596.005167,3495.182779,24005.01584,TRUE,FALSE,NA,FALSE
methylmalonyl-CoA mutase,LBJ_RS11290,2997.83473,3.00096E-22,1.13798932,0.113575013,1874.140723,1907.531043,1610.774528,2099.724246,4111.326451,4059.177581,4532.03429,3787.968977,23982.67784,TRUE,FALSE,NA,FALSE
lysophospholipid acyltransferase family protein,LBJ_RS12415,2996.498394,6.51218E-06,0.466221283,0.098345789,2455.544322,2635.251219,2388.542201,2587.459348,3124.04555,3518.720509,3850.894422,3411.529579,23971.98715,TRUE,FALSE,NA,FALSE
5-formyltetrahydrofolate cyclo-ligase,LBJ_RS05135,2995.773085,7.22855E-17,-0.723014706,0.083706818,3614.414251,3874.854726,3655.729022,3778.715384,2423.666791,2112.765517,2246.642117,2259.396874,23966.18468,TRUE,FALSE,NA,FALSE
CapA family protein,LBJ_RS12390,2990.367313,0.050559882,0.236598216,0.111448714,2781.025344,2770.878427,2452.619652,2978.632753,2809.953335,3239.676007,3554.671774,3335.481216,23922.93851,FALSE,FALSE,NA,FALSE
AAA family ATPase,LBJ_RS16725,2974.201961,0.45587462,0.088105987,0.102890247,3135.379682,2788.378711,2754.225582,2855.467323,3118.420018,3112.419448,3340.254799,2689.070127,23793.61569,FALSE,FALSE,NA,FALSE
type I-E CRISPR-associated protein Cas7/Cse4/CasC,LBJ_RS13510,2968.385449,0.19970134,0.240872499,0.169366513,2917.517385,2998.382129,2396.275687,2572.679496,4383.227174,2936.866726,2913.143075,2628.99192,23747.08359,FALSE,FALSE,NA,FALSE
hypothetical protein,LBJ_RS06215,2966.004931,7.82503E-06,0.5924907,0.126044694,2256.055954,2019.824537,2833.770003,2349.996399,3220.617186,3736.43655,3521.088393,3790.250428,23728.03945,TRUE,FALSE,NA,FALSE
HDOD domain-containing protein,LBJ_RS02600,2965.585472,0.100552456,0.234951383,0.130532025,3026.448534,2540.45801,2388.542201,2943.161109,2882.147665,2886.270745,3335.088125,3722.567385,23724.68377,FALSE,FALSE,NA,FALSE
cob(I)yrinic acid a%2Cc-diamide adenosyltransferase,LBJ_RS06990,2958.188832,0.841261463,-0.02513932,0.105702757,3057.946697,2781.086926,2950.877068,3144.16709,3335.003007,2879.371293,2607.448191,2909.610381,23665.51065,FALSE,FALSE,NA,FALSE
tryptophan synthase subunit beta,LBJ_RS05075,2957.698921,3.22279E-07,0.654551208,0.122269094,2375.48649,2368.371876,1970.93399,2477.103123,3968.812969,3737.969761,3708.810885,3054.102271,23661.59137,TRUE,FALSE,NA,FALSE
acyl-CoA desaturase,LBJ_RS16940,2956.612686,0.015653521,-0.765406451,0.294558521,3754.843562,4322.570345,4028.041104,2787.480006,1153.234102,1393.6893,2732.309481,3480.73359,23652.90149,TRUE,FALSE,NA,FALSE
serine--tRNA ligase,LBJ_RS00120,2951.775655,3.77365E-07,-0.559825107,0.105178109,3662.973919,3613.808811,3619.271162,3175.69744,2138.639826,2337.381009,2395.614553,2670.81852,23614.20524,TRUE,FALSE,NA,FALSE
EamA family transporter,LBJ_RS12445,2951.656313,2.26099E-06,0.649014638,0.130740793,2379.42376,2139.409817,1954.362236,2720.478012,3170.924985,3684.307357,3955.089016,3609.255324,23613.25051,TRUE,FALSE,NA,FALSE
NAD+/NADH kinase,LBJ_RS16915,2948.187654,1.98664E-12,-0.598322834,0.081808389,3640.66272,3466.514747,3488.906694,3607.269106,2240.836994,2291.384663,2534.253641,2315.672663,23585.50123,TRUE,FALSE,NA,FALSE
pyrroline-5-carboxylate reductase,LBJ_RS05450,2936.609428,0.02696974,0.201278311,0.084357403,2724.591134,2830.671066,2554.259745,2819.010356,3259.995911,3224.343892,3136.171173,2943.832144,23492.87542,TRUE,FALSE,NA,FALSE
ribosome small subunit-dependent GTPase A,LBJ_RS00655,2933.47057,0.000923697,-0.545030142,0.154892185,3597.352745,3418.388964,3770.626519,3137.269826,3073.41576,2474.603443,2021.891794,1974.215512,23467.76456,TRUE,FALSE,NA,FALSE
alpha/beta fold hydrolase,LBJ_RS03055,2931.969875,8.15759E-21,1.097577195,0.11348283,1715.337482,1779.195621,1826.207335,2147.019771,3515.020038,4240.096544,4157.450418,4075.431791,23455.759,TRUE,FALSE,NA,FALSE
hypothetical protein,LBJ_RS10720,2924.79804,2.12985E-06,-1.196062999,0.240336201,3434.612235,4267.152777,3530.888472,5056.679883,1060.41282,1443.518675,2059.780737,2545.338721,23398.38432,TRUE,FALSE,NA,FALSE
DUF1577 domain-containing protein,LBJ_RS00245,2924.697394,0.117086021,0.337711729,0.196273596,2758.714145,2576.916937,2680.205079,2319.451373,4862.335,2910.802129,2791.726234,2497.428252,23397.57915,FALSE,FALSE,NA,FALSE
MCE family protein,LBJ_RS10665,2923.414027,5.56783E-06,0.46403397,0.097195898,2388.610725,2363.996805,2379.703932,2694.859603,3206.553355,3210.544988,3720.866457,3422.17635,23387.31222,TRUE,FALSE,NA,FALSE
low molecular weight phosphotyrosine protein phosphatase,LBJ_RS16780,2922.68211,0.428490983,0.10052799,0.111140917,2580.224552,2878.79685,2916.628775,2907.689465,2940.278165,3532.519413,2870.087457,2755.232203,23381.45688,FALSE,FALSE,NA,FALSE
DUF4416 family protein,LBJ_RS08530,2918.190398,0.763336175,0.032452104,0.091630751,2820.398048,2819.00421,3045.888459,2854.482,3259.058323,2922.301216,2888.170817,2736.220113,23345.52318,FALSE,FALSE,NA,FALSE
hypothetical protein,LBJ_RS07205,2914.343039,0.008364708,0.311005389,0.110049913,2573.662435,2441.28973,2787.369091,2603.224523,2755.573191,3297.17144,3253.282452,3603.171454,23314.74432,TRUE,FALSE,NA,FALSE
hypothetical protein,LBJ_RS00310,2914.333127,0.000142461,-0.728218049,0.1812051,3435.924658,4191.318209,4003.735864,2907.689465,2852.144827,2344.280461,1730.83582,1848.735712,23314.66502,TRUE,FALSE,NA,FALSE
enoyl-CoA hydratase/isomerase family protein,LBJ_RS01385,2904.857377,0.856541562,-0.026742359,0.125237569,2967.389477,3119.425766,2645.956787,2994.397928,3090.292357,3042.658323,3076.754421,2301.983958,23238.85902,FALSE,FALSE,NA,FALSE
cyclic nucleotide-binding domain-containing protein,LBJ_RS12470,2901.520258,7.58947E-10,0.751689818,0.117180762,1963.385519,2320.246093,1917.904376,2447.54342,3312.500879,3933.454234,3681.255289,3635.872251,23212.16206,TRUE,FALSE,NA,FALSE
hypothetical protein,LBJ_RS06255,2901.440752,0.00024899,0.440900141,0.113739392,2374.174067,2279.412095,2611.708494,2579.57676,2815.578867,3558.58401,3636.477447,3356.014274,23211.52601,TRUE,FALSE,NA,FALSE
hypothetical protein,LBJ_RS19675,2901.21688,9.2747E-07,-0.607224833,0.118021719,3403.114071,3599.22524,3968.382788,3041.693453,2401.164662,2267.619884,2035.669592,2492.86535,23209.73504,TRUE,FALSE,NA,FALSE
hypothetical protein,LBJ_RS15325,2896.805888,0.000842728,0.407593557,0.115009475,2485.730062,2524.416082,2358.713044,2593.371288,2766.824255,3495.722336,3217.976846,3731.693188,23174.4471,TRUE,FALSE,NA,FALSE
sigma-70 family RNA polymerase sigma factor,LBJ_RS01045,2895.47393,0.000962543,-0.315166904,0.08985091,3177.377233,3061.091483,3284.521723,3317.584015,2648.688079,2373.411481,2510.142496,2790.974934,23163.79144,TRUE,FALSE,NA,FALSE
exodeoxyribonuclease VII large subunit,LBJ_RS07070,2886.516034,4.39325E-09,0.74895869,0.122224507,2190.43478,1996.490824,1893.599137,2532.281235,3335.940596,3575.449337,4024.839116,3543.093247,23092.12827,TRUE,FALSE,NA,FALSE
peptide chain release factor 2,LBJ_RS02965,2885.922409,0.000122675,0.447435823,0.110292618,2590.72394,2534.624582,2047.164061,2596.327259,3146.547679,3224.343892,3552.088437,3395.559423,23087.37927,TRUE,FALSE,NA,FALSE
DUF962 domain-containing protein,LBJ_RS07690,2882.378191,0.025536423,-0.312381266,0.12975225,2955.577666,2794.21214,3716.492121,3304.774811,2729.320707,2888.570562,2329.308902,2340.768623,23059.02553,TRUE,FALSE,NA,FALSE
primosomal protein N',LBJ_RS07930,2877.620872,0.40654046,-0.104096464,0.110317082,2784.962614,3145.676193,3140.899851,2853.496676,3150.298033,2798.877686,2718.531684,2428.224241,23020.96698,FALSE,FALSE,NA,FALSE
hypothetical protein,LBJ_RS17545,2877.276369,1.12627E-06,0.635835751,0.12453084,2115.626642,2347.954877,2241.605979,2308.612815,2816.516456,3442.059932,3855.199984,3890.634268,23018.21095,TRUE,FALSE,NA,FALSE
WG repeat-containing protein,LBJ_RS14035,2870.244543,4.3476E-06,0.851967663,0.176534895,2122.188759,1855.030189,1767.653803,2440.646156,2676.81574,3402.963037,4403.72855,4292.93011,22961.95634,TRUE,FALSE,NA,FALSE
peptide chain release factor-like protein,LBJ_RS10185,2868.770774,4.76269E-26,-1.525932126,0.140318382,4336.247162,4653.6174,4135.205116,3908.778078,1813.296547,1448.884916,1477.66879,1176.468181,22950.16619,TRUE,FALSE,NA,FALSE
hypothetical protein,LBJ_RS06385,2866.554565,2.46146E-19,0.690044563,0.074230716,2103.814831,2170.035315,2269.22557,2230.772263,3475.641312,3570.083096,3508.171707,3604.692422,22932.43652,TRUE,FALSE,NA,FALSE
alpha/beta fold hydrolase,LBJ_RS08535,2865.640986,0.035517294,0.235070759,0.103396431,2505.416414,2556.499938,2665.842892,2801.274534,3037.787389,3248.875276,3394.504877,2714.926571,22925.12789,TRUE,FALSE,NA,FALSE
aldo/keto reductase,LBJ_RS08250,2859.906096,0.60445409,0.083893063,0.138850983,2746.902334,2938.589489,2791.788225,2629.828256,3472.828546,3241.209219,2753.83729,2304.265409,22879.24877,FALSE,FALSE,NA,FALSE
trypsin-like serine protease,LBJ_RS12645,2854.946236,4.76494E-18,1.175703006,0.131195786,1707.462941,1768.987122,1543.382727,1987.397374,3874.11651,4371.186132,4318.478427,3268.558656,22839.56989,TRUE,FALSE,NA,FALSE
hypothetical protein,LBJ_RS02415,2854.61543,5.53087E-06,-1.121774817,0.23489071,3744.344175,3966.731221,5407.915854,2527.354618,2550.241265,1639.003148,1409.640914,1591.692244,22836.92344,TRUE,FALSE,NA,FALSE
3-deoxy-manno-octulosonate cytidylyltransferase,LBJ_RS06330,2853.294525,1.74442E-12,0.759033584,0.103522965,2237.682025,1827.321404,2122.289347,2287.921023,3688.473947,3336.268335,3630.449661,3695.950458,22826.3562,TRUE,FALSE,NA,FALSE
long-chain fatty acid--CoA ligase,LBJ_RS11925,2852.413116,5.75563E-30,1.12593195,0.096227149,1870.203452,1779.195621,1679.271113,1842.554829,3519.707981,4253.895448,3947.339005,3927.137482,22819.30493,TRUE,FALSE,NA,FALSE
hydroxymethylglutaryl-CoA lyase,LBJ_RS18290,2852.238694,3.84768E-07,-0.399337692,0.075078804,3363.741367,3141.301122,3155.262039,3316.598692,2516.488072,2424.007462,2492.059136,2408.451667,22817.90956,TRUE,FALSE,NA,FALSE
hypothetical protein,LBJ_RS04145,2851.847639,1.06564E-24,1.349052486,0.127577447,1532.910619,1662.527056,1524.601405,1711.506812,3251.557613,4169.568813,4527.728728,4434.380066,22814.78111,TRUE,FALSE,NA,FALSE
hypothetical protein,LBJ_RS05755,2840.954583,0.008240417,0.37670163,0.133025346,2325.614398,2521.499368,2428.314412,2612.092434,3856.302325,3423.661393,2891.615266,2668.537069,22727.63667,TRUE,FALSE,NA,FALSE
HIT domain-containing protein,LBJ_RS02685,2833.036833,5.70534E-18,-0.771281532,0.086287873,3459.548281,3554.016171,3703.234718,3574.753433,1919.24407,2204.75821,2192.392039,2056.347744,22664.29467,TRUE,FALSE,NA,FALSE
ATP-grasp domain-containing protein,LBJ_RS09765,2831.586926,5.4229E-18,0.899949974,0.100605772,1956.823401,2024.199608,1768.758587,2153.917035,3482.204433,3719.571222,3997.283521,3549.9376,22652.69541,TRUE,FALSE,NA,FALSE
outer membrane beta-barrel protein,LBJ_RS08425,2831.278947,0.668644205,0.126395358,0.251921974,2610.410292,2982.340201,2818.303032,2417.983717,4793.891025,3080.988612,2142.447523,1803.867178,22650.23158,FALSE,FALSE,NA,FALSE
acyl-CoA dehydrogenase,LBJ_RS14900,2817.829725,1.8295E-16,-1.018620005,0.119448173,3655.099378,3992.981648,4078.861151,3365.864864,2145.202947,1711.064091,1674.863518,1918.700207,22542.6378,TRUE,FALSE,NA,FALSE
HAMP domain-containing protein,LBJ_RS07945,2814.599782,0.388474064,-0.215812908,0.220545279,2773.150803,3115.050694,3524.25977,2685.991692,3650.970399,3080.222006,1903.05829,1784.094604,22516.79826,FALSE,FALSE,NA,FALSE
UDP-N-acetylmuramate--L-alanine ligase,LBJ_RS02650,2810.310491,4.0483E-06,0.62561284,0.129223734,2271.805036,2170.035315,1928.952213,2470.205859,2942.153342,3349.300633,4021.394667,3328.636863,22482.48393,TRUE,FALSE,NA,FALSE
recombination protein RecR,LBJ_RS16535,2805.999413,4.12747E-11,-1.541114583,0.224403022,4426.804382,4601.116545,4401.45797,3277.185754,2153.641245,1497.181079,1035.057043,1055.551283,22447.9953,TRUE,FALSE,NA,FALSE
hypothetical protein,LBJ_RS15955,2805.837035,0.024104341,-0.589957125,0.242730974,3439.861928,3453.389534,3828.075267,2764.817567,3553.461175,2309.783201,1521.58552,1575.722088,22446.69628,TRUE,FALSE,NA,FALSE
lipoprotein LenA,LBJ_RS00060,2803.484161,3.20508E-07,-0.506503972,0.094586288,3197.063586,3279.845043,3537.517173,3148.108384,2419.916436,2315.916048,2083.030771,2446.475848,22427.87329,TRUE,FALSE,NA,FALSE
bifunctional tRNA (5-methylaminomethyl-2-thiouridine)(34)-methyltransferase MnmD/FAD-dependent 5-carboxymethylaminomethyl-2-thiouridine(34) oxidoreductase MnmC,LBJ_RS01635,2801.936056,6.02374E-16,0.89115651,0.106341381,2050.005468,2059.200178,1687.004598,2057.355338,3440.950531,3443.593143,3868.116669,3809.262519,22415.48844,TRUE,FALSE,NA,FALSE
efflux RND transporter permease subunit,LBJ_RS13670,2798.925015,1.48769E-14,-0.761010142,0.095430958,3597.352745,3777.144803,3371.799629,3336.305161,2276.465365,2102.799642,1972.80839,1956.724388,22391.40012,TRUE,FALSE,NA,FALSE
esterase,LBJ_RS02510,2793.285706,3.47007E-14,0.689331024,0.08766677,2214.058403,2101.492533,1954.362236,2282.994406,3512.207272,3546.318317,3338.532575,3396.319906,22346.28565,TRUE,FALSE,NA,FALSE
non-heme iron oxygenase ferredoxin subunit,LBJ_RS13475,2791.738753,0.002395375,-0.569259688,0.175882067,3375.553178,3661.934594,3354.123091,2950.058373,3006.846962,2351.946519,1977.113952,1656.333353,22333.91002,TRUE,FALSE,NA,FALSE
ADP-glyceromanno-heptose 6-epimerase,LBJ_RS07190,2787.734159,0.002978197,0.384169919,0.121239839,2614.347563,2181.702172,2113.451078,2763.832243,3146.547679,3130.817987,3439.282719,2911.891832,22301.87327,TRUE,FALSE,NA,FALSE
MaoC family dehydratase,LBJ_RS02775,2785.867628,0.001400507,0.673853477,0.198226474,2340.051056,1890.030758,1784.225558,2572.679496,2281.153308,3205.945353,4044.6447,4168.210794,22286.94102,TRUE,FALSE,NA,FALSE
toluene tolerance protein,LBJ_RS19405,2783.198863,0.894577588,-0.020804485,0.135252158,2929.329197,2749.003071,2343.246073,3191.462615,2365.536291,2609.52606,3114.643364,2962.844235,22265.59091,FALSE,FALSE,NA,FALSE
imidazoleglycerol-phosphate dehydratase HisB,LBJ_RS00570,2777.187299,0.049666821,0.218460048,0.102533668,2483.105215,2425.247802,2570.8315,2788.465329,2792.13915,3290.271988,3119.810038,2747.627367,22217.49839,TRUE,FALSE,NA,FALSE
HlyC/CorC family transporter,LBJ_RS02185,2771.848691,2.59731E-05,0.764360226,0.172527945,2136.625418,1955.656826,1806.32123,2318.466049,2580.244104,3112.419448,3782.005434,4483.051018,22174.78953,TRUE,FALSE,NA,FALSE
alanine racemase,LBJ_RS17830,2769.4814,1.12833E-06,0.706008671,0.138293824,2151.062076,2051.908393,1790.854259,2425.866304,2868.083835,3307.903921,3971.450151,3588.722265,22155.8512,TRUE,FALSE,NA,FALSE
alpha/beta hydrolase,LBJ_RS15640,2768.972796,0.980583581,-0.007322473,0.25344324,2611.722716,2906.505634,3029.316705,2555.928998,4522.927891,2884.737533,1810.919269,1829.723622,22151.78237,FALSE,FALSE,NA,FALSE
amidohydrolase family protein,LBJ_RS02100,2766.486651,0.000178453,0.386965682,0.097679441,2480.480368,2496.707298,2249.339464,2364.776251,3413.760458,2797.344475,3201.615711,3127.869184,22131.89321,TRUE,FALSE,NA,FALSE
polysaccharide biosynthesis protein,LBJ_RS06435,2762.214329,7.84653E-11,0.751786947,0.111038892,1997.508529,1881.280616,1953.257452,2398.277248,3623.780327,3622.978895,3447.893843,3172.737718,22097.71463,TRUE,FALSE,NA,FALSE
polyprenyl synthetase family protein,LBJ_RS14435,2754.418738,3.24297E-08,1.027471262,0.177786925,1759.95988,1693.152554,1546.697078,2251.464056,2651.500845,3576.982548,4257.33945,4298.253495,22035.34991,TRUE,FALSE,NA,FALSE
phosphoribosylformylglycinamidine synthase subunit PurS,LBJ_RS03900,2751.245388,1.19336E-05,0.528098209,0.114628522,2172.060851,2139.409817,2083.62192,2616.033728,2943.090931,3204.412141,3593.42183,3257.911885,22009.9631,TRUE,FALSE,NA,FALSE
exodeoxyribonuclease V subunit gamma,LBJ_RS03825,2750.165659,2.79901E-23,1.104108591,0.107637069,1850.5171,1700.44434,1555.535347,1878.026473,3999.753396,3830.72906,3856.922208,3329.397346,22001.32527,TRUE,FALSE,NA,FALSE
hypothetical protein,LBJ_RS11010,2749.657718,0.004592715,-0.260249237,0.085902384,2844.021671,3005.673914,3088.975021,3048.590717,2616.810063,2544.364569,2290.558847,2558.266942,21997.26174,TRUE,FALSE,NA,FALSE
STAS domain-containing protein,LBJ_RS09985,2749.168708,0.013591414,0.331833263,0.125196134,2577.599705,2209.410956,2481.344026,2469.220535,2499.611475,3039.5919,3201.615711,3514.955353,21993.34966,TRUE,FALSE,NA,FALSE
DedA family protein,LBJ_RS07085,2748.656925,0.213702329,0.262078278,0.189704559,2359.737408,2493.790584,2230.558143,2914.586729,1967.061093,3422.894787,3764.783187,2835.843468,21989.2554,FALSE,FALSE,NA,FALSE
M23 family metallopeptidase,LBJ_RS00130,2746.690894,1.70871E-14,0.965120319,0.12129735,2191.747204,1760.236979,1670.432844,1821.863037,3537.522167,3530.219596,3354.893709,4106.61162,21973.52716,TRUE,FALSE,NA,FALSE
glutamate racemase,LBJ_RS12635,2741.696054,0.003229889,0.323895682,0.103043698,2294.116235,2512.749226,2344.350856,2589.429995,2850.269649,3350.833844,3214.532397,2777.286229,21933.56843,TRUE,FALSE,NA,FALSE
WGR and DUF4132 domain-containing protein,LBJ_RS18625,2741.234862,1.04545E-17,-0.717346288,0.080899812,3288.933229,3537.974244,3433.667513,3376.703422,2010.190174,2019.239613,2042.55849,2220.612209,21929.87889,TRUE,FALSE,NA,FALSE
pyruvate dehydrogenase complex E1 component subunit beta,LBJ_RS10760,2740.291339,9.58161E-13,0.941780768,0.126946081,1657.590849,1967.323683,1773.177721,2106.62151,3245.932081,4166.50239,3732.060918,3273.121558,21922.33071,TRUE,FALSE,NA,FALSE
enoyl-CoA hydratase/isomerase family protein,LBJ_RS07670,2738.468522,0.483035125,0.084391175,0.104416436,2550.038812,2617.750935,2568.621933,2896.850907,2443.356153,3012.760698,2940.69867,2877.670068,21907.74818,FALSE,FALSE,NA,FALSE
hypothetical protein,LBJ_RS11350,2734.201066,0.027664724,0.324007061,0.136367661,2463.418863,2356.70502,2197.414634,2695.844926,2533.364669,3110.119631,3684.699739,2832.04105,21873.60853,TRUE,FALSE,NA,FALSE
methionyl-tRNA formyltransferase,LBJ_RS07925,2733.379018,0.566112725,0.083444749,0.125114723,2609.097869,2811.712424,2588.508038,2608.15114,3020.910793,3067.956313,2948.448681,2212.246889,21867.03215,FALSE,FALSE,NA,FALSE
adenosylmethionine--8-amino-7-oxononanoate transaminase,LBJ_RS10270,2731.988147,2.97049E-06,-0.715348555,0.145762779,3374.240755,3761.102875,3043.678892,3405.277801,1608.90221,2238.488864,2470.531328,1953.682454,21855.90518,TRUE,FALSE,NA,FALSE
SET domain-containing protein,LBJ_RS02320,2726.635969,6.2193E-18,0.999695144,0.111985762,1830.830748,1846.280046,1688.109382,1907.586176,3058.414341,3730.303703,3741.533154,4010.030198,21813.08775,TRUE,FALSE,NA,FALSE
hypothetical protein,LBJ_RS00610,2724.43264,4.44495E-06,-0.659901506,0.136882469,3557.980041,3565.683028,2965.239255,3258.464609,2613.997297,2097.433402,1871.197133,1865.466352,21795.46112,TRUE,FALSE,NA,FALSE
tRNA-Ser,LBJ_RS16520,2719.782412,1.11251E-11,-1.709920685,0.242077389,4140.696064,4983.206097,3052.517161,4489.133583,688.1901061,1722.563177,1383.807544,1298.145562,21758.25929,TRUE,TRUE,TRUE,TRUE
pyridoxamine 5'-phosphate oxidase,LBJ_RS11770,2719.174954,1.10935E-11,0.821970329,0.116357263,1975.19733,1987.740682,1752.186832,2144.063801,3584.401602,3964.118465,3164.58788,3181.103038,21753.39963,TRUE,FALSE,NA,FALSE
DNA mismatch repair protein,LBJ_RS16010,2718.312275,0.503103319,0.100467796,0.130030711,2736.402946,2419.414374,2760.854284,2578.591437,2312.093735,2781.245753,2774.503987,3383.391684,21746.4982,FALSE,FALSE,NA,FALSE
flagellar hook-basal body complex protein FliE,LBJ_RS15145,2710.942574,0.30627863,-0.188187773,0.163766106,3165.565422,2553.583224,2425.000061,3405.277801,2390.851186,2031.505305,2596.25373,3119.503864,21687.54059,FALSE,FALSE,NA,FALSE
ABC transporter ATP-binding protein,LBJ_RS08045,2708.331166,0.010294727,0.289960829,0.105320371,2382.048607,2654.209861,2094.669757,2618.004374,3064.039873,2824.175677,3029.393242,3000.107933,21666.64932,TRUE,FALSE,NA,FALSE
adenylate/guanylate cyclase domain-containing protein,LBJ_RS18370,2705.703693,1.13652E-29,-1.563586726,0.134308008,3875.586522,4290.48649,4750.569596,3257.479286,1471.076671,1435.086012,1271.001826,1294.343144,21645.62955,TRUE,FALSE,NA,FALSE
hypothetical protein,LBJ_RS01770,2703.637654,0.324807549,-0.093381035,0.084369785,2903.080727,2833.58778,2756.435149,2672.197164,2766.824255,2706.884993,2497.22581,2492.86535,21629.10123,FALSE,FALSE,NA,FALSE
hypothetical protein,LBJ_RS11190,2700.550913,0.509440948,0.102567622,0.134639015,2572.350011,2699.41893,2633.804167,2512.574767,3463.452659,2806.543744,2281.947723,2634.315306,21604.40731,FALSE,FALSE,NA,FALSE
PIN domain-containing protein,LBJ_RS16790,2699.141702,0.042269279,0.248946029,0.113118845,2376.798914,2594.417222,2728.815559,2168.696887,2644.000135,2885.504139,3234.337981,2960.562784,21593.13362,TRUE,FALSE,NA,FALSE
peptidase M75,LBJ_RS12925,2691.364285,9.66588E-15,1.7625666,0.219470549,1160.182352,1245.436935,1372.141265,1123.268719,5519.584679,5076.463445,3567.588459,2466.248423,21530.91428,TRUE,TRUE,TRUE,TRUE
ankyrin repeat domain-containing protein,LBJ_RS03670,2685.383426,4.27694E-25,-1.867542079,0.17511252,3926.771038,4764.452537,4516.355467,3653.579308,1590.150436,1083.213961,984.2514142,964.293247,21483.06741,TRUE,TRUE,TRUE,TRUE
glutathione peroxidase,LBJ_RS14480,2684.7242,0.000442606,-0.497029315,0.133520972,3202.313279,3150.051264,3228.177758,2989.471311,2745.259715,2309.783201,1901.336065,1951.401003,21477.7936,TRUE,FALSE,NA,FALSE
hypothetical protein,LBJ_RS16540,2680.332663,0.005374466,0.420803987,0.141317244,2332.176515,2053.36675,2071.469301,2710.624778,2578.368926,2902.369466,3209.365722,3584.919847,21442.66131,TRUE,FALSE,NA,FALSE
serine/threonine-protein phosphatase,LBJ_RS04945,2680.195478,0.002450599,0.275596043,0.085342813,2400.422536,2493.790584,2279.168622,2526.369295,2908.400149,2845.640638,3147.365633,2840.40637,21441.56383,TRUE,FALSE,NA,FALSE
TIGR00266 family protein,LBJ_RS07290,2678.21964,0.892059902,0.027803683,0.175343739,2553.976083,3138.384407,2048.268844,2870.247175,2022.378827,2967.530957,3211.94906,2613.021764,21425.75712,FALSE,FALSE,NA,FALSE
hypothetical protein,LBJ_RS04640,2676.002798,0.011415253,0.256965101,0.094673123,2526.41519,2514.207583,2311.207348,2402.218542,2976.844124,3046.491352,3045.754376,2584.88387,21408.02238,TRUE,FALSE,NA,FALSE
PilZ domain-containing protein,LBJ_RS04970,2666.332497,0.681931654,-0.068795217,0.143152807,2493.604603,2658.584932,2946.457933,2820.981003,1984.875279,2542.831357,2871.809682,3011.515188,21330.65998,FALSE,FALSE,NA,FALSE
tetratricopeptide repeat protein,LBJ_RS12165,2662.734263,0.705113736,-0.073775224,0.166288043,2736.402946,2633.792862,2484.658377,3068.297186,2265.2143,2040.704574,2625.53155,3447.27231,21301.8741,FALSE,FALSE,NA,FALSE
phosphoglycerate dehydrogenase,LBJ_RS06380,2660.685506,0.00063273,0.337778139,0.093190425,2529.040037,2149.618316,2251.549032,2471.191182,2817.454045,3000.495005,3108.615578,2957.52085,21285.48404,TRUE,FALSE,NA,FALSE
TonB-dependent receptor,LBJ_RS12365,2660.5442,6.60142E-05,-0.483456988,0.114892243,3088.132437,3193.801976,2894.533103,3232.8462,1911.74336,2156.462046,2588.503719,2218.330758,21284.3536,TRUE,FALSE,NA,FALSE
STAS domain-containing protein,LBJ_RS04405,2654.870793,0.400487276,0.102205973,0.107013847,2546.101542,2362.538448,2750.911231,2583.518054,2384.288065,2799.644292,2788.281784,3023.682926,21238.96634,FALSE,FALSE,NA,FALSE
CDP-diacylglycerol--glycerol-3-phosphate 3-phosphatidyltransferase,LBJ_RS11865,2653.336426,0.797541752,-0.0282299,0.092880893,2616.97241,2641.084648,2724.396424,2733.287217,2839.956174,2754.414551,2551.475888,2365.104099,21226.69141,FALSE,FALSE,NA,FALSE
glycerol kinase,LBJ_RS02935,2640.928123,0.002865283,0.379349493,0.119246297,2245.556566,2393.163946,2250.444248,2294.818287,2721.819997,2805.777138,2782.253998,3633.5908,21127.42498,TRUE,FALSE,NA,FALSE
VWA domain-containing protein,LBJ_RS16875,2640.690684,0.315328047,0.144578533,0.128057981,2282.304423,2706.710716,2389.646985,2655.446665,2441.480976,2939.933149,3249.838003,2460.164554,21125.52547,FALSE,FALSE,NA,FALSE
sodium:solute symporter,LBJ_RS20710,2640.556146,0.559142798,-0.070567259,0.104048536,2653.720267,2662.960004,2624.965898,2878.129762,2343.971751,2602.626608,2938.976445,2419.098437,21124.44917,FALSE,FALSE,NA,FALSE
,LBJ_RS17200,2635.054394,0.295721232,0.09647307,0.082240899,2493.604603,2550.66651,2602.870225,2541.149146,2527.739136,2855.606514,2829.615177,2679.18384,21080.43515,FALSE,FALSE,NA,FALSE
DUF2804 domain-containing protein,LBJ_RS13960,2632.79144,0.268443425,0.148967853,0.120494618,2496.22945,2683.377003,2411.742658,2398.277248,2314.906501,3011.994092,3126.698937,2619.105633,21062.33152,FALSE,FALSE,NA,FALSE
MFS transporter,LBJ_RS08675,2631.997761,0.44170978,0.113065434,0.128445617,2361.049832,2566.708437,2437.152681,2750.037715,2499.611475,2912.335341,3217.976846,2311.109762,21055.98209,FALSE,FALSE,NA,FALSE
hypothetical protein,LBJ_RS01180,2630.572542,0.24732533,-0.147037078,0.114112953,3022.511263,2763.586641,2581.879336,2689.932985,2914.96327,2473.070232,2336.197801,2262.438809,21044.58034,FALSE,FALSE,NA,FALSE
haloacid dehalogenase-like hydrolase,LBJ_RS11220,2627.71641,1.39579E-06,0.631229348,0.124690547,2151.062076,2148.159959,1933.371347,2015.971754,3209.366122,3825.362819,3031.115466,2707.321734,21021.73128,TRUE,FALSE,NA,FALSE
,LBJ_RS20805,2625.853384,9.48214E-27,-1.620054187,0.146884113,4420.242264,3911.313653,4408.086671,3110.666093,1494.516388,1183.639317,1138.390525,1339.972162,21006.82707,TRUE,TRUE,TRUE,TRUE
hypothetical protein,LBJ_RS07455,2616.55232,2.00693E-22,-1.006821365,0.100074076,3386.052566,3670.684737,3623.690296,3295.9069,1952.997263,1737.895293,1669.696844,1595.494663,20932.41856,TRUE,FALSE,NA,FALSE
response regulator,LBJ_RS03390,2616.193341,0.475330784,0.098525941,0.11973366,2521.165496,2600.25065,2504.544482,2481.044417,3137.171792,2751.348128,2720.253909,2213.767856,20929.54673,FALSE,FALSE,NA,FALSE
membrane protein insertion efficiency factor YidD,LBJ_RS18185,2615.429532,0.515505199,0.083901587,0.111750039,2637.971185,2460.248371,2246.025114,2813.098415,2535.239846,2522.133001,2698.7261,3009.994221,20923.43625,FALSE,FALSE,NA,FALSE
hypothetical protein,LBJ_RS14260,2607.575796,4.08923E-10,0.689162841,0.105797475,2144.499958,1723.778053,2015.125336,2099.724246,3393.133507,3126.984958,2984.6154,3372.744914,20860.60637,TRUE,FALSE,NA,FALSE
glycosyltransferase,LBJ_RS14140,2605.317771,4.3228E-08,0.642742002,0.112227004,2090.690596,2047.533322,1758.815534,2240.625498,2853.082415,3113.186054,3390.199316,3348.409437,20842.54217,TRUE,FALSE,NA,FALSE
sulfatase-like hydrolase/transferase,LBJ_RS05690,2603.378066,0.00150424,0.453433998,0.134197769,2359.737408,2202.119171,2491.287079,1739.095868,2671.190208,3262.67418,2989.782074,3111.138544,20827.02453,TRUE,FALSE,NA,FALSE
acyl-CoA dehydrogenase,LBJ_RS13610,2601.090568,0.020201574,-0.337206276,0.134873577,2634.033915,3311.928898,3030.421489,2638.696167,2692.754748,2405.608923,2128.669725,1966.610676,20808.72454,TRUE,FALSE,NA,FALSE
imidazole glycerol phosphate synthase subunit HisF,LBJ_RS06405,2600.611527,4.1339E-07,0.46648517,0.08793814,2249.493836,2178.785458,2000.763148,2305.656845,3037.787389,2956.798476,3176.643453,2898.96361,20804.89222,TRUE,FALSE,NA,FALSE
hypothetical protein,LBJ_RS02515,2600.230279,4.13601E-07,0.587574193,0.110770821,1903.014039,2241.494811,1998.553581,2169.68221,2764.011489,3197.512689,3022.504343,3505.069066,20801.84223,TRUE,FALSE,NA,FALSE
hypothetical protein,LBJ_RS16835,2597.939473,3.14014E-06,-0.640762621,0.130889312,2837.459553,3301.720399,2816.093465,3706.786773,1767.3547,2138.063508,2250.947679,1965.089708,20783.51579,TRUE,FALSE,NA,FALSE
ATP-binding protein,LBJ_RS10610,2596.806962,4.39558E-25,0.89740559,0.084172474,1767.834421,1849.19676,1868.189113,1772.596865,3154.048388,3594.614481,3433.254933,3334.720732,20774.45569,TRUE,FALSE,NA,FALSE
hypothetical protein,LBJ_RS17965,2596.243997,0.656777835,0.060884596,0.116903512,2933.266467,2219.619455,2451.514868,2560.855615,2717.132054,2391.810019,2620.364876,2875.388617,20769.95197,FALSE,FALSE,NA,FALSE
ferrous iron transport protein B,LBJ_RS05945,2591.603979,7.2545E-17,1.093594222,0.126634479,1662.840543,1607.109487,1384.293885,1959.808318,3355.629959,3771.700415,3725.172019,3266.277205,20732.83183,TRUE,FALSE,NA,FALSE
aminoacyl-tRNA hydrolase,LBJ_RS07105,2590.206058,0.546246205,0.107078747,0.152878539,2666.844502,2324.621164,2581.879336,2402.218542,3490.642732,2722.217109,2290.558847,2242.666235,20721.64847,FALSE,FALSE,NA,FALSE
2-amino-4-hydroxy-6-hydroxymethyldihydropteridine diphosphokinase,LBJ_RS01925,2587.713424,0.00069396,-0.50775366,0.141061274,2975.264018,3279.845043,3075.717617,2822.95165,2556.804386,2370.345058,1855.697111,1765.082513,20701.7074,TRUE,FALSE,NA,FALSE
ROK family protein,LBJ_RS11945,2578.679607,3.16686E-10,0.949814932,0.144885725,1670.715084,1688.777483,1614.088879,2062.281955,2633.686659,3461.991682,3822.477715,3675.4174,20629.43686,TRUE,FALSE,NA,FALSE
hypothetical protein,LBJ_RS14415,2561.668548,0.010737509,-0.735407728,0.26872142,2691.780548,3062.54984,5070.956848,1977.54414,2583.994458,2154.162229,1407.057577,1545.302743,20493.34838,TRUE,FALSE,NA,FALSE
tRNA-Asn,LBJ_RS07055,2558.083477,9.0044E-09,-1.532251163,0.255156845,4825.781118,4325.48706,1809.635581,4246.744017,1033.222748,1222.736212,1543.974441,1457.086641,20464.66782,TRUE,FALSE,NA,FALSE
hypothetical protein,LBJ_RS09420,2547.528195,0.219231886,0.144031533,0.10556275,2223.245367,2708.169073,2412.847441,2338.172518,2908.400149,2571.195771,2770.198425,2447.996816,20380.22556,FALSE,FALSE,NA,FALSE
3-phosphoshikimate 1-carboxyvinyltransferase,LBJ_RS05180,2539.433686,4.25796E-11,0.816030299,0.118908695,1716.649906,1986.282325,1619.612797,2036.663546,3064.039873,3360.033114,3589.116268,2943.071661,20315.46949,TRUE,FALSE,NA,FALSE
undecaprenyl-phosphate glucose phosphotransferase,LBJ_RS09120,2538.51204,0.014426071,0.263642064,0.100307028,2175.998122,2393.163946,2280.273406,2379.556102,2521.176015,2947.599207,3021.643231,2588.686288,20308.09632,TRUE,FALSE,NA,FALSE
response regulator,LBJ_RS09280,2534.106748,2.30447E-06,0.538383124,0.108543415,2052.630315,2222.53617,1873.713031,2119.430715,2633.686659,3174.514516,3266.199137,2930.143439,20272.85398,TRUE,FALSE,NA,FALSE
DegT/DnrJ/EryC1/StrS family aminotransferase,LBJ_RS03465,2533.400722,0.726797198,0.071760014,0.174569794,2313.802587,2372.746947,2195.205067,2999.324545,2043.005778,2148.795989,3027.671017,3166.653849,20267.20578,FALSE,FALSE,NA,FALSE
hypothetical protein,LBJ_RS20095,2531.405387,4.4022E-22,-1.350668964,0.135349893,3619.663945,3762.561232,4199.282566,2965.823548,1588.275259,1512.513195,1262.390703,1340.732645,20251.24309,TRUE,FALSE,NA,FALSE
NAD-dependent epimerase/dehydratase family protein,LBJ_RS03530,2530.53825,0.613002304,-0.077425409,0.13116754,2745.58991,2499.624012,2215.091172,2933.307875,2148.953301,2745.215282,2672.031617,2284.492834,20244.306,FALSE,FALSE,NA,FALSE
alpha/beta hydrolase,LBJ_RS11110,2530.39547,0.287486468,0.19208515,0.161254365,2115.626642,2140.868174,2578.564985,2613.077757,1949.246908,2806.543744,2858.892997,3180.342554,20243.16376,FALSE,FALSE,NA,FALSE
NADH-quinone oxidoreductase subunit NuoH,LBJ_RS02820,2530.184678,0.00015031,0.474249957,0.118410611,2098.565137,2030.033037,1894.70392,2447.54342,2682.441272,2748.281705,3167.171217,3172.737718,20241.47743,TRUE,FALSE,NA,FALSE
flagellar biosynthesis protein FlhA,LBJ_RS08920,2528.335321,4.15552E-07,0.695003117,0.131049471,1966.010366,1868.155402,1660.489791,2227.816293,2794.014327,2933.033697,3648.53302,3128.629667,20226.68256,TRUE,FALSE,NA,FALSE
hypothetical protein,LBJ_RS17945,2526.794754,0.989033385,0.00179274,0.108182705,2393.860419,2323.162807,2798.416927,2584.503378,2238.024228,2734.482801,2527.364743,2614.542731,20214.35803,FALSE,FALSE,NA,FALSE
FMN-binding glutamate synthase family protein,LBJ_RS17730,2519.952618,0.716108003,0.044993276,0.105353964,2543.476695,2463.165086,2264.806435,2651.505371,2273.652599,2471.53702,2752.976178,2738.501563,20159.62095,FALSE,FALSE,NA,FALSE
,LBJ_RS02745,2514.924296,4.49956E-12,-1.841482302,0.255908159,3829.651701,3769.853017,5605.672123,2524.398648,1609.839799,1101.612499,761.223316,917.1432617,20119.39436,TRUE,TRUE,TRUE,TRUE
glycosyltransferase family 2 protein,LBJ_RS12675,2514.431998,2.21675E-16,0.941074431,0.110657633,1712.712635,1789.404121,1633.974984,1753.875719,2820.266811,3207.478564,3668.338604,3529.404542,20115.45598,TRUE,FALSE,NA,FALSE
acetylneuraminic acid synthetase,LBJ_RS06270,2509.924003,2.19165E-11,0.608725116,0.087434976,2089.378172,1802.529334,2016.230119,2042.575487,2912.150504,3118.552295,3107.754465,2990.221646,20079.39202,TRUE,FALSE,NA,FALSE
hypothetical protein,LBJ_RS03375,2508.36773,0.239443765,-0.136918425,0.104515653,2665.532078,2829.212709,2758.644716,2258.36132,2362.723525,2461.571145,2238.030993,2492.86535,20066.94184,FALSE,FALSE,NA,FALSE
hypothetical protein,LBJ_RS02200,2508.239423,0.495196012,0.088825853,0.112828406,2278.367153,2552.124867,2431.628763,2463.308595,2173.330608,2886.270745,2571.281472,2709.603185,20065.91539,FALSE,FALSE,NA,FALSE
Na+/H+ antiporter NhaC,LBJ_RS05500,2505.658334,9.33979E-06,0.394372948,0.08458507,2039.50608,2228.369598,2102.403242,2289.89167,2865.271068,2709.18481,2965.670928,2844.969272,20045.26667,TRUE,FALSE,NA,FALSE
YggS family pyridoxal phosphate-dependent enzyme,LBJ_RS05445,2503.598245,0.007351903,0.257418984,0.089692286,2325.614398,2299.829094,2106.822377,2390.39466,2944.028519,2597.260367,2690.976089,2673.860455,20028.78596,TRUE,FALSE,NA,FALSE
serine hydrolase,LBJ_RS02625,2500.718528,0.000735049,0.362531399,0.101187645,2256.055954,2155.451744,1948.838318,2391.379984,2913.088092,2909.268918,2852.86521,2578.8,20005.74822,TRUE,FALSE,NA,FALSE
c-type cytochrome,LBJ_RS08120,2493.433029,4.58625E-18,1.179421764,0.131542051,1448.915517,1601.276059,1408.599124,1651.402082,2775.262553,3499.555365,3574.477358,3987.976173,19947.46423,TRUE,FALSE,NA,FALSE
sulfate transporter,LBJ_RS11345,2492.954804,0.01149359,0.312950597,0.115402999,2172.060851,2027.116323,2228.348576,2465.279242,2406.790194,2942.232966,3056.087724,2645.72256,19943.63844,TRUE,FALSE,NA,FALSE
cytochrome c biogenesis protein CcsA,LBJ_RS03885,2490.227073,1.43037E-12,0.958061945,0.130138963,1686.464166,1481.69078,1509.134434,2089.871012,3071.540583,3412.928912,3422.921585,3247.265114,19921.81659,TRUE,FALSE,NA,FALSE
hypothetical protein,LBJ_RS15285,2488.415723,0.683791331,-0.059255345,0.124138623,2221.932943,2419.414374,3052.517161,2463.308595,2372.099412,2430.140308,2266.447701,2681.465291,19907.32579,FALSE,FALSE,NA,FALSE
phosphoribosylglycinamide formyltransferase,LBJ_RS07360,2487.977884,0.310541469,-0.141998507,0.124621888,2544.789118,2667.335075,2445.99095,2783.538712,1957.685206,2238.488864,2723.698358,2542.296786,19903.82307,FALSE,FALSE,NA,FALSE
aminotransferase class V-fold PLP-dependent enzyme,LBJ_RS07650,2487.178195,0.168608137,0.149193839,0.098221549,2193.059627,2428.164516,2223.929441,2588.444671,2613.059708,2693.086089,2746.948391,2410.733117,19897.42556,FALSE,FALSE,NA,FALSE
hypothetical protein,LBJ_RS09660,2486.664034,3.45425E-07,-0.511729661,0.095832283,2815.148354,3031.924342,2833.770003,3011.148426,2051.444077,2119.664969,2209.614286,1820.597818,19893.31227,TRUE,FALSE,NA,FALSE
GGDEF domain-containing protein,LBJ_RS11005,2482.800926,0.000221031,0.352925589,0.090314391,2068.379397,2044.616607,2294.635593,2312.554109,2631.811482,2770.513272,2815.837379,2924.05957,19862.40741,TRUE,FALSE,NA,FALSE
sensor histidine kinase,LBJ_RS13590,2482.019713,0.098400113,-0.192565406,0.106338854,2481.792792,2609.000792,2750.911231,2748.067068,1972.686626,2384.910567,2419.725699,2489.062932,19856.15771,FALSE,FALSE,NA,FALSE
ABC transporter ATP-binding protein,LBJ_RS05715,2479.384029,9.54115E-69,-1.612125983,0.090372107,3617.039098,3959.439436,3720.911256,3649.638014,1126.981618,1210.470519,1326.974129,1223.618166,19835.07224,TRUE,TRUE,TRUE,TRUE
transporter substrate-binding domain-containing protein,LBJ_RS16545,2478.420517,0.447601544,0.092740036,0.106604984,2370.236796,2177.3271,2438.257465,2608.15114,2299.905082,2810.376773,2457.614642,2665.495135,19827.36413,FALSE,FALSE,NA,FALSE
TonB-dependent receptor,LBJ_RS12915,2474.664629,1.98654E-18,1.693614039,0.186879507,1170.68174,1127.310013,1145.660621,1230.668974,4955.156282,4233.197092,3428.088259,2506.554055,19797.31704,TRUE,TRUE,TRUE,TRUE
hypothetical protein,LBJ_RS11000,2468.473465,0.842481543,0.026298669,0.111433692,2508.041261,2350.871591,2339.931722,2584.503378,2432.105089,2140.363325,2565.253686,2826.717665,19747.78772,FALSE,FALSE,NA,FALSE
hypothetical protein,LBJ_RS01175,2467.139361,9.11256E-07,0.652345233,0.126705352,1952.886131,1637.734986,1960.990938,2121.401362,2619.622829,3118.552295,2871.809682,3454.116662,19737.11488,TRUE,FALSE,NA,FALSE
peptidylprolyl isomerase,LBJ_RS09205,2464.881922,0.759788198,-0.029947702,0.083260507,2521.165496,2487.957156,2487.972728,2464.293918,2571.805805,2512.933732,2431.781272,2241.145267,19719.05537,FALSE,FALSE,NA,FALSE
NADH-quinone oxidoreductase subunit M,LBJ_RS02840,2464.566177,7.00401E-15,1.096894513,0.135876755,1666.777813,1480.232423,1343.41689,1790.332687,2852.144827,3221.277468,3515.060606,3847.286701,19716.52942,TRUE,FALSE,NA,FALSE
orotate phosphoribosyltransferase,LBJ_RS11545,2461.321218,2.44901E-06,0.569754503,0.115172306,1901.701616,1954.198469,1962.095721,2107.606834,2465.858282,3048.024563,3337.671462,2913.412799,19690.56975,TRUE,FALSE,NA,FALSE
CPBP family intramembrane metalloprotease,LBJ_RS15585,2459.949671,2.6493E-07,0.42886827,0.079538218,2071.004244,2034.408108,2174.214178,2107.606834,2738.696594,2992.828947,2747.809504,2813.028959,19679.59737,TRUE,FALSE,NA,FALSE
lipid-A-disaccharide synthase,LBJ_RS12560,2459.014604,2.3127E-05,0.392704057,0.088085659,2183.872663,1999.407538,2136.651535,2184.462062,2614.934885,2847.17385,2997.532085,2708.082218,19672.11684,TRUE,FALSE,NA,FALSE
NADH-quinone oxidoreductase subunit NuoE,LBJ_RS02810,2458.491559,0.222843713,0.130124161,0.096086193,2245.556566,2579.833651,2233.872494,2332.260577,2715.256876,2392.576625,2697.003875,2471.571808,19667.93247,FALSE,FALSE,NA,FALSE
1-aminocyclopropane-1-carboxylate deaminase,LBJ_RS08270,2456.392185,0.458966241,0.11433211,0.134416396,1983.071871,2388.788875,2503.439699,2560.855615,2078.634149,2736.782618,2578.170371,2821.394279,19651.13748,FALSE,FALSE,NA,FALSE
M20/M25/M40 family metallo-hydrolase,LBJ_RS16595,2447.318103,0.001416522,-0.600496741,0.176817439,3071.070932,2906.505634,2915.523992,2903.748171,2711.506522,1933.379766,1456.140981,1680.66883,19578.54483,TRUE,FALSE,NA,FALSE
,LBJ_RS11760,2443.639642,2.2214E-05,0.564333311,0.126319183,1933.199779,1945.448327,1818.47385,2189.388679,2382.412888,2894.703408,3277.393598,3108.096609,19549.11714,TRUE,FALSE,NA,FALSE
hypothetical protein,LBJ_RS12750,2440.678508,1.88341E-08,-0.604164963,0.102789114,2668.156925,3185.051834,3175.148144,2750.037715,1899.554707,1826.821563,1952.141694,2068.515483,19525.42806,TRUE,FALSE,NA,FALSE
STAS domain-containing protein,LBJ_RS06825,2440.404739,0.006746535,0.44970636,0.155115252,1990.946412,2067.95032,1952.152669,2241.610821,2286.77884,2523.666213,2751.253953,3708.878679,19523.23791,TRUE,FALSE,NA,FALSE
TIGR00266 family protein,LBJ_RS07295,2439.094915,0.877645559,0.020460779,0.111932318,2475.230674,2568.166794,2147.699371,2497.794915,2118.950463,2460.804539,2588.503719,2655.608847,19512.75932,FALSE,FALSE,NA,FALSE
cytochrome c biogenesis protein,LBJ_RS03110,2433.783311,0.704776216,-0.095210123,0.214257601,2790.212308,2623.584363,2317.836049,2324.37799,3486.892377,2462.337751,1863.447122,1601.578532,19470.26649,FALSE,FALSE,NA,FALSE
DUF2505 family protein,LBJ_RS17825,2433.11748,6.24474E-15,1.248360579,0.154348525,1501.412456,1308.146289,1375.455616,1580.458794,2913.088092,2958.331687,3367.810395,4460.236509,19464.93984,TRUE,FALSE,NA,FALSE
shikimate kinase,LBJ_RS17180,2433.03305,0.03581481,0.246667146,0.108657567,2153.686923,2149.618316,2416.161792,2182.491415,2432.105089,2439.339577,2656.531595,3034.329697,19464.2644,TRUE,FALSE,NA,FALSE
ABC transporter ATP-binding protein,LBJ_RS10660,2425.994223,2.29552E-09,0.658447663,0.105583793,1815.081666,1742.736695,1797.482961,2168.696887,2976.844124,2886.270745,3189.560138,2831.280567,19407.95378,TRUE,FALSE,NA,FALSE
hypothetical protein,LBJ_RS12585,2414.488896,1.81735E-09,0.662625564,0.10561284,2021.132152,1955.656826,1732.300727,1771.611541,2822.141988,2729.116561,2981.17095,3302.780419,19315.91116,TRUE,FALSE,NA,FALSE
hypothetical protein,LBJ_RS16965,2413.417035,1.22126E-14,1.056979631,0.132125367,1560.471512,1432.106639,1506.924867,1766.684924,2613.997297,3325.535854,3444.449394,3657.165792,19307.33628,TRUE,FALSE,NA,FALSE
4Fe-4S cluster-binding domain-containing protein,LBJ_RS01260,2409.295417,0.823036962,0.034017517,0.128007408,2364.987102,2625.04272,1998.553581,2536.222529,2095.510745,2488.402347,2743.503942,2422.140372,19274.36334,FALSE,FALSE,NA,FALSE
hypothetical protein,LBJ_RS12175,2408.061591,0.009680455,0.530482625,0.191154071,2022.444575,1894.40583,1696.947651,2267.229231,2253.025647,2248.454739,2879.559693,4002.425362,19264.49273,TRUE,FALSE,NA,FALSE
hypothetical protein,LBJ_RS16015,2404.073729,0.018802386,-0.31713562,0.125425936,2934.57889,2611.917506,2869.123079,2254.420026,2165.829898,1910.381592,2052.030726,2434.30811,19232.58983,TRUE,FALSE,NA,FALSE
type II secretion protein,LBJ_RS07800,2402.632139,0.232648996,-0.123610504,0.093053151,2469.98098,2592.958864,2362.027394,2597.312582,2172.393019,2341.214038,2517.031394,2168.138838,19221.05711,FALSE,FALSE,NA,FALSE
signal peptidase I,LBJ_RS06750,2401.261455,0.822531131,0.032603083,0.122254686,2175.998122,2381.49709,2447.095734,2491.882974,2005.50223,2721.450503,2643.61491,2343.050074,19210.09164,FALSE,FALSE,NA,FALSE
16S rRNA (cytosine(1402)-N(4))-methyltransferase RsmH,LBJ_RS02680,2399.019239,0.000312965,-0.370102694,0.096967545,2903.080727,2531.707868,2626.070681,2759.890949,1871.427046,2154.162229,2151.058646,2194.755766,19192.15391,TRUE,FALSE,NA,FALSE
dihydrolipoyl dehydrogenase,LBJ_RS11165,2396.932387,8.40699E-15,1.365697328,0.169677287,1338.671945,1370.855643,1090.42144,1560.752326,2589.619991,3947.253138,4080.811419,3197.073194,19175.45909,TRUE,FALSE,NA,FALSE
VWA domain-containing protein,LBJ_RS16870,2396.897227,1.88323E-05,0.610532112,0.135540159,1853.141947,2024.199608,1593.09799,2118.445391,2650.563256,3209.778382,3217.115734,2508.835506,19175.17781,TRUE,FALSE,NA,FALSE
hypothetical protein,LBJ_RS10965,2390.55497,3.09675E-05,0.540732706,0.12316231,1947.636437,1903.155972,1896.913487,2043.56081,2413.353315,2862.505966,2655.670482,3401.643292,19124.43976,TRUE,FALSE,NA,FALSE
SDR family oxidoreductase,LBJ_RS06430,2384.998969,3.05054E-12,0.666562448,0.09192017,1836.080442,1645.026771,1904.646973,1985.426727,2909.337737,2998.961794,2839.948525,2960.562784,19079.99175,TRUE,FALSE,NA,FALSE
hypothetical protein,LBJ_RS11730,2382.55016,3.55905E-09,0.773693875,0.12552586,1679.902048,1576.483989,1713.519405,2062.281955,2597.1207,3172.214699,2955.33758,3303.540903,19060.40128,TRUE,FALSE,NA,FALSE
hypothetical protein,LBJ_RS16895,2381.924113,1.17609E-22,1.293900331,0.127923957,1490.913068,1306.687932,1220.785908,1501.632919,2914.025681,3154.582766,3653.699694,3813.064937,19055.3929,TRUE,FALSE,NA,FALSE
lipoate--protein ligase,LBJ_RS11715,2381.009249,0.116761373,0.24069176,0.139721263,2073.629091,1989.199039,2167.585476,2499.765562,2052.381665,2706.884993,3008.726545,2549.901622,19048.07399,FALSE,FALSE,NA,FALSE
hypothetical protein,LBJ_RS02780,2380.258079,2.12852E-11,1.048704021,0.150525867,1609.031181,1477.315708,1340.102539,1778.508805,2494.923532,3116.252477,3499.560584,3726.369803,19042.06463,TRUE,FALSE,NA,FALSE
STAS domain-containing protein,LBJ_RS15685,2379.589648,1.8324E-10,-0.646847031,0.097398677,2968.701901,2595.875579,3114.385044,2937.249168,1824.547611,1824.521746,1765.280314,2006.155825,19036.71719,TRUE,FALSE,NA,FALSE
DUF393 domain-containing protein,LBJ_RS11230,2376.495905,2.54166E-05,-0.777980036,0.175390458,2664.219655,3164.634835,3835.808753,2344.084459,1900.492296,2036.871545,1655.919046,1409.936656,19011.96724,TRUE,FALSE,NA,FALSE
hypothetical protein,LBJ_RS12455,2374.636035,0.004027392,0.452068979,0.147114544,2316.427434,1646.485128,2166.480692,1891.821001,3270.309387,2361.145788,2561.809236,2782.609614,18997.08828,TRUE,FALSE,NA,FALSE
carbonic anhydrase,LBJ_RS03270,2373.241608,0.052963298,0.26151217,0.124375143,2303.303199,2075.242106,1967.61964,2288.906346,2164.892309,2592.660733,3006.143208,2587.16532,18985.93286,FALSE,FALSE,NA,FALSE
hypothetical protein,LBJ_RS17275,2372.931329,0.24703914,0.174321116,0.135197389,2438.482817,1989.199039,1820.683417,2669.241193,2516.488072,2506.03428,2614.33709,2428.984725,18983.45063,FALSE,FALSE,NA,FALSE
type II secretion system protein GspN,LBJ_RS07785,2372.475788,6.63975E-06,0.526851478,0.111244073,1855.766794,1741.278338,1964.305289,2212.051118,2615.872474,2663.188464,2858.031884,3069.311944,18979.8063,TRUE,FALSE,NA,FALSE
LPS export ABC transporter periplasmic protein LptC,LBJ_RS07975,2368.244612,0.656395842,0.082548644,0.158265808,2151.062076,2557.958295,2250.444248,2242.596145,2794.014327,2726.816743,2499.809147,1723.255913,18945.95689,FALSE,FALSE,NA,FALSE
branched-chain amino acid transaminase,LBJ_RS00010,2367.522671,0.059230082,-0.218643013,0.106571074,2548.726389,2394.622303,2400.694821,2841.672795,1926.744779,2284.485211,2265.586589,2277.648482,18940.18137,FALSE,FALSE,NA,FALSE
hypothetical protein,LBJ_RS08010,2366.743596,0.018311934,-0.348450857,0.13722807,2715.40417,2765.044998,2890.113968,2234.713557,2042.06819,2178.693614,2405.947901,1701.962371,18933.94877,TRUE,FALSE,NA,FALSE
sulfate ABC transporter substrate-binding protein,LBJ_RS11820,2357.664226,0.493848168,-0.143386088,0.181558064,1952.886131,2973.590059,3019.373652,1953.896377,1950.184497,2197.092152,2697.864988,2116.425951,18861.31381,FALSE,FALSE,NA,FALSE
tetratricopeptide repeat protein,LBJ_RS11630,2357.103331,3.24719E-12,1.118320942,0.154423001,1803.269855,1369.397286,1098.154925,1676.035168,3052.788809,3259.607757,3380.72708,3216.845769,18856.82665,TRUE,FALSE,NA,FALSE
D-glycero-beta-D-manno-heptose 1-phosphate adenylyltransferase,LBJ_RS07990,2356.864895,0.002917627,0.449735491,0.1416413,1731.086564,2132.118031,2023.963605,2082.973748,2098.323512,2854.073302,3122.393375,2809.987025,18854.91916,TRUE,FALSE,NA,FALSE
hypothetical protein,LBJ_RS07370,2356.638466,0.716108003,-0.054418987,0.127442855,2295.428658,2269.203596,2426.104845,2613.077757,1899.554707,2184.82646,2542.003652,2622.908051,18853.10773,FALSE,FALSE,NA,FALSE
hypothetical protein,LBJ_RS04695,2356.404353,0.042382111,0.228424022,0.103851154,2039.50608,2250.244954,2137.756318,2252.449379,2870.896601,2587.294492,2424.031261,2289.055736,18851.23482,TRUE,FALSE,NA,FALSE
DUF58 domain-containing protein,LBJ_RS16860,2355.427155,0.001081085,0.372306082,0.107167658,2004.070647,2161.285173,1785.330341,2262.302613,2474.29658,2659.355435,2837.365188,2659.411266,18843.41724,TRUE,FALSE,NA,FALSE
hypothetical protein,LBJ_RS16600,2353.580672,0.020867271,-0.432186783,0.173786358,2783.650191,2091.284034,2653.690272,3284.083018,2043.943367,1655.101869,1779.919224,2536.973401,18828.64538,TRUE,FALSE,NA,FALSE
hypothetical protein,LBJ_RS10300,2353.528857,0.772792588,0.043334498,0.127680533,2313.802587,2172.952029,2001.867932,2782.553389,2425.541968,2146.496171,2388.725654,2596.291124,18828.23085,FALSE,FALSE,NA,FALSE
RidA family protein,LBJ_RS14220,2352.855557,4.81097E-09,0.90042495,0.147306698,1484.35095,1755.861908,1499.191382,1826.789654,2433.980266,3034.225659,3732.060918,3056.383722,18822.84446,TRUE,FALSE,NA,FALSE
Gfo/Idh/MocA family oxidoreductase,LBJ_RS06230,2350.655793,2.68379E-06,0.757412164,0.153688934,1517.161537,1436.481711,2303.473862,1730.227957,2869.959012,3136.950833,2799.476245,3011.515188,18805.24634,TRUE,FALSE,NA,FALSE
guanylate kinase,LBJ_RS19025,2332.291182,0.195438479,-0.145407188,0.101297527,2400.422536,2677.543574,2591.822389,2131.254596,2214.58451,2148.795989,2207.892061,2286.013802,18658.32946,FALSE,FALSE,NA,FALSE
A/G-specific adenine glycosylase,LBJ_RS07180,2329.804989,0.000363051,0.342943561,0.090793327,1885.952534,2034.408108,2169.795043,2124.357332,2668.377441,2522.133001,2757.28174,2476.13471,18638.43991,TRUE,FALSE,NA,FALSE
NAD(P)-dependent oxidoreductase,LBJ_RS06425,2329.040111,1.98851E-10,0.602501554,0.090890813,1824.26863,1758.778622,1767.653803,2045.531457,2740.571771,2883.204321,2901.948614,2710.363669,18632.32089,TRUE,FALSE,NA,FALSE
sigma-70 family RNA polymerase sigma factor,LBJ_RS17690,2327.455098,6.8834E-10,0.61249317,0.095232957,1790.14562,1859.40526,1917.904376,1796.244627,2598.995878,2968.297563,2637.587123,3051.060337,18619.64078,TRUE,FALSE,NA,FALSE
ABC transporter ATP-binding protein,LBJ_RS15705,2324.361357,2.80689E-08,0.731503249,0.12599148,1777.021385,1553.150276,1612.984095,2044.546134,2548.366088,2802.710715,3100.865567,3155.246594,18594.89085,TRUE,FALSE,NA,FALSE
hypothetical protein,LBJ_RS05865,2324.33355,0.100990272,-0.185341579,0.103135617,2595.973634,2772.336784,2292.426026,2235.698881,2233.336284,2231.589412,2157.947545,2075.359835,18594.6684,FALSE,FALSE,NA,FALSE
hypothetical protein,LBJ_RS01880,2323.981196,1.58835E-05,-0.556634049,0.122524675,2916.204962,2394.622303,3178.462495,2577.606113,1802.983071,1750.160985,1866.030459,2105.779181,18591.84957,TRUE,FALSE,NA,FALSE
hypothetical protein,LBJ_RS14255,2316.810162,0.060482191,-0.213238112,0.104403962,2572.350011,2388.788875,2215.091172,2773.685478,2122.700818,1997.774651,2213.058735,2251.031555,18534.48129,FALSE,FALSE,NA,FALSE
3-dehydroquinate synthase,LBJ_RS11585,2312.588287,0.002440332,0.231354527,0.071608949,2090.690596,2180.243815,2095.77454,2144.063801,2490.235588,2488.402347,2483.448013,2527.847597,18500.7063,TRUE,FALSE,NA,FALSE
,LBJ_RS15000,2312.217825,5.18584E-31,-1.373740781,0.1153431,3384.740142,3201.093761,3533.098039,3226.934259,1529.20717,1248.034202,1135.807188,1238.827839,18497.7426,TRUE,FALSE,NA,FALSE
hypothetical protein,LBJ_RS08525,2308.857481,0.368346617,-0.104412477,0.102486747,2303.303199,2439.831372,2288.006891,2538.193176,2011.127762,2267.619884,2497.22581,2125.551755,18470.85985,FALSE,FALSE,NA,FALSE
16S rRNA (uracil(1498)-N(3))-methyltransferase,LBJ_RS08390,2303.187124,0.000372277,-0.555834328,0.147425142,2450.294628,2802.962282,3317.665232,2394.335954,2219.272454,1905.015352,1630.946788,1705.004306,18425.497,TRUE,FALSE,NA,FALSE
TerC family protein,LBJ_RS17295,2301.104169,0.000419828,0.458477695,0.122683194,1950.261284,1827.321404,2092.460189,1882.95309,3054.663986,2897.769831,2367.197846,2336.205721,18408.83335,TRUE,FALSE,NA,FALSE
glycosyltransferase,LBJ_RS03535,2299.557968,0.352209463,-0.093666853,0.089127525,2455.544322,2473.373585,2210.672038,2357.878987,2388.976009,2105.099459,2162.253107,2242.666235,18396.46374,FALSE,FALSE,NA,FALSE
DJ-1/PfpI family protein,LBJ_RS02620,2296.946129,0.977991713,-0.0031929,0.098305528,2324.301975,2228.369598,2262.596868,2381.526749,2454.607218,2476.90326,2199.280938,2047.982424,18375.56903,FALSE,FALSE,NA,FALSE
4-hydroxybenzoate octaprenyltransferase,LBJ_RS07160,2295.239113,9.65116E-09,0.833162869,0.139022674,1547.347277,1618.776344,1728.986376,1705.594871,2583.994458,3605.346962,3115.504477,2456.362135,18361.9129,TRUE,FALSE,NA,FALSE
AI-2E family transporter,LBJ_RS07075,2294.711031,1.00789E-21,0.974097165,0.098454061,1530.285772,1381.064142,1554.430563,1723.330693,3011.534906,3209.011776,2969.97649,2978.053908,18357.68825,TRUE,FALSE,NA,FALSE
LipL41-expression chaperone Lep,LBJ_RS01760,2294.124853,0.002014767,0.619103047,0.188178103,1777.021385,1669.818841,1504.7153,2284.965052,2146.140535,2383.377356,2945.004232,3641.95612,18352.99882,TRUE,FALSE,NA,FALSE
SpoIIE family protein phosphatase,LBJ_RS12595,2293.696263,0.008802342,0.369923649,0.131714477,1926.637662,2022.741251,1822.892984,2232.74291,2181.768906,2441.639395,2635.864898,3085.2821,18349.57011,TRUE,FALSE,NA,FALSE
SDR family oxidoreductase,LBJ_RS17165,2291.175311,0.03191227,-0.240877311,0.103911805,2312.490163,2394.622303,2368.656096,2850.540706,1989.563222,2038.404757,2200.14205,2174.983191,18329.40249,TRUE,FALSE,NA,FALSE
ParA family protein,LBJ_RS16625,2283.302861,0.475330784,0.105846154,0.128630127,2357.112561,2123.367889,2553.154962,1765.699601,2378.662533,2370.345058,2225.975421,2492.104866,18266.42289,FALSE,FALSE,NA,FALSE
glycosyltransferase,LBJ_RS10150,2279.979483,1.13804E-12,0.815884849,0.110347302,1573.595747,1570.650561,1741.138996,1721.360046,2573.680983,2896.23662,2826.170727,3337.002183,18239.83586,TRUE,FALSE,NA,FALSE
NTP transferase domain-containing protein,LBJ_RS06180,2279.028341,0.000167948,0.535074624,0.134552462,1775.708962,1572.108918,2179.738096,1915.468763,2284.903663,2759.780792,2751.253953,2993.263581,18232.22673,TRUE,FALSE,NA,FALSE
hypothetical protein,LBJ_RS04360,2278.567709,0.19827901,-0.15766164,0.11050561,2472.605827,2212.32767,2197.414634,2728.360599,1983.93769,2312.083019,2232.003207,2089.809024,18228.54167,FALSE,FALSE,NA,FALSE
hypothetical protein,LBJ_RS08505,2277.626667,0.214126749,-0.152873449,0.110772699,2193.059627,2641.084648,2384.123067,2374.629485,2156.454011,1976.309689,2461.059092,2034.293719,18221.01334,FALSE,FALSE,NA,FALSE
hybrid sensor histidine kinase/response regulator,LBJ_RS06915,2276.467276,0.00073757,-0.677576222,0.189176834,2870.27014,2839.421209,2587.403254,2907.689465,2499.611475,1779.292005,1426.863161,1301.187497,18211.73821,TRUE,FALSE,NA,FALSE
biotin/lipoyl-binding protein,LBJ_RS09385,2274.377734,8.18454E-12,0.72670337,0.102214537,1628.717533,1838.988261,1565.478399,1820.877713,2715.256876,3028.859419,2964.809816,2632.033855,18195.02187,TRUE,FALSE,NA,FALSE
,LBJ_RS20315,2273.860473,0.002413744,-0.388553572,0.12014288,2876.832258,2323.162807,2376.389582,2736.243187,1769.229878,1839.853861,2191.530927,2077.641286,18190.88378,TRUE,FALSE,NA,FALSE
patatin-like phospholipase family protein,LBJ_RS17025,2272.51327,0.014031858,-0.329671939,0.124904616,2417.484041,2779.628569,2534.37364,2393.350631,2075.821383,2310.549807,2020.169569,1648.728517,18180.10616,TRUE,FALSE,NA,FALSE
flagellar type III secretion system protein FlhB,LBJ_RS08925,2270.989491,9.92271E-09,0.824931059,0.137762802,1664.152967,1599.817702,1362.198212,1928.277968,2702.130635,2558.930078,3306.671418,3045.736951,18167.91593,TRUE,FALSE,NA,FALSE
phosphoribosylamine--glycine ligase,LBJ_RS02975,2269.772441,0.044993436,0.38928851,0.179056011,1931.887355,1971.698754,1509.134434,2448.528743,1959.560384,2746.748493,3119.810038,2470.811325,18158.17953,TRUE,FALSE,NA,FALSE
2-dehydropantoate 2-reductase,LBJ_RS01335,2268.645764,0.004038414,-0.345528827,0.112479487,2497.541873,2679.001931,2584.088903,2397.291924,1876.11499,1993.175016,1784.224786,2337.726689,18149.16611,TRUE,FALSE,NA,FALSE
zinc dependent phospholipase C family protein,LBJ_RS01550,2266.896717,0.017246731,0.228730576,0.089275715,2196.996897,1935.239827,2106.822377,2109.57748,2618.68524,2320.515682,2368.92007,2478.416161,18135.17374,TRUE,FALSE,NA,FALSE
HAMP domain-containing protein,LBJ_RS01025,2266.505842,3.58081E-17,-1.308760469,0.150046613,3315.181698,3572.974813,3632.528565,2397.291924,1489.828445,1223.502818,1232.251771,1268.4867,18132.04673,TRUE,FALSE,NA,FALSE
hypothetical protein,LBJ_RS07250,2263.804671,1.39417E-05,-0.443740695,0.097071139,2561.850624,2781.086926,2668.052459,2427.836951,1729.851152,1932.61316,2068.391861,1940.754232,18110.43736,TRUE,FALSE,NA,FALSE
methylthioribulose 1-phosphate dehydratase,LBJ_RS17755,2263.80296,3.28187E-05,0.413535797,0.094499318,2039.50608,1888.572401,1858.246061,1979.514787,2714.319288,2342.74725,2523.920293,2763.597523,18110.42368,TRUE,FALSE,NA,FALSE
hypothetical protein,LBJ_RS16255,2263.245527,2.38199E-06,-0.479177906,0.096746605,2715.40417,2426.706159,2544.316693,2855.467323,1862.051159,2020.006218,1754.946966,1927.065527,18105.96421,TRUE,FALSE,NA,FALSE
portal protein,LBJ_RS02295,2262.90342,1.32555E-09,-0.529749014,0.083750641,2783.650191,2609.000792,2510.0684,2792.406623,1776.730587,1829.887986,1898.752728,1902.73005,18103.22736,TRUE,FALSE,NA,FALSE
tRNA-Val,LBJ_RS02035,2261.253665,0.234698138,-0.237176974,0.17934167,2624.84695,2581.292008,1617.40323,2963.852901,1802.045482,2339.680827,2046.00294,2114.904984,18090.02932,FALSE,FALSE,NA,FALSE
,LBJ_RS15075,2256.773957,4.99004E-16,-1.268987851,0.150987997,3357.17925,2798.587211,3804.874811,2798.318564,1554.522065,1363.791675,1077.251548,1299.666529,18054.19165,TRUE,FALSE,NA,FALSE
flagellar export protein FliJ,LBJ_RS05860,2256.086546,0.036839456,-0.300505948,0.133096408,2787.587461,2531.707868,2402.904389,2238.654851,2479.922113,1801.523572,1908.224964,1898.167149,18048.69237,TRUE,FALSE,NA,FALSE
1-acyl-sn-glycerol-3-phosphate acyltransferase,LBJ_RS00395,2255.942987,0.002910239,0.273148873,0.086002192,2001.4458,1970.240397,2143.280236,2056.370015,2407.727783,2443.939212,2356.003385,2668.537069,18047.5439,TRUE,FALSE,NA,FALSE
tetratricopeptide repeat protein,LBJ_RS01780,2254.557276,4.10255E-15,-1.322751087,0.162477946,2997.575217,3606.517026,3862.32356,2418.96904,1502.017098,1304.76303,1162.50167,1181.791566,18036.45821,TRUE,FALSE,NA,FALSE
SAM-dependent methyltransferase,LBJ_RS04185,2246.335897,7.6982E-17,1.243339196,0.144101197,1447.603093,1290.646004,1044.020527,1553.855062,2867.146246,3035.758871,3623.560762,3108.096609,17970.68717,TRUE,FALSE,NA,FALSE
ABC transporter ATP-binding protein,LBJ_RS16090,2242.394358,0.323201952,-0.126884049,0.114160228,2511.978531,2200.660814,2165.375909,2484.98571,2367.411469,2026.90567,1886.697155,2295.139605,17939.15486,FALSE,FALSE,NA,FALSE
hypothetical protein,LBJ_RS00405,2242.118088,7.2294E-08,-1.023074643,0.181585224,2837.459553,3199.635404,3429.248378,2554.943674,1925.807191,1612.171946,1077.251548,1300.427013,17936.94471,TRUE,FALSE,NA,FALSE
oligosaccharide flippase family protein,LBJ_RS11275,2242.091247,4.23776E-05,0.665822883,0.154318817,1674.652354,1560.442061,1552.220996,2146.034448,2165.829898,2940.699755,3111.198915,2785.651549,17936.72998,TRUE,FALSE,NA,FALSE
transcriptional regulator,LBJ_RS09915,2235.282113,0.769611983,-0.042853885,0.124392507,2496.22945,2366.913519,2109.031944,2102.680216,2523.051193,2355.779548,1971.086165,1957.484872,17882.25691,FALSE,FALSE,NA,FALSE
metal-dependent hydrolase,LBJ_RS12060,2235.236048,2.41379E-07,0.591956124,0.109402195,1674.652354,1824.40469,1666.013709,1966.705582,2511.800128,2972.130591,2458.475755,2807.705574,17881.88838,TRUE,FALSE,NA,FALSE
YncE family protein,LBJ_RS13635,2234.960549,0.310274959,-0.114040084,0.100020149,2382.048607,2346.49652,2139.965885,2423.895657,2399.289484,2019.239613,2008.975109,2159.773519,17879.68439,FALSE,FALSE,NA,FALSE
hypothetical protein,LBJ_RS00280,2232.439286,0.000244441,-0.559442725,0.14412968,2849.271365,2336.288021,2809.464763,2644.608107,1746.727749,1526.312099,1665.391282,2281.4509,17859.51429,TRUE,FALSE,NA,FALSE
TIGR01777 family protein,LBJ_RS13720,2228.519408,9.08766E-11,-1.078696533,0.159867336,2637.971185,3399.430322,3082.346319,2980.6034,1164.485166,1773.159159,1593.918957,1196.240755,17828.15526,TRUE,FALSE,NA,FALSE
carboxypeptidase M32,LBJ_RS16390,2227.191742,0.006473827,-0.267452945,0.091811926,2446.357358,2562.333366,2281.37819,2443.602126,1977.374569,2220.090326,1961.61393,1924.784076,17817.53394,TRUE,FALSE,NA,FALSE
DUF4065 domain-containing protein,LBJ_RS06810,2226.869601,3.10547E-07,-0.887789328,0.165600441,2926.70435,2970.673345,3478.963641,2188.403356,1869.551869,1641.302965,1426.002049,1313.355235,17814.95681,TRUE,FALSE,NA,FALSE
hypothetical protein,LBJ_RS08870,2225.9197,3.6001E-09,0.938494054,0.152313857,1492.225491,1509.399564,1329.054703,1774.567512,2270.839832,2781.245753,3348.004811,3302.019936,17807.3576,TRUE,FALSE,NA,FALSE
hypothetical protein,LBJ_RS01145,2225.152709,0.04928606,0.185474335,0.086904887,2017.194881,2174.410386,2084.726704,2054.399368,2159.266777,2427.073885,2475.698002,2408.451667,17801.22167,TRUE,FALSE,NA,FALSE
motility associated factor glycosyltransferase family protein,LBJ_RS02370,2221.64629,0.690496381,-0.06515557,0.139762084,2322.989551,2305.662522,2209.567254,2249.493409,1922.994425,1741.728322,2473.114665,2547.620171,17773.17032,FALSE,FALSE,NA,FALSE
NAD-dependent succinate-semialdehyde dehydrogenase,LBJ_RS16040,2218.736149,2.26226E-12,-1.128984452,0.15477217,2929.329197,3555.474528,3123.223313,2572.679496,1690.472427,1499.480897,1214.168411,1165.060926,17749.8892,TRUE,FALSE,NA,FALSE
flagellar motor protein MotB,LBJ_RS14110,2218.186237,0.001706306,-0.45025911,0.134802301,2490.979756,2326.079521,2265.911219,3161.902912,1720.475265,1753.994014,1992.613974,2033.533235,17745.4899,TRUE,FALSE,NA,FALSE
ATP-binding protein,LBJ_RS08840,2217.314658,0.037657623,0.430096224,0.191265901,1744.210799,2181.702172,2082.517137,1548.928444,3329.377475,2776.646119,2262.142139,1812.992982,17738.51727,TRUE,FALSE,NA,FALSE
biotin--[acetyl-CoA-carboxylase] ligase,LBJ_RS02725,2216.047483,5.58961E-05,0.521869734,0.122845786,1874.140723,1876.905545,1523.496622,2004.147873,2320.532034,2757.480974,2866.643008,2505.033088,17728.37987,TRUE,FALSE,NA,FALSE
anti-sigma regulatory factor,LBJ_RS12965,2214.657584,0.000409588,0.322651169,0.086179586,1799.332584,1971.698754,2054.897546,2044.546134,2446.168919,2367.278635,2496.364698,2536.973401,17717.26067,TRUE,FALSE,NA,FALSE
hypothetical protein,LBJ_RS00990,2211.608576,0.012793967,-0.770243876,0.288161252,2229.807484,2390.247232,4566.07073,1966.705582,2288.654018,1977.076295,1129.779401,1144.527868,17692.86861,TRUE,FALSE,NA,FALSE
AarF/ABC1/UbiB kinase family protein,LBJ_RS05955,2209.878814,1.63708E-06,0.715254149,0.142175347,1664.152967,1652.318556,1336.788189,2037.64887,2879.334899,2933.033697,2777.948436,2397.804896,17679.03051,TRUE,FALSE,NA,FALSE
hypothetical protein,LBJ_RS17920,2208.393526,1.98858E-07,-0.644571409,0.118331142,2748.214757,2907.963991,2820.5126,2298.759581,1870.489457,1786.191457,1736.863607,1498.152758,17667.14821,TRUE,FALSE,NA,FALSE
HAD family hydrolase,LBJ_RS10995,2205.506716,4.78106E-07,0.613548359,0.116277709,1766.521998,1805.446048,1472.676575,1929.263291,2571.805805,2749.814917,2902.809726,2445.715365,17644.05373,TRUE,FALSE,NA,FALSE
hypothetical protein,LBJ_RS08200,2204.943655,8.18454E-12,0.820241513,0.115369991,1498.787609,1588.150846,1483.724411,1806.097862,2650.563256,2561.996502,2868.365233,3181.863522,17639.54924,TRUE,FALSE,NA,FALSE
hypothetical protein,LBJ_RS09605,2197.026239,6.5786E-05,0.398094675,0.094584818,1876.76557,1997.949181,1795.273394,1914.48344,2330.845509,2634.057444,2681.503853,2345.331525,17576.20992,TRUE,FALSE,NA,FALSE
hypothetical protein,LBJ_RS17970,2194.835907,0.376812865,-0.122809742,0.122621981,2240.306872,2075.242106,2650.375921,2186.432709,2048.63131,2148.795989,1838.474864,2370.427485,17558.68726,FALSE,FALSE,NA,FALSE
serine/threonine-protein phosphatase,LBJ_RS10355,2191.352978,0.035363952,0.458651492,0.201577524,1872.828299,1900.239258,2006.287067,1604.106557,3781.295229,2376.477904,1940.086121,2049.503392,17530.82383,TRUE,FALSE,NA,FALSE
5'/3'-nucleotidase SurE,LBJ_RS13690,2188.785821,0.001531505,0.420682647,0.124711022,1876.76557,1672.735555,1759.920318,2176.579474,2151.766067,2496.835011,2692.698313,2682.986258,17510.28657,TRUE,FALSE,NA,FALSE
ABC transporter permease,LBJ_RS10655,2185.805064,0.000502087,0.42446062,0.115074037,1723.212023,1761.695336,1893.599137,2085.929718,2173.330608,2561.229896,2777.087324,2510.356473,17486.44051,TRUE,FALSE,NA,FALSE
flagellar FlbD family protein,LBJ_RS01845,2184.856506,0.024076598,0.304116355,0.125086651,1884.64011,2022.741251,1791.959043,2122.386685,2088.947625,2205.524816,2808.94848,2553.704041,17478.85205,TRUE,FALSE,NA,FALSE
hypothetical protein,LBJ_RS12065,2184.020274,0.024887018,-0.233274557,0.096458249,2592.036363,2260.453453,2132.2324,2456.411331,1920.181658,2010.040343,2071.83631,2028.970334,17472.16219,TRUE,FALSE,NA,FALSE
lipid A Kdo2 1-phosphate O-methyltransferase,LBJ_RS08065,2180.802562,2.05638E-23,1.718480146,0.167011889,988.2548768,844.3887416,929.1230303,1301.612261,2621.498006,3767.867386,3672.644166,3321.032027,17446.4205,TRUE,TRUE,TRUE,TRUE
hypothetical protein,LBJ_RS10175,2179.75246,8.79158E-12,-1.367997925,0.192691217,2590.72394,3392.138537,3826.970484,2757.920303,1637.029871,1270.26577,1010.084785,952.8859925,17438.01968,TRUE,FALSE,NA,FALSE
sulfatase-like hydrolase/transferase,LBJ_RS04320,2178.295396,0.006347694,0.325753814,0.111565857,1853.141947,1952.740112,1832.836037,2094.797629,2143.327769,2739.082436,2528.225855,2282.211383,17426.36317,TRUE,FALSE,NA,FALSE
hypothetical protein,LBJ_RS02215,2174.210197,0.046683971,-0.271810037,0.125927731,2366.299526,2501.082369,2461.457921,2184.462062,2402.10225,1891.216448,1860.002673,1727.058331,17393.68158,TRUE,FALSE,NA,FALSE
crossover junction endodeoxyribonuclease RuvC,LBJ_RS03045,2173.031361,0.047304413,0.30666929,0.142447295,1838.705289,2019.824537,1775.387288,2138.15186,1847.04974,2424.007462,2787.420672,2553.704041,17384.25089,TRUE,FALSE,NA,FALSE
hypothetical protein,LBJ_RS09525,2171.419127,0.735658494,-0.047723565,0.12060871,2227.182637,2302.745808,2395.170903,1905.615529,2064.570318,1889.683236,2146.753085,2439.631496,17371.35301,FALSE,FALSE,NA,FALSE
metallo-mystery pair system four-Cys motif protein,LBJ_RS11355,2169.427571,1.87769E-08,-0.874448722,0.148755448,2410.921924,3045.049555,2984.020576,2790.435976,1213.239778,1425.120137,1853.113774,1633.518844,17355.42056,TRUE,FALSE,NA,FALSE
,Riboswitch1,2167.735931,0.667259231,-0.06322218,0.125390739,2055.255162,2308.579236,2324.464751,2172.638181,1880.802933,1927.246919,2574.725922,2098.174344,17341.88745,FALSE,FALSE,NA,FALSE
tRNA (cytidine(34)-2'-O)-methyltransferase,LBJ_RS12960,2167.447756,0.93948321,-0.012358911,0.141460546,2134.000571,2245.869883,2175.318961,2150.961065,2760.261134,2144.96296,1915.974975,1812.232498,17339.58205,FALSE,FALSE,NA,FALSE
adenosine deaminase,LBJ_RS03460,2166.366108,2.67659E-07,0.729195095,0.135288133,1535.535466,1621.693058,1562.164048,1801.171244,2190.207204,2515.233549,2991.504298,3113.419995,17330.92886,TRUE,FALSE,NA,FALSE
hypothetical protein,LBJ_RS09425,2165.104966,0.845314129,0.02309437,0.099471969,2011.945187,2161.285173,2230.558143,2187.418032,1910.805771,2276.052547,2326.725565,2216.049307,17320.83973,FALSE,FALSE,NA,FALSE
hypothetical protein,LBJ_RS13345,2154.830156,0.109219044,-0.333338901,0.189750479,2139.250265,2810.254067,2674.681161,1986.412051,2487.422822,1952.54491,1842.780426,1345.295547,17238.64125,FALSE,FALSE,NA,FALSE
hypothetical protein,LBJ_RS12520,2153.020846,0.050776727,0.238384797,0.112390677,1872.828299,1859.40526,1943.3144,2224.860323,2312.093735,2656.289012,2174.30868,2181.06706,17224.16677,FALSE,FALSE,NA,FALSE
hydrolase,LBJ_RS06885,2151.05257,0.002004796,0.430265593,0.130718565,1969.947636,1818.571262,1438.428282,2103.66554,2308.34338,2504.501068,2565.253686,2499.709703,17208.42056,TRUE,FALSE,NA,FALSE
acetylglutamate kinase,LBJ_RS17130,2149.95787,4.24163E-08,0.872124595,0.152182384,1490.913068,1599.817702,1313.587732,1673.079198,2078.634149,2816.509619,3204.199048,3022.922442,17199.66296,TRUE,FALSE,NA,FALSE
hypothetical protein,LBJ_RS04525,2149.261136,0.000265864,0.649361616,0.168245923,1799.332584,1623.151415,1523.496622,1748.949102,1890.17882,2489.935559,2734.892819,3384.152168,17194.08909,TRUE,FALSE,NA,FALSE
anti-sigma factor antagonist,LBJ_RS08040,2147.992488,0.120985565,0.16524456,0.097012759,1938.449473,2137.95146,1846.093441,2178.550121,2111.449753,2278.352365,2331.031127,2362.062165,17183.9399,FALSE,FALSE,NA,FALSE
hypothetical protein,LBJ_RS13795,2145.731621,1.50385E-75,-2.172266237,0.116116232,3756.155986,3857.354441,3518.735852,2917.5427,811.0142259,758.9397177,742.2788443,803.8312004,17165.85297,TRUE,TRUE,TRUE,TRUE
imelysin family protein,LBJ_RS12935,2145.648406,1.04915E-40,1.761632966,0.128566891,933.1330909,1022.308304,945.6947847,1007.985877,3700.662601,3527.153173,3409.143787,2619.105633,17165.18725,TRUE,TRUE,TRUE,TRUE
tRNA-Val,LBJ_RS13875,2142.674572,3.94184E-09,-0.88825526,0.144544917,3035.635498,2747.544714,2591.822389,2754.964332,1134.482328,1474.949512,1760.11364,1641.884164,17141.39658,TRUE,FALSE,NA,FALSE
ParB/RepB/Spo0J family partition protein,LBJ_RS16730,2137.768924,0.391536595,0.107523406,0.110655006,2207.496285,2089.825676,1782.01599,2153.917035,2101.136278,2338.914221,2393.031216,2035.814686,17102.15139,FALSE,FALSE,NA,FALSE
DUF1563 domain-containing protein,LBJ_RS10085,2133.648631,0.000397441,-0.512054894,0.136475978,2509.353685,2547.749795,2725.501208,2250.478732,2133.951882,1843.68689,1527.613306,1530.853554,17069.18905,TRUE,FALSE,NA,FALSE
dicarboxylate/amino acid:cation symporter,LBJ_RS00320,2132.907916,7.95797E-20,-0.892802266,0.094756379,3098.631825,2714.002501,2641.537652,2637.710843,1443.886599,1576.141474,1457.002093,1494.350339,17063.26333,TRUE,FALSE,NA,FALSE
type I-E CRISPR-associated protein Cse1/CasA,LBJ_RS13500,2132.578006,1.68868E-12,0.948571111,0.1292813,1538.160313,1491.899279,1287.072925,1505.574213,3384.695209,2581.928252,2808.087368,2463.206488,17060.62405,TRUE,FALSE,NA,FALSE
glycosyl hydrolase,LBJ_RS04585,2132.326117,0.004043367,-0.369832163,0.120417916,2288.866541,2311.495951,2708.929453,2307.627492,1547.021356,1893.516265,1993.475087,2007.676792,17058.60894,TRUE,FALSE,NA,FALSE
hypothetical protein,LBJ_RS17540,2131.647964,1.49193E-09,0.619657515,0.098259498,1522.411231,1830.238119,1661.594575,1709.536165,2538.990201,2781.245753,2595.392618,2413.775052,17053.18371,TRUE,FALSE,NA,FALSE
glycosyltransferase family 2 protein,LBJ_RS12940,2129.459641,5.87249E-08,0.616326026,0.108663648,1534.223042,1780.653978,1723.462458,1687.859049,2225.835575,2614.8923,2825.309615,2643.441109,17035.67713,TRUE,FALSE,NA,FALSE
PrsW family intramembrane metalloprotease,LBJ_RS12305,2128.519103,0.663997446,0.042742317,0.083820387,2055.255162,2215.244384,2164.271125,1954.881701,2214.58451,2157.995258,2085.614108,2180.306577,17028.15282,FALSE,FALSE,NA,FALSE
polyprenyl synthetase family protein,LBJ_RS13210,2127.725763,0.00230204,-0.341496385,0.105106513,2379.42376,2448.581515,2302.369079,2384.48272,1697.035548,1767.792918,1875.502695,2166.617871,17021.80611,TRUE,FALSE,NA,FALSE
DUF3347 domain-containing protein,LBJ_RS01075,2126.770127,5.46231E-12,-1.251849565,0.174651854,3183.939351,2925.464276,3326.503501,2546.075763,1651.093701,1351.525982,987.6958636,1041.862578,17014.16102,TRUE,FALSE,NA,FALSE
flagellar L-ring protein FlgH,LBJ_RS09800,2126.589225,0.995842987,0.000696797,0.117673328,2001.4458,2121.909532,1933.371347,2446.558096,2073.946205,1906.548564,2156.22532,2372.708936,17012.7138,FALSE,FALSE,NA,FALSE
ABC transporter permease,LBJ_RS15260,2126.385891,0.005655357,0.581815108,0.196593228,1745.523222,1369.397286,1627.346282,2070.164543,1805.795837,2327.415134,2634.142674,3431.302153,17011.08713,TRUE,FALSE,NA,FALSE
NAD(P)H-dependent glycerol-3-phosphate dehydrogenase,LBJ_RS02195,2122.594819,0.002167761,-0.324615934,0.099355002,2346.613174,2521.499368,2165.375909,2408.130482,2100.198689,1802.290178,1796.280359,1840.370393,16980.75855,TRUE,FALSE,NA,FALSE
MFS transporter,LBJ_RS12725,2118.31965,0.612032015,0.069027314,0.116629701,2072.316667,2046.074964,1843.883873,2307.627492,2031.754714,2270.686307,2426.614598,1947.598585,16946.5572,FALSE,FALSE,NA,FALSE
nucleoside triphosphate pyrophosphohydrolase,LBJ_RS01170,2117.227769,0.191882325,-0.132233043,0.091425851,2341.36348,2235.661383,2110.136727,2170.667534,2121.763229,2032.271911,1831.585965,2094.371926,16937.82215,FALSE,FALSE,NA,FALSE
protein-glutamate O-methyltransferase CheR,LBJ_RS06900,2117.060176,5.62501E-06,-0.835417411,0.175080237,2753.464451,2619.209292,2686.833781,2793.391946,1972.686626,1746.327956,1225.362872,1139.204483,16936.48141,TRUE,FALSE,NA,FALSE
(d)CMP kinase,LBJ_RS05185,2112.627261,0.005520048,0.310849786,0.104731346,2018.507305,1782.112335,1747.767698,1994.294638,2311.156147,2367.278635,2569.559248,2110.342082,16901.01809,TRUE,FALSE,NA,FALSE
alpha/beta fold hydrolase,LBJ_RS02710,2112.338124,0.102587795,-0.154512863,0.086350899,2311.17774,2221.077812,2123.394131,2245.552115,2135.82706,2051.437055,1915.113863,1895.125214,16898.70499,FALSE,FALSE,NA,FALSE
adenylate/guanylate cyclase domain-containing protein,LBJ_RS05890,2110.250058,2.40915E-06,0.532181832,0.107503881,1669.40266,1675.65227,1593.09799,1961.778965,2415.228492,2719.150686,2541.14254,2306.54686,16882.00046,TRUE,FALSE,NA,FALSE
tetratricopeptide repeat protein,LBJ_RS19305,2110.219923,1.15576E-12,1.103798459,0.149334803,1421.354624,1433.564996,1203.10937,1303.582908,3398.759039,3283.372536,2529.94808,2308.067827,16881.75938,TRUE,FALSE,NA,FALSE
MBOAT family protein,LBJ_RS17410,2108.108651,2.57276E-07,1.04246589,0.193127013,1463.352175,1162.310582,1140.136703,1745.007808,1955.810029,2976.730226,3351.44926,3070.072428,16864.86921,TRUE,FALSE,NA,FALSE
D-alanine--D-alanine ligase,LBJ_RS10985,2106.811291,1.14314E-05,0.438659933,0.095002291,1641.841767,1853.571832,1864.874762,1795.259304,2369.286646,2592.660733,2504.975821,2232.019464,16854.49033,TRUE,FALSE,NA,FALSE
thiolase family protein,LBJ_RS00975,2106.136614,3.23277E-12,-0.972232537,0.134233984,2567.100317,3004.215557,3200.558167,2388.424013,1651.093701,1347.692953,1277.029613,1412.978591,16849.09291,TRUE,FALSE,NA,FALSE
glycerophosphodiester phosphodiesterase,LBJ_RS02325,2103.958714,0.036242312,-0.943219725,0.416447706,2840.0844,2906.505634,3567.346331,1758.802337,2486.485234,1409.788021,874.0290336,988.6287233,16831.66971,TRUE,FALSE,NA,FALSE
LemA domain protein,LBJ_RS19620,2098.707915,5.12954E-59,-2.192473765,0.13262758,3459.548281,3476.723247,4075.5468,2764.817567,702.2539366,804.9360642,762.0844283,743.7529933,16789.66332,TRUE,TRUE,TRUE,TRUE
hypothetical protein,LBJ_RS14265,2097.208113,0.118823025,0.20661738,0.120607739,1981.759448,1860.863617,1902.437406,2044.546134,1854.550449,2434.739943,2164.836444,2533.931466,16777.66491,FALSE,FALSE,NA,FALSE
FAD-binding oxidoreductase,LBJ_RS07675,2095.75097,3.34331E-10,0.662117788,0.101147278,1459.414904,1535.649991,1728.986376,1765.699601,2394.601541,2653.222589,2604.003742,2624.429018,16766.00776,TRUE,FALSE,NA,FALSE
SpoIIE family protein phosphatase,LBJ_RS12760,2092.136073,0.025412365,0.271045178,0.112484171,1864.953758,1967.323683,1853.826926,1899.703588,1907.993005,2404.075712,2553.198113,2286.013802,16737.08859,TRUE,FALSE,NA,FALSE
adenylate/guanylate cyclase domain-containing protein,LBJ_RS03945,2085.211699,7.49646E-21,-1.476290011,0.152484194,2699.655088,3322.137398,3469.020589,2779.597418,1367.004325,1139.942788,983.3903019,920.9456799,16681.69359,TRUE,FALSE,NA,FALSE
ATP-binding cassette domain-containing protein,LBJ_RS06295,2082.041389,2.88368E-13,1.014434132,0.133805789,1371.482532,1099.601228,1508.029651,1533.163269,2458.357573,3084.82164,2765.031751,2835.843468,16656.33111,TRUE,FALSE,NA,FALSE
hypothetical protein,LBJ_RS06765,2081.609798,8.01935E-05,0.389772167,0.093659871,1683.839319,1684.402412,1917.904376,1919.410057,2366.47388,2487.635741,2335.336689,2257.875907,16652.87838,TRUE,FALSE,NA,FALSE
aquaporin family protein,LBJ_RS03585,2079.728556,1.01055E-06,0.593301487,0.11571995,1486.975797,1624.609772,1643.918037,1875.070502,2163.017132,2601.860002,2658.25382,2584.123386,16637.82845,TRUE,FALSE,NA,FALSE
hypothetical protein,LBJ_RS07585,2078.343005,0.105270536,0.316764693,0.178350863,1925.325238,1678.568984,1730.09116,2070.164543,1703.598669,1936.446189,2621.225989,2961.323268,16626.74404,FALSE,FALSE,NA,FALSE
bifunctional glutamate N-acetyltransferase/amino-acid acetyltransferase ArgJ,LBJ_RS01020,2077.504454,0.763336175,0.0622768,0.176044445,1815.081666,2384.413804,1911.275675,2020.898371,1594.838379,2465.404174,2634.142674,1793.980891,16620.03563,FALSE,FALSE,NA,FALSE
imidazole glycerol phosphate synthase subunit HisH,LBJ_RS06400,2075.081363,8.99664E-08,0.504349076,0.090157399,1678.589625,1633.359915,1656.070657,1893.791648,2336.471041,2498.368222,2502.392484,2401.607314,16600.65091,TRUE,FALSE,NA,FALSE
methyltransferase domain-containing protein,LBJ_RS13385,2073.514903,0.473367006,-0.072207042,0.087366587,2019.819728,2171.493672,2126.708482,2183.476738,1898.617118,1941.812429,2151.058646,2095.13241,16588.11922,FALSE,FALSE,NA,FALSE
hypothetical protein,LBJ_RS03915,2068.287439,0.161181983,-0.157358705,0.101743488,2035.56881,2391.705589,2196.30985,2101.694893,1833.923498,2093.600373,2074.419647,1819.076851,16546.29951,FALSE,FALSE,NA,FALSE
ATP phosphoribosyltransferase regulatory subunit,LBJ_RS14795,2065.684028,0.010654037,0.433878612,0.158357618,1909.576156,1483.149137,1680.375897,1955.867024,1859.238393,2234.655835,2461.059092,2941.550694,16525.47223,TRUE,FALSE,NA,FALSE
MarR family transcriptional regulator,LBJ_RS02770,2063.494833,2.88664E-05,0.704354399,0.159850304,1594.594522,1563.358775,1375.455616,1745.007808,1862.051159,2486.10253,2939.837557,2941.550694,16507.95866,TRUE,FALSE,NA,FALSE
TrkA family potassium uptake protein,LBJ_RS02300,2061.023379,6.02374E-16,-0.769489738,0.091823216,2686.530854,2756.294856,2449.305301,2500.750885,1632.341927,1557.742936,1452.696532,1452.52374,16488.18703,TRUE,FALSE,NA,FALSE
hypothetical protein,LBJ_RS02605,2058.685801,0.002106109,-0.384668036,0.117418776,2185.185086,2541.916367,2599.555874,2001.191902,1705.473846,1905.015352,1680.891304,1850.25668,16469.48641,TRUE,FALSE,NA,FALSE
methylmalonyl Co-A mutase-associated GTPase MeaB,LBJ_RS17280,2057.77408,0.014249509,0.287049596,0.109012178,1783.583503,2161.285173,1762.129885,1710.521488,2336.471041,2357.31276,2259.558802,2091.329992,16462.19264,TRUE,FALSE,NA,FALSE
formate hydrogenase,LBJ_RS16190,2056.507192,0.030821171,-0.268904319,0.11527814,2387.298301,2343.579806,1909.066107,2350.981723,2045.818544,1802.290178,1685.196866,1927.82601,16452.05754,TRUE,FALSE,NA,FALSE
hypothetical protein,LBJ_RS04510,2052.987908,0.548997489,-0.077743449,0.111817405,2081.503632,2151.076673,2063.735815,2138.15186,1646.405758,2138.830113,2052.030726,2152.168682,16423.90326,FALSE,FALSE,NA,FALSE
aminopeptidase P family protein,LBJ_RS05685,2051.315593,0.582256552,-0.063587466,0.099194879,2036.881233,2130.659674,1941.104833,2277.082465,1876.11499,1901.182323,2162.253107,2085.246122,16410.52475,FALSE,FALSE,NA,FALSE
hypothetical protein,LBJ_RS14355,2051.16065,0.209735871,-0.191159452,0.137278227,2258.680801,2072.325392,2155.432856,2261.31729,1608.90221,1693.432158,1985.725075,2373.469419,16409.2852,FALSE,FALSE,NA,FALSE
M50 family metallopeptidase,LBJ_RS00220,2049.91117,0.020642601,-0.416975705,0.167366639,2278.367153,2126.284603,2329.988669,2641.652137,1389.506454,1495.647868,1816.085943,2321.756532,16399.28936,TRUE,FALSE,NA,FALSE
hypothetical protein,LBJ_RS02705,2048.264075,0.729887823,-0.031675821,0.078184942,2078.878785,2037.324822,1976.457909,2189.388679,2035.505069,2033.038516,2001.225098,2034.293719,16386.1126,FALSE,FALSE,NA,FALSE
MBOAT family protein,LBJ_RS10345,2046.70036,3.48544E-06,0.696899015,0.143007102,1682.526895,1284.812576,1351.150376,1926.307321,2398.351896,2463.104357,2683.226078,2584.123386,16373.60288,TRUE,FALSE,NA,FALSE
glycosyltransferase family 9 protein,LBJ_RS05680,2046.32686,0.453409808,-0.093287248,0.108395812,2046.068198,2240.036454,1946.628751,2217.963059,1753.29087,1896.582688,2179.475354,2090.569508,16370.61488,FALSE,FALSE,NA,FALSE
MFS transporter,LBJ_RS12150,2041.732123,0.717667018,-0.039424921,0.092885597,2089.378172,2054.825107,1977.562692,2155.887682,2150.828479,2123.497998,1939.225009,1842.651843,16333.85698,FALSE,FALSE,NA,FALSE
hypothetical protein,LBJ_RS13715,2041.326732,1.08917E-14,0.730943448,0.091201536,1548.659701,1411.68964,1494.772247,1681.947108,2530.551902,2450.072058,2601.420405,2611.500797,16330.61386,TRUE,FALSE,NA,FALSE
TerC family protein,LBJ_RS04785,2039.330524,2.40891E-12,0.823028343,0.112977675,1426.604318,1499.191064,1648.337171,1318.36276,2366.47388,2763.61382,2829.615177,2462.446005,16314.6442,TRUE,FALSE,NA,FALSE
hypothetical protein,LBJ_RS08235,2038.634857,1.89149E-17,1.227126808,0.139482203,1212.679291,1201.686223,1216.366773,1250.375443,2566.180273,3170.681487,3400.532664,2290.576703,16309.07886,TRUE,FALSE,NA,FALSE
hypothetical protein,LBJ_RS16110,2030.804382,0.061388979,-0.195058849,0.095817606,2298.053505,1961.490255,2174.214178,2236.684204,1916.431304,2039.171363,1780.780336,1839.609909,16246.43505,FALSE,FALSE,NA,FALSE
type III pantothenate kinase,LBJ_RS02730,2028.762041,1.53311E-07,0.585375847,0.106512473,1578.845441,1643.568414,1545.592294,1723.330693,2140.515003,2487.635741,2376.670082,2733.938662,16230.09633,TRUE,FALSE,NA,FALSE
hypothetical protein,LBJ_RS19015,2028.038866,0.990493092,0.002080195,0.148180402,1757.335033,2066.491963,2554.259745,1728.25731,2032.692303,2301.350538,1917.6972,1866.226836,16224.31093,FALSE,FALSE,NA,FALSE
YihA family ribosome biogenesis GTP-binding protein,LBJ_RS00705,2024.610164,0.008505231,-0.280584685,0.09948491,2266.555342,2190.452314,2283.587757,2144.063801,1622.028452,1784.658245,1878.086032,2027.449366,16196.88131,TRUE,FALSE,NA,FALSE
sulfate ABC transporter ATP-binding protein,LBJ_RS11805,2023.706458,0.367835358,0.162736241,0.159524433,1506.66215,2145.243245,2356.503476,1630.71029,2046.756133,1906.548564,2324.142228,2273.08558,16189.65167,FALSE,FALSE,NA,FALSE
hypothetical protein,LBJ_RS12830,2019.958729,1.03877E-18,1.021919962,0.111862943,1363.607991,1344.605215,1209.738072,1414.924457,2352.410049,2878.604687,2623.809326,2971.970039,16159.66984,TRUE,FALSE,NA,FALSE
protoheme IX farnesyltransferase,LBJ_RS15395,2018.819364,0.341235819,0.158697498,0.147891461,2279.679576,1649.401842,1550.011429,2151.946388,2030.817125,2272.986124,2274.197712,1941.514716,16150.55491,FALSE,FALSE,NA,FALSE
aminotransferase class I/II-fold pyridoxal phosphate-dependent enzyme,LBJ_RS05730,2015.312765,1.3318E-15,1.287944522,0.155496292,1139.183576,1068.97573,1003.143533,1471.087893,2449.919274,2963.697928,3387.615979,2638.878207,16122.50212,TRUE,FALSE,NA,FALSE
TetR/AcrR family transcriptional regulator,LBJ_RS01500,2010.445683,0.001931843,0.744348621,0.225338763,1557.846665,1521.06642,1858.246061,1074.987871,3597.527844,2529.032453,2240.614331,1704.243822,16083.56547,TRUE,FALSE,NA,FALSE
tRNA-Thr,LBJ_RS01200,2007.136763,0.348823057,0.225526879,0.213302935,1456.790057,2401.914089,1838.359955,1706.580194,1404.507873,2742.148859,2480.864676,2025.928399,16057.0941,FALSE,FALSE,NA,FALSE
S-methyl-5-thioribose-1-phosphate isomerase,LBJ_RS11100,2004.468922,1.60609E-05,0.853416937,0.187969878,1465.977022,1335.855073,1168.861077,1742.051838,1786.106474,2495.301799,3165.448993,2876.149101,16035.75138,TRUE,FALSE,NA,FALSE
gamma carbonic anhydrase family protein,LBJ_RS06755,2001.346432,0.097783496,0.214928632,0.118442898,1812.456819,1913.364471,1951.047885,1733.183927,2466.795871,2272.219518,2023.614019,1838.088942,16010.77145,FALSE,FALSE,NA,FALSE
MBL fold metallo-hydrolase,LBJ_RS14510,1997.419955,0.002018831,-0.460990641,0.140150421,2488.354909,2059.200178,2044.954493,2662.343929,1509.517808,1477.249329,1802.308145,1935.430847,15979.35964,TRUE,FALSE,NA,FALSE
cysteine-rich CWC family protein,LBJ_RS01430,1988.710685,0.018152981,-0.429082675,0.168769232,2173.373275,2851.088065,2452.619652,1653.372729,1947.371731,1500.247503,1606.835642,1724.77688,15909.68548,TRUE,FALSE,NA,FALSE
23S rRNA (adenine(2030)-N(6))-methyltransferase RlmJ,LBJ_RS04310,1987.291534,2.60884E-20,1.172216828,0.122801693,1140.496,1133.143441,1196.480668,1413.939133,2365.536291,2716.084262,2988.059849,2944.592628,15898.33227,TRUE,FALSE,NA,FALSE
FAD-dependent oxidoreductase,LBJ_RS15520,1983.883054,0.379549046,0.135069456,0.135717254,1880.70284,1879.822259,1765.444236,2038.634193,1677.346185,1911.148198,2296.586633,2421.379888,15871.06443,FALSE,FALSE,NA,FALSE
antitoxin,LBJ_RS14420,1983.314796,0.083137615,-0.77587029,0.409356287,2256.055954,1722.319696,4215.85432,1821.863037,2218.334865,1470.349877,862.8345731,1298.906046,15866.51837,FALSE,FALSE,NA,FALSE
ABC transporter ATP-binding protein,LBJ_RS14025,1982.64435,1.11977E-10,0.602705065,0.089737296,1585.407558,1614.401273,1495.877031,1602.13591,2570.868217,2462.337751,2296.586633,2233.540431,15861.1548,TRUE,FALSE,NA,FALSE
L-aspartate oxidase,LBJ_RS09355,1981.414266,2.7896E-08,0.799476022,0.137664387,1447.603093,1512.316278,1313.587732,1511.486154,1982.062513,2407.908741,2896.78194,2779.56768,15851.31413,TRUE,FALSE,NA,FALSE
phospho-N-acetylmuramoyl-pentapeptide-transferase,LBJ_RS02665,1979.491198,5.84393E-06,0.777890293,0.163311684,1481.726103,1328.563288,1232.938528,1789.347363,1979.249747,2319.749077,2817.559604,2886.795872,15835.92958,TRUE,FALSE,NA,FALSE
1-(5-phosphoribosyl)-5-[(5-phosphoribosylamino)methylideneamino]imidazole-4-carboxamide isomerase,LBJ_RS00580,1977.179009,0.084689785,0.175236755,0.092907431,1883.327687,1927.948042,1684.795031,1934.189909,1940.80861,2171.027556,2159.66977,2115.665468,15817.43207,FALSE,FALSE,NA,FALSE
lauroyl acyltransferase,LBJ_RS01255,1972.506484,0.056471545,0.372818532,0.179770936,1841.330136,1624.609772,1357.779078,2052.428721,1624.841218,2112.765517,2579.892596,2586.404837,15780.05187,FALSE,FALSE,NA,FALSE
exodeoxyribonuclease III,LBJ_RS09155,1972.305617,8.80507E-10,0.539101428,0.0843539,1549.972124,1744.195052,1547.801861,1592.282676,2265.2143,2374.178087,2392.170104,2312.630729,15778.44493,TRUE,FALSE,NA,FALSE
ATP synthase F1 subunit epsilon,LBJ_RS09610,1970.115902,0.047584312,0.258135328,0.120063234,1763.897151,1801.070977,1553.325779,2058.340662,2012.065351,1966.343814,2339.642251,2266.241227,15760.92721,TRUE,FALSE,NA,FALSE
UvrD-helicase domain-containing protein,LBJ_RS03820,1968.263872,9.21844E-23,0.971001802,0.095761284,1421.354624,1334.396716,1204.214153,1359.746344,2769.637021,2594.193944,2635.864898,2426.703274,15746.11097,TRUE,FALSE,NA,FALSE
exonuclease,LBJ_RS14515,1967.984433,1.63996E-05,-0.767467588,0.169222287,2295.428658,2202.119171,3272.369103,2147.019771,1698.910725,1558.509541,1196.085052,1373.433442,15743.87546,TRUE,FALSE,NA,FALSE
phosphohistidine phosphatase SixA,LBJ_RS03770,1967.225353,0.00560574,0.380014258,0.128273843,1660.215696,1691.694197,1631.765417,1854.37871,1852.675272,2225.456566,2669.44828,2152.168682,15737.80282,TRUE,FALSE,NA,FALSE
hypothetical protein,LBJ_RS19875,1961.954992,0.005344686,-0.478695628,0.160658217,2288.866541,2422.331088,2557.574096,1869.158562,1925.807191,1736.362081,1675.72463,1219.815748,15695.63994,TRUE,FALSE,NA,FALSE
UDP-3-O-(3-hydroxymyristoyl)glucosamine N-acyltransferase,LBJ_RS16500,1961.232197,5.25392E-06,-0.815775731,0.170442097,2653.720267,2734.4195,2554.259745,2063.267279,1825.4852,1527.84531,1216.751748,1114.108523,15689.85757,TRUE,FALSE,NA,FALSE
hypothetical protein,LBJ_RS15490,1961.028085,0.27003116,0.138916365,0.112715238,1805.894702,1920.656257,2016.230119,1724.316016,2278.340542,2096.666796,1760.11364,2086.006606,15688.22468,FALSE,FALSE,NA,FALSE
NTP transferase domain-containing protein,LBJ_RS06420,1957.864737,8.53406E-07,0.647425279,0.125436737,1535.535466,1265.853934,1533.439674,1765.699601,2208.021389,2424.774068,2285.392173,2644.201593,15662.9179,TRUE,FALSE,NA,FALSE
tRNA-Leu,LBJ_RS12735,1955.347431,1.71403E-08,-0.952022379,0.16150214,2534.289731,2697.960573,2740.968178,2338.172518,1755.166047,1337.727078,1207.279512,1031.215807,15642.77944,TRUE,FALSE,NA,FALSE
MBL fold metallo-hydrolase,LBJ_RS13145,1955.347122,0.082159541,0.201744584,0.106132038,1759.95988,1801.070977,1937.790482,1775.552835,2347.722106,2185.593066,1965.058379,1870.029254,15642.77698,FALSE,FALSE,NA,FALSE
,LBJ_RS03255,1954.963665,0.876283561,0.025496723,0.137896018,2044.755774,1910.447757,1682.585464,2113.518774,1572.336251,1933.379766,2193.253151,2189.43238,15639.70932,FALSE,FALSE,NA,FALSE
sulfate ABC transporter permease subunit CysT,LBJ_RS11815,1952.597425,0.010462463,0.476126258,0.173324494,1278.300465,1860.863617,2065.945382,1328.215994,2651.500845,2206.291422,2152.780871,2076.880802,15620.7794,TRUE,FALSE,NA,FALSE
hypothetical protein,LBJ_RS07350,1946.679404,1.14544E-06,0.966994873,0.189528599,1305.861358,1257.103791,1088.211873,1618.886408,1763.604345,2850.240273,3185.254577,2504.272604,15573.43523,TRUE,FALSE,NA,FALSE
hypothetical protein,LBJ_RS03725,1943.43385,0.000117205,-0.554918111,0.13639592,2544.789118,2167.118601,2363.132178,2175.594151,1786.106474,1480.315752,1261.52959,1768.884931,15547.4708,TRUE,FALSE,NA,FALSE
hypothetical protein,LBJ_RS15525,1940.721136,1.20402E-13,1.115096591,0.144808312,1118.184801,1443.773496,1029.65834,1313.436143,2289.591606,2618.725329,3120.671151,2591.728222,15525.76909,TRUE,FALSE,NA,FALSE
NAD(P)-binding domain-containing protein,LBJ_RS16945,1937.905581,4.50773E-39,-1.350564812,0.100683628,2569.725164,2619.209292,2816.093465,3130.372562,1054.787288,1106.97874,1060.029301,1146.048835,15503.24465,TRUE,FALSE,NA,FALSE
bile acid:sodium symporter family protein,LBJ_RS12430,1937.233996,8.049E-13,0.787900833,0.105861968,1472.539139,1494.815993,1428.48523,1289.78838,2692.754748,2539.764934,2395.614553,2184.108995,15497.87197,TRUE,FALSE,NA,FALSE
hypothetical protein,LBJ_RS16495,1935.203834,5.87174E-10,-0.693664697,0.107427381,2636.658762,2277.953738,2358.713044,2293.832963,1466.388727,1316.262116,1478.529902,1653.291419,15481.63067,TRUE,FALSE,NA,FALSE
threonylcarbamoyl-AMP synthase,LBJ_RS07735,1933.9553,0.508954441,0.107754704,0.141258387,1791.458044,1919.1979,1827.312119,1909.556823,1614.527742,1763.959889,2341.364475,2304.265409,15471.6424,FALSE,FALSE,NA,FALSE
tRNA-Tyr,LBJ_RS14460,1933.702553,0.016835575,0.521855611,0.202918549,1459.414904,1783.570692,1551.116212,1557.796355,1337.001487,2671.621127,2760.726189,2348.37346,15469.62043,TRUE,FALSE,NA,FALSE
hypothetical protein,LBJ_RS17270,1930.539627,0.151506078,0.244994045,0.154878054,1987.009141,1472.940637,1414.123042,2192.344649,2158.329188,1969.410237,2191.530927,2058.629195,15444.31702,FALSE,FALSE,NA,FALSE
TlpA family protein disulfide reductase,LBJ_RS08520,1926.775474,0.00038641,0.410235334,0.109100485,1632.654803,1540.025062,1650.546739,1794.27398,1942.683787,2124.264604,2267.308813,2462.446005,15414.20379,TRUE,FALSE,NA,FALSE
hypothetical protein,LBJ_RS10695,1925.463557,2.70123E-17,1.02614742,0.117200519,1270.425924,1157.935511,1132.403218,1509.515507,2429.292323,2617.192117,2655.670482,2631.273371,15403.70845,TRUE,FALSE,NA,FALSE
hypothetical protein,LBJ_RS17960,1925.203893,0.912882279,0.032533739,0.254583644,1997.508529,1821.487976,2305.683429,1488.823715,3235.618605,1719.496754,1296.835197,1536.176939,15401.63114,FALSE,FALSE,NA,FALSE
tRNA-Pro,LBJ_RS13700,1923.650327,0.542920606,-0.149960147,0.212409084,2018.507305,2223.994527,1976.457909,1876.055826,1101.666723,2106.632671,2484.309125,1601.578532,15389.20262,FALSE,FALSE,NA,FALSE
glycosyltransferase family 9 protein,LBJ_RS10140,1918.583898,3.3024E-07,0.6540029,0.122271906,1498.787609,1505.024493,1502.505733,1457.293365,2828.705109,2374.178087,2130.39195,2051.784843,15348.67119,TRUE,FALSE,NA,FALSE
SAM-dependent methyltransferase,LBJ_RS01980,1918.125295,0.21280985,-0.124910396,0.090239386,2098.565137,1999.407538,1849.407792,2057.355338,1775.792999,1852.886159,1962.475042,1749.112357,15345.00236,FALSE,FALSE,NA,FALSE
tetratricopeptide repeat protein,LBJ_RS01340,1917.3044,1.54396E-15,-0.818198572,0.098997899,2341.36348,2337.746378,2721.082073,2387.43869,1304.185882,1434.319406,1327.835241,1484.464052,15338.4352,TRUE,FALSE,NA,FALSE
hypothetical protein,LBJ_RS17785,1917.264366,5.85579E-05,-0.450606289,0.106344386,2090.690596,2226.911241,2475.820108,2064.252602,1461.700784,1587.640561,1703.280225,1727.818815,15338.11493,TRUE,FALSE,NA,FALSE
exodeoxyribonuclease V subunit alpha,LBJ_RS03815,1914.602676,0.662410367,0.065285362,0.127294527,1833.455595,2188.993957,1907.961324,1556.811032,2126.451173,2026.139065,1907.363852,1769.645415,15316.82141,FALSE,FALSE,NA,FALSE
CapA family protein,LBJ_RS06580,1913.793107,0.633498817,-0.055010042,0.098664721,1943.699167,1920.656257,1793.063827,2143.078477,1739.227039,1845.986707,2008.975109,1915.658272,15310.34485,FALSE,FALSE,NA,FALSE
KamA family radical SAM protein,LBJ_RS17775,1912.727374,0.006782698,-0.232347504,0.080193441,2132.688147,2091.284034,1996.344014,2046.51678,1686.722072,1714.130514,1833.30819,1800.825244,15301.81899,TRUE,FALSE,NA,FALSE
iron-containing redox enzyme family protein,LBJ_RS10980,1907.332223,0.048899485,-0.186658358,0.087323466,1981.759448,2117.534461,2088.041055,1936.160555,1729.851152,1914.214621,1793.697022,1697.399469,15258.65778,TRUE,FALSE,NA,FALSE
PilZ domain-containing protein,LBJ_RS00695,1905.341035,1.15224E-20,-1.735583107,0.180141389,2716.716594,3174.843334,3664.567291,2166.72624,985.4057241,789.6039487,725.0565974,1019.808552,15242.72828,TRUE,TRUE,TRUE,TRUE
MORN repeat protein,LBJ_RS15330,1904.298307,2.30855E-11,0.769365913,0.110629343,1456.790057,1348.980287,1283.758575,1543.016504,2112.387342,2414.041587,2446.420182,2628.99192,15234.38645,TRUE,FALSE,NA,FALSE
ATP-binding protein,LBJ_RS15480,1904.27839,3.64802E-05,0.450241966,0.10346996,1637.904497,1472.940637,1547.801861,1777.523482,2116.137697,2047.604026,2238.030993,2396.283928,15234.22712,TRUE,FALSE,NA,FALSE
trypsin-like serine protease,LBJ_RS11255,1903.649098,1.32953E-09,0.825122968,0.130462083,1337.359521,1379.605785,1120.250598,1656.328699,2322.407211,2333.54798,2535.114754,2544.578237,15229.19279,TRUE,FALSE,NA,FALSE
hypothetical protein,LBJ_RS06710,1902.792954,0.251515591,-0.171885281,0.134523005,2011.945187,2067.95032,1849.407792,2135.19589,1445.761776,1718.730149,2154.503096,1838.849425,15222.34363,FALSE,FALSE,NA,FALSE
hypothetical protein,LBJ_RS11660,1902.369507,0.368118091,0.125420113,0.123031581,1862.328911,1962.948612,1506.924867,1947.984437,1752.353281,1958.677756,2149.336422,2078.40177,15218.95606,FALSE,FALSE,NA,FALSE
DUF370 domain-containing protein,LBJ_RS08880,1901.917909,0.155170758,-0.188354283,0.120107557,2080.191208,2327.537878,2033.906657,1664.211287,1870.489457,1698.031793,1804.03037,1736.944618,15215.34327,FALSE,FALSE,NA,FALSE
hypothetical protein,LBJ_RS11560,1901.780932,6.04631E-21,1.187251333,0.122321538,1252.051995,1079.184229,1038.496609,1272.052558,2287.716429,2660.122041,2968.254265,2656.369331,15214.24746,TRUE,FALSE,NA,FALSE
hypothetical protein,LBJ_RS16905,1901.688394,0.005708648,0.324802299,0.109886779,1664.152967,1731.069838,1793.063827,1565.678943,2375.849767,2154.162229,2089.91967,1839.609909,15213.50715,TRUE,FALSE,NA,FALSE
SGNH/GDSL hydrolase family protein,LBJ_RS03745,1901.513511,0.453456304,0.077161712,0.08969062,1945.01159,1805.446048,1863.769979,1788.36204,2048.63131,1782.358428,1949.558357,2028.970334,15212.10809,FALSE,FALSE,NA,FALSE
flagellar basal body-associated FliL family protein,LBJ_RS01860,1900.230152,0.304274499,0.206116468,0.17871553,1815.081666,1531.27492,1540.068376,2171.652857,1706.411435,1672.733802,2116.614152,2648.004011,15201.84122,FALSE,FALSE,NA,FALSE
hypothetical protein,LBJ_RS08540,1897.9305,0.583991228,0.06281775,0.098485242,1736.336258,1964.406969,1759.920318,1965.720259,1892.053997,2044.537603,2041.697378,1778.771218,15183.444,FALSE,FALSE,NA,FALSE
response regulator,LBJ_RS14505,1894.867371,8.79377E-33,-1.164111346,0.094980405,2670.781772,2609.000792,2555.364529,2647.564078,1102.604312,1118.477826,1134.946075,1320.199587,15158.93897,TRUE,FALSE,NA,FALSE
IS256 family transposase,LBJ_RS16300,1894.389551,2.25116E-15,-1.318323398,0.160429552,2619.597256,2662.960004,2595.13674,2940.205139,908.5234507,888.4960937,1101.362694,1438.835034,15155.11641,TRUE,FALSE,NA,FALSE
hypothetical protein,LBJ_RS08210,1893.292367,1.86683E-15,0.746291842,0.090566564,1430.541588,1357.730429,1365.512563,1501.632919,2401.164662,2537.465117,2343.0867,2209.204955,15146.33893,TRUE,FALSE,NA,FALSE
ChaN family lipoprotein,LBJ_RS14475,1893.214645,0.377556213,-0.148278881,0.148342271,2018.507305,2129.201317,2040.535359,1773.582188,2280.215719,1826.821563,1489.724363,1587.129343,15145.71716,FALSE,FALSE,NA,FALSE
hypothetical protein,LBJ_RS11270,1891.114223,0.949946055,0.011139073,0.155538634,1859.704064,1936.698184,1618.508013,2120.416038,1511.392985,1997.008045,2361.170059,1724.016397,15128.91379,FALSE,FALSE,NA,FALSE
sodium:proton antiporter,LBJ_RS09855,1889.519999,8.25353E-19,1.431041431,0.156196604,968.5685247,987.3077341,874.9886325,1257.272707,2163.017132,2860.972754,3162.865656,2841.166854,15116.15999,TRUE,FALSE,NA,FALSE
[protein-PII] uridylyltransferase,LBJ_RS08680,1888.752685,0.002338444,-0.810957421,0.249991479,2212.745979,2692.127145,2826.036518,1892.806324,2175.205785,1410.554627,970.4736166,930.0714835,15110.02148,TRUE,FALSE,NA,FALSE
bifunctional hydroxymethylpyrimidine kinase/phosphomethylpyrimidine kinase,LBJ_RS00640,1888.435807,3.28324E-09,-0.562190473,0.091012736,2337.426209,2116.076104,2323.359967,2229.78694,1587.33767,1600.672859,1394.140892,1518.685816,15107.48646,TRUE,FALSE,NA,FALSE
collagenase,LBJ_RS04155,1884.998511,4.12264E-10,1.433413121,0.220101099,965.9436777,918.764952,1292.596844,896.6443285,3261.871089,2870.172023,3286.865834,1587.129343,15079.98809,TRUE,FALSE,NA,FALSE
phosphohydrolase,LBJ_RS07140,1884.650135,6.35339E-09,0.569229875,0.093852206,1578.845441,1532.733277,1501.400949,1458.278688,2273.652599,2391.043414,2326.725565,2014.521145,15077.20108,TRUE,FALSE,NA,FALSE
protoporphyrinogen oxidase,LBJ_RS16705,1883.79867,0.042025539,-0.3522516,0.159870732,1896.451922,2417.956016,2113.451078,2022.869018,1806.733426,1926.480314,1695.530214,1190.91737,15070.38936,TRUE,FALSE,NA,FALSE
motility associated factor glycosyltransferase family protein,LBJ_RS05765,1881.191797,0.678263976,0.067755632,0.139288613,1657.590849,1976.073825,2220.61509,1494.735655,1788.91924,1952.54491,2069.252973,1889.801829,15049.53437,FALSE,FALSE,NA,FALSE
hypothetical protein,LBJ_RS07695,1876.838505,0.150281068,0.195414624,0.123162145,1796.707738,1515.232992,1931.16178,1754.861043,2240.836994,2081.33468,1712.752461,1981.820348,15014.70804,FALSE,FALSE,NA,FALSE
iron dicitrate transporter FecR,LBJ_RS16985,1876.641071,0.949527317,0.011479739,0.157648751,2177.310545,1827.321404,1482.619627,1990.353345,1559.210009,1731.762447,2000.363985,2244.187202,15013.12856,FALSE,FALSE,NA,FALSE
AsmA family protein,LBJ_RS16000,1875.571026,0.111332644,-0.222027616,0.127098548,2089.378172,1917.739543,2027.277955,2044.546134,1407.320639,1636.703331,1881.530481,2000.071956,15004.56821,FALSE,FALSE,NA,FALSE
response regulator transcription factor,LBJ_RS01030,1874.883736,1.65282E-17,-0.902079319,0.102354421,2378.111337,2439.831372,2620.546763,2332.260577,1235.741907,1179.039683,1416.529813,1397.008434,14999.06989,TRUE,FALSE,NA,FALSE
hypothetical protein,LBJ_RS15200,1874.461636,0.174851998,-0.182829622,0.121973514,1737.648681,1932.323113,2286.902108,2014.98643,1619.215686,1857.485794,1609.418979,1937.712298,14995.69309,FALSE,FALSE,NA,FALSE
hypothetical protein,LBJ_RS15580,1873.62983,0.360316237,0.105558131,0.101986051,1800.645008,1697.527626,1841.674306,1879.997119,1877.990167,1929.546737,1766.141427,2195.516249,14989.03864,FALSE,FALSE,NA,FALSE
hypothetical protein,LBJ_RS12115,1872.440495,0.28003416,-0.190151947,0.157246226,1847.892253,2024.199608,2580.774553,1530.207299,1648.280935,1667.367562,1861.724897,1819.076851,14979.52396,FALSE,FALSE,NA,FALSE
glutamate 5-kinase,LBJ_RS13750,1871.254369,1.26731E-05,0.435804742,0.094885386,1598.531793,1726.694767,1455.000037,1584.400088,2221.147631,2189.426095,2206.169837,1988.664701,14970.03495,TRUE,FALSE,NA,FALSE
SRPBCC domain-containing protein,LBJ_RS16805,1869.873445,3.27341E-05,0.519292089,0.118646428,1538.160313,1739.81998,1453.895253,1418.865751,1951.122086,2131.930662,2208.753174,2516.440343,14958.98756,TRUE,FALSE,NA,FALSE
PAS domain S-box protein,LBJ_RS05555,1869.307901,0.324052989,0.120515877,0.108631725,1685.151742,1873.988831,2001.867932,1605.09188,1952.997263,2110.4657,1816.085943,1908.81392,14954.46321,FALSE,FALSE,NA,FALSE
ATP-dependent Clp protease adaptor ClpS,LBJ_RS09025,1869.302863,0.000853038,0.509093043,0.143785932,1492.225491,1526.899849,1344.521674,1807.083185,1837.673853,2208.591239,2645.337134,2092.090475,14954.4229,TRUE,FALSE,NA,FALSE
zinc-binding dehydrogenase,LBJ_RS13215,1868.191304,0.014043477,0.476696243,0.180638892,1452.852787,1513.774635,1498.086598,1784.420746,1433.573123,2162.594893,2476.559114,2623.668535,14945.53043,TRUE,FALSE,NA,FALSE
HAMP domain-containing histidine kinase,LBJ_RS16680,1866.825913,0.125471553,-0.248132361,0.147379407,2312.490163,2114.617747,1679.271113,2002.177226,1726.100797,1878.950756,1877.22492,1343.77458,14934.6073,FALSE,FALSE,NA,FALSE
methyl-accepting chemotaxis protein,LBJ_RS05970,1866.734534,0.035317234,0.234219421,0.102909105,1624.780262,1834.61319,1702.471569,1700.668254,1993.313577,2081.33468,2215.642072,1781.052669,14933.87627,TRUE,FALSE,NA,FALSE
hypothetical protein,LBJ_RS14365,1866.47146,0.010462463,0.240257743,0.087458489,1700.900824,1825.863047,1690.318949,1630.71029,2047.693722,2148.029383,1925.447211,1962.808257,14931.77168,TRUE,FALSE,NA,FALSE
hypothetical protein,LBJ_RS07860,1865.442481,0.002564176,-0.629074823,0.195648174,1888.577381,2590.04215,2194.100283,2391.379984,991.0312563,1286.364491,1686.919091,1895.125214,14923.53985,TRUE,FALSE,NA,FALSE
NAD-dependent epimerase/dehydratase family protein,LBJ_RS00935,1864.445409,0.000125242,0.644115507,0.158989505,1534.223042,1197.311152,1331.26427,1755.846366,1786.106474,2269.153095,2489.475799,2552.183073,14915.56327,TRUE,FALSE,NA,FALSE
glycosyltransferase family 2 protein,LBJ_RS03525,1862.973989,3.41658E-08,0.685999955,0.118902905,1336.047098,1499.191064,1271.605955,1605.09188,2481.79729,2392.576625,2312.086655,2005.395341,14903.79191,TRUE,FALSE,NA,FALSE
STAS domain-containing protein,LBJ_RS02000,1861.556682,1.63116E-35,-1.625967904,0.127313923,3099.944248,2922.547562,2542.107126,2683.035721,1085.727715,811.8355162,830.1123039,917.1432617,14892.45345,TRUE,TRUE,TRUE,TRUE
BamA/TamA family outer membrane protein,LBJ_RS05540,1860.955269,0.373053387,0.115020889,0.113997699,1694.338706,1681.485698,1827.312119,1943.057819,1694.222782,1840.620467,2027.058468,2179.546093,14887.64215,FALSE,FALSE,NA,FALSE
RNA pseudouridine synthase,LBJ_RS11210,1854.852172,0.098204331,-0.282449735,0.155881695,2053.942739,2225.452884,2073.678868,1790.332687,2114.262519,1734.062264,1547.41889,1299.666529,14838.81738,FALSE,FALSE,NA,FALSE
nucleoside-diphosphate kinase,LBJ_RS15850,1852.983581,0.007140654,0.365230574,0.126807489,1576.220594,1490.440922,1458.314388,1951.92573,1899.554707,1984.742353,2213.919848,2248.750104,14823.86864,TRUE,FALSE,NA,FALSE
OmpA family protein,LBJ_RS16550,1849.443731,0.030443946,-0.410642756,0.175668698,2237.682025,1677.110627,1789.749476,2738.213834,1341.68943,1553.909907,1549.141115,1908.053436,14795.54985,TRUE,FALSE,NA,FALSE
thiol oxidoreductase,LBJ_RS08775,1842.420755,0.79895565,0.061586479,0.204220524,1657.590849,1999.407538,1951.047885,1604.106557,2628.998716,2021.53943,1624.919001,1251.75606,14739.36604,FALSE,FALSE,NA,FALSE
bifunctional diaminohydroxyphosphoribosylaminopyrimidine deaminase/5-amino-6-(5-phosphoribosylamino)uracil reductase,LBJ_RS11835,1839.86218,0.099876963,-0.248605782,0.137855429,1905.638886,2135.034746,1725.672025,2225.845646,1470.139082,1488.748416,1955.586143,1812.232498,14718.89744,FALSE,FALSE,NA,FALSE
diguanylate cyclase,LBJ_RS12620,1839.411062,0.005871878,-0.278039383,0.094369697,2203.559015,1954.198469,1872.608248,2034.692899,1630.46675,1578.441292,1667.113506,1774.208316,14715.2885,TRUE,FALSE,NA,FALSE
cyclic nucleotide-binding domain-containing protein,LBJ_RS05550,1838.430004,5.93795E-05,-1.010947231,0.238772213,2326.926821,2789.837068,2777.426038,1935.175232,1824.547611,1353.825799,885.2234942,814.4779712,14707.44004,TRUE,FALSE,NA,FALSE
DUF1577 domain-containing protein,LBJ_RS14780,1832.680824,0.343684611,-0.165276326,0.154779925,2126.12603,1618.776344,2141.070669,1863.246621,2061.757552,1643.602783,1352.807499,1854.059098,14661.4466,FALSE,FALSE,NA,FALSE
host attachment protein,LBJ_RS02940,1832.373744,6.43692E-11,-0.989854946,0.145570593,2446.357358,2553.583224,2643.747219,2105.636187,1546.083767,1183.639317,1031.612593,1148.330286,14658.98995,TRUE,FALSE,NA,FALSE
DUF5009 domain-containing protein,LBJ_RS13545,1831.360731,5.58118E-08,-0.451959978,0.079553806,2198.309321,2158.368459,2019.54447,2088.885688,1541.395823,1589.940378,1493.168812,1561.272899,14650.88585,TRUE,FALSE,NA,FALSE
exopolysaccharide biosynthesis polyprenyl glycosylphosphotransferase,LBJ_RS06450,1830.714602,5.38464E-11,0.871812272,0.127705137,1203.492327,1106.893014,1353.359943,1508.530183,2082.384504,2526.732636,2364.614509,2499.709703,14645.71682,TRUE,FALSE,NA,FALSE
type II secretion system protein,LBJ_RS07815,1829.370978,0.645335713,-0.051108557,0.094891544,1783.583503,1927.948042,1967.61964,1767.670248,1943.621376,1809.18963,1785.085898,1650.249484,14634.96782,FALSE,FALSE,NA,FALSE
hypothetical protein,LBJ_RS12680,1828.922926,7.73012E-13,1.041225028,0.139780911,1315.048322,1150.643726,1027.448773,1291.759027,2124.575995,2199.39197,2628.114887,2894.400708,14631.38341,TRUE,FALSE,NA,FALSE
hypothetical protein,LBJ_RS13860,1826.876832,8.93838E-12,-0.823831095,0.11608831,2153.686923,2439.831372,2685.728997,2060.311309,1238.554673,1320.861751,1421.696487,1294.343144,14615.01466,TRUE,FALSE,NA,FALSE
porphobilinogen synthase,LBJ_RS16670,1824.396913,0.000553458,-0.553084337,0.151055727,2585.474246,2051.908393,1869.293897,2172.638181,1580.774549,1574.608263,1619.752327,1140.72545,14595.17531,TRUE,FALSE,NA,FALSE
type I restriction-modification system subunit M,LBJ_RS01675,1821.060009,0.000148402,-0.459153526,0.114545637,2111.689372,2046.074964,2078.098002,2198.25659,1294.809995,1464.983637,1649.030147,1725.537364,14568.48007,TRUE,FALSE,NA,FALSE
ATP-dependent Clp protease adapter ClpS,LBJ_RS10445,1817.511938,0.299706329,0.269113718,0.231166059,1820.33136,1624.609772,1692.528516,1456.308041,2845.581706,2347.346884,1552.585564,1200.803657,14540.0955,FALSE,FALSE,NA,FALSE
NADH-quinone oxidoreductase subunit N,LBJ_RS02845,1816.620079,7.57201E-10,1.100449645,0.171533218,1231.05322,988.7660912,964.4761063,1436.601572,2015.815706,2308.24999,2537.698091,3050.299853,14532.96063,TRUE,FALSE,NA,FALSE
5S ribosomal RNA,LBJ_RS00800,1815.765986,1.78715E-09,-2.555371719,0.40707511,2681.28116,4080.483072,2852.551325,2800.28921,214.7078124,679.212717,775.0011136,442.6014746,14526.12788,TRUE,TRUE,TRUE,TRUE
hypothetical protein,LBJ_RS03520,1814.923797,6.29137E-18,0.867610018,0.097208352,1283.550159,1233.770078,1272.710738,1348.907786,2405.852605,2587.294492,2187.225365,2200.079151,14519.39038,TRUE,FALSE,NA,FALSE
CBS domain-containing protein,LBJ_RS14390,1812.39586,4.3715E-07,-0.683587653,0.129140801,2278.367153,2557.958295,1976.457909,2123.372009,1598.588734,1395.222511,1382.085319,1187.114952,14499.16688,TRUE,FALSE,NA,FALSE
hypothetical protein,LBJ_RS07235,1809.510426,0.000217041,0.506090079,0.129353028,1560.471512,1243.978578,1477.095709,1697.712283,2114.262519,2027.672276,1922.863874,2432.026659,14476.08341,TRUE,FALSE,NA,FALSE
hypothetical protein,LBJ_RS04375,1808.583159,6.54139E-34,-1.344002754,0.107750263,2455.544322,2627.959434,2755.330366,2542.13447,926.337636,1179.039683,973.918066,1008.401298,14468.66527,TRUE,FALSE,NA,FALSE
MBOAT family protein,LBJ_RS07330,1801.232727,8.30487E-11,0.912065903,0.134893971,1253.364419,1112.726442,1095.945358,1536.11924,2223.022809,2607.226242,2384.420093,2197.037217,14409.86182,TRUE,FALSE,NA,FALSE
hypothetical protein,LBJ_RS14735,1800.866434,3.42991E-06,-0.48814898,0.100099584,2216.68325,2101.492533,2164.271125,1929.263291,1552.646888,1439.685646,1370.890859,1631.997877,14406.93147,TRUE,FALSE,NA,FALSE
rod shape-determining protein RodA,LBJ_RS09530,1797.497855,5.09536E-10,1.070533404,0.165232102,1067.000285,1079.184229,1056.173147,1434.630926,1846.112151,2336.614404,2762.448414,2797.819287,14379.98284,TRUE,FALSE,NA,FALSE
elongation factor P--(R)-beta-lysine ligase,LBJ_RS17880,1794.02296,0.317349917,-0.113259138,0.100686558,1784.895926,1965.865326,1981.981827,1725.30134,1837.673853,1802.290178,1686.057978,1568.117252,14352.18368,FALSE,FALSE,NA,FALSE
hypothetical protein,LBJ_RS13895,1791.597675,0.069202362,-0.177650899,0.089728306,1924.012815,1742.736695,2061.526248,1877.041149,1736.414273,1643.602783,1644.724585,1702.722855,14332.7814,FALSE,FALSE,NA,FALSE
polyamine aminopropyltransferase,LBJ_RS14335,1789.67166,0.000290297,0.662591811,0.172696102,1317.673169,1367.938928,1247.300715,1610.018497,1516.080929,2187.892883,2475.698002,2594.770157,14317.37328,TRUE,FALSE,NA,FALSE
homoserine kinase,LBJ_RS10305,1785.748167,2.77268E-17,1.231163378,0.140670401,1035.502122,968.3490922,1037.391826,1224.757033,1953.934852,2594.96055,2760.726189,2710.363669,14285.98533,TRUE,FALSE,NA,FALSE
glycosyltransferase family 2 protein,LBJ_RS05615,1780.829039,3.40781E-09,0.560941977,0.090903869,1452.852787,1388.355927,1345.626458,1567.64959,2041.130601,2228.522989,2117.475265,2105.018697,14246.63231,TRUE,FALSE,NA,FALSE
Cof-type HAD-IIB family hydrolase,LBJ_RS16655,1780.258768,0.048352713,0.185732043,0.086679747,1703.525671,1653.776914,1660.489791,1645.490141,2026.129182,1885.083602,1742.030281,1925.544559,14242.07014,TRUE,FALSE,NA,FALSE
Crp/Fnr family transcriptional regulator,LBJ_RS02090,1779.91072,7.94821E-08,0.885260998,0.157599312,1266.488654,1312.52136,1039.601393,1383.394107,1715.787322,2337.381009,2615.198202,2568.913713,14239.28576,TRUE,FALSE,NA,FALSE
EAL domain-containing response regulator,LBJ_RS05570,1779.477429,0.000128897,0.556724011,0.137669437,1414.792506,1429.189925,1513.553569,1403.100576,2651.500845,2079.801469,1737.724719,2006.155825,14235.81943,TRUE,FALSE,NA,FALSE
DNA methylase,LBJ_RS09840,1779.053614,7.07781E-07,1.011098874,0.194448961,1119.497224,1192.936081,1152.289323,1255.30206,1680.158951,1976.309689,2487.753575,3368.182012,14232.42891,TRUE,FALSE,NA,FALSE
hypothetical protein,LBJ_RS14395,1777.302836,0.483683817,0.107810628,0.133690589,1640.529344,1834.61319,1850.512575,1519.368741,1835.798675,1710.297485,1599.085631,2228.217046,14218.42269,FALSE,FALSE,NA,FALSE
DUF885 domain-containing protein,LBJ_RS00595,1776.221505,0.014248807,0.338525427,0.128552259,1614.280874,1413.147998,1410.808692,1835.657565,1787.981652,1897.349294,1986.586188,2263.959776,14209.77204,TRUE,FALSE,NA,FALSE
UbiX family flavin prenyltransferase,LBJ_RS07155,1773.714002,5.38464E-11,0.787276761,0.115321971,1111.622683,1319.813145,1321.321218,1451.381424,2016.753295,2372.644875,2367.197846,2228.977529,14189.71202,TRUE,FALSE,NA,FALSE
ParB/RepB/Spo0J family partition protein,LBJ_RS16630,1772.949066,0.06831538,-0.248983997,0.125337998,2080.191208,1974.615468,2058.211897,1590.312029,1798.295127,1543.177426,1453.557644,1685.231731,14183.59253,FALSE,FALSE,NA,FALSE
hypothetical protein,LBJ_RS00930,1772.946664,3.82973E-09,0.631420741,0.1026628,1459.414904,1277.52079,1332.369054,1493.750332,1941.746199,2139.596719,2269.89215,2269.283162,14183.57331,TRUE,FALSE,NA,FALSE
hypothetical protein,LBJ_RS16575,1770.709197,0.00016582,-0.464460556,0.116692187,2177.310545,1907.531043,2107.92716,2020.898371,1376.380212,1378.357184,1426.863161,1770.405898,14165.67358,TRUE,FALSE,NA,FALSE
hypothetical protein,LBJ_RS01815,1767.307925,0.858521503,-0.025076304,0.11898184,1700.900824,1879.822259,1740.034212,1811.024479,1523.581638,1640.536359,1768.724764,2073.838868,14138.4634,FALSE,FALSE,NA,FALSE
phosphoglycerate dehydrogenase,LBJ_RS14525,1765.445158,0.000526318,0.334704489,0.091057042,1488.288221,1550.233562,1604.145826,1602.13591,2037.380246,2069.835594,1987.4473,1784.094604,14123.56126,TRUE,FALSE,NA,FALSE
hypothetical protein,LBJ_RS06360,1763.952321,9.11578E-06,0.466584964,0.099962312,1472.539139,1413.147998,1482.619627,1555.825708,1912.680949,2085.934315,1901.336065,2287.534769,14111.61857,TRUE,FALSE,NA,FALSE
orotidine-5'-phosphate decarboxylase,LBJ_RS17800,1763.724376,7.20386E-11,0.983518213,0.14499567,1219.241408,1149.185369,961.1617554,1409.012516,1990.500811,2254.587586,2509.281383,2616.824182,14109.79501,TRUE,FALSE,NA,FALSE
response regulator transcription factor,LBJ_RS16685,1763.697126,0.002274044,-0.536063603,0.164794796,2273.117459,2398.997375,1616.298446,2063.267279,1293.872407,1573.841657,1714.474686,1175.707697,14109.57701,TRUE,FALSE,NA,FALSE
heme A synthase,LBJ_RS15390,1762.863175,0.64183189,0.073708019,0.13534905,1770.459268,1354.813715,2004.077499,1740.081191,1841.424208,1993.941622,1687.780203,1710.327691,14102.9054,FALSE,FALSE,NA,FALSE
DUF1574 domain-containing protein,LBJ_RS16825,1761.80207,0.264463113,0.125351351,0.100602328,1714.025059,1610.026202,1552.220996,1864.231944,1727.975975,1819.922111,1820.391505,1985.622766,14094.41656,FALSE,FALSE,NA,FALSE
DUF2889 domain-containing protein,LBJ_RS01205,1761.055046,0.574297446,0.082713689,0.126518516,1547.347277,1655.235271,2074.783651,1564.693619,1741.102217,2003.140891,1692.946877,1809.190564,14088.44037,FALSE,FALSE,NA,FALSE
hypothetical protein,LBJ_RS09415,1760.909407,0.73725256,0.03605859,0.091774902,1649.716308,1873.988831,1794.16861,1638.592877,1841.424208,1701.864821,1857.419335,1730.100266,14087.27526,FALSE,FALSE,NA,FALSE
MATE family efflux transporter,LBJ_RS02280,1760.157419,0.049997893,0.290822028,0.136678886,1492.225491,1497.732707,1496.981815,1845.510799,1572.336251,2180.993431,2101.11413,1894.36473,14081.25935,TRUE,FALSE,NA,FALSE
glycerophosphoryl diester phosphodiesterase,LBJ_RS15005,1756.455003,0.066956961,0.209647532,0.105040753,1683.839319,1526.899849,1569.897534,1735.154574,1816.109313,1897.349294,1706.724675,2115.665468,14051.64002,FALSE,FALSE,NA,FALSE
tyrosine-type recombinase/integrase,LBJ_RS17175,1752.856542,0.402250742,0.129260392,0.135857363,1612.968451,1535.649991,1916.799593,1630.71029,2174.268196,1741.728322,1522.446632,1888.280861,14022.85234,FALSE,FALSE,NA,FALSE
uracil-DNA glycosylase,LBJ_RS03355,1747.706717,0.157820108,0.137058965,0.087938386,1641.841767,1681.485698,1744.453347,1592.282676,1683.909306,1890.449842,1903.05829,1844.172811,13981.65374,FALSE,FALSE,NA,FALSE
hypothetical protein,LBJ_RS09220,1747.229087,0.064986143,0.288867785,0.143788942,1805.894702,1461.273781,1231.833744,1792.303334,1808.608603,1780.825216,2085.614108,2011.47921,13977.8327,FALSE,FALSE,NA,FALSE
DUF4910 domain-containing protein,LBJ_RS06245,1745.975319,0.009362311,0.391779196,0.140582966,1564.408782,1248.353649,1763.234669,1464.190629,1981.124924,1832.187803,1777.335887,2336.966205,13967.80255,TRUE,FALSE,NA,FALSE
M48 family metalloprotease,LBJ_RS10685,1742.921392,7.01286E-05,0.732236489,0.174602481,1210.054444,1276.062433,1200.899802,1551.884415,1513.268162,2385.677173,2635.864898,2169.659806,13943.37113,TRUE,FALSE,NA,FALSE
peptide chain release factor N(5)-glutamine methyltransferase,LBJ_RS02070,1742.073311,1.07738E-05,-0.521467482,0.112602666,1909.576156,2231.286312,2237.186845,1837.628212,1398.882341,1453.48455,1308.029657,1560.512415,13936.58649,TRUE,FALSE,NA,FALSE
bifunctional ADP-dependent NAD(P)H-hydrate dehydratase/NAD(P)H-hydrate epimerase,LBJ_RS05225,1740.456182,7.56157E-09,0.801813004,0.132857216,1405.605542,1124.393298,1063.906633,1479.955804,2348.659695,2214.724085,2254.392128,2032.012268,13923.64945,TRUE,FALSE,NA,FALSE
phosphopantothenoylcysteine decarboxylase,LBJ_RS02175,1739.238957,0.964287416,0.009010956,0.169072117,1770.459268,1786.487407,1835.045604,1543.016504,2366.47388,1687.299312,1356.251949,1568.877735,13913.91166,FALSE,FALSE,NA,FALSE
YbaB/EbfC family nucleoid-associated protein,LBJ_RS17450,1738.959165,0.787824236,0.041985322,0.13219057,1804.582278,1567.733847,1804.111663,1678.005815,1699.848314,1485.681993,1718.780247,2152.929166,13911.67332,FALSE,FALSE,NA,FALSE
enoyl-CoA hydratase,LBJ_RS00350,1735.845278,0.215684733,0.13138338,0.095501687,1700.900824,1742.736695,1569.897534,1615.930438,1677.346185,1727.929418,1908.224964,1943.796167,13886.76222,FALSE,FALSE,NA,FALSE
hypothetical protein,LBJ_RS12600,1734.041742,0.000265864,0.444096564,0.11505966,1414.792506,1354.813715,1440.63785,1665.19661,1745.79016,2067.535776,1992.613974,2190.953347,13872.33394,TRUE,FALSE,NA,FALSE
HD domain-containing protein,LBJ_RS13910,1733.745507,0.750696517,0.037164039,0.09972842,1770.459268,1569.192204,1598.621908,1905.615529,1702.66108,1705.69785,1822.974842,1794.741375,13869.96406,FALSE,FALSE,NA,FALSE
1-acyl-sn-glycerol-3-phosphate acyltransferase,LBJ_RS17835,1733.609038,0.143458437,0.175077578,0.108592539,1711.400212,1525.441492,1624.031932,1653.372729,1601.4015,1763.959889,1963.336154,2025.928399,13868.87231,FALSE,FALSE,NA,FALSE
3-deoxy-manno-octulosonate cytidylyltransferase,LBJ_RS01865,1729.519516,0.0573283,0.346081057,0.16744739,1467.289445,1379.605785,1353.359943,1890.835677,1700.785903,1576.90808,2058.919625,2408.451667,13836.15612,FALSE,FALSE,NA,FALSE
TetR/AcrR family transcriptional regulator,LBJ_RS12800,1729.098321,0.002314465,-0.454700164,0.140021568,2081.503632,1856.488546,2338.826938,1720.374723,1655.781645,1498.714291,1207.279512,1473.817281,13832.78657,TRUE,FALSE,NA,FALSE
B12-binding domain-containing radical SAM protein,LBJ_RS01460,1729.001336,5.55472E-25,0.940467014,0.088404549,1183.805975,1092.309443,1222.995475,1236.580915,2217.397276,2356.546154,2347.392262,2174.983191,13832.01069,TRUE,FALSE,NA,FALSE
formate-dependent phosphoribosylglycinamide formyltransferase,LBJ_RS16240,1728.076098,0.086523671,0.204246301,0.108916034,1761.272304,1611.484559,1363.302996,1688.844373,1729.851152,1885.850208,1885.836043,1898.167149,13824.60878,FALSE,FALSE,NA,FALSE
SpoIIE family protein phosphatase,LBJ_RS01010,1727.976859,0.834893972,-0.025600874,0.103393457,1738.961105,1577.942346,1902.437406,1752.890396,1585.462492,1662.001321,1719.64136,1884.478443,13823.81487,FALSE,FALSE,NA,FALSE
SDR family NAD(P)-dependent oxidoreductase,LBJ_RS16800,1727.395143,4.96148E-46,1.407725635,0.096485658,983.0051829,924.5983802,863.9407963,1010.941847,2327.095154,2515.233549,2566.114798,2628.231437,13819.16115,TRUE,FALSE,NA,FALSE
menaquinone biosynthesis protein,LBJ_RS02700,1726.647394,0.631078677,0.066102928,0.117661244,1586.719981,1615.85963,1599.726692,1945.028466,1526.394404,1799.990361,1862.58601,1876.873607,13813.17915,FALSE,FALSE,NA,FALSE
SAM-dependent methyltransferase,LBJ_RS15220,1725.461759,0.004547606,0.290325173,0.09571521,1483.038527,1521.06642,1659.385008,1545.972474,1794.544773,1872.051304,1826.419291,2101.216279,13803.69408,TRUE,FALSE,NA,FALSE
hypothetical protein,LBJ_RS04300,1725.347594,3.75186E-19,1.114813701,0.120527273,1145.745694,1095.226157,934.6469484,1184.358772,2353.347638,2404.075712,2622.948213,2062.431613,13802.78075,TRUE,FALSE,NA,FALSE
ribonuclease HI family protein,LBJ_RS08440,1720.912975,7.00401E-15,0.987445908,0.122327258,1152.307811,1131.685084,1094.840574,1236.580915,1899.554707,2414.041587,2616.920427,2221.372693,13767.3038,TRUE,FALSE,NA,FALSE
cyclic nucleotide-binding domain-containing protein,LBJ_RS13625,1718.5713,0.034984441,-0.320086138,0.140382547,2046.068198,1773.362193,1970.93399,1842.554829,1897.67953,1406.721598,1253.779579,1557.470481,13748.5704,TRUE,FALSE,NA,FALSE
flagellar basal body P-ring protein FlgI,LBJ_RS09795,1713.67104,0.754656368,-0.075497377,0.206008706,1620.842992,1833.154833,1425.170879,2154.902359,1075.414239,1638.236542,2176.030904,1785.615571,13709.36832,FALSE,FALSE,NA,FALSE
putative porin,LBJ_RS16720,1713.022339,4.97245E-07,-0.453849836,0.086135904,1984.384294,2137.95146,1905.751756,1894.776971,1451.387308,1482.61557,1464.752105,1382.559245,13704.17871,TRUE,FALSE,NA,FALSE
malate permease,LBJ_RS01195,1712.604625,0.323916175,-0.102036397,0.091935084,1758.647457,1700.44434,1894.70392,1738.110544,1550.77171,1652.035446,1795.419246,1610.704335,13700.837,FALSE,FALSE,NA,FALSE
IS3 family transposase,LBJ_RS17015,1711.021186,3.21554E-38,-1.661853796,0.125343097,2720.653864,2633.792862,2915.523992,2131.254596,818.5149355,755.1066888,904.1679658,809.1545858,13688.16949,TRUE,TRUE,TRUE,TRUE
GyrI-like domain-containing protein,LBJ_RS13920,1707.037134,0.048051853,0.362558234,0.168979379,1431.854011,1505.024493,1700.262002,1337.083905,2521.176015,2013.106766,1537.085542,1610.704335,13656.29707,TRUE,FALSE,NA,FALSE
type II toxin-antitoxin system HicA family toxin,LBJ_RS15930,1706.973819,5.361E-18,-1.528498183,0.170838413,2775.77565,2365.455162,2717.767722,2281.023759,1138.232682,755.1066888,666.5009577,955.927927,13655.79055,TRUE,FALSE,NA,FALSE
AAA family ATPase,LBJ_RS01465,1705.503161,0.293194772,0.093723995,0.079534302,1570.9709,1739.81998,1674.851978,1615.930438,1752.353281,1760.12686,1748.91918,1781.052669,13644.02529,FALSE,FALSE,NA,FALSE
pantetheine-phosphate adenylyltransferase,LBJ_RS15855,1705.19214,5.16815E-06,0.650766569,0.135867505,1376.732225,1153.56044,1137.927136,1637.607554,1966.123505,2066.002565,2206.169837,2097.413861,13641.53712,TRUE,FALSE,NA,FALSE
tRNA-Ile,LBJ_RS13640,1702.642372,0.05926252,-0.417576119,0.203585839,2223.245367,1890.030758,1587.574072,2088.885688,991.968845,1303.229818,2036.530704,1499.673725,13621.13898,FALSE,FALSE,NA,FALSE
STAS domain-containing protein,LBJ_RS15130,1700.921383,0.821091915,0.049031592,0.182216185,1374.107379,1442.315139,2310.102564,1560.752326,1503.892275,2098.200007,1633.530125,1684.471248,13607.37106,FALSE,FALSE,NA,FALSE
polysaccharide deacetylase family protein,LBJ_RS17060,1699.485593,0.019155359,0.23616969,0.093676805,1704.838094,1535.649991,1438.428282,1564.693619,1780.480942,1763.959889,1940.086121,1867.747803,13595.88474,TRUE,FALSE,NA,FALSE
acyl-ACP--UDP-N-acetylglucosamine O-acyltransferase,LBJ_RS02265,1692.354661,1.81073E-06,0.615403744,0.122818085,1458.102481,1109.809728,1262.767686,1514.442124,1894.866764,2163.361498,2069.252973,2066.234032,13538.83728,TRUE,FALSE,NA,FALSE
phosphotransferase family protein,LBJ_RS13605,1691.495758,0.322427545,-0.136474558,0.122507386,1777.021385,1936.698184,1778.701639,1594.253322,1848.924917,1711.064091,1444.946521,1440.356001,13531.96606,FALSE,FALSE,NA,FALSE
hypothetical protein,LBJ_RS20620,1690.400312,1.21439E-40,-2.104182276,0.153733863,3012.011876,2763.586641,2549.840611,2646.578754,564.4283977,494.4607252,711.2787998,781.0166914,13523.2025,TRUE,TRUE,TRUE,TRUE
MBOAT family protein,LBJ_RS17400,1688.537765,6.25217E-13,1.196166905,0.159954625,1131.309036,907.0980954,835.216422,1229.68365,1952.059674,2202.458393,2558.364787,2692.112062,13508.30212,TRUE,FALSE,NA,FALSE
methyl-accepting chemotaxis protein,LBJ_RS13090,1686.061396,2.05707E-12,-1.064332073,0.145636237,1927.950085,2639.626291,2632.699383,1925.321998,1126.981618,1202.037856,1037.64038,996.2335596,13488.49117,TRUE,FALSE,NA,FALSE
hypothetical protein,LBJ_RS01035,1681.446956,0.029411882,-0.281357358,0.119669153,1992.258835,1811.279477,1886.970435,1688.844373,1796.41995,1492.581445,1358.835286,1424.385845,13451.57565,TRUE,FALSE,NA,FALSE
alpha/beta hydrolase,LBJ_RS12145,1680.731679,1.14923E-18,0.972229853,0.106562738,1127.371765,1159.393868,1193.166317,1061.193343,1945.496553,2466.937385,2252.669903,2239.6243,13445.85344,TRUE,FALSE,NA,FALSE
DUF4147 domain-containing protein,LBJ_RS09170,1679.772121,7.23273E-05,0.465424009,0.111170862,1399.043425,1496.27435,1281.549007,1468.131922,1929.557545,2057.569901,2120.058602,1685.992215,13438.17697,TRUE,FALSE,NA,FALSE
DnaJ domain-containing protein,LBJ_RS04835,1677.458594,0.100835793,0.238001423,0.132365872,1581.470288,1496.27435,1677.061546,1402.115252,2235.211462,1740.961716,1683.474641,1603.099499,13419.66875,FALSE,FALSE,NA,FALSE
DNA repair protein RecO,LBJ_RS06630,1676.680724,9.60644E-06,-0.434580182,0.09333173,1854.45437,2022.741251,1748.872481,2082.973748,1440.136244,1416.687473,1447.529858,1400.050369,13413.44579,TRUE,FALSE,NA,FALSE
Rpn family recombination-promoting nuclease/putative transposase,LBJ_RS12140,1675.184413,4.6812E-17,-1.074709741,0.12366794,2399.110113,2326.079521,2441.571816,1920.39538,1246.992972,1055.616153,991.140313,1020.569036,13401.4753,TRUE,FALSE,NA,FALSE
putative sugar O-methyltransferase,LBJ_RS06300,1675.156043,1.24992E-05,0.549738504,0.119607534,1418.729777,1166.685653,1487.038762,1365.658285,1821.734845,2034.571728,1856.558223,2250.271071,13401.24834,TRUE,FALSE,NA,FALSE
hypothetical protein,LBJ_RS20730,1673.968016,0.001506675,-0.401332595,0.118799228,2139.250265,1993.57411,1884.760868,1605.09188,1545.146178,1485.681993,1429.446498,1308.792333,13391.74412,TRUE,FALSE,NA,FALSE
hypothetical protein,LBJ_RS10940,1673.435987,0.49567691,0.067895286,0.086346866,1699.5884,1697.527626,1582.050154,1558.781679,1801.107894,1721.796572,1616.307878,1710.327691,13387.48789,FALSE,FALSE,NA,FALSE
UDP-N-acetylmuramoyl-L-alanine--D-glutamate ligase,LBJ_RS04400,1670.739766,1.12121E-09,0.598544116,0.094225264,1388.544037,1316.896431,1300.330329,1311.465496,1807.671014,2091.300555,2151.919759,1997.790505,13365.91813,TRUE,FALSE,NA,FALSE
,LBJ_RS16215,1668.740456,2.89401E-55,-2.103026553,0.131486668,3177.377233,2649.83479,2418.371359,2584.503378,618.8085423,570.3546969,590.723071,739.9505752,13349.92365,TRUE,TRUE,TRUE,TRUE
hypothetical protein,LBJ_RS14465,1665.072814,0.032975794,0.232977577,0.101086903,1515.849114,1607.109487,1358.883861,1641.548848,1913.618538,1747.094562,1843.641538,1692.836568,13320.58252,TRUE,FALSE,NA,FALSE
YjgP/YjgQ family permease,LBJ_RS13240,1664.799841,7.43231E-06,0.652889897,0.13854802,1393.793731,1101.059585,1140.136703,1541.045857,1796.41995,2019.239613,2091.641894,2235.061398,13318.39873,TRUE,FALSE,NA,FALSE
DUF2339 domain-containing protein,LBJ_RS03565,1664.592839,3.4472E-05,0.746299163,0.17097997,1215.304138,1220.644865,1209.738072,1328.215994,1508.580219,2074.435228,1977.975064,2781.849131,13316.74271,TRUE,FALSE,NA,FALSE
hypothetical protein,LBJ_RS07080,1662.97812,1.4411E-12,0.762960885,0.103655546,1210.054444,1185.644295,1209.738072,1326.245347,1918.306481,2321.282288,2174.30868,1958.245356,13303.82496,TRUE,FALSE,NA,FALSE
hypothetical protein,LBJ_RS13160,1662.82023,5.81636E-11,0.678400395,0.099546319,1333.422251,1270.229005,1211.947639,1299.641615,2228.648341,2075.96844,2066.669636,1816.034916,13302.56184,TRUE,FALSE,NA,FALSE
YceK/YidQ family lipoprotein,LBJ_RS19785,1662.16961,0.00012641,-0.377818179,0.093319655,1997.508529,1776.278907,1746.662914,1993.309315,1459.825607,1409.021415,1397.585341,1517.164848,13297.35688,TRUE,FALSE,NA,FALSE
alpha/beta hydrolase,LBJ_RS15660,1658.498681,4.10061E-05,-0.473543145,0.109539771,2022.444575,1875.447188,1878.132166,1937.145879,1465.451139,1280.231645,1235.69622,1573.440637,13267.98945,TRUE,FALSE,NA,FALSE
hypothetical protein,LBJ_RS04685,1658.089329,8.26321E-05,0.538291756,0.129576763,1301.924087,1306.687932,1194.271101,1605.09188,1715.787322,1899.649112,2174.30868,2066.994515,13264.71463,TRUE,FALSE,NA,FALSE
cation transporter,LBJ_RS07545,1658.088164,0.002990195,0.352687966,0.111366641,1447.603093,1515.232992,1379.87475,1483.897097,1633.279516,2054.503478,2027.058468,1723.255913,13264.70531,TRUE,FALSE,NA,FALSE
tRNA-Met,LBJ_RS05780,1657.559092,0.000739932,-0.544562673,0.15208905,1809.831972,2390.247232,1632.870201,2034.692899,1352.002906,1469.583272,1477.66879,1093.575465,13260.47274,TRUE,FALSE,NA,FALSE
hypothetical protein,LBJ_RS07935,1657.107719,0.688943076,-0.061892319,0.131890926,1630.029956,1796.695906,1723.462458,1619.871732,2028.004359,1534.744762,1483.696576,1440.356001,13256.86175,FALSE,FALSE,NA,FALSE
LpxI family protein,LBJ_RS12555,1653.085012,0.005282921,0.377091121,0.126386514,1450.22794,1381.064142,1194.271101,1726.286663,1779.543353,1837.554044,1953.002806,1902.73005,13224.6801,TRUE,FALSE,NA,FALSE
acetyl-CoA hydrolase/transferase family protein,LBJ_RS17720,1652.491515,7.40952E-07,-0.578507503,0.111470175,1937.137049,2035.866465,1926.742645,2017.942401,1215.114956,1240.368145,1570.668923,1276.091537,13219.93212,TRUE,FALSE,NA,FALSE
winged helix-turn-helix transcriptional regulator,LBJ_RS11205,1650.644622,0.000117079,-0.729602435,0.179314044,2010.632764,2387.330518,2155.432856,1683.917755,1635.154694,1246.500991,1159.918333,926.2690653,13205.15698,TRUE,FALSE,NA,FALSE
M23 family metallopeptidase,LBJ_RS02105,1648.917936,0.8925677,-0.019414295,0.123281506,1745.523222,1663.985413,1624.031932,1606.077204,1966.123505,1406.721598,1523.307744,1655.57287,13191.34349,FALSE,FALSE,NA,FALSE
endoflagellar motor protein,LBJ_RS15460,1648.611127,7.59515E-09,0.600711053,0.09955084,1225.803526,1300.854503,1351.150376,1362.702315,1799.232716,1982.442535,1971.947278,2194.755766,13188.88901,TRUE,FALSE,NA,FALSE
protein-L-isoaspartate O-methyltransferase,LBJ_RS14760,1648.408129,1.39799E-08,-0.619652342,0.104500666,1900.389192,2035.866465,2243.815546,1808.068509,1391.381631,1256.466866,1241.724006,1309.552817,13187.26503,TRUE,FALSE,NA,FALSE
TIGR00266 family protein,LBJ_RS07285,1646.979988,0.000531975,0.690661872,0.188068676,1404.293118,1138.976869,1041.81096,1455.322718,1372.629857,2030.738699,2345.670037,2386.397641,13175.8399,TRUE,FALSE,NA,FALSE
hypothetical protein,LBJ_RS15465,1645.602165,3.6502E-14,0.748857224,0.095317957,1245.489878,1111.268085,1273.815522,1278.949822,1922.056836,2080.568075,2050.308502,2202.360602,13164.81732,TRUE,FALSE,NA,FALSE
Na+:solute symporter,LBJ_RS03025,1642.914509,7.35424E-13,1.370106543,0.183754684,905.5721979,908.5564525,770.034188,1081.885135,1631.404339,2256.887403,2747.809504,2841.166854,13143.31607,TRUE,FALSE,NA,FALSE
hypothetical protein,LBJ_RS00530,1640.788546,0.366338555,0.103216748,0.100874546,1484.35095,1556.06699,1738.929429,1548.928444,1566.710718,1861.318823,1707.585787,1662.417222,13126.30836,FALSE,FALSE,NA,FALSE
polyphenol oxidase family protein,LBJ_RS10240,1639.9159,0.003011088,-0.422755588,0.133590578,1669.40266,2121.909532,1885.865651,1837.628212,1215.114956,1520.179253,1619.752327,1249.474609,13119.3272,TRUE,FALSE,NA,FALSE
helix-turn-helix domain-containing protein,LBJ_RS18955,1637.180541,1.83418E-12,1.302685092,0.177847794,888.5106927,947.9320933,772.2437552,1168.593597,1741.102217,2170.26095,2624.670438,2784.130581,13097.44432,TRUE,FALSE,NA,FALSE
hypothetical protein,LBJ_RS02990,1635.730769,6.5086E-17,0.817894717,0.094551377,1208.742021,1204.602937,1137.927136,1185.344096,2271.777421,1910.381592,2014.141783,2152.929166,13085.84615,TRUE,FALSE,NA,FALSE
hypothetical protein,LBJ_RS11935,1631.34344,4.75084E-30,1.646562087,0.140513847,826.8267894,676.6776789,712.5854394,940.9838832,2103.949044,2639.423685,2722.837246,2427.463757,13050.74752,TRUE,TRUE,TRUE,TRUE
glycosyltransferase family 2 protein,LBJ_RS06170,1631.078893,0.010234385,0.481937325,0.174907702,1122.122071,1233.770078,1885.865651,1202.094594,1682.034129,2177.927008,1823.835954,1920.981658,13048.63114,TRUE,FALSE,NA,FALSE
,LBJ_RS10145,1624.043374,3.45715E-11,0.755000941,0.109500902,1186.430822,1169.602367,1264.977253,1212.933152,1718.600088,2148.029383,2202.725387,2089.048541,12992.34699,TRUE,FALSE,NA,FALSE
tRNA-Glu,LBJ_RS14810,1620.129011,0.001733977,-0.752871921,0.225724919,2215.370826,2304.204165,1377.665183,2237.669527,808.2014598,1007.319989,1534.502205,1476.098732,12961.03209,TRUE,FALSE,NA,FALSE
VOC family protein,LBJ_RS12050,1620.039158,2.1067E-06,0.781281035,0.156917704,1301.924087,1095.226157,965.5808899,1404.085899,1633.279516,2058.336507,2191.530927,2310.349278,12960.31326,TRUE,FALSE,NA,FALSE
ABC transporter permease subunit,LBJ_RS03780,1613.86962,4.04813E-05,0.514217121,0.11885655,1189.055669,1249.812006,1453.895253,1422.807044,1700.785903,2136.530296,1800.58592,1957.484872,12910.95696,TRUE,FALSE,NA,FALSE
NAD(P)H-dependent oxidoreductase,LBJ_RS16735,1611.11556,0.002721835,0.329147507,0.102953809,1515.849114,1417.523069,1232.938528,1545.972474,1806.733426,1760.893466,1859.14156,1749.87284,12888.92448,TRUE,FALSE,NA,FALSE
hypothetical protein,LBJ_RS02970,1610.832576,6.90753E-10,0.732841048,0.113958742,1371.482532,1098.142871,1068.325767,1302.597585,1989.563222,1931.079948,1990.030637,2135.438042,12886.6606,TRUE,FALSE,NA,FALSE
alpha/beta fold hydrolase,LBJ_RS01985,1610.112011,3.76471E-10,0.894138634,0.136988616,1187.743245,1031.058446,1009.772235,1276.979175,1716.72491,2131.930662,2117.475265,2409.21215,12880.89609,TRUE,FALSE,NA,FALSE
FkbM family methyltransferase,LBJ_RS06370,1606.989011,0.260694078,0.180543089,0.143867704,1580.157864,1223.561579,1675.956762,1544.987151,1843.299385,1488.748416,1518.14107,1981.059865,12855.91209,FALSE,FALSE,NA,FALSE
hypothetical protein,LBJ_RS13685,1606.290535,0.000539583,0.434780707,0.118519227,1392.481307,1316.896431,1166.65151,1587.356058,1707.349023,1832.187803,1914.25275,1933.149396,12850.32428,TRUE,FALSE,NA,FALSE
tRNA-Ala,LBJ_RS13645,1605.579796,0.029193607,-0.474306496,0.201469886,2009.32034,2184.618886,1490.353113,1785.406069,952.5901196,1177.506471,1860.002673,1384.840696,12844.63837,TRUE,FALSE,NA,FALSE
O-antigen ligase family protein,LBJ_RS08415,1603.17061,1.39456E-05,0.505544811,0.110596755,1316.360746,1227.93665,1482.619627,1273.037882,1697.973136,2098.200007,1898.752728,1830.484105,12825.36488,TRUE,FALSE,NA,FALSE
response regulator,LBJ_RS06700,1599.949132,0.003464795,0.571522809,0.183119343,1262.551383,1225.019936,1280.444224,1380.438136,1250.743326,1801.523572,2299.16997,2299.702507,12799.59306,TRUE,FALSE,NA,FALSE
phospholipase,LBJ_RS06115,1599.92543,0.000550442,-0.604142616,0.164930224,1784.895926,2261.91181,1783.120774,1891.821001,961.0284179,1519.412647,1465.613217,1131.599646,12799.40344,TRUE,FALSE,NA,FALSE
dTMP kinase,LBJ_RS04245,1599.897293,0.007196415,0.449993926,0.156386708,1371.482532,1405.856212,1483.724411,1148.887129,2250.212881,2046.070815,1581.863384,1511.080979,12799.17834,TRUE,FALSE,NA,FALSE
hypothetical protein,LBJ_RS17205,1599.532775,0.000531154,0.425167106,0.115751297,1430.541588,1324.188216,1226.309826,1479.955804,2067.383084,1875.884333,1772.169213,1619.830139,12796.2622,TRUE,FALSE,NA,FALSE
arylesterase,LBJ_RS06005,1596.196747,0.019642271,0.425045518,0.169232379,1128.684189,1604.192773,1568.79275,1149.872452,2190.207204,1965.577208,1641.280136,1520.967267,12769.57398,TRUE,FALSE,NA,FALSE
sigma-70 family RNA polymerase sigma factor,LBJ_RS10455,1593.124686,3.088E-06,-0.758527631,0.154812812,1842.642559,2151.076673,2352.084342,1664.211287,1391.381631,1272.565587,1095.334907,975.7005015,12744.99749,TRUE,FALSE,NA,FALSE
2-C-methyl-D-erythritol 4-phosphate cytidylyltransferase,LBJ_RS01540,1593.072089,5.57342E-05,0.662681313,0.155962256,1199.555056,1293.562718,1114.72668,1326.245347,1701.723491,2265.320066,2316.392217,1527.051136,12744.57671,TRUE,FALSE,NA,FALSE
response regulator,LBJ_RS05565,1592.372924,9.17235E-09,0.710103369,0.118312749,1229.740796,1235.228435,1189.851966,1178.446832,2238.961817,2132.697267,1660.224608,1873.831672,12738.98339,TRUE,FALSE,NA,FALSE
potassium/proton antiporter,LBJ_RS01520,1592.339786,0.729887823,-0.043969117,0.108512769,1480.41368,1627.526486,1591.993206,1765.699601,1402.632696,1623.671032,1733.419157,1513.36243,12738.71829,FALSE,FALSE,NA,FALSE
hypothetical protein,LBJ_RS15190,1592.139726,0.013433177,-0.324549378,0.122258164,1735.023834,1891.489115,1704.681136,1751.905073,1375.442624,1279.465039,1286.501849,1712.609142,12737.11781,TRUE,FALSE,NA,FALSE
2-C-methyl-D-erythritol 2%2C4-cyclodiphosphate synthase,LBJ_RS01790,1591.981138,0.471347051,0.088009992,0.105978369,1486.975797,1493.357636,1675.956762,1516.412771,1768.292289,1497.181079,1518.14107,1779.531702,12735.84911,FALSE,FALSE,NA,FALSE
class I SAM-dependent methyltransferase,LBJ_RS08825,1591.54288,0.031389379,0.496186858,0.213400918,1223.178679,1398.564427,1519.077487,1141.004541,2663.689498,2020.006218,1498.335486,1268.4867,12732.34304,TRUE,FALSE,NA,FALSE
imidazole glycerol phosphate synthase subunit HisH,LBJ_RS00575,1589.647211,1.87809E-05,0.483596907,0.107342186,1338.671945,1178.35251,1352.255159,1431.674955,1734.539096,2064.469353,1760.11364,1857.101032,12717.17769,TRUE,FALSE,NA,FALSE
cytochrome c oxidase accessory protein CcoG,LBJ_RS08125,1589.609098,7.50012E-20,1.630279245,0.172893565,800.5783199,805.0131008,639.66972,860.1873613,1747.665338,2315.149442,2532.531417,3016.07809,12716.87279,TRUE,TRUE,TRUE,TRUE
phosphoribosyl-AMP cyclohydrolase,LBJ_RS03555,1589.233653,9.66285E-05,0.564066001,0.137004165,1391.168884,1378.147428,1209.738072,1151.843099,2276.465365,1895.049477,1841.058201,1570.398703,12713.86923,TRUE,FALSE,NA,FALSE
UDP-glucose 4-epimerase GalE,LBJ_RS02260,1588.935456,0.000106619,0.559332405,0.136664302,1324.235286,1360.647143,1053.96358,1401.129929,1552.646888,1957.91115,2023.614019,2037.335654,12711.48365,TRUE,FALSE,NA,FALSE
aminodeoxychorismate/anthranilate synthase component II,LBJ_RS15710,1580.749645,0.000981993,0.483727867,0.138134777,1217.928985,1346.063572,1181.013697,1527.251329,1542.333412,2007.740526,2095.086344,1728.579298,12645.99716,TRUE,FALSE,NA,FALSE
WG repeat-containing protein,LBJ_RS18380,1580.062854,0.068792273,-0.237182618,0.119606411,1715.337482,1814.196191,1517.972703,1792.303334,1278.870987,1664.301138,1500.057711,1357.463285,12640.50283,FALSE,FALSE,NA,FALSE
hypothetical protein,LBJ_RS16865,1571.712741,0.000316626,0.482764829,0.126591281,1263.863807,1382.522499,1119.145814,1478.97048,1787.981652,2021.53943,1921.141649,1598.536597,12573.70193,TRUE,FALSE,NA,FALSE
tRNA-Asp,LBJ_RS09885,1570.089874,8.22144E-08,-1.383513136,0.246584185,2744.277487,2301.287451,1236.252879,2799.303887,588.8057039,993.521085,890.3901682,1006.88033,12560.71899,TRUE,FALSE,NA,FALSE
hypothetical protein,LBJ_RS17235,1566.954746,0.097301739,-0.23966399,0.13188539,1691.71386,1426.273211,1767.653803,1899.703588,1450.44972,1238.834933,1406.196465,1654.812386,12535.63797,FALSE,FALSE,NA,FALSE
hypothetical protein,LBJ_RS01295,1566.181315,2.11713E-14,-0.774742592,0.097713527,1861.016488,2167.118601,1973.143558,1907.586176,1187.924883,1189.005558,1049.695953,1193.959304,12529.45052,TRUE,FALSE,NA,FALSE
sigma-54-dependent Fis family transcriptional regulator,LBJ_RS00075,1564.309012,1.1559E-06,-0.489339795,0.095952086,1759.95988,1855.030189,1936.685698,1757.817013,1240.429851,1353.059194,1203.835063,1407.655205,12514.47209,TRUE,FALSE,NA,FALSE
acyltransferase,LBJ_RS04860,1563.880617,2.50696E-05,-0.438220917,0.098712981,1746.835645,1750.02848,1868.189113,1833.686918,1217.927722,1351.525982,1260.668478,1482.182601,12511.04494,TRUE,FALSE,NA,FALSE
hypothetical protein,LBJ_RS08905,1561.46351,0.044408729,0.315944934,0.144942402,1367.545261,1363.563857,1460.523955,1373.540872,1266.682334,1835.254226,1959.891705,1864.705869,12491.70808,TRUE,FALSE,NA,FALSE
tetratricopeptide repeat protein,LBJ_RS01600,1560.833554,0.219039144,0.261255734,0.191354697,1463.352175,1159.393868,1419.646961,1636.62223,1246.992972,1511.746589,1705.863562,2343.050074,12486.66843,FALSE,FALSE,NA,FALSE
hypothetical protein,LBJ_RS07380,1560.266999,3.34331E-10,0.68637513,0.10485307,1187.743245,1178.35251,1166.65151,1250.375443,1772.042644,1924.180496,2202.725387,1800.06476,12482.13599,TRUE,FALSE,NA,FALSE
4-hydroxy-3-methylbut-2-enyl diphosphate reductase,LBJ_RS09925,1560.051767,0.663853084,0.057557565,0.112761538,1673.339931,1416.064712,1344.521674,1680.961785,1551.709299,1619.071398,1698.113551,1496.63179,12480.41414,FALSE,FALSE,NA,FALSE
glycosyltransferase family 4 protein,LBJ_RS17425,1556.63743,9.77137E-15,1.229259754,0.153096506,962.0064073,939.1819509,751.2528663,1071.046577,1775.792999,2040.704574,2515.30917,2397.804896,12453.09944,TRUE,FALSE,NA,FALSE
DUF4254 domain-containing protein,LBJ_RS10135,1555.273648,2.95882E-07,0.67405392,0.125509599,1307.173781,1178.35251,990.9909134,1317.377436,1741.102217,1813.789265,2073.558535,2019.84453,12442.18919,TRUE,FALSE,NA,FALSE
HEAT repeat domain-containing protein,LBJ_RS13840,1554.982346,0.670300385,0.079996905,0.160396857,1364.920414,1698.985983,1468.25744,1516.412771,1181.361763,1485.681993,1875.502695,1848.735712,12439.85877,FALSE,FALSE,NA,FALSE
serine/threonine-protein phosphatase,LBJ_RS08820,1554.787285,0.175383259,0.308629755,0.20622137,1292.737123,1561.900418,1541.17316,1160.71101,2395.53913,1850.586342,1456.140981,1179.510115,12438.29828,FALSE,FALSE,NA,FALSE
sodium:solute symporter,LBJ_RS10310,1554.420826,9.71248E-12,1.016048648,0.143434253,1031.564851,947.9320933,935.751732,1198.1533,1624.841218,2194.025729,2247.503229,2255.594456,12435.36661,TRUE,FALSE,NA,FALSE
hydrolase,LBJ_RS07450,1553.173124,0.000322396,-0.557574602,0.146404318,1626.092686,1948.365041,2211.776821,1611.989144,1458.888018,1320.861751,1101.362694,1146.048835,12425.38499,TRUE,FALSE,NA,FALSE
GNAT family N-acetyltransferase,LBJ_RS06220,1552.019021,4.57969E-10,0.822019424,0.126547047,1043.376663,977.0992346,1311.378165,1151.843099,1726.100797,2121.964786,2061.502962,2022.886465,12416.15217,TRUE,FALSE,NA,FALSE
hypothetical protein,LBJ_RS04840,1551.252676,0.000117947,0.394058145,0.096896334,1333.422251,1251.270363,1353.359943,1422.807044,1757.041225,1604.505888,1783.363674,1904.251018,12410.02141,TRUE,FALSE,NA,FALSE
glycosyltransferase family 2 protein,LBJ_RS08470,1550.206346,3.22026E-10,1.192530532,0.181992567,867.5119171,927.5150944,804.2824804,1174.505538,1523.581638,2131.164056,2573.003697,2400.086347,12401.65077,TRUE,FALSE,NA,FALSE
serine/threonine-protein phosphatase,LBJ_RS03600,1548.624367,0.512437529,0.085296802,0.112787165,1448.915517,1538.566705,1683.690247,1340.039876,1781.418531,1510.979983,1588.752283,1496.63179,12388.99493,FALSE,FALSE,NA,FALSE
phosphoribosyl-ATP diphosphatase,LBJ_RS02640,1548.271284,2.89201E-08,-0.63648296,0.109732018,1992.258835,1818.571262,1816.264283,1909.556823,1394.194398,1166.007384,1069.501537,1219.815748,12386.17027,TRUE,FALSE,NA,FALSE
ferrochelatase,LBJ_RS16710,1545.651037,0.010704832,-0.418207678,0.15274891,1712.712635,1913.364471,1920.113944,1526.266005,1659.532,1374.524155,1126.334952,1132.36013,12365.20829,TRUE,FALSE,NA,FALSE
ABC transporter ATP-binding protein,LBJ_RS15255,1543.837261,0.322900924,0.170797895,0.153502052,1484.35095,1391.272642,1249.510282,1684.903079,1312.624181,1482.61557,1829.002628,1916.418756,12350.69809,FALSE,FALSE,NA,FALSE
hypothetical protein,LBJ_RS12835,1543.607777,0.047014448,0.291553396,0.135261339,1480.41368,1111.268085,1348.940808,1610.018497,1558.27242,1618.304792,1739.446944,1882.196992,12348.86222,TRUE,FALSE,NA,FALSE
DUF4349 domain-containing protein,LBJ_RS01355,1541.661871,0.00077354,0.362664028,0.101641732,1376.732225,1446.69021,1183.223264,1390.291371,1687.659661,1661.234715,1863.447122,1724.016397,12333.29497,TRUE,FALSE,NA,FALSE
histone deacetylase,LBJ_RS12190,1540.456536,6.56317E-10,-0.635709844,0.098717201,1904.326462,1747.111766,2027.277955,1817.921743,1309.811414,1231.935481,1119.446053,1165.82141,12323.65228,TRUE,FALSE,NA,FALSE
DegT/DnrJ/EryC1/StrS family aminotransferase,LBJ_RS06500,1540.097593,0.001081508,0.376874702,0.108491041,1294.049547,1146.268654,1440.63785,1476.01451,1757.978813,1750.160985,1666.252394,1789.417989,12320.78074,TRUE,FALSE,NA,FALSE
transcriptional regulator,LBJ_RS01615,1535.047015,5.13532E-09,-0.640586459,0.104988348,1887.264957,1783.570692,1975.353125,1834.672241,1306.06106,1219.669789,1034.19593,1239.588322,12280.37612,TRUE,FALSE,NA,FALSE
tRNA-Ser,LBJ_RS00455,1533.885778,0.96454787,0.010953758,0.209119786,1254.676842,1828.779762,1436.218715,1593.267999,968.5291275,1586.107349,2065.808524,1537.697906,12271.08623,FALSE,FALSE,NA,FALSE
SpoIIE family protein phosphatase,LBJ_RS03605,1528.35197,2.4796E-08,0.634917728,0.108926464,1248.114725,1063.142302,1308.063814,1168.593597,1797.357539,1894.282871,2039.975153,1707.285757,12226.81576,TRUE,FALSE,NA,FALSE
cation transporter,LBJ_RS03150,1527.97123,0.069818597,0.314559713,0.15921558,1244.177454,1241.061864,1414.123042,1547.943121,1230.116375,1825.288351,1971.947278,1749.112357,12223.76984,FALSE,FALSE,NA,FALSE
dihydrofolate reductase family protein,LBJ_RS03510,1527.386719,6.58705E-39,-1.631002061,0.121862867,2396.485266,2159.826816,2561.993231,2117.460068,871.9574914,705.2773134,669.9454071,736.148157,12219.09375,TRUE,TRUE,TRUE,TRUE
chemotaxis protein CheB,LBJ_RS06905,1527.236917,6.14785E-05,-0.765228381,0.181085122,1983.071871,2094.200748,1554.430563,2060.311309,1355.753261,1358.425434,991.140313,820.5618403,12217.89534,TRUE,FALSE,NA,FALSE
hypothetical protein,LBJ_RS09290,1526.312564,0.729173838,-0.059566145,0.146313378,1703.525671,1359.188786,1646.127604,1521.339388,1846.112151,1413.62105,1213.307299,1507.278561,12210.50051,FALSE,FALSE,NA,FALSE
flagellar type III secretion system pore protein FliP,LBJ_RS08940,1525.633276,1.36701E-07,0.675009162,0.122341226,1221.866255,1179.810867,1070.535335,1228.698327,1712.036967,1654.335263,1939.225009,2198.558184,12205.06621,TRUE,FALSE,NA,FALSE
DMT family transporter,LBJ_RS01730,1524.630285,1.67E-12,0.597444337,0.081402931,1227.115949,1153.56044,1192.061533,1278.949822,1839.54903,1839.853861,1799.724808,1866.226836,12197.04228,TRUE,FALSE,NA,FALSE
NAD(P)-dependent oxidoreductase,LBJ_RS10670,1523.095728,3.65389E-09,0.604452548,0.098141246,1136.55873,1208.978008,1181.013697,1306.538879,1731.72633,1758.593649,2014.141783,1847.214745,12184.76582,TRUE,FALSE,NA,FALSE
J domain-containing protein,LBJ_RS07375,1522.030224,0.163492584,-0.212240427,0.137939128,1651.028732,1569.192204,1706.890704,1608.047851,1370.75468,1144.542423,1368.307522,1757.477677,12176.24179,FALSE,FALSE,NA,FALSE
methyltransferase domain-containing protein,LBJ_RS06375,1521.772545,3.82973E-09,0.585805989,0.095244543,1220.553832,1098.142871,1237.357662,1309.494849,1776.730587,1851.352948,1748.91918,1931.628429,12174.18036,TRUE,FALSE,NA,FALSE
MCE family protein,LBJ_RS01735,1521.443067,0.289709222,-0.191026406,0.161014101,1506.66215,1833.154833,1903.542189,1245.448825,1680.158951,1399.822146,1220.196198,1382.559245,12171.54454,FALSE,FALSE,NA,FALSE
M23 family metallopeptidase,LBJ_RS15590,1520.83096,0.003113206,0.610489024,0.19352827,1192.992939,1176.894153,1109.202761,1336.098582,1304.185882,1513.279801,1997.780648,2536.212917,12166.64768,TRUE,FALSE,NA,FALSE
N-acetylmuramoyl-L-alanine amidase,LBJ_RS13805,1520.716628,1.259E-13,1.072233353,0.139356998,1002.691535,924.5983802,784.3963751,1208.006535,1931.432723,2059.869719,2061.502962,2193.234798,12165.73303,TRUE,FALSE,NA,FALSE
hypothetical protein,LBJ_RS10620,1520.123034,5.35219E-05,0.651528408,0.153005009,1118.184801,1143.35194,1063.906633,1404.085899,1472.951848,1720.26336,2141.58641,2096.653377,12160.98427,TRUE,FALSE,NA,FALSE
NADH dehydrogenase,LBJ_RS02825,1519.67054,3.55359E-12,0.902997751,0.124920749,1131.309036,991.6828053,919.1799776,1193.226683,1773.917821,1872.051304,2100.253018,2175.743675,12157.36432,TRUE,FALSE,NA,FALSE
AAA family ATPase,LBJ_RS04535,1518.905534,0.046148126,0.246151323,0.113771346,1308.486205,1385.439213,1510.239218,1353.834404,1682.971717,1856.719188,1635.25235,1418.301976,12151.24427,TRUE,FALSE,NA,FALSE
hypothetical protein,LBJ_RS01015,1517.39209,0.000775011,0.310835028,0.087134394,1346.546486,1293.562718,1474.886142,1302.597585,1637.96746,1724.096389,1682.613529,1676.866411,12139.13672,TRUE,FALSE,NA,FALSE
Holliday junction DNA helicase RuvA,LBJ_RS10870,1517.199947,2.27969E-23,1.064660755,0.103584279,1093.248755,940.640308,932.4373811,960.6903519,1873.302223,2213.190874,2114.891928,2009.197759,12137.59958,TRUE,FALSE,NA,FALSE
tRNA-His,LBJ_RS13710,1516.980479,0.057955342,-0.301378003,0.146191946,1728.461717,1919.1979,1580.94537,1473.05854,1053.849699,1436.619223,1554.307789,1389.403598,12135.84384,FALSE,FALSE,NA,FALSE
glycosyltransferase family 4 protein,LBJ_RS06445,1515.307851,3.43739E-12,0.944519417,0.130573122,958.0691369,860.4306693,1109.202761,1213.918475,1878.927756,2193.259124,1904.780515,2003.874374,12122.46281,TRUE,FALSE,NA,FALSE
,LBJ_RS16035,1513.915292,1.13491E-07,-0.638306619,0.11499271,1725.83687,1897.322544,2026.173172,1725.30134,1153.234102,1125.377278,1088.446008,1369.631024,12111.32234,TRUE,FALSE,NA,FALSE
hypothetical protein,LBJ_RS09845,1513.75867,7.07565E-10,1.029896512,0.16026035,992.1921472,1052.933802,794.3394278,1141.989865,1583.587315,1981.67593,2392.170104,2171.180773,12110.06936,TRUE,FALSE,NA,FALSE
hypothetical protein,LBJ_RS17680,1512.926838,0.000599275,0.448660259,0.123267011,1387.231613,1054.392159,1320.216434,1354.819727,1680.158951,1740.19511,1605.113417,1961.28729,12103.4147,TRUE,FALSE,NA,FALSE
biliverdin-producing heme oxygenase,LBJ_RS17485,1510.264431,6.24474E-15,1.389757804,0.171828626,784.8292382,770.0125312,1116.936247,665.0933206,2371.161823,2483.802712,1929.752773,1960.526807,12082.11545,TRUE,FALSE,NA,FALSE
SAM-dependent methyltransferase,LBJ_RS11215,1509.325986,0.134366744,0.178872526,0.108593168,1333.422251,1518.149706,1516.86792,1295.700321,1727.975975,1683.466283,1552.585564,1446.43987,12074.60789,FALSE,FALSE,NA,FALSE
MFS transporter,LBJ_RS01310,1508.414261,4.15342E-06,0.888529653,0.183750995,1118.184801,1009.18309,886.0364688,1218.845093,1325.750422,1930.313343,2239.753218,2339.247656,12067.31409,TRUE,FALSE,NA,FALSE
serine protease,LBJ_RS11260,1507.428205,2.24925E-06,0.730648904,0.147150293,1234.99049,1009.18309,914.7608431,1374.526196,1762.666757,1735.595476,1953.863919,2073.838868,12059.42564,TRUE,FALSE,NA,FALSE
UDP-N-acetylmuramate dehydrogenase,LBJ_RS02140,1506.341135,2.35627E-30,-1.185126914,0.100607868,2090.690596,2102.95089,2084.726704,2092.826982,791.3248632,989.6880561,966.1680549,932.3529344,12050.72908,TRUE,FALSE,NA,FALSE
phosphatase PAP2 family protein,LBJ_RS11280,1497.77789,1.87572E-13,0.888037015,0.116233445,1000.066688,945.0153792,1046.230095,1208.991858,1893.929175,2141.129931,1977.975064,1768.884931,11982.22312,TRUE,FALSE,NA,FALSE
transcriptional regulator,LBJ_RS16510,1492.22754,6.10692E-07,-0.637662438,0.121946078,2089.378172,1650.860199,1569.897534,1956.852348,1155.109279,1152.975086,1105.668255,1257.079446,11937.82032,TRUE,FALSE,NA,FALSE
hypothetical protein,LBJ_RS08155,1491.886866,0.144989075,0.133679003,0.083213589,1431.854011,1405.856212,1432.904364,1420.836397,1527.331993,1498.714291,1542.252216,1675.345444,11935.09493,FALSE,FALSE,NA,FALSE
cell envelope integrity protein CreD,LBJ_RS10735,1490.275593,0.003241071,0.2993488,0.095274825,1258.614113,1330.021645,1322.426001,1432.660279,1679.221362,1751.694197,1502.641048,1644.926099,11922.20474,TRUE,FALSE,NA,FALSE
PilZ domain-containing protein,LBJ_RS14360,1488.702403,0.21976754,0.145791986,0.10697351,1413.480083,1306.687932,1479.305276,1454.337394,1359.503616,1691.132341,1546.557778,1658.614804,11909.61922,FALSE,FALSE,NA,FALSE
hypothetical protein,LBJ_RS20065,1488.350487,0.116904911,-0.327064818,0.189944598,1469.914292,1655.235271,2149.908938,1349.89311,1690.472427,1294.030549,988.556976,1308.792333,11906.8039,FALSE,FALSE,NA,FALSE
DUF2029 domain-containing protein,LBJ_RS17430,1486.537057,6.2193E-18,1.233079231,0.138125852,841.2634476,844.3887416,878.3029834,984.3381144,1631.404339,2403.309106,2118.336377,2190.953347,11892.29646,TRUE,FALSE,NA,FALSE
hypothetical protein,LBJ_RS03935,1483.63227,7.78527E-05,-0.669308419,0.160544517,1609.031181,1694.610911,2047.164061,1936.160555,850.3929513,1100.079288,1258.946253,1372.672958,11869.05816,TRUE,FALSE,NA,FALSE
hypothetical protein,LBJ_RS16815,1482.405484,0.004981059,0.369186155,0.122950534,1279.612888,1130.226727,1289.282493,1474.043863,1514.205751,1603.739282,1652.474597,1915.658272,11859.24387,TRUE,FALSE,NA,FALSE
hypothetical protein,LBJ_RS11200,1482.078027,7.81848E-06,-0.919012444,0.19549353,2004.070647,2247.32824,1873.713031,1629.724966,1463.575961,986.621633,883.5012695,768.0884696,11856.62422,TRUE,FALSE,NA,FALSE
efflux RND transporter permease subunit,LBJ_RS11510,1481.949129,1.42813E-13,0.648268364,0.0844424,1147.058117,1130.226727,1193.166317,1146.916482,1751.415692,1882.783784,1881.530481,1722.495429,11855.59303,TRUE,FALSE,NA,FALSE
hypothetical protein,LBJ_RS17155,1481.497345,0.051622131,-0.222415238,0.105234904,1518.473961,1529.816563,1513.553569,1818.907066,1278.870987,1371.457732,1349.36305,1471.53583,11851.97876,FALSE,FALSE,NA,FALSE
hypothetical protein,LBJ_RS14175,1476.469966,0.080808405,0.284391679,0.149000514,1387.231613,1074.809158,1301.435113,1560.752326,1308.873826,1666.600956,1712.752461,1799.304276,11811.75973,FALSE,FALSE,NA,FALSE
TIGR04452 family lipoprotein,LBJ_RS02250,1475.579487,3.04602E-11,-0.842390193,0.121839285,1834.768018,2019.824537,2093.564973,1630.71029,1109.167433,1169.073808,988.556976,958.9698616,11804.6359,TRUE,FALSE,NA,FALSE
,LBJ_RS18630,1473.697634,9.3812E-07,-0.4735428,0.092080637,1740.273528,1801.070977,1765.444236,1548.928444,1211.364601,1218.136577,1204.696175,1299.666529,11789.58107,TRUE,FALSE,NA,FALSE
polymer-forming cytoskeletal protein,LBJ_RS00135,1473.36093,9.65696E-05,0.81421755,0.19774797,1042.064239,1198.769509,824.1685857,1208.991858,1295.747584,1732.529053,2050.308502,2434.30811,11786.88744,TRUE,FALSE,NA,FALSE
NfeD family protein,LBJ_RS10585,1471.236475,4.05052E-12,0.84930323,0.117787287,1094.561178,984.39102,945.6947847,1175.490861,1658.594411,1978.609506,2057.1974,1875.35264,11769.8918,TRUE,FALSE,NA,FALSE
,LBJ_RS01040,1469.842257,0.000350422,-0.625401984,0.165159691,1897.764345,1855.030189,1843.883873,1537.104563,1558.27242,1078.614326,951.529145,1036.539192,11758.73805,TRUE,FALSE,NA,FALSE
SCO family protein,LBJ_RS06125,1469.254042,0.524033031,0.086909642,0.117973012,1346.546486,1372.314,1559.954481,1419.851074,1745.79016,1481.082358,1303.724095,1524.769685,11754.03234,FALSE,FALSE,NA,FALSE
dihydropteroate synthase,LBJ_RS00255,1468.869638,0.000464073,0.439867638,0.118587705,1210.054444,1157.935511,1282.653791,1335.113258,1401.695107,1846.753313,1791.974797,1724.77688,11750.9571,TRUE,FALSE,NA,FALSE
PAS domain S-box protein,LBJ_RS06745,1467.590813,0.004449066,0.545021372,0.179255693,1135.246306,1130.226727,1279.33944,1229.68365,1254.493681,1537.04458,1825.558179,2349.133943,11740.72651,TRUE,FALSE,NA,FALSE
,LBJ_RS11340,1465.062909,0.006322372,0.276160437,0.094530113,1231.05322,1312.52136,1378.769966,1377.482166,1575.149017,1744.028139,1596.502294,1504.99711,11720.50327,TRUE,FALSE,NA,FALSE
murein biosynthesis integral membrane protein MurJ,LBJ_RS06830,1464.761422,4.97617E-12,1.117453823,0.155612594,973.8182186,854.597241,762.3007026,1105.532897,1585.462492,2039.937968,2174.30868,2222.133176,11718.09138,TRUE,FALSE,NA,FALSE
alginate export family protein,LBJ_RS09485,1464.052822,0.027129728,0.455046807,0.190901253,1291.4247,1388.355927,1310.273382,950.8371176,2375.849767,1490.281627,1421.696487,1483.703569,11712.42258,TRUE,FALSE,NA,FALSE
4Fe-4S dicluster domain-containing protein,LBJ_RS01120,1463.704874,6.99775E-10,-0.624883813,0.097208033,1868.891029,1744.195052,1724.567242,1765.699601,1120.418497,1036.451008,1248.612905,1200.803657,11709.63899,TRUE,FALSE,NA,FALSE
DUF2779 domain-containing protein,LBJ_RS15870,1462.081222,0.00107969,-0.347780155,0.100093282,1651.028732,1540.025062,1678.166329,1679.976462,1272.307866,1189.005558,1237.418445,1448.721321,11696.64978,TRUE,FALSE,NA,FALSE
UpxY family transcription antiterminator,LBJ_RS00205,1460.783147,1.39854E-07,-0.788629398,0.143043312,1985.696718,1701.902697,2064.840599,1648.446112,1303.248294,1054.082941,886.9457188,1041.102094,11686.26517,TRUE,FALSE,NA,FALSE
hypothetical protein,LBJ_RS19880,1458.848369,0.806374626,0.042488083,0.145963758,1329.48498,1429.189925,1654.965873,1335.113258,1677.346185,1660.46811,1426.002049,1158.216573,11670.78695,FALSE,FALSE,NA,FALSE
alpha/beta hydrolase,LBJ_RS16055,1450.497183,0.138209191,-0.156145329,0.095645115,1427.916741,1645.026771,1588.678856,1455.322718,1366.066737,1474.182906,1310.612994,1336.169744,11603.97747,FALSE,FALSE,NA,FALSE
TetR/AcrR family transcriptional regulator,LBJ_RS03070,1449.908205,4.37018E-05,-0.47855706,0.111103995,1822.956207,1628.984843,1736.719862,1563.708296,1371.692269,1081.680749,1160.779446,1232.74397,11599.26564,TRUE,FALSE,NA,FALSE
hypothetical protein,LBJ_RS17840,1447.07709,0.01675197,0.270515046,0.105103339,1370.170108,1306.687932,1214.157206,1356.790374,1449.512131,1468.05006,1676.585742,1734.663168,11576.61672,TRUE,FALSE,NA,FALSE
efflux RND transporter permease subunit,LBJ_RS03290,1446.958687,0.901355941,-0.019914528,0.13727986,1683.839319,1413.147998,1256.138984,1475.029187,1514.205751,1192.071981,1406.196465,1635.039812,11575.6695,FALSE,FALSE,NA,FALSE
Ig-like domain-containing protein,LBJ_RS11495,1446.037896,4.80595E-14,1.036350901,0.132510803,874.0740345,905.6397384,944.590001,1065.134636,2173.330608,2140.363325,1871.197133,1593.973695,11568.30317,TRUE,FALSE,NA,FALSE
DUF393 domain-containing protein,LBJ_RS10975,1444.926132,0.42991427,0.097151608,0.107763301,1462.039751,1424.814854,1422.961312,1276.979175,1535.770291,1550.843484,1288.224073,1597.776114,11559.40905,FALSE,FALSE,NA,FALSE
hypothetical protein,LBJ_RS03430,1444.005287,0.047678007,0.419374542,0.195145197,1213.991715,1359.188786,1177.699346,1191.256036,2448.981686,1501.014108,1370.890859,1289.019758,11552.04229,TRUE,FALSE,NA,FALSE
hypothetical protein,LBJ_RS07665,1443.196306,0.557249704,0.079812216,0.117176896,1357.045873,1418.981426,1270.501171,1566.664266,1265.744746,1554.676513,1581.863384,1530.09307,11545.57045,FALSE,FALSE,NA,FALSE
hypothetical protein,LBJ_RS02635,1442.986772,0.178796194,-0.143283004,0.096435413,1527.660925,1474.398994,1436.218715,1618.886408,1463.575961,1286.364491,1293.390747,1443.397936,11543.89418,FALSE,FALSE,NA,FALSE
hypothetical protein,LBJ_RS11905,1440.760874,0.002141103,0.483441689,0.147786486,1165.432046,1137.518512,1216.366773,1286.83241,1264.807157,1619.838004,1849.669324,1985.622766,11526.08699,TRUE,FALSE,NA,FALSE
hypothetical protein,LBJ_RS08360,1440.291815,3.96438E-18,1.354549976,0.15078866,850.4504119,632.9269669,746.8337318,1006.01523,1858.300804,2052.203661,2288.836622,2086.76709,11522.33452,TRUE,FALSE,NA,FALSE
class I SAM-dependent methyltransferase,LBJ_RS11125,1438.884337,0.034747527,0.531680505,0.2328843,1144.43327,1092.309443,887.1412524,1582.429441,1246.055383,1280.231645,1880.669369,2397.804896,11511.0747,TRUE,FALSE,NA,FALSE
inositol monophosphatase,LBJ_RS06340,1438.15251,0.004165035,0.435423995,0.142222528,1105.060566,1208.978008,1227.41461,1348.907786,1320.12489,1816.089082,1940.947233,1537.697906,11505.22008,TRUE,FALSE,NA,FALSE
DUF192 domain-containing protein,LBJ_RS04955,1433.571704,2.32545E-07,-0.578446022,0.106758181,1551.284548,1755.861908,1816.264283,1745.007808,1061.350409,1221.969606,1252.918467,1063.916603,11468.57363,TRUE,FALSE,NA,FALSE
tRNA-Thr,LBJ_RS14455,1429.923498,0.015816028,0.524114264,0.20201378,1063.063015,1264.395577,1123.564949,1241.507532,1031.34757,2108.165882,2027.058468,1580.28499,11439.38798,TRUE,FALSE,NA,FALSE
transcriptional regulator,LBJ_RS05345,1429.893421,0.291866072,0.13475942,0.114053377,1584.095135,1208.978008,1288.177709,1371.570226,1426.072413,1499.480897,1443.224296,1617.548688,11439.14737,FALSE,FALSE,NA,FALSE
dTDP-glucose 4%2C6-dehydratase,LBJ_RS06535,1429.502659,0.015478309,0.357333827,0.13729478,1266.488654,1079.184229,1194.271101,1472.073216,1326.688011,1636.703331,1695.530214,1765.082513,11436.02127,TRUE,FALSE,NA,FALSE
heavy metal translocating P-type ATPase,LBJ_RS08135,1426.427206,1.3961E-18,1.487172456,0.163390514,750.7062278,670.8442506,730.2619774,847.3781566,1594.838379,1894.282871,2340.503363,2582.602419,11411.41764,TRUE,FALSE,NA,FALSE
hypothetical protein,LBJ_RS08385,1423.928274,0.06370318,0.263626625,0.130619415,1389.85646,1085.017658,1192.061533,1507.54486,1543.271001,1449.651521,1727.391371,1496.63179,11391.42619,FALSE,FALSE,NA,FALSE
HEPN domain-containing protein,LBJ_RS14005,1421.936237,0.003953489,0.446752179,0.145077815,1265.17623,1262.93722,942.3804338,1343.981169,1636.092282,1394.455906,1649.030147,1881.436509,11375.4899,TRUE,FALSE,NA,FALSE
magnesium/cobalt transporter CorA,LBJ_RS19175,1421.789982,0.018727862,-0.373505994,0.147629242,1582.782711,1646.485128,1835.045604,1354.819727,1511.392985,1269.499164,1054.862627,1119.431908,11374.31985,TRUE,FALSE,NA,FALSE
NAD(P)-binding protein,LBJ_RS00375,1421.120094,0.829036327,-0.022086229,0.08612745,1455.477634,1432.106639,1413.018259,1427.733661,1464.51355,1464.217031,1295.112972,1416.781009,11368.96076,FALSE,FALSE,NA,FALSE
hypothetical protein,LBJ_RS03690,1420.886563,9.48685E-12,0.75041143,0.105881859,1141.808423,962.515664,979.9430771,1151.843099,1793.607184,1665.83435,1899.613841,1771.926866,11367.0925,TRUE,FALSE,NA,FALSE
hypothetical protein,LBJ_RS05470,1420.824375,0.00039491,-0.46859564,0.124823552,1623.467839,1599.817702,1532.334891,1842.554829,1016.346151,1115.411403,1289.085186,1347.576998,11366.595,TRUE,FALSE,NA,FALSE
ABC transporter permease subunit,LBJ_RS15980,1420.75081,1.05972E-05,0.721775671,0.155729342,1051.251204,902.7230242,1032.972691,1301.612261,1385.756099,1769.32613,1937.502784,1984.862283,11366.00648,TRUE,FALSE,NA,FALSE
glycosyltransferase family 4 protein,LBJ_RS16140,1420.637115,0.846851191,0.025070541,0.109026953,1343.921639,1379.605785,1440.63785,1469.117246,1210.427012,1511.746589,1474.22434,1535.416456,11365.09692,FALSE,FALSE,NA,FALSE
DUF1343 domain-containing protein,LBJ_RS04560,1419.762255,3.19733E-05,0.48054841,0.109644813,1102.435719,1190.019366,1276.025089,1173.520215,1414.821349,1716.430331,1753.224741,1731.621233,11358.09804,TRUE,FALSE,NA,FALSE
SpoIIE family protein phosphatase,LBJ_RS07515,1417.965188,0.012598541,-0.305846655,0.11417357,1479.101257,1437.940068,1862.665195,1489.809038,1244.180205,1282.531462,1333.001915,1214.492362,11343.7215,TRUE,FALSE,NA,FALSE
transporter MotA/TolQ/ExbB proton channel family protein,LBJ_RS13975,1415.688462,6.7015E-12,0.964354215,0.135096966,933.1330909,955.2238786,900.398656,1048.384138,1539.520646,1920.347467,2253.531016,1774.9688,11325.50769,TRUE,FALSE,NA,FALSE
NAD(P)/FAD-dependent oxidoreductase,LBJ_RS15840,1413.593866,6.60304E-41,-1.48531143,0.108117975,2136.625418,2067.95032,1871.503464,2256.390673,705.0667027,681.5125344,809.4456075,780.2562077,11308.75093,TRUE,FALSE,NA,FALSE
EAL domain-containing protein,LBJ_RS17225,1412.654553,0.542920606,0.091888908,0.130196913,1325.54771,1238.14515,1492.56268,1413.939133,1208.551835,1419.753896,1493.168812,1709.567208,11301.23642,FALSE,FALSE,NA,FALSE
shikimate dehydrogenase,LBJ_RS12840,1411.677406,0.036333395,0.27002385,0.119279688,1307.173781,1343.146858,1124.669732,1345.951816,1319.187301,1514.813012,1698.113551,1640.363197,11293.41925,TRUE,FALSE,NA,FALSE
tRNA preQ1(34) S-adenosylmethionine ribosyltransferase-isomerase QueA,LBJ_RS17435,1410.585666,0.187615831,0.156564585,0.107283549,1295.36197,1353.355358,1292.596844,1395.217988,1365.129148,1666.600956,1568.085586,1348.337482,11284.68533,FALSE,FALSE,NA,FALSE
hypothetical protein,LBJ_RS10785,1409.521474,1.2329E-17,-1.155806024,0.130631693,2084.128479,2054.825107,2027.277955,1617.901085,946.0269987,921.4601421,730.2232714,894.3287527,11276.17179,TRUE,FALSE,NA,FALSE
hypothetical protein,LBJ_RS03420,1406.961899,1.08619E-05,1.023398379,0.221075625,725.7701818,1121.476584,743.5193809,1120.312749,2545.553322,1916.514439,1811.780381,1270.768151,11255.69519,TRUE,FALSE,NA,FALSE
chromosomal replication initiator protein DnaA,LBJ_RS00020,1405.68294,1.67638E-07,0.911890617,0.166449733,984.3176064,805.0131008,950.1139192,1161.696333,1450.44972,1755.527226,1820.391505,2317.954114,11245.46352,TRUE,FALSE,NA,FALSE
hypothetical protein,LBJ_RS04885,1405.357767,2.24648E-18,-1.721706068,0.190281332,2305.928046,1512.316278,1867.08433,2941.190462,623.4964858,614.0512261,638.0842502,740.7110588,11242.86214,TRUE,TRUE,TRUE,TRUE
glycosyltransferase,LBJ_RS00915,1404.283552,0.156201815,-0.173485918,0.110887984,1464.664598,1548.775205,1568.79275,1372.555549,1485.140501,1366.091492,1165.085007,1263.163315,11234.26842,FALSE,FALSE,NA,FALSE
alpha/beta hydrolase,LBJ_RS08240,1401.837263,1.29881E-05,-0.744503053,0.162289841,1463.352175,1748.570123,2254.863383,1555.825708,1101.666723,1223.502818,930.0013363,936.9158362,11214.6981,TRUE,FALSE,NA,FALSE
prepilin-type N-terminal cleavage/methylation domain-containing protein,LBJ_RS07810,1401.710312,0.088638376,-0.174462866,0.093666546,1448.915517,1595.442631,1447.266551,1454.337394,1424.197236,1335.427261,1282.196287,1225.899617,11213.68249,FALSE,FALSE,NA,FALSE
ABC transporter permease,LBJ_RS16095,1400.378515,0.000152811,0.470850734,0.117681319,1234.99049,1079.184229,1102.57406,1277.964499,1616.40292,1640.536359,1414.807588,1836.567974,11203.02812,TRUE,FALSE,NA,FALSE
tRNA epoxyqueuosine(34) reductase QueG,LBJ_RS08005,1396.441398,0.40536892,-0.102302983,0.10816709,1343.921639,1284.812576,1637.289335,1515.427447,1318.249713,1329.294415,1329.557466,1412.978591,11171.53118,FALSE,FALSE,NA,FALSE
NADPH-dependent 7-cyano-7-deazaguanine reductase QueF,LBJ_RS10535,1395.934209,5.28172E-27,1.305417665,0.117758928,872.761611,767.095817,680.5467142,895.659005,2019.566061,2036.871545,2067.530749,1827.442171,11167.47367,TRUE,FALSE,NA,FALSE
type II toxin-antitoxin system HicB family antitoxin,LBJ_RS15935,1395.002068,1.18893E-26,-1.779305758,0.161647675,2403.047383,2124.826246,2184.15723,1929.263291,843.8298304,554.2559756,524.4174202,596.2191685,11160.01655,TRUE,TRUE,TRUE,TRUE
DUF3365 domain-containing protein,LBJ_RS11960,1392.026462,0.038082545,-0.612374211,0.272932879,1738.961105,1741.278338,1812.949932,1438.572219,1934.245489,1035.684403,744.001069,690.519139,11136.21169,TRUE,FALSE,NA,FALSE
tryptophan synthase subunit alpha,LBJ_RS05080,1391.754499,1.24035E-08,0.697469678,0.117210798,1094.561178,1083.559301,894.8747378,1173.520215,1853.612861,1715.663725,1759.252528,1558.991448,11134.03599,TRUE,FALSE,NA,FALSE
class I SAM-dependent methyltransferase,LBJ_RS06235,1390.467643,0.010112079,0.481030616,0.174299111,1156.245082,837.0969562,1525.706189,1122.283396,1710.16179,1647.435811,1379.501982,1745.309938,11123.74114,TRUE,FALSE,NA,FALSE
ATP-binding cassette domain-containing protein,LBJ_RS06780,1390.354249,1.25932E-10,0.654837531,0.097759781,1002.691535,1033.97516,1157.813241,1124.254043,1589.212847,1828.354774,1705.863562,1680.66883,11122.83399,TRUE,FALSE,NA,FALSE
M23 family metallopeptidase,LBJ_RS16330,1389.142685,1.58165E-17,-1.384001516,0.156940167,2406.984653,1701.902697,1766.549019,2158.843652,801.6383389,627.0835243,747.4455184,902.6940727,11113.14148,TRUE,FALSE,NA,FALSE
tRNA-Arg,LBJ_RS13705,1388.924574,0.004042851,-0.632886472,0.206055415,1863.641335,1992.115753,1256.138984,1644.504818,735.0695411,1237.301722,1386.390881,996.2335596,11111.39659,TRUE,FALSE,NA,FALSE
NUDIX hydrolase,LBJ_RS11590,1388.891387,0.611982234,-0.054742146,0.092442054,1383.294343,1566.27549,1379.87475,1334.127935,1306.998648,1397.522329,1392.418667,1350.618933,11111.13109,FALSE,FALSE,NA,FALSE
flagellar assembly protein FliW,LBJ_RS16310,1388.421896,0.001205957,-0.466614779,0.135551297,1612.968451,1401.481141,1516.86792,1911.527469,1111.980199,1056.382759,1128.057176,1368.110056,11107.37517,TRUE,FALSE,NA,FALSE
3-phosphoserine/phosphohydroxythreonine transaminase,LBJ_RS15160,1383.711888,1.83384E-14,1.149376669,0.144632534,917.3840091,780.2210306,710.3758721,1030.648316,1619.215686,1944.112247,2029.641805,2038.096137,11069.6951,TRUE,FALSE,NA,FALSE
hypothetical protein,LBJ_RS16250,1380.23551,3.49111E-07,-0.714592611,0.133880566,1889.889804,1663.985413,1545.592294,1762.74363,852.2681287,1025.718528,1071.223761,1230.462519,11041.88408,TRUE,FALSE,NA,FALSE
dethiobiotin synthase,LBJ_RS10275,1379.762366,0.002633279,-0.320485991,0.099926347,1618.218145,1461.273781,1405.284773,1643.519494,1260.119213,1158.341327,1308.029657,1183.312533,11038.09892,TRUE,FALSE,NA,FALSE
tetraacyldisaccharide 4'-kinase,LBJ_RS14740,1378.70806,0.827260079,-0.031991846,0.123395953,1303.236511,1391.272642,1466.047873,1415.90978,1095.103602,1507.146955,1424.279824,1426.667296,11029.66448,FALSE,FALSE,NA,FALSE
HAMP domain-containing histidine kinase,LBJ_RS01390,1378.677967,2.53945E-16,-1.295246223,0.152608205,1933.199779,2280.870452,2147.699371,1475.029187,906.6482733,793.4369776,778.445563,714.0941316,11029.42373,TRUE,FALSE,NA,FALSE
hypothetical protein,LBJ_RS14195,1375.712391,0.067512192,-0.447913418,0.224832919,1240.240184,1315.438074,2302.369079,1491.779685,1031.34757,1628.270667,982.5291895,1013.724683,11005.69913,FALSE,FALSE,NA,FALSE
5-(carboxyamino)imidazole ribonucleotide mutase,LBJ_RS05325,1374.65534,0.181753205,0.182604662,0.123638059,1332.109827,1249.812006,1209.738072,1358.761021,1484.202913,1619.071398,1559.474463,1184.073017,10997.24272,FALSE,FALSE,NA,FALSE
class I SAM-dependent methyltransferase,LBJ_RS03335,1363.067936,0.002699275,0.288125383,0.090050391,1128.684189,1204.602937,1251.719849,1322.304054,1534.832703,1519.412647,1457.002093,1485.985019,10904.54349,TRUE,FALSE,NA,FALSE
histidine phosphatase family protein,LBJ_RS13595,1360.073229,0.175495981,-0.165264753,0.110465883,1346.546486,1631.901558,1371.036481,1403.100576,1419.509292,1256.466866,1166.807232,1285.21734,10880.58583,FALSE,FALSE,NA,FALSE
hypothetical protein,LBJ_RS13340,1357.207032,0.213702329,-0.231813726,0.167817756,1249.427148,1628.984843,1732.300727,1253.331413,1387.631277,1395.222511,1269.279602,941.478738,10857.65626,FALSE,FALSE,NA,FALSE
alkaline phosphatase family protein,LBJ_RS16050,1356.313727,0.074014399,-0.311558278,0.159798932,1519.786384,1630.4432,1459.419171,1399.159282,1550.77171,1306.296241,993.7236501,990.9101742,10850.50981,FALSE,FALSE,NA,FALSE
NADH-quinone oxidoreductase subunit NuoK,LBJ_RS02830,1356.059979,3.35134E-06,0.58742158,0.120334748,1087.999061,1160.852225,922.4943285,1164.652304,1477.639792,1528.611916,1708.446899,1797.783309,10848.47983,TRUE,FALSE,NA,FALSE
,Riboswitch4,1356.03901,1.25233E-25,-1.216233515,0.112799638,1887.264957,2059.200178,2029.487523,1609.033174,805.3886937,784.2377083,877.473483,796.226364,10848.31208,TRUE,FALSE,NA,FALSE
hypothetical protein,LBJ_RS09475,1354.291885,2.36657E-20,1.117571317,0.116946336,799.2658964,838.5553133,825.2733693,953.7930879,1587.33767,1983.209141,1851.391549,1995.509054,10834.33508,TRUE,FALSE,NA,FALSE
transcriptional regulator,LBJ_RS08725,1352.603393,0.015194535,0.327809399,0.125605605,996.1294177,1297.937789,1365.512563,1139.033894,1427.947591,1651.26884,1502.641048,1440.356001,10820.82714,TRUE,FALSE,NA,FALSE
hydrolase,LBJ_RS04100,1352.075579,1.17443E-14,0.846984068,0.105807124,977.755489,974.1825205,907.0273577,1006.01523,1679.221362,1957.144545,1753.224741,1562.033383,10816.60463,TRUE,FALSE,NA,FALSE
c-type cytochrome,LBJ_RS13105,1350.554997,1.09254E-45,-1.836646103,0.126400805,1875.453146,2420.872731,2313.416915,1831.716271,631.9347841,581.0871778,560.5841388,589.3748158,10804.43998,TRUE,TRUE,TRUE,TRUE
DNA replication/repair protein RecF,LBJ_RS00030,1348.316714,0.281818104,-0.117610622,0.097594992,1447.603093,1386.89757,1336.788189,1442.513513,1176.673819,1265.666135,1303.724095,1426.667296,10786.53371,FALSE,FALSE,NA,FALSE
hypothetical protein,LBJ_RS12360,1346.33766,1.57389E-06,-0.491316705,0.097505158,1662.840543,1640.6517,1492.56268,1498.676949,1119.480908,1168.307202,1173.696131,1014.485167,10770.70128,TRUE,FALSE,NA,FALSE
hypothetical protein,LBJ_RS04800,1343.65785,0.028580632,0.284157795,0.120250302,1133.933883,1258.562148,1255.0342,1200.123947,1219.802899,1553.143301,1666.252394,1462.410027,10749.2628,TRUE,FALSE,NA,FALSE
O-methyltransferase,LBJ_RS13140,1342.630478,0.178796194,-0.153462849,0.10329656,1313.735899,1475.857351,1460.523955,1406.056546,1159.797222,1314.728905,1408.779802,1201.564141,10741.04382,FALSE,FALSE,NA,FALSE
arsenate reductase family protein,LBJ_RS18090,1341.000179,3.1899E-06,-0.556110053,0.113673209,1370.170108,1659.610342,1833.940821,1521.339388,1049.161756,1104.678922,1109.973817,1079.126276,10728.00143,TRUE,FALSE,NA,FALSE
hypothetical protein,LBJ_RS02520,1338.422531,0.000724683,-0.309730714,0.086357002,1488.288221,1411.68964,1513.553569,1511.486154,1191.675238,1118.477826,1215.890636,1256.318962,10707.38025,TRUE,FALSE,NA,FALSE
hypothetical protein,LBJ_RS13315,1336.770983,0.582256552,-0.159114307,0.248258801,1531.598196,1191.477723,1696.947651,1220.81574,2028.004359,1225.036029,828.3900792,971.8980833,10694.16786,FALSE,FALSE,NA,FALSE
tetratricopeptide repeat protein,LBJ_RS00285,1336.438132,0.588759845,-0.096013388,0.152153641,1463.352175,1340.230144,1264.977253,1455.322718,1106.354666,1050.249912,1407.91869,1603.099499,10691.50506,FALSE,FALSE,NA,FALSE
hypothetical protein,LBJ_RS20325,1335.35126,0.000570544,-0.61493405,0.168328452,1372.794955,1439.398425,2244.92033,1405.071222,1051.036933,1031.851374,1002.334774,1135.402064,10682.81008,TRUE,FALSE,NA,FALSE
carboxylate--amine ligase,LBJ_RS03940,1334.18837,5.26001E-34,-1.726832695,0.138233947,1796.707738,2082.533891,2421.68571,1896.747618,583.1801717,585.6868124,570.0563746,736.9086406,10673.50696,TRUE,TRUE,TRUE,TRUE
,LBJ_RS06350,1333.858088,0.006228769,-0.29993496,0.102492429,1505.349726,1582.317417,1474.886142,1327.230671,1225.428431,1089.346807,1184.890591,1281.414922,10670.86471,TRUE,FALSE,NA,FALSE
methyltransferase domain-containing protein,LBJ_RS00385,1333.585949,0.024073697,0.373829511,0.153747287,1207.429597,980.0159488,1103.678843,1354.819727,1234.804318,1382.190213,1590.474507,1815.274433,10668.68759,TRUE,FALSE,NA,FALSE
glycerol-3-phosphate acyltransferase,LBJ_RS05750,1331.967648,0.015413001,0.362781281,0.139292726,1120.809648,1130.226727,1173.280212,1235.595591,1895.804352,1474.949512,1320.08523,1304.989915,10655.74119,TRUE,FALSE,NA,FALSE
strictosidine synthase,LBJ_RS15595,1331.117661,0.002531192,0.558270623,0.173418392,1047.313933,1036.891874,1055.068364,1167.608274,1248.868149,1320.095145,1610.280092,2162.815453,10648.94128,TRUE,FALSE,NA,FALSE
SpoIIE family protein phosphatase,LBJ_RS01700,1327.692929,0.186906313,0.142760934,0.097665697,1304.548934,1192.936081,1357.779078,1192.24136,1498.266743,1326.994597,1324.390792,1424.385845,10621.54343,FALSE,FALSE,NA,FALSE
3'(2')%2C5'-bisphosphate nucleotidase CysQ,LBJ_RS07240,1327.599795,0.001643279,0.592506128,0.17675171,1095.873602,965.4323781,850.6833927,1322.304054,1282.621342,1415.920867,1734.28027,1953.682454,10620.79836,TRUE,FALSE,NA,FALSE
hypothetical protein,LBJ_RS00110,1327.247392,0.022733193,0.465443526,0.189696695,1046.00151,1219.186508,900.398656,1294.714997,1080.102183,1771.625947,1901.336065,1404.613271,10617.97914,TRUE,FALSE,NA,FALSE
type II secretion system-associated lipoprotein,LBJ_RS07850,1325.012202,4.05434E-05,0.640685896,0.148105949,918.6964326,914.3898808,1164.441943,1142.975188,1266.682334,1662.001321,1776.474775,1754.435742,10600.09762,TRUE,FALSE,NA,FALSE
hypothetical protein,LBJ_RS18375,1324.295241,2.60472E-27,-1.39699527,0.125275749,1914.82585,2172.952029,1994.134447,1597.209293,813.826992,724.4424578,694.0565528,682.9143027,10594.36192,TRUE,FALSE,NA,FALSE
DUF2797 domain-containing protein,LBJ_RS10690,1323.260427,9.46261E-12,1.109079493,0.156475485,824.2019424,805.0131008,726.9476265,996.1619957,1400.757518,1742.494928,2081.308546,2009.197759,10586.08342,TRUE,FALSE,NA,FALSE
DUF445 family protein,LBJ_RS09470,1321.965047,0.000708206,0.494921021,0.137735543,1031.564851,1073.350801,984.3622116,1299.641615,1258.244036,1619.838004,1638.696799,1670.022059,10575.72038,TRUE,FALSE,NA,FALSE
phosphoribosylanthranilate isomerase,LBJ_RS10245,1321.847336,0.001068485,-0.400220998,0.115087706,1513.224267,1451.065281,1334.578621,1715.448105,1258.244036,1067.881845,1152.168322,1082.16821,10574.77869,TRUE,FALSE,NA,FALSE
type I-E CRISPR-associated protein Cas5/CasD,LBJ_RS13515,1320.422561,1.21475E-09,0.949058514,0.149717195,889.8231162,969.8074493,808.7016149,936.057266,2214.58451,1682.699677,1646.44681,1415.260042,10563.38049,TRUE,FALSE,NA,FALSE
glycosyltransferase family 4 protein,LBJ_RS06410,1319.919834,2.30149E-06,0.637261979,0.128467196,1046.00151,812.3048861,1137.927136,1133.121954,1552.646888,1676.566831,1515.557733,1685.231731,10559.35867,TRUE,FALSE,NA,FALSE
heme-binding domain-containing protein,LBJ_RS10580,1318.782233,1.83185E-11,0.893433853,0.127808395,913.4467387,917.3065949,987.6765625,872.996566,2039.255423,1737.895293,1648.169035,1433.511649,10550.25786,TRUE,FALSE,NA,FALSE
arginyltransferase,LBJ_RS08450,1315.790714,0.118368726,0.173934105,0.101411965,1179.868704,1159.393868,1264.977253,1340.039876,1335.126309,1510.213378,1442.363184,1294.343144,10526.32571,FALSE,FALSE,NA,FALSE
chemotaxis protein CheX,LBJ_RS11115,1315.63454,0.005524347,0.461246217,0.155423809,1064.375438,1103.976299,1063.906633,1196.182654,1290.122052,1287.897703,1521.58552,1997.030021,10525.07632,TRUE,FALSE,NA,FALSE
,LBJ_RS05425,1314.96646,2.40501E-12,1.06248245,0.14583757,833.3889067,867.7224546,719.2141411,985.3234379,1502.954687,1822.221928,2129.530838,1659.375288,10519.73168,TRUE,FALSE,NA,FALSE
DUF2203 domain-containing protein,LBJ_RS04080,1314.322732,4.72781E-11,0.83131989,0.12141496,996.1294177,915.8482378,810.9111822,1059.222696,1798.295127,1718.730149,1738.585831,1476.859216,10514.58186,TRUE,FALSE,NA,FALSE
enoyl-CoA hydratase/isomerase family protein,LBJ_RS13845,1313.801741,0.017239487,-0.235692129,0.091981746,1353.108603,1354.813715,1516.86792,1457.293365,1142.920626,1198.204827,1285.640736,1201.564141,10510.41393,TRUE,FALSE,NA,FALSE
glycosyltransferase,LBJ_RS06390,1311.138307,0.000325717,0.481077122,0.126413067,1039.439392,934.8068797,1241.776797,1159.725686,1550.77171,1425.886742,1409.640914,1727.058331,10489.10645,TRUE,FALSE,NA,FALSE
di-heme enzyme,LBJ_RS11360,1309.59082,3.45708E-07,-0.648807916,0.121510859,1492.225491,1700.44434,1656.070657,1548.928444,898.209975,911.494267,1113.418266,1155.935123,10476.72656,TRUE,FALSE,NA,FALSE
hypothetical protein,LBJ_RS03615,1307.694455,0.003601161,-0.496952162,0.159849937,1582.782711,1545.858491,1427.380446,1567.64959,881.3333784,896.9287573,1150.446097,1409.176172,10461.55564,TRUE,FALSE,NA,FALSE
VTT domain-containing protein,LBJ_RS12250,1306.485229,0.402250742,0.122135005,0.128339166,1194.305362,1302.31286,1188.747183,1318.36276,1623.903629,1301.696607,1386.390881,1136.162548,10451.88183,FALSE,FALSE,NA,FALSE
ammonium transporter,LBJ_RS02060,1304.981949,0.004103427,0.806512897,0.263006705,1144.43327,898.347953,808.7016149,946.8958238,1003.219909,1294.797155,1551.724452,2791.735418,10439.8556,TRUE,FALSE,NA,FALSE
mechanosensitive ion channel family protein,LBJ_RS03965,1303.542219,0.333722483,0.139139122,0.127775834,1434.478858,1095.226157,1061.697065,1370.584902,1445.761776,1388.323059,1329.557466,1302.708464,10428.33775,FALSE,FALSE,NA,FALSE
,LBJ_RS14495,1303.313456,0.000278021,-0.526243663,0.136745946,1729.77414,1401.481141,1403.075206,1618.886408,1152.296513,899.9951804,985.9736389,1235.02542,10426.50765,TRUE,FALSE,NA,FALSE
GMC family oxidoreductase,LBJ_RS01475,1296.330552,1.39579E-10,-0.563024295,0.084251861,1494.850338,1547.316848,1600.831475,1542.03118,996.6567885,1072.48148,1022.140358,1094.335948,10370.64442,TRUE,FALSE,NA,FALSE
hypothetical protein,LBJ_RS14995,1294.589333,5.60257E-44,-1.725320827,0.121073522,1998.820953,1923.572971,2120.07978,1907.586176,728.5064202,541.9902832,572.6397117,563.5183723,10356.71467,TRUE,TRUE,TRUE,TRUE
transferase,LBJ_RS06305,1286.648455,0.001223615,0.454942823,0.132331584,1111.622683,886.6810965,1232.938528,1108.488868,1564.835541,1384.49003,1342.474151,1661.656739,10293.18764,TRUE,FALSE,NA,FALSE
hypothetical protein,LBJ_RS07750,1278.576894,0.000100735,0.388392468,0.094571277,1048.626357,1052.933802,1120.250598,1206.035888,1437.323478,1537.04458,1376.918645,1449.481805,10228.61515,TRUE,FALSE,NA,FALSE
IS110 family transposase,LBJ_RS19160,1277.414107,6.51737E-06,-1.215728606,0.25646687,1729.77414,1650.860199,2482.44881,1279.935146,1148.546158,821.0347855,502.8896115,603.8240048,10219.31286,TRUE,FALSE,NA,FALSE
hypothetical protein,LBJ_RS08835,1277.395343,0.094836485,0.369852668,0.202139547,1044.689086,1318.354788,1220.785908,874.9672128,1929.557545,1576.141474,1209.001737,1045.664996,10219.16275,FALSE,FALSE,NA,FALSE
ABC transporter substrate-binding protein,LBJ_RS14750,1277.109944,1.18906E-07,0.582265789,0.105054863,997.4418411,1057.308873,971.1048081,1066.11996,1332.313543,1553.143301,1657.641271,1581.805957,10216.87955,TRUE,FALSE,NA,FALSE
,LBJ_RS00095,1275.929527,0.673393958,-0.099326976,0.201003186,1236.302914,1325.646574,1315.7973,1402.115252,848.5177739,1060.215787,1221.05731,1797.783309,10207.43622,FALSE,FALSE,NA,FALSE
HPr family phosphocarrier protein,LBJ_RS07950,1274.611278,0.000101584,-0.82504555,0.201004824,1420.0422,1824.40469,1784.225558,1488.823715,1170.110698,1114.644798,780.1677876,614.4707757,10196.89022,TRUE,FALSE,NA,FALSE
ABC transporter ATP-binding protein,LBJ_RS03875,1274.534353,2.31746E-05,0.421469601,0.094550891,1099.810872,1111.268085,1032.972691,1115.386132,1332.313543,1468.816666,1580.141159,1455.565674,10196.27482,TRUE,FALSE,NA,FALSE
DUF3365 domain-containing protein,LBJ_RS03035,1272.334509,3.85189E-11,-0.659035242,0.095814432,1578.845441,1652.318556,1557.744914,1443.498836,1071.663885,926.0597767,984.2514142,964.293247,10178.67607,TRUE,FALSE,NA,FALSE
hypothetical protein,LBJ_RS08580,1271.987924,0.134627885,0.163766553,0.09949043,1129.996612,1261.478863,1133.508001,1275.008529,1229.178786,1331.594232,1384.668656,1430.469714,10175.90339,FALSE,FALSE,NA,FALSE
PAS domain S-box protein,LBJ_RS08970,1271.844878,0.00649331,0.287978044,0.09889516,1069.625132,1190.019366,1220.785908,1101.591604,1306.06106,1515.579618,1424.279824,1346.816515,10174.75903,TRUE,FALSE,NA,FALSE
hypothetical protein,LBJ_RS05575,1271.746078,2.56245E-07,0.562898545,0.104264771,1098.498449,936.2652368,1047.334878,1023.751052,1655.781645,1557.742936,1370.890859,1483.703569,10173.96862,TRUE,FALSE,NA,FALSE
hypothetical protein,LBJ_RS04290,1268.843248,3.77925E-11,0.913729416,0.132781038,943.6324787,835.6385992,717.0045739,1022.765729,1535.770291,1728.696024,1794.558134,1572.680154,10150.74598,TRUE,FALSE,NA,FALSE
rRNA pseudouridine synthase,LBJ_RS07325,1267.756571,3.1244E-06,0.495936615,0.101273949,1060.438168,1079.184229,962.2665391,1106.518221,1354.815672,1490.281627,1622.335664,1466.212445,10142.05257,TRUE,FALSE,NA,FALSE
response regulator transcription factor,LBJ_RS04285,1265.912698,0.000286755,-0.474297232,0.123511952,1590.657252,1573.567275,1436.218715,1288.803057,1182.299351,1059.449182,1093.612682,902.6940727,10127.30159,TRUE,FALSE,NA,FALSE
hypothetical protein,LBJ_RS08435,1265.811754,0.114952013,0.226310816,0.130775572,1001.379112,1330.021645,1187.642399,1148.887129,1182.299351,1455.784368,1534.502205,1285.977824,10126.49403,FALSE,FALSE,NA,FALSE
STAS domain-containing protein,LBJ_RS08290,1262.854382,0.015039594,0.298152446,0.114081719,1035.502122,1155.018797,1174.384995,1166.62295,1170.110698,1491.814839,1449.252082,1460.128576,10102.83506,TRUE,FALSE,NA,FALSE
RNA polymerase sigma factor,LBJ_RS00265,1261.746635,0.324807549,-0.125820715,0.113683529,1147.058117,1308.146289,1340.102539,1470.102569,1115.730554,1177.506471,1333.001915,1202.324624,10093.97308,FALSE,FALSE,NA,FALSE
DUF1563 domain-containing protein,LBJ_RS11895,1260.987776,1.58472E-06,-0.468821214,0.093068401,1443.665823,1418.981426,1574.316668,1418.865751,1080.102183,1132.27673,1020.418133,999.2754941,10087.90221,TRUE,FALSE,NA,FALSE
hypothetical protein,LBJ_RS16570,1260.885504,0.375114202,-0.09830752,0.09782496,1250.739572,1181.269224,1368.826914,1411.968486,1188.862472,1175.206654,1241.724006,1268.4867,10087.08403,FALSE,FALSE,NA,FALSE
dCTP deaminase,LBJ_RS00345,1260.694477,0.254167523,0.156346667,0.123057099,1321.61044,1080.642586,1104.783627,1262.199324,1312.624181,1153.741692,1344.196376,1505.757594,10085.55582,FALSE,FALSE,NA,FALSE
tRNA-Lys,LBJ_RS14805,1260.258852,0.198882365,-0.332228223,0.233178307,1469.914292,1494.815993,1268.291604,1386.350077,734.1319524,775.038439,1631.8079,1321.720555,10082.07081,FALSE,FALSE,NA,FALSE
efflux RND transporter permease subunit,LBJ_RS11515,1257.227353,0.218899074,0.120060479,0.087893649,1229.740796,1204.602937,1270.501171,1115.386132,1352.002906,1280.998251,1326.974129,1277.612504,10057.81883,FALSE,FALSE,NA,FALSE
DUF4105 domain-containing protein,LBJ_RS11410,1255.987587,0.000460485,0.551547623,0.148611303,1021.065464,883.7643824,1091.526223,1077.943841,1163.547577,1428.953165,1600.807856,1780.292186,10047.90069,TRUE,FALSE,NA,FALSE
hypothetical protein,LBJ_RS17035,1253.716952,4.28085E-26,-1.483694424,0.136302271,2120.876336,1846.280046,1945.523967,1476.01451,638.497905,593.3528702,722.4732603,686.7167209,10029.73562,TRUE,FALSE,NA,FALSE
IS110 family transposase,LBJ_RS19535,1251.489097,6.52946E-38,-2.338346989,0.177100341,2063.129703,2046.074964,2588.508038,1661.255316,417.2269717,306.6423102,434.0006236,495.0748453,10011.91277,TRUE,TRUE,TRUE,TRUE
histidine kinase,LBJ_RS00510,1249.946539,5.26917E-05,-0.545519856,0.127989995,1476.47641,1449.606924,1671.537628,1336.098582,1156.984456,1062.515605,851.6401126,994.7125923,9999.572309,TRUE,FALSE,NA,FALSE
oxidoreductase,LBJ_RS05885,1249.858215,0.488499118,-0.124507413,0.155886459,1238.927761,1471.48228,1303.64468,1201.109271,1516.080929,1255.70026,1038.501492,973.4190506,9998.865723,FALSE,FALSE,NA,FALSE
GNAT family N-acetyltransferase,LBJ_RS11705,1249.717181,8.85955E-09,0.838962095,0.139641227,951.5070195,803.5547437,782.1868079,1046.413491,1397.944752,1565.408993,1871.197133,1579.524506,9997.737447,TRUE,FALSE,NA,FALSE
sensor domain-containing diguanylate cyclase,LBJ_RS16990,1249.365273,0.796483019,-0.032396128,0.105911298,1393.793731,1236.686792,1183.223264,1240.522208,1171.985876,1144.542423,1370.890859,1253.277028,9994.92218,FALSE,FALSE,NA,FALSE
type I restriction endonuclease subunit R,LBJ_RS01660,1247.560904,0.000195969,-0.524812729,0.133273183,1549.972124,1500.649422,1478.200493,1358.761021,1275.120633,919.1603248,908.4735276,990.1496905,9980.487235,TRUE,FALSE,NA,FALSE
SufE family protein,LBJ_RS13790,1244.556228,0.352847499,-0.131378978,0.12517576,1157.557505,1433.564996,1293.701627,1320.333407,1074.476651,1266.432741,1357.113061,1053.269832,9956.44982,FALSE,FALSE,NA,FALSE
amino acid permease,LBJ_RS04605,1244.002271,2.37945E-06,0.652399818,0.131705198,1110.31026,823.9717426,877.1981998,1057.252049,1370.75468,1615.238369,1651.613484,1445.679387,9952.018171,TRUE,FALSE,NA,FALSE
alcohol dehydrogenase catalytic domain-containing protein,LBJ_RS13000,1243.46733,0.057665251,-0.198701667,0.096259879,1261.23896,1357.730429,1335.683405,1361.716991,1036.973103,1232.702087,1207.279512,1154.414155,9947.738642,FALSE,FALSE,NA,FALSE
DsbA family protein,LBJ_RS12770,1243.358136,0.48295173,0.080337042,0.099280029,1288.799853,1220.644865,1163.337159,1163.66698,1173.861053,1220.436395,1389.83533,1326.283456,9946.865091,FALSE,FALSE,NA,FALSE
DUF2461 domain-containing protein,LBJ_RS01940,1242.190338,0.624755607,-0.06196147,0.108552671,1337.359521,1238.14515,1298.120762,1203.079918,1117.605731,1184.405923,1156.473884,1402.33182,9937.522708,FALSE,FALSE,NA,FALSE
helix-turn-helix transcriptional regulator,LBJ_RS03445,1241.350552,0.816614223,-0.034867333,0.126384007,1271.738347,1281.895862,1359.988645,1113.415485,1107.292255,1239.601539,1107.39048,1449.481805,9930.804418,FALSE,FALSE,NA,FALSE
hypothetical protein,LBJ_RS11160,1239.165879,0.677028838,-0.064404023,0.131814489,1095.873602,1286.270933,1471.571791,1213.918475,1036.973103,1313.962299,1174.557243,1320.199587,9913.327033,FALSE,FALSE,NA,FALSE
M23 family metallopeptidase,LBJ_RS19060,1237.734383,0.13092939,0.167027748,0.100569923,1089.311484,1169.602367,1164.441943,1239.536885,1361.378793,1305.529636,1400.168678,1171.905279,9901.875065,FALSE,FALSE,NA,FALSE
tRNA-Met,LBJ_RS05460,1237.209817,2.73025E-09,-1.188416496,0.19144223,1745.523222,1894.40583,1204.214153,2035.678223,559.7404542,753.5734773,913.6402016,790.9029786,9897.678539,TRUE,FALSE,NA,FALSE
DUF4303 domain-containing protein,LBJ_RS02450,1235.218685,0.003416701,0.443036225,0.14174173,1004.003959,966.8907352,1120.250598,1096.664986,1095.103602,1504.847137,1434.613172,1659.375288,9881.749477,TRUE,FALSE,NA,FALSE
glycosyltransferase,LBJ_RS01840,1234.096003,0.566066329,0.089776563,0.134544449,1280.925312,1225.019936,1092.631007,1185.344096,1130.731973,1080.147538,1369.168634,1508.799528,9872.768023,FALSE,FALSE,NA,FALSE
hypothetical protein,LBJ_RS01000,1233.831562,0.012793967,-0.594501762,0.22242539,1357.045873,1316.896431,2030.592306,1232.639621,1383.880922,1018.819076,708.6954627,822.0828076,9870.652499,TRUE,FALSE,NA,FALSE
cyclic nucleotide-binding domain-containing protein,LBJ_RS16770,1229.404879,0.93387949,-0.012909618,0.132218055,1375.419802,1226.478293,1238.462446,1099.620957,1471.076671,1169.073808,1056.584851,1198.522206,9835.239034,FALSE,FALSE,NA,FALSE
DUF2157 domain-containing protein,LBJ_RS10680,1225.450209,3.53832E-06,0.862613973,0.177129854,836.0137537,829.8051709,766.7198371,1045.428168,1106.354666,1884.316996,1772.169213,1562.793866,9803.601671,TRUE,FALSE,NA,FALSE
M23 family metallopeptidase,LBJ_RS02555,1223.70241,0.142585562,-0.220225076,0.136262706,1460.727328,1138.976869,1135.717568,1531.192622,1144.795803,1046.416883,1081.55711,1250.235093,9789.619277,FALSE,FALSE,NA,FALSE
acyltransferase family protein,LBJ_RS13630,1221.523503,0.140682736,0.173775975,0.107061725,1211.366868,1052.933802,1070.535335,1256.287383,1310.749003,1326.227992,1173.696131,1370.391507,9772.18802,FALSE,FALSE,NA,FALSE
DUF1232 domain-containing protein,LBJ_RS00905,1220.862237,0.964582477,-0.006296447,0.121103769,1161.494776,1222.103222,1154.49889,1354.819727,1312.624181,1356.892223,1163.362783,1041.102094,9766.897894,FALSE,FALSE,NA,FALSE
DUF218 domain-containing protein,LBJ_RS00940,1220.846341,9.26278E-09,0.649324156,0.108218756,938.3827848,912.9315237,1080.478387,871.0259191,1406.383051,1553.909907,1416.529813,1587.129343,9766.770728,TRUE,FALSE,NA,FALSE
HigA family addiction module antidote protein,LBJ_RS05400,1219.193971,1.12101E-05,-0.819067973,0.177219638,1480.41368,1687.319126,1831.731253,1225.742357,1064.163175,1011.153018,739.6955073,713.333648,9753.551764,TRUE,FALSE,NA,FALSE
MBOAT family protein,LBJ_RS07705,1218.928807,0.001514273,0.542871853,0.160770071,1001.379112,927.5150944,846.2642582,1193.226683,1101.666723,1502.54732,1692.085765,1486.745503,9751.430458,TRUE,FALSE,NA,FALSE
rRNA maturation RNase YbeY,LBJ_RS06625,1214.478583,2.1018E-05,-0.474906097,0.106013193,1379.357072,1465.648852,1252.824633,1551.884415,1030.409982,1010.386412,1081.55711,943.7601889,9715.828664,TRUE,FALSE,NA,FALSE
TetR/AcrR family transcriptional regulator,LBJ_RS09685,1214.39032,0.705683223,0.082048806,0.185475852,1098.498449,1074.809158,1181.013697,1364.672961,966.6539501,1008.086595,1320.946342,1700.441404,9715.122557,FALSE,FALSE,NA,FALSE
23S rRNA (guanosine(2251)-2'-O)-methyltransferase RlmB,LBJ_RS09085,1212.533831,0.091300321,0.268829756,0.145472055,1132.621459,1149.185369,920.2847612,1198.1533,1076.351828,1238.068327,1535.363317,1450.242289,9700.270651,FALSE,FALSE,NA,FALSE
DUF2179 domain-containing protein,LBJ_RS03350,1212.06208,0.636234539,0.068872618,0.124465858,1059.125744,1322.729859,1137.927136,1213.918475,1046.34899,1339.26029,1352.807499,1224.37865,9696.496643,FALSE,FALSE,NA,FALSE
hypothetical protein,LBJ_RS11620,1210.870531,3.44918E-05,-0.891744768,0.204315887,1770.459268,1318.354788,1675.956762,1530.207299,654.4369129,676.1462939,811.1678322,1250.235093,9686.964249,TRUE,FALSE,NA,FALSE
tRNA-Arg,LBJ_RS00435,1210.431509,0.001304475,-0.5864289,0.171482657,1582.782711,1286.270933,1417.437393,1526.266005,837.2667095,817.2017566,880.0568201,1336.169744,9683.452072,TRUE,FALSE,NA,FALSE
5-(carboxyamino)imidazole ribonucleotide synthase,LBJ_RS05320,1207.196904,0.000277627,0.359166093,0.093317975,1076.18725,1105.434657,943.4852174,1106.518221,1348.252551,1365.324886,1383.807544,1328.564907,9657.575233,TRUE,FALSE,NA,FALSE
ABC transporter ATP-binding protein,LBJ_RS03810,1205.615686,0.005696801,-0.333301143,0.112725389,1385.91919,1451.065281,1285.968142,1255.30206,1021.034095,968.2230944,1227.946209,1049.467414,9644.925485,TRUE,FALSE,NA,FALSE
SET domain-containing protein,LBJ_RS00725,1205.309675,2.86358E-10,0.733410014,0.111607233,984.3176064,797.7213154,949.0091355,889.7470644,1405.445462,1426.653348,1517.279958,1672.30351,9642.477399,TRUE,FALSE,NA,FALSE
SDR family oxidoreductase,LBJ_RS17750,1201.177168,0.834475828,0.026208207,0.105363096,1077.499673,1190.019366,1250.615066,1242.492855,1099.791546,1186.70574,1225.362872,1336.930227,9609.417345,FALSE,FALSE,NA,FALSE
WbuC family cupin fold metalloprotein,LBJ_RS00415,1200.17368,3.63314E-05,0.779549534,0.179097273,942.3200552,743.762104,1082.687954,764.6109878,1976.43698,1515.579618,1271.001826,1304.989915,9601.389441,TRUE,FALSE,NA,FALSE
MBOAT family protein,LBJ_RS17955,1196.757751,0.006831577,0.357619484,0.123533306,973.8182186,940.640308,1186.537615,1093.709016,1306.06106,1517.11283,1368.307522,1187.875435,9574.062004,TRUE,FALSE,NA,FALSE
6-carboxytetrahydropterin synthase,LBJ_RS09505,1195.595427,3.16474E-07,0.620857007,0.115887235,935.7579378,993.1411624,889.3508197,951.822441,1252.618504,1583.040926,1600.807856,1358.223769,9564.763416,TRUE,FALSE,NA,FALSE
CDP-alcohol phosphatidyltransferase family protein,LBJ_RS09890,1195.249321,0.119898352,0.202131649,0.118333782,1199.555056,1058.76723,984.3622116,1204.065241,1109.167433,1316.262116,1379.501982,1310.3133,9561.994571,FALSE,FALSE,NA,FALSE
hypothetical protein,LBJ_RS15455,1194.449055,0.510147666,0.077300864,0.101666231,1049.93878,1219.186508,1199.795019,1181.402802,1104.479489,1244.201174,1254.640692,1301.94798,9555.592443,FALSE,FALSE,NA,FALSE
4a-hydroxytetrahydrobiopterin dehydratase,LBJ_RS17900,1193.936369,3.3258E-10,-1.284242929,0.196147478,1682.526895,1681.485698,1991.924879,1414.924457,909.4610394,809.5356989,514.084072,547.548216,9551.490955,TRUE,FALSE,NA,FALSE
DMT family transporter,LBJ_RS02460,1192.759038,0.082093648,0.242633797,0.12760712,1217.928985,911.4731666,1025.239206,1214.903799,1171.985876,1265.666135,1335.585252,1399.289885,9542.072305,FALSE,FALSE,NA,FALSE
hypothetical protein,LBJ_RS00615,1190.254382,3.23067E-05,-0.576594705,0.131642195,1494.850338,1612.942916,1253.929417,1339.054552,1125.106441,949.8245558,848.1956632,898.1311709,9522.035053,TRUE,FALSE,NA,FALSE
PadR family transcriptional regulator,LBJ_RS13930,1189.386702,0.002087927,0.521418541,0.159027002,990.8797238,1051.475445,1009.772235,855.2607441,1840.486619,1367.624703,1232.251771,1167.342377,9515.093618,TRUE,FALSE,NA,FALSE
ABC transporter permease,LBJ_RS10400,1188.739731,6.15855E-08,0.812995553,0.143575311,776.9546973,702.9281061,985.4669952,981.3821441,1329.500777,1691.132341,1521.58552,1520.967267,9509.917847,TRUE,FALSE,NA,FALSE
hypothetical protein,LBJ_RS03710,1188.696088,0.044723481,0.358182357,0.164555518,1005.316382,1031.058446,1057.277931,1074.002547,1184.174529,1055.616153,1295.974084,1806.148629,9509.568701,TRUE,FALSE,NA,FALSE
signal peptidase I,LBJ_RS14095,1188.352548,1.59461E-19,-0.884962861,0.094697984,1602.469063,1626.068129,1415.227826,1524.295358,848.5177739,776.5716505,855.084562,858.586022,9506.820385,TRUE,FALSE,NA,FALSE
hypothetical protein,LBJ_RS11540,1187.738802,2.66132E-08,0.880641883,0.15141324,716.5832174,768.5541741,952.3234864,905.5122394,1225.428431,1813.789265,1518.14107,1601.578532,9501.910415,TRUE,FALSE,NA,FALSE
TonB-dependent receptor,LBJ_RS03135,1187.233976,1.37875E-11,-0.798236925,0.113509889,1539.472736,1703.361054,1358.883861,1429.704308,854.1433061,831.0006606,965.3069426,815.9989385,9497.871807,TRUE,FALSE,NA,FALSE
glycosyltransferase,LBJ_RS06505,1186.373468,0.003929575,0.35563686,0.115415342,1122.122071,893.9728818,1144.555838,1002.073936,1293.872407,1442.752069,1235.69622,1355.942318,9490.987741,TRUE,FALSE,NA,FALSE
tRNA-Gly,LBJ_RS06010,1182.092789,0.911094215,-0.029659731,0.226978524,1199.555056,1302.31286,874.9886325,1400.144605,1026.659627,729.0420925,1555.168901,1368.87054,9456.742315,FALSE,FALSE,NA,FALSE
endoflagellar protein,LBJ_RS03515,1180.330074,5.03469E-07,-0.714392556,0.135647846,1333.422251,1328.563288,1640.603686,1563.708296,826.0156451,808.7690931,859.3901237,1082.16821,9442.640592,TRUE,FALSE,NA,FALSE
STAS domain-containing protein,LBJ_RS12670,1180.323734,4.91871E-06,0.752824462,0.156838908,929.1958204,756.8873176,1006.457884,823.7303941,1270.432689,1270.26577,1535.363317,1850.25668,9442.589872,TRUE,FALSE,NA,FALSE
pyridoxal phosphate-dependent aminotransferase,LBJ_RS15445,1180.150628,1.86186E-20,-1.097182683,0.114494958,1695.65113,1572.108918,1583.154937,1583.414765,729.4440089,653.1481207,747.4455184,876.8376292,9441.205027,TRUE,FALSE,NA,FALSE
STAS domain-containing protein,LBJ_RS16910,1177.291239,2.53862E-05,-0.550904541,0.124185817,1368.857685,1192.936081,1598.621908,1435.616249,1000.407143,1025.718528,838.7234273,957.4488943,9418.329915,TRUE,FALSE,NA,FALSE
,LBJ_RS10510,1174.60066,1.9232E-11,0.750398147,0.107464018,829.4516363,847.3054557,883.8269016,940.9838832,1429.822768,1597.606436,1562.0578,1305.750398,9396.805279,TRUE,FALSE,NA,FALSE
phage holin family protein,LBJ_RS12775,1169.557714,0.01169657,-0.319112587,0.117963259,1258.614113,1312.52136,1460.523955,1161.696333,1115.730554,1107.745346,1031.612593,908.0174581,9356.461711,TRUE,FALSE,NA,FALSE
DUF2236 domain-containing protein,LBJ_RS11795,1167.943535,1.59461E-19,1.268420948,0.135724125,712.645947,705.8448202,631.9362346,691.6970534,1306.998648,1667.367562,1694.669102,1932.388912,9343.548279,TRUE,FALSE,NA,FALSE
LIC_13355 family lipoprotein,LBJ_RS15535,1167.436134,9.16716E-13,-0.66644721,0.089758318,1435.791282,1477.315708,1341.207323,1475.029187,928.2128134,841.7331414,929.1402239,911.0593927,9339.489071,TRUE,FALSE,NA,FALSE
pyridoxine 5'-phosphate synthase,LBJ_RS09340,1165.990569,0.002793553,0.391635748,0.122800306,946.2573256,1163.768939,1031.867908,894.6736816,1342.627019,1376.823973,1418.252038,1153.653672,9327.924555,TRUE,FALSE,NA,FALSE
NUDIX hydrolase,LBJ_RS12720,1165.171622,0.501622902,-0.097368113,0.125545526,1242.865031,1347.52193,1072.744902,1155.784393,1228.241198,1174.440048,1159.057221,940.7182544,9321.372976,FALSE,FALSE,NA,FALSE
DUF4279 domain-containing protein,LBJ_RS17890,1164.660043,0.165382087,-0.368847824,0.241024078,1350.483756,1367.938928,1464.943089,1067.105283,1637.029871,975.8891521,740.5566196,713.333648,9317.280348,FALSE,FALSE,NA,FALSE
ABC transporter permease,LBJ_RS12860,1162.754159,0.013130504,0.32071103,0.120419675,1098.498449,1025.225018,910.3417086,1102.576927,1122.293674,1241.13475,1434.613172,1367.349573,9302.033272,TRUE,FALSE,NA,FALSE
DUF1318 domain-containing protein,LBJ_RS12660,1160.783527,2.211E-17,1.061446748,0.120902966,677.2105132,840.0136704,721.4237084,770.5229284,1392.31922,1469.583272,1742.891393,1672.30351,9286.268215,TRUE,FALSE,NA,FALSE
hypothetical protein,LBJ_RS10350,1159.582663,0.933535005,0.010447003,0.106098827,1154.932658,1182.727581,1229.624177,1054.296079,1309.811414,1146.84224,1111.696042,1086.731112,9276.661303,FALSE,FALSE,NA,FALSE
TatD family hydrolase,LBJ_RS00125,1159.230554,0.048571877,0.288639406,0.134841294,1021.065464,969.8074493,1241.776797,941.9692066,1216.052544,1310.12927,1109.112705,1463.930994,9273.84443,TRUE,FALSE,NA,FALSE
HAD-IA family hydrolase,LBJ_RS02615,1152.027603,6.13393E-18,-1.00983032,0.113084602,1656.278426,1494.815993,1673.747195,1334.127935,764.1347908,830.2340548,719.8899233,742.9925097,9216.220827,TRUE,FALSE,NA,FALSE
hypothetical protein,LBJ_RS00895,1152.004848,0.139821603,0.213179384,0.131050016,1072.249979,1109.809728,1004.248317,1081.885135,1439.198655,1366.091492,1056.584851,1085.970628,9216.038785,FALSE,FALSE,NA,FALSE
RNA-binding protein,LBJ_RS07700,1151.249375,0.00077354,0.489040685,0.137064342,935.7579378,912.9315237,932.4373811,1050.354785,1038.84828,1399.822146,1514.696621,1425.146329,9209.995003,TRUE,FALSE,NA,FALSE
adenosine deaminase,LBJ_RS02285,1151.05356,0.772528725,0.045660859,0.134141832,1150.995388,1068.97573,1110.307545,1201.109271,915.0865716,1156.808115,1325.251904,1279.893955,9208.428479,FALSE,FALSE,NA,FALSE
hypothetical protein,LBJ_RS00980,1149.284267,0.514005467,-0.211523678,0.280730941,1014.503346,1273.145719,1886.970435,758.6990472,1542.333412,1168.307202,745.7232937,804.591684,9194.274139,FALSE,FALSE,NA,FALSE
SDR family oxidoreductase,LBJ_RS17135,1148.909981,9.41293E-23,1.390410683,0.137160857,582.716023,628.5518957,634.1458019,691.6970534,1357.628438,1932.61316,1811.780381,1552.147096,9191.279849,TRUE,FALSE,NA,FALSE
glucose-1-phosphate thymidylyltransferase RfbA,LBJ_RS06540,1146.719652,0.038050563,0.403613376,0.179849455,1018.440617,926.0567373,806.4920477,1198.1533,923.5248699,1339.26029,1533.641092,1428.188263,9173.757218,TRUE,FALSE,NA,FALSE
CoA pyrophosphatase,LBJ_RS01055,1142.909278,0.000125939,-0.390541435,0.096437557,1330.797404,1305.229575,1261.662902,1288.803057,1077.289417,916.0939017,929.1402239,1034.257741,9143.274221,TRUE,FALSE,NA,FALSE
ribosome silencing factor,LBJ_RS11915,1142.748137,0.054829652,0.326840295,0.156558729,1093.248755,880.8476682,955.6378373,1125.239366,1006.970264,1156.041509,1372.613083,1551.386612,9141.985095,FALSE,FALSE,NA,FALSE
WbqC family protein,LBJ_RS06285,1142.046756,3.74055E-05,0.739384966,0.170149809,841.2634476,593.5513261,1092.631007,892.7030347,1382.005744,1434.319406,1335.585252,1564.314834,9136.374052,TRUE,FALSE,NA,FALSE
YifB family Mg chelatase-like AAA ATPase,LBJ_RS07855,1140.615268,1.28105E-07,-0.672245389,0.121584583,1309.798628,1451.065281,1410.808692,1434.630926,843.8298304,968.2230944,976.5014031,730.0642879,9124.922142,TRUE,FALSE,NA,FALSE
DUF1566 domain-containing protein,LBJ_RS13725,1139.799193,2.06756E-29,-1.21080924,0.104493382,1578.845441,1607.109487,1529.02054,1652.387405,720.0681219,625.5503128,638.0842502,767.327986,9118.393544,TRUE,FALSE,NA,FALSE
uroporphyrinogen-III C-methyltransferase,LBJ_RS15610,1138.659542,0.504907827,-0.116962681,0.151998271,1046.00151,1281.895862,1384.293885,1027.692346,917.8993377,995.0542965,1276.1685,1180.270599,9109.276335,FALSE,FALSE,NA,FALSE
WGR domain-containing protein,LBJ_RS02535,1136.616279,0.00529276,-0.399963466,0.134085308,1225.803526,1392.730999,1471.571791,1083.855782,929.1504021,900.7617862,956.6958191,1132.36013,9092.930234,TRUE,FALSE,NA,FALSE
tRNA-Leu,LBJ_RS10515,1136.165495,9.29296E-05,0.717814942,0.173946979,801.8907433,809.388172,878.3029834,946.8958238,937.5887004,1616.004975,1557.752238,1541.500325,9089.323961,TRUE,FALSE,NA,FALSE
class I SAM-dependent RNA methyltransferase,LBJ_RS11420,1134.029973,0.074141242,-0.221594442,0.113719805,1229.740796,1137.518512,1151.184539,1364.672961,916.0241603,1118.477826,1114.279379,1040.34161,9072.239785,FALSE,FALSE,NA,FALSE
hypothetical protein,LBJ_RS14325,1133.939555,0.005384843,-0.400384345,0.134493791,1375.419802,1108.351371,1393.132154,1282.891116,1148.546158,934.4924403,824.0845174,1004.59888,9071.516438,TRUE,FALSE,NA,FALSE
glycosyltransferase family 4 protein,LBJ_RS07245,1130.331655,0.667538409,0.067087774,0.133257908,1106.37299,1083.559301,957.8474046,1268.111265,1044.473812,1037.217614,1208.140625,1336.930227,9042.653238,FALSE,FALSE,NA,FALSE
dolichol kinase,LBJ_RS08285,1129.396528,3.59087E-06,0.504779709,0.103721528,875.3864579,867.7224546,1002.03875,988.2794082,1204.80148,1394.455906,1325.251904,1377.23586,9035.17222,TRUE,FALSE,NA,FALSE
HNH endonuclease,LBJ_RS03640,1128.124574,0.769611983,0.03900531,0.113267477,1061.750591,1222.103222,1023.029639,1144.945835,1196.363182,1194.371798,1196.085052,986.3472724,9024.996591,FALSE,FALSE,NA,FALSE
MFS transporter,LBJ_RS01245,1126.342151,0.258414577,-0.152379972,0.120879022,1215.304138,1089.392729,1072.744902,1364.672961,1010.720619,1005.020172,1050.557065,1202.324624,9010.73721,FALSE,FALSE,NA,FALSE
DUF1574 domain-containing protein,LBJ_RS17395,1126.225685,9.47987E-08,0.869429475,0.155699901,855.7001058,705.8448202,672.8132288,951.822441,1174.798642,1422.820319,1607.696754,1618.309172,9009.805483,TRUE,FALSE,NA,FALSE
DNA alkylation repair protein,LBJ_RS09575,1124.504026,3.37687E-10,-0.579587816,0.088563316,1401.668271,1327.104931,1347.836025,1312.450819,938.5262891,899.2285746,933.4457857,835.771513,8996.032209,TRUE,FALSE,NA,FALSE
class II glutamine amidotransferase,LBJ_RS14135,1122.512097,5.81405E-06,-1.074448128,0.225514262,1409.542812,1885.655687,1798.587745,995.1766723,936.6511117,794.2035834,642.3898119,517.8893543,8980.096778,TRUE,FALSE,NA,FALSE
cell division protein FtsW,LBJ_RS02660,1121.932001,2.34779E-20,0.867878325,0.090798874,838.6386006,775.8459594,773.3485389,789.2440737,1530.144759,1354.592405,1446.668745,1466.972929,8975.456011,TRUE,FALSE,NA,FALSE
thiamine-phosphate kinase,LBJ_RS14720,1119.111651,0.001527383,-0.270091468,0.080046944,1236.302914,1185.644295,1211.947639,1259.243354,1030.409982,1006.553383,1014.390346,1008.401298,8952.89321,TRUE,FALSE,NA,FALSE
exodeoxyribonuclease VII small subunit,LBJ_RS07065,1118.9448,0.000351741,-0.389645622,0.102929628,1304.548934,1360.647143,1288.177709,1125.239366,973.217071,923.7599594,932.5846733,1043.383545,8951.558401,TRUE,FALSE,NA,FALSE
histidine triad nucleotide-binding protein,LBJ_RS11950,1118.501648,5.62442E-06,0.750375105,0.157251225,832.0764833,772.9292453,679.4419306,1050.354785,1216.990133,1294.797155,1511.252171,1590.171277,8948.01318,TRUE,FALSE,NA,FALSE
hypothetical protein,LBJ_RS12870,1118.439692,0.000418716,0.370937729,0.099236527,969.8809482,930.4318085,962.2665391,1037.54558,1352.002906,1328.527809,1153.890547,1212.971395,8947.517533,TRUE,FALSE,NA,FALSE
hypothetical protein,LBJ_RS03205,1117.420245,1.33862E-11,1.079153534,0.153356362,741.5192635,647.5105376,743.5193809,738.9925784,1240.429851,1551.61009,1337.307477,1938.472781,8939.361959,TRUE,FALSE,NA,FALSE
hypothetical protein,LBJ_RS11490,1117.356092,8.83998E-06,0.627804091,0.134305594,927.883397,873.5558829,836.3212056,873.9818894,1650.156113,1409.788021,1215.029524,1152.132704,8938.848737,TRUE,FALSE,NA,FALSE
hypothetical protein,LBJ_RS03695,1116.48115,8.2952E-11,-1.119956182,0.165626695,1594.594522,1617.317987,1660.489791,1244.463502,926.337636,663.8806015,589.0008463,635.7643174,8931.849204,TRUE,FALSE,NA,FALSE
class I SAM-dependent methyltransferase,LBJ_RS09770,1116.071143,7.41906E-05,0.636217869,0.152188677,887.1982692,879.3893112,745.7289482,983.352791,1104.479489,1207.404096,1542.252216,1578.764023,8928.569144,TRUE,FALSE,NA,FALSE
DUF721 domain-containing protein,LBJ_RS00035,1111.700125,0.008341693,-0.40714667,0.144008225,1274.363194,1130.226727,1469.362224,1196.182654,903.8355072,897.695363,837.862315,1184.073017,8893.601001,TRUE,FALSE,NA,FALSE
hypothetical protein,LBJ_RS17455,1111.211274,0.582256552,-0.089425434,0.139402607,1132.621459,1108.351371,1104.783627,1236.580915,960.0908292,892.3291226,1146.140536,1308.792333,8889.690192,FALSE,FALSE,NA,FALSE
HAMP domain-containing histidine kinase,LBJ_RS15060,1107.872054,6.91558E-21,-1.256814626,0.129696331,1641.841767,1535.649991,1716.833756,1353.834404,751.9461377,626.3169185,559.7230265,676.8304336,8862.976435,TRUE,FALSE,NA,FALSE
hypothetical protein,LBJ_RS00400,1107.848939,0.208430286,-0.143965352,0.103063542,1141.808423,1225.019936,1227.41461,1059.222696,1106.354666,1116.178009,960.1402685,1026.652905,8862.791514,FALSE,FALSE,NA,FALSE
MFS transporter,LBJ_RS17480,1106.530641,5.53837E-24,1.532211556,0.14709373,519.7196962,602.3014685,677.2323633,475.9112205,1674.533419,1924.947102,1473.363228,1504.236627,8852.245124,TRUE,FALSE,NA,FALSE
histidine kinase,LBJ_RS04280,1105.518883,0.00284052,-0.303855297,0.095430058,1255.989266,1239.603507,1280.444224,1110.459514,1036.035514,982.0219983,1011.807009,927.7900326,8844.151065,TRUE,FALSE,NA,FALSE
glycosyltransferase,LBJ_RS06520,1104.765208,0.026082353,0.318898823,0.132932185,841.2634476,886.6810965,1125.774516,1076.958518,1159.797222,1241.13475,1125.473839,1381.038278,8838.121668,TRUE,FALSE,NA,FALSE
hypothetical protein,LBJ_RS17530,1104.147339,9.69858E-05,0.567789934,0.137942722,887.1982692,877.9309541,753.4624336,1039.516227,1100.729134,1338.493684,1470.779891,1365.068122,8833.178715,TRUE,FALSE,NA,FALSE
EAL domain-containing protein,LBJ_RS16995,1103.651357,0.20737096,0.162811287,0.116227778,997.4418411,1031.058446,1098.154925,1039.516227,964.7787727,1189.772163,1240.001782,1268.4867,8829.210858,FALSE,FALSE,NA,FALSE
hypothetical protein,LBJ_RS12400,1100.686422,0.381121591,-0.24507038,0.246975956,1408.230389,1184.185938,1144.555838,1038.530904,1637.96746,959.7904309,639.8064749,792.4239459,8805.491379,FALSE,FALSE,NA,FALSE
,LBJ_RS12650,1100.444974,1.47512E-13,0.807643953,0.1052637,845.200718,768.5541741,701.5376031,884.8204472,1409.195817,1418.220685,1349.36305,1426.667296,8803.55979,TRUE,FALSE,NA,FALSE
acireductone synthase,LBJ_RS12155,1098.447113,5.34099E-05,0.490321921,0.11513012,862.2622232,958.1405928,874.9886325,959.7050285,1111.980199,1329.294415,1241.724006,1449.481805,8787.576902,TRUE,FALSE,NA,FALSE
hypothetical protein,LBJ_RS17415,1095.194586,9.78536E-11,0.583475676,0.086614667,847.825565,882.3060253,914.7608431,862.1580081,1246.992972,1312.429088,1326.974129,1368.110056,8761.556686,TRUE,FALSE,NA,FALSE
MMPL family transporter,LBJ_RS12280,1094.997701,2.66154E-11,-0.92757894,0.133785846,1486.975797,1357.730429,1364.407779,1532.177946,655.3745016,650.0816976,890.3901682,822.8432912,8759.98161,TRUE,FALSE,NA,FALSE
sulfate ABC transporter substrate-binding protein,LBJ_RS09490,1094.804491,0.023461541,0.475032526,0.194584527,951.5070195,889.5978106,957.8474046,865.1139785,1829.235555,1283.298068,1060.890413,920.9456799,8758.435929,TRUE,FALSE,NA,FALSE
hypothetical protein,LBJ_RS10650,1093.836274,1.27834E-07,0.69307168,0.125338347,776.9546973,822.5133856,838.5307728,905.5122394,1134.482328,1290.19752,1437.196509,1545.302743,8750.690195,TRUE,FALSE,NA,FALSE
hypothetical protein,LBJ_RS13695,1089.192514,4.15597E-05,-0.460439619,0.106589862,1279.612888,1241.061864,1229.624177,1296.685644,819.4525242,889.2626995,907.6124152,1050.227898,8713.540109,TRUE,FALSE,NA,FALSE
thioredoxin fold domain-containing protein,LBJ_RS02645,1088.284775,0.518550619,0.11869693,0.159138653,948.8821726,879.3893112,1320.216434,1024.736375,992.9064337,1126.143884,1049.695953,1364.307638,8706.278202,FALSE,FALSE,NA,FALSE
dolichyl-phosphate-mannose--protein mannosyltransferase,LBJ_RS08465,1084.247749,1.22376E-15,1.299621991,0.156694327,566.9669413,580.4261125,620.8883983,736.0366081,1156.984456,1721.796572,1570.668923,1720.213978,8673.98199,TRUE,FALSE,NA,FALSE
GDYXXLXY domain-containing protein,LBJ_RS10675,1084.081562,0.001805621,0.416941478,0.125467319,881.9485753,965.4323781,933.5421648,934.0866191,1005.095087,1425.886742,1271.862939,1254.797995,8672.6525,TRUE,FALSE,NA,FALSE
bifunctional precorrin-2 dehydrogenase/sirohydrochlorin ferrochelatase,LBJ_RS15605,1082.548681,0.589398928,-0.085330424,0.135577947,1023.690311,1238.14515,1272.710738,925.2187082,966.6539501,999.6539312,1060.890413,1173.426246,8660.389447,FALSE,FALSE,NA,FALSE
hypothetical protein,LBJ_RS17265,1081.110656,0.003401563,0.537959641,0.172021193,921.3212796,718.9700338,741.3098137,1143.960511,1120.418497,1303.229818,1522.446632,1177.228664,8648.88525,TRUE,FALSE,NA,FALSE
aminoglycoside phosphotransferase family protein,LBJ_RS03385,1080.307105,0.996739392,-0.000465628,0.104810151,1061.750591,1120.018227,1094.840574,1045.428168,1161.6724,1164.474173,1043.668166,950.6045416,8642.456841,FALSE,FALSE,NA,FALSE
class I SAM-dependent methyltransferase,LBJ_RS16970,1079.477763,0.000160262,0.687145404,0.172261378,733.6447226,796.2629584,835.216422,942.9545301,964.7787727,1264.132924,1404.47424,1694.357535,8635.822105,TRUE,FALSE,NA,FALSE
hypothetical protein,LBJ_RS03425,1078.628183,0.000177683,0.889442347,0.224448859,759.8931921,902.7230242,620.8883983,741.9485487,2152.703656,1206.637491,1256.362916,987.8682396,8629.025466,TRUE,FALSE,NA,FALSE
cell division protein,LBJ_RS09790,1077.804994,0.689252353,0.080075105,0.170884143,1044.689086,961.0573069,873.8838489,1311.465496,899.1475637,1032.61798,1111.696042,1387.882631,8622.439954,FALSE,FALSE,NA,FALSE
hypothetical protein,LBJ_RS00540,1076.600607,2.003E-12,1.193246221,0.163189582,654.8993141,618.3433962,591.0592404,755.7430769,1116.668142,1505.613743,1516.418846,1854.059098,8612.804856,TRUE,FALSE,NA,FALSE
TIGR01458 family HAD-type hydrolase,LBJ_RS17075,1072.728835,0.058364576,-0.295348942,0.143497604,1187.743245,1347.52193,1211.947639,983.352791,807.2638711,1042.583855,1104.807143,896.6102036,8581.830677,FALSE,FALSE,NA,FALSE
hypothetical protein,LBJ_RS08745,1071.816015,6.99937E-06,-0.61281397,0.129702655,1124.746918,1197.311152,1485.933978,1375.511519,822.2652903,889.2626995,744.8621814,934.6343853,8574.528124,TRUE,FALSE,NA,FALSE
hypothetical protein,LBJ_RS15910,1068.965586,2.58525E-15,1.122614653,0.136908642,679.8353601,656.26068,644.0888545,711.4035221,1166.360343,1743.261533,1430.307611,1520.206783,8551.724687,TRUE,FALSE,NA,FALSE
zinc ribbon domain-containing protein,LBJ_RS03105,1068.774083,0.913726351,-0.025306316,0.200709138,997.4418411,984.39102,1353.359943,976.4555269,1406.383051,1201.27125,843.0289891,787.8610441,8550.192665,FALSE,FALSE,NA,FALSE
nicotinate-nucleotide--dimethylbenzimidazole phosphoribosyltransferase,LBJ_RS15545,1068.31509,1.58804E-21,-0.959809561,0.097478351,1347.858909,1528.358206,1337.892972,1430.689632,777.2610326,719.8428231,676.8343058,727.782837,8546.520718,TRUE,FALSE,NA,FALSE
hypothetical protein,LBJ_RS18415,1066.97491,0.21589472,0.188697012,0.137235323,954.1318665,987.3077341,883.8269016,1163.66698,948.8397648,1313.195693,1154.751659,1130.078679,8535.799279,FALSE,FALSE,NA,FALSE
hypothetical protein,LBJ_RS15270,1064.55615,0.175173671,0.26096673,0.174279439,1026.315158,904.1813813,918.075194,1025.721699,985.4057241,930.6594114,1123.751615,1602.339015,8516.449197,FALSE,FALSE,NA,FALSE
hypothetical protein,LBJ_RS03570,1064.412151,0.097202465,-0.913902766,0.50268831,1430.541588,1576.483989,1600.831475,954.7784113,1478.577381,706.810525,344.4449394,422.8289001,8515.297209,FALSE,FALSE,NA,FALSE
hypothetical protein,LBJ_RS02310,1062.866521,0.143905564,-0.176006341,0.109285062,1169.369316,1238.14515,1019.715288,1085.826429,909.4610394,982.0219983,1004.056998,1094.335948,8502.932166,FALSE,FALSE,NA,FALSE
hypothetical protein,LBJ_RS04205,1057.986946,0.579754855,-0.096460187,0.149501212,1019.75304,1006.266376,1344.521674,1002.073936,1116.668142,912.2608728,884.3623818,1177.989148,8463.895571,FALSE,FALSE,NA,FALSE
type II toxin-antitoxin system VapC family toxin,LBJ_RS12450,1056.238748,0.009050183,0.642107036,0.229425407,723.1453348,574.5926843,1242.88158,757.7137237,1620.153274,1307.829453,975.6402907,1247.953642,8449.909983,TRUE,FALSE,NA,FALSE
type I-E CRISPR-associated protein Cas6/Cse3/CasE,LBJ_RS13520,1056.000429,3.67139E-07,0.743496429,0.139539708,836.0137537,786.0544589,752.3576499,784.3174566,1674.533419,1212.770337,1141.834974,1260.12138,8448.003429,TRUE,FALSE,NA,FALSE
phosphohistidine phosphatase,LBJ_RS16120,1055.790779,0.125308259,-0.192478266,0.114268682,1150.995388,1079.184229,1252.824633,1021.780405,984.4681354,917.6271132,929.1402239,1110.306105,8446.326232,FALSE,FALSE,NA,FALSE
hypothetical protein,LBJ_RS07790,1053.748122,0.000368604,0.440844185,0.11684437,875.3864579,809.388172,919.1799776,970.5435863,1034.160337,1251.867231,1319.224118,1250.235093,8429.984973,TRUE,FALSE,NA,FALSE
flavin reductase family protein,LBJ_RS05315,1053.572002,0.006066202,0.287582271,0.09796542,933.1330909,920.223309,961.1617554,980.3968207,1146.670981,1085.513778,1111.696042,1289.780242,8428.576018,TRUE,FALSE,NA,FALSE
hypothetical protein,LBJ_RS17780,1053.411442,0.003885045,-0.312536193,0.101300372,1160.182352,1195.852795,1206.423721,1106.518221,909.4610394,844.0329588,984.2514142,1020.569036,8427.291536,TRUE,FALSE,NA,FALSE
hypothetical protein,LBJ_RS10205,1053.353578,0.026179898,0.283715796,0.118350012,959.3815604,858.9723122,1129.088867,852.3047738,1161.6724,1203.571067,1127.196064,1134.641581,8426.828625,TRUE,FALSE,NA,FALSE
hypothetical protein,LBJ_RS01710,1052.866847,0.004469478,0.34718866,0.114259207,956.7567134,902.7230242,946.7995683,901.5709457,1034.160337,1105.445528,1221.05731,1354.421351,8422.934777,TRUE,FALSE,NA,FALSE
hypothetical protein,LBJ_RS03870,1052.304428,0.966670909,0.007495928,0.153931858,1147.058117,1028.141732,925.8086794,1097.65031,921.6496925,845.5661703,1190.918378,1261.642348,8418.435427,FALSE,FALSE,NA,FALSE
TolC family protein,LBJ_RS03285,1052.065202,0.677716261,0.074451421,0.152743689,1160.182352,921.6816661,986.5717789,1031.633639,1003.219909,975.8891521,940.3346845,1397.008434,8416.521617,FALSE,FALSE,NA,FALSE
hypothetical protein,LBJ_RS04935,1050.963989,0.000436443,0.425001627,0.114043411,937.0703613,851.6805269,818.6446676,980.3968207,1299.497939,1279.465039,1176.279468,1064.677087,8407.711909,TRUE,FALSE,NA,FALSE
glycosyl transferase,LBJ_RS06280,1049.537015,0.00060044,0.536694363,0.147480706,854.3876823,638.7603952,1024.134422,906.4975628,1149.483747,1288.664309,1214.168411,1320.199587,8396.296116,TRUE,FALSE,NA,FALSE
prepilin-type N-terminal cleavage/methylation domain-containing protein,LBJ_RS07805,1049.185439,8.03041E-06,-0.508160621,0.108234521,1234.99049,1274.604076,1278.234656,1140.019218,956.3404744,788.8373429,919.6679881,800.7892658,8393.483512,TRUE,FALSE,NA,FALSE
hypothetical protein,LBJ_RS00605,1047.982868,0.219231886,-0.165574013,0.121343519,1143.120847,1083.559301,1062.801849,1142.975188,1001.344732,914.5606901,862.8345731,1172.665763,8383.862942,FALSE,FALSE,NA,FALSE
hypothetical protein,LBJ_RS01570,1047.202682,0.281382503,0.174446283,0.144623372,992.1921472,972.7241634,1090.42144,879.89383,1398.882341,1061.748999,1034.19593,947.5626071,8377.621458,FALSE,FALSE,NA,FALSE
hypothetical protein,LBJ_RS02445,1045.642499,1.98353E-24,-1.285608711,0.122261344,1567.033629,1386.89757,1624.031932,1353.834404,656.3120903,673.0798708,531.306319,572.6441759,8365.139991,TRUE,FALSE,NA,FALSE
acylphosphatase,LBJ_RS02305,1045.021578,9.87609E-06,-0.434287288,0.093390288,1208.742021,1235.228435,1173.280212,1187.314743,944.1518213,809.5356989,874.890146,927.029549,8360.172626,TRUE,FALSE,NA,FALSE
DUF1564 family protein,LBJ_RS17085,1042.605088,1.27179E-05,-1.210557134,0.263620132,1528.973349,1698.985983,1664.908926,931.1306488,967.5915388,672.3132651,456.3895447,420.5474492,8340.840704,TRUE,FALSE,NA,FALSE
TetR/AcrR family transcriptional regulator,LBJ_RS00555,1041.682891,0.011760348,-0.290814136,0.107587204,1196.930209,1136.060155,1197.585452,1056.266725,875.7078462,952.1243731,866.2790225,1052.509348,8333.463132,TRUE,FALSE,NA,FALSE
TetR/AcrR family transcriptional regulator,LBJ_RS01410,1040.612259,0.003929425,0.424551901,0.137772695,935.7579378,821.0550285,971.1048081,825.7010409,1445.761776,1076.314509,1025.584807,1223.618166,8324.898073,TRUE,FALSE,NA,FALSE
TolC family protein,LBJ_RS01420,1039.042337,0.027606109,-0.321416512,0.13522336,1060.438168,1262.93722,1248.405498,1045.428168,1085.727715,968.2230944,846.4734385,794.7053968,8312.338698,TRUE,FALSE,NA,FALSE
hypothetical protein,LBJ_RS17850,1037.691742,0.00011055,-0.489853667,0.119953806,1078.812097,1357.730429,1300.330329,1113.415485,773.5106778,939.0920749,880.0568201,858.586022,8301.533934,TRUE,FALSE,NA,FALSE
hypothetical protein,LBJ_RS00210,1035.495592,7.22966E-17,-0.92604668,0.10721808,1393.793731,1360.647143,1348.940808,1325.260024,610.370244,717.5430058,790.5011358,736.9086406,8283.964733,TRUE,FALSE,NA,FALSE
,LBJ_RS01825,1034.350855,8.29134E-15,0.907597537,0.112733281,708.7086766,659.1773941,690.4897668,816.83313,1269.4951,1328.527809,1301.140758,1500.434208,8274.806844,TRUE,FALSE,NA,FALSE
PAS domain S-box protein,LBJ_RS03395,1032.674363,0.003621801,-0.488801761,0.157330088,1261.23896,1347.52193,1281.549007,934.0866191,1059.475231,831.0006606,791.3622482,755.1602478,8261.394904,TRUE,FALSE,NA,FALSE
hypothetical protein,LBJ_RS05385,1032.543561,0.617563174,-0.108735857,0.186735342,1044.689086,1044.18366,841.8451237,1354.819727,777.2610326,861.6648916,1097.057132,1238.827839,8260.348491,FALSE,FALSE,NA,FALSE
MBOAT family protein,LBJ_RS11910,1030.741742,0.000836794,0.578695982,0.163195771,909.5094683,688.3445354,744.6241646,963.6463222,961.9660066,1192.071981,1341.613039,1444.15842,8245.933936,TRUE,FALSE,NA,FALSE
1-acyl-sn-glycerol-3-phosphate acyltransferase,LBJ_RS11285,1029.627317,7.2545E-17,1.260196113,0.145925436,665.3987019,565.8425419,470.6378251,723.2274034,1424.197236,1544.710638,1519.002183,1324.002006,8237.018534,TRUE,FALSE,NA,FALSE
DNA-binding protein,LBJ_RS19065,1028.3684,0.975244497,-0.005148494,0.140639001,1099.810872,864.8057405,1106.993194,1047.398814,1234.804318,899.9951804,921.3902128,1051.748865,8226.947198,FALSE,FALSE,NA,FALSE
hypothetical protein,LBJ_RS11250,1027.65676,0.040729176,0.381669568,0.172199409,846.5131415,793.3462442,791.0250769,1138.048571,922.5872812,1094.713047,1196.946164,1438.074551,8221.254077,TRUE,FALSE,NA,FALSE
,LBJ_RS00475,1025.868648,1.81361E-11,-1.736008344,0.248281858,1834.768018,1716.486267,1588.678856,1171.549568,761.3220247,449.9975902,322.9171306,361.2297258,8206.94918,TRUE,TRUE,TRUE,TRUE
MBOAT family protein,LBJ_RS08180,1024.728874,0.003539199,0.663758688,0.213142633,790.0789321,736.4703186,616.4692638,1028.677669,826.0156451,1327.761203,1633.530125,1238.827839,8197.830995,TRUE,FALSE,NA,FALSE
hypothetical protein,LBJ_RS06635,1022.374969,0.003410892,0.363893296,0.11639668,938.3827848,873.5558829,893.7699542,870.0405956,1358.566027,1114.644798,1105.668255,1024.371454,8178.999751,TRUE,FALSE,NA,FALSE
MBL fold metallo-hydrolase,LBJ_RS13980,1021.98459,0.64012747,0.053239084,0.097215895,1038.126969,1054.392159,990.9909134,930.1453254,1136.357505,1001.953749,1010.945897,1012.9642,8175.876717,FALSE,FALSE,NA,FALSE
glycosyl transferase,LBJ_RS06490,1021.424393,0.00298577,0.399725048,0.126189336,909.5094683,778.7626736,996.5148315,837.5249222,1201.988714,1038.750826,1085.862671,1322.481038,8171.395145,TRUE,FALSE,NA,FALSE
hypothetical protein,LBJ_RS16430,1020.475545,2.76047E-20,-0.96928389,0.101610794,1413.480083,1392.730999,1237.357662,1360.731668,656.3120903,663.1139958,765.5288777,674.5489827,8163.804358,TRUE,FALSE,NA,FALSE
carbon storage regulator CsrA,LBJ_RS16305,1020.045297,9.7095E-05,-0.725923104,0.176378865,1433.166435,1061.683945,1074.954469,1515.427447,703.1915253,630.1499474,763.806653,977.9819524,8160.362374,TRUE,FALSE,NA,FALSE
16S rRNA (cytidine(1402)-2'-O)-methyltransferase,LBJ_RS11565,1016.30839,7.28204E-08,0.832178315,0.147741174,740.20684,718.9700338,663.9749598,801.067955,1012.595796,1220.436395,1500.918823,1472.296314,8130.467117,TRUE,FALSE,NA,FALSE
hypothetical protein,LBJ_RS13395,1011.836778,3.16447E-05,0.759531027,0.173203589,602.4023751,624.1768245,925.8086794,851.3194503,1127.919207,1555.443118,1209.862849,1197.761722,8094.694226,TRUE,FALSE,NA,FALSE
gliding motility ABC transporter,LBJ_RS08055,1010.840247,5.19069E-05,0.533171424,0.124975085,849.1379884,943.5570221,726.9476265,787.2734269,1133.544739,1061.748999,1324.390792,1260.12138,8086.721974,TRUE,FALSE,NA,FALSE
hypothetical protein,LBJ_RS18360,1010.054883,0.03395011,-0.3424312,0.149368751,1011.878499,1178.35251,1424.066095,903.5415925,910.3986281,944.4583154,849.9178879,857.8255383,8080.439067,TRUE,FALSE,NA,FALSE
dUTP diphosphatase,LBJ_RS12320,1009.712958,0.022701552,-0.282703036,0.115179789,1038.126969,1087.934372,1071.640118,1234.610268,903.8355072,1039.517432,879.1957077,822.8432912,8077.703664,TRUE,FALSE,NA,FALSE
hypothetical protein,LBJ_RS07580,1009.597264,0.031125272,0.234823499,0.100848564,941.0076317,828.3468138,965.5808899,973.4995566,1115.730554,1069.415057,1020.418133,1162.779475,8076.778111,TRUE,FALSE,NA,FALSE
cobyric acid synthase,LBJ_RS17620,1008.974097,0.266117511,-0.15962903,0.128506587,1122.122071,1160.852225,1130.19365,847.3781566,981.6553693,880.0634302,1018.695908,930.8319671,8071.792778,FALSE,FALSE,NA,FALSE
RNA-directed DNA polymerase,LBJ_RS09835,1006.349979,2.66631E-05,0.699054134,0.158001203,778.2671208,714.5949626,853.9977436,721.2567565,1526.394404,1392.922694,997.1680994,1066.198054,8050.799835,TRUE,FALSE,NA,FALSE
,LBJ_RS00410,1005.93447,0.241569552,0.149234614,0.114490618,867.5119171,990.2244482,1087.107089,871.0259191,1086.665304,1124.610673,1045.390391,974.9400179,8047.475759,FALSE,FALSE,NA,FALSE
histidine kinase,LBJ_RS06055,1004.681521,0.234819838,0.18004397,0.136195073,944.9449021,815.2216002,976.6287262,1030.648316,891.6468541,1079.380932,1035.057043,1263.923799,8037.452172,FALSE,FALSE,NA,FALSE
tRNA lysidine(34) synthetase TilS,LBJ_RS00710,1004.639656,0.004721691,-0.371310036,0.122927121,1065.687862,1124.393298,1294.806411,1048.384138,805.3886937,815.6685451,870.5845842,1012.203716,8037.117248,TRUE,FALSE,NA,FALSE
class I SAM-dependent methyltransferase,LBJ_RS09775,1002.406773,1.74819E-13,0.759752811,0.099312394,721.8329113,707.3031773,743.5193809,803.0386019,1168.235521,1251.100626,1364.863072,1259.360897,8019.254187,TRUE,FALSE,NA,FALSE
inorganic diphosphatase,LBJ_RS01250,1002.208819,0.863669268,-0.035063111,0.172907094,1156.245082,879.3893112,866.1503635,1155.784393,793.2000406,898.4619688,1001.473661,1266.965733,8017.670553,FALSE,FALSE,NA,FALSE
,Riboswitch3,999.8933724,0.045202499,-0.5038419,0.231959573,1213.991715,1214.811437,1034.077475,1228.698327,436.9163344,836.366901,1145.279423,889.0053673,7999.146979,TRUE,FALSE,NA,FALSE
hypothetical protein,LBJ_RS03015,999.0063709,0.745600486,0.035859482,0.094298875,933.1330909,947.9320933,1081.583171,982.3674676,1034.160337,1033.384585,962.7236055,1016.766618,7992.050968,FALSE,FALSE,NA,FALSE
DUF1574 domain-containing protein,LBJ_RS07335,998.7371443,2.38623E-12,1.121217442,0.153871198,568.2793648,546.8839,683.8610651,715.3448159,1074.476651,1612.171946,1381.224207,1407.655205,7989.897154,TRUE,FALSE,NA,FALSE
hypothetical protein,LBJ_RS15845,992.9093778,0.071224205,-0.37532591,0.190826588,1332.109827,952.3071645,942.3804338,1258.25803,924.4624586,658.5143611,747.4455184,1127.797228,7943.275022,FALSE,FALSE,NA,FALSE
histidine kinase,LBJ_RS01955,991.5996293,0.036582379,-0.328426326,0.145257113,1060.438168,984.39102,1338.997756,1031.633639,775.3858552,779.6380736,952.3902573,1009.922265,7932.797034,TRUE,FALSE,NA,FALSE
hypothetical protein,LBJ_RS15530,988.501422,0.005406052,-0.365472494,0.122822892,984.3176064,1134.601798,1174.384995,1158.740363,799.7631615,780.4046794,862.8345731,1012.9642,7908.011376,TRUE,FALSE,NA,FALSE
DUF1577 domain-containing protein,LBJ_RS12170,987.7129975,0.480439158,-0.095026245,0.11678236,1017.128193,1028.141732,977.7335098,1058.237372,915.0865716,844.0329588,934.306898,1127.036745,7901.70398,FALSE,FALSE,NA,FALSE
pyridoxal phosphate-dependent aminotransferase,LBJ_RS10210,984.6307377,9.01304E-05,0.734893462,0.177768443,692.9595949,701.469749,624.2027492,937.0425894,901.9603298,1224.269423,1408.779802,1386.361663,7877.045901,TRUE,FALSE,NA,FALSE
MotA/TolQ/ExbB proton channel family protein,LBJ_RS17380,980.6580338,0.008311281,-0.361958236,0.127964763,1056.500898,1128.76837,1131.298434,1096.664986,679.7518078,868.5643436,911.0568646,972.658567,7845.26427,TRUE,FALSE,NA,FALSE
hypothetical protein,LBJ_RS01155,980.4012356,0.599579998,0.096939771,0.158234063,1028.940005,818.1383144,800.9681295,1141.004541,830.7035886,1016.519258,1178.001693,1028.934356,7843.209885,FALSE,FALSE,NA,FALSE
DNA-3-methyladenine glycosylase 2 family protein,LBJ_RS03700,978.3661772,0.000148447,0.415986334,0.103782729,767.767733,857.5139552,916.9704104,810.9211894,1050.099344,1070.181663,1156.473884,1197.001239,7826.929418,TRUE,FALSE,NA,FALSE
cobalt-precorrin-5B (C(1))-methyltransferase,LBJ_RS17565,977.5468986,4.19939E-05,0.664579761,0.153941143,616.8390333,832.721885,734.6811119,840.4808925,1041.661046,1098.546076,1488.86325,1166.581893,7820.375189,TRUE,FALSE,NA,FALSE
hypothetical protein,LBJ_RS08410,976.4833128,0.828365163,0.024931875,0.096793174,942.3200552,921.6816661,1060.592282,946.8958238,942.2766439,952.1243731,998.0292118,1047.946447,7811.866502,FALSE,FALSE,NA,FALSE
YdcF family protein,LBJ_RS03125,975.0634944,0.054087144,0.212894554,0.101690419,934.4455143,879.3893112,857.3120945,940.9838832,1042.598635,1014.219441,1164.223895,967.3351815,7800.507956,FALSE,FALSE,NA,FALSE
hypothetical protein,LBJ_RS02715,969.6858778,0.017915227,-0.265373871,0.104162833,1118.184801,1044.18366,1077.164036,996.1619957,813.826992,828.7008433,899.0012917,980.2634033,7757.487023,TRUE,FALSE,NA,FALSE
tRNA-Cys,LBJ_RS10520,969.0442262,0.002510918,0.505326153,0.156844,784.8292382,721.886748,847.3690419,849.3488035,864.4567818,1046.416883,1385.529769,1252.516544,7752.353809,TRUE,FALSE,NA,FALSE
hypothetical protein,LBJ_RS12550,966.8217408,0.424000801,0.122069854,0.133680111,941.0076317,917.3065949,751.2528663,1093.709016,924.4624586,1024.951922,1097.057132,984.8263051,7734.573926,FALSE,FALSE,NA,FALSE
hypothetical protein,LBJ_RS02130,966.6402714,0.413319773,-0.139504065,0.149690711,923.9461265,949.3904504,1092.631007,1086.811752,836.3291208,779.6380736,888.6679435,1175.707697,7733.122171,FALSE,FALSE,NA,FALSE
gamma carbonic anhydrase family protein,LBJ_RS01280,964.5868806,4.95724E-09,-0.795270946,0.130215161,1183.805975,1311.063003,1101.469276,1300.626938,564.4283977,745.9074195,753.4733048,755.9207315,7716.695045,TRUE,FALSE,NA,FALSE
RNA pyrophosphohydrolase,LBJ_RS02315,964.2035099,0.000450339,0.361494345,0.097238028,842.5758711,864.8057405,774.4533225,894.6736816,1085.727715,1130.743519,1005.779223,1114.869006,7713.628079,TRUE,FALSE,NA,FALSE
prephenate dehydrogenase,LBJ_RS05175,963.2332262,6.28878E-17,1.037724974,0.119904441,623.4011507,619.8017533,552.3918135,727.1686972,1261.994391,1175.206654,1364.863072,1381.038278,7705.865809,TRUE,FALSE,NA,FALSE
hypothetical protein,LBJ_RS14085,961.9520991,0.111332644,-0.19058441,0.109120481,990.8797238,965.4323781,1101.469276,1043.457521,795.075218,879.2968244,922.2513251,997.7545269,7695.616793,FALSE,FALSE,NA,FALSE
DUF1565 domain-containing protein,LBJ_RS13380,960.271262,0.941301922,0.008561494,0.101408373,1004.003959,921.6816661,989.8861297,913.3948269,1021.971683,939.8586807,1022.140358,869.2327928,7682.170096,FALSE,FALSE,NA,FALSE
DNA polymerase III subunit delta,LBJ_RS00080,956.8844284,0.109774693,-0.252751826,0.144099737,933.1330909,974.1825205,1204.214153,1050.354785,688.1901061,910.7276612,897.279067,996.9940432,7655.075427,FALSE,FALSE,NA,FALSE
TonB-dependent receptor plug domain-containing protein,LBJ_RS01970,956.8541205,3.00939E-31,-1.187786011,0.099322214,1431.854011,1268.770648,1314.692516,1304.568232,602.8695344,624.783707,533.889656,573.4046595,7654.832964,TRUE,FALSE,NA,FALSE
bile acid:sodium symporter family protein,LBJ_RS13450,953.2292357,0.161391936,0.307851851,0.199157165,732.3322991,832.721885,1121.355381,721.2567565,882.2709671,830.2340548,1111.696042,1393.9665,7625.833886,FALSE,FALSE,NA,FALSE
glycosyltransferase family 2 protein,LBJ_RS06480,951.55583,6.52579E-05,0.600524247,0.142606347,771.7050034,628.5518957,751.2528663,872.0112425,1004.157498,1063.282211,1162.50167,1358.984253,7612.44664,TRUE,FALSE,NA,FALSE
DUF1292 domain-containing protein,LBJ_RS03645,944.4424859,0.262421394,-0.14194724,0.113475639,938.3827848,1001.891305,1020.820071,1001.088613,1021.971683,916.0939017,882.6401571,772.6513714,7555.539887,FALSE,FALSE,NA,FALSE
flippase,LBJ_RS06475,944.1753258,0.000158582,0.621025207,0.155581806,694.2720184,605.2181827,817.5398839,857.231391,961.0284179,1166.007384,1076.390435,1375.714893,7553.402606,TRUE,FALSE,NA,FALSE
TlyA family RNA methyltransferase,LBJ_RS13205,942.7666812,0.001173979,-0.439669018,0.12742492,1028.940005,1115.643156,1106.993194,1090.753046,678.8142191,771.2054101,780.1677876,969.6166324,7542.13345,TRUE,FALSE,NA,FALSE
hypothetical protein,LBJ_RS12105,942.3106651,0.000224408,-1.157778645,0.296593415,1182.493551,1109.809728,2122.289347,790.2293972,894.4596202,572.6545143,393.5283432,473.0208199,7538.485321,TRUE,FALSE,NA,FALSE
glycosyltransferase family 2 protein,LBJ_RS06545,942.2621088,0.14041728,0.204242633,0.125745844,834.7013302,870.6391688,829.6925038,967.587616,851.33054,979.722181,1039.362605,1165.060926,7538.096871,FALSE,FALSE,NA,FALSE
lytic transglycosylase domain-containing protein,LBJ_RS17860,941.4027204,0.022418917,0.510869005,0.207703244,847.825565,672.3026077,655.1366908,930.1453254,846.6425965,859.3650743,1180.58503,1539.218874,7531.221763,TRUE,FALSE,NA,FALSE
histidine kinase,LBJ_RS11045,938.1554133,2.31303E-08,-0.979756356,0.167724535,1162.807199,1322.729859,1473.781358,1020.795082,726.6312428,739.7745733,534.7507684,523.9732233,7505.243306,TRUE,FALSE,NA,FALSE
type I-E CRISPR-associated protein Cse2/CasB,LBJ_RS13505,936.4128902,0.010308313,0.422440557,0.153473163,904.2597744,777.3043165,736.8906792,782.3468097,1396.069575,988.9214503,973.918066,931.5924508,7491.303122,TRUE,FALSE,NA,FALSE
hypothetical protein,LBJ_RS06275,936.4029088,0.000106263,0.568202435,0.138789152,719.2080644,600.8431115,903.7130068,791.2147206,1080.102183,1166.007384,1031.612593,1198.522206,7491.22327,TRUE,FALSE,NA,FALSE
glycosyltransferase family protein,LBJ_RS06250,934.9907216,4.61407E-05,0.669463123,0.155903352,695.5844418,586.2595408,894.8747378,709.4328753,937.5887004,1207.404096,1165.085007,1283.696373,7479.925773,TRUE,FALSE,NA,FALSE
,LBJ_RS11765,931.4751968,1.07353E-18,0.973788233,0.10664159,656.2117376,597.9263973,572.2779188,686.7704362,1148.546158,1204.337673,1321.807455,1263.923799,7451.801574,TRUE,FALSE,NA,FALSE
ubiquinone/menaquinone biosynthesis methyltransferase,LBJ_RS17375,931.2748912,0.208277356,0.207740536,0.148656437,759.8931921,834.1802421,889.3508197,973.4995566,769.760323,1055.616153,1006.640335,1161.258508,7450.19913,FALSE,FALSE,NA,FALSE
tRNA-Phe,LBJ_RS14765,930.7817736,3.92014E-05,-0.616740346,0.142304604,1170.68174,1192.936081,1056.173147,1088.782399,556.9276881,732.8751213,838.7234273,809.1545858,7446.254189,TRUE,FALSE,NA,FALSE
ankyrin repeat domain-containing protein,LBJ_RS12355,930.6129889,7.53458E-27,-1.100755741,0.099599148,1221.866255,1330.021645,1375.455616,1150.857775,597.2440022,593.3528702,576.0841611,600.0215867,7444.903911,TRUE,FALSE,NA,FALSE
DUF3995 domain-containing protein,LBJ_RS02765,930.1660922,8.6746E-09,1.209139321,0.201126345,564.3420943,492.9246885,476.1617432,712.3888456,886.9589106,1212.003731,1463.02988,1633.518844,7441.328737,TRUE,FALSE,NA,FALSE
hypothetical protein,LBJ_RS11500,929.9662948,1.2614E-25,1.349019978,0.125131714,568.2793648,507.5082592,486.1047959,535.0306268,1559.210009,1353.059194,1269.279602,1161.258508,7439.730359,TRUE,FALSE,NA,FALSE
tRNA (adenosine(37)-N6)-threonylcarbamoyltransferase complex ATPase subunit type 1 TsaE,LBJ_RS16445,928.647662,3.86511E-15,-1.021840095,0.125399349,1145.745694,1166.685653,1472.676575,1192.24136,611.3078327,584.1536009,566.6119252,689.7586554,7429.181296,TRUE,FALSE,NA,FALSE
hypothetical protein,LBJ_RS12685,928.4967481,2.53822E-15,-0.895630321,0.109192448,1274.363194,1168.14401,1078.26882,1309.494849,710.6922349,645.4820629,608.8064303,632.7223829,7427.973985,TRUE,FALSE,NA,FALSE
hypothetical protein,LBJ_RS07490,928.2897442,7.87482E-05,-0.885977475,0.212666005,1194.305362,1071.892444,1527.915756,1023.751052,926.337636,679.9793228,486.5284768,515.6079034,7426.317953,TRUE,FALSE,NA,FALSE
YraN family protein,LBJ_RS07865,924.6155471,0.011126443,-0.584928053,0.214781727,1215.304138,726.2618192,1416.33261,1078.929164,965.7163614,702.2108903,560.5841388,731.5852552,7396.924377,TRUE,FALSE,NA,FALSE
mechanosensitive ion channel,LBJ_RS11580,922.8701777,0.557015258,0.104512786,0.153310517,828.1392128,838.5553133,940.1708665,950.8371176,694.753227,998.8873254,1041.084829,1090.53353,7382.961422,FALSE,FALSE,NA,FALSE
hypothetical protein,LBJ_RS12240,922.5829431,0.00045792,-0.472676413,0.127300375,1011.878499,1140.435226,1163.337159,973.4995566,907.585862,776.5716505,732.8066085,674.5489827,7380.663545,TRUE,FALSE,NA,FALSE
hypothetical protein,LBJ_RS03955,921.5838864,0.001579061,0.537522765,0.159793445,661.4614315,632.9269669,920.2847612,791.2147206,905.7106846,1303.229818,1083.279334,1074.563374,7372.671091,TRUE,FALSE,NA,FALSE
helix-turn-helix transcriptional regulator,LBJ_RS08475,920.9700891,2.49615E-07,-0.738953688,0.136726356,1036.814545,1274.604076,1215.26199,1081.885135,550.3645671,749.7404484,765.5288777,693.5610735,7367.760713,TRUE,FALSE,NA,FALSE
LON peptidase substrate-binding domain-containing protein,LBJ_RS08000,920.6992709,3.9729E-05,0.606227759,0.139979424,749.3938043,698.5530349,751.2528663,721.2567565,858.8312496,1093.946442,1303.724095,1188.635919,7365.594168,TRUE,FALSE,NA,FALSE
hypothetical protein,LBJ_RS14160,918.7201891,0.814788605,0.041204507,0.147970027,904.2597744,774.3876024,1090.42144,852.3047738,1030.409982,983.5552099,750.8899678,963.5327634,7349.761513,FALSE,FALSE,NA,FALSE
YceK/YidQ family lipoprotein,LBJ_RS03970,918.5869168,0.521259958,0.120951489,0.163183305,846.5131415,848.7638128,1073.849685,750.8164597,1177.611408,1000.420537,778.445563,872.2747274,7348.695334,FALSE,FALSE,NA,FALSE
GFA family protein,LBJ_RS15010,917.3932367,8.09806E-25,-1.356901282,0.127990871,1580.157864,1277.52079,1168.861077,1252.34609,552.2397445,500.5935714,466.7228928,540.7038633,7339.145893,TRUE,FALSE,NA,FALSE
hypothetical protein,LBJ_RS16925,917.1710787,7.23446E-12,-0.757377848,0.106266528,1089.311484,1117.101513,1266.082036,1137.063247,697.5659931,751.2736599,636.3620255,642.6086701,7337.36863,TRUE,FALSE,NA,FALSE
metal-sensing transcriptional repressor,LBJ_RS03295,914.9840799,0.056984888,-0.98358354,0.475248368,1304.548934,1287.72929,1527.915756,740.9632253,1157.922045,624.0171012,344.4449394,332.3313477,7319.872639,FALSE,FALSE,NA,FALSE
DNA adenine methylase,LBJ_RS10600,913.8526977,0.025838231,0.338637349,0.140919099,771.7050034,667.9275365,1000.933966,786.2881034,968.5291275,1062.515605,940.3346845,1112.587555,7310.821582,TRUE,FALSE,NA,FALSE
hypothetical protein,LBJ_RS08420,911.6511464,6.77627E-12,1.032448003,0.144672814,653.5868906,532.3003293,519.2483047,688.7410831,1004.157498,1266.432741,1357.974173,1270.768151,7293.209172,TRUE,FALSE,NA,FALSE
SAM-dependent methyltransferase,LBJ_RS04180,911.1282508,0.991867124,0.0015599,0.133500898,923.9461265,1026.683375,800.9681295,891.7177113,1000.407143,943.6917096,960.1402685,741.4715424,7289.026006,FALSE,FALSE,NA,FALSE
ATP-binding cassette domain-containing protein,LBJ_RS03860,910.1131625,0.512437529,0.109198526,0.14441313,826.8267894,858.9723122,874.9886325,941.9692066,723.8184767,1097.77947,1046.251503,910.298909,7280.9053,FALSE,FALSE,NA,FALSE
ParA family protein,LBJ_RS15320,909.3106638,4.21599E-05,0.422089058,0.097798678,816.3274016,791.8878872,688.2801996,812.8918363,1075.414239,1028.018345,1028.168144,1033.497258,7274.48531,TRUE,FALSE,NA,FALSE
riboflavin synthase,LBJ_RS11830,908.7311454,2.09151E-10,-0.794196308,0.119948534,1035.502122,1198.769509,1172.175428,1205.050565,562.5532203,739.7745733,703.5287886,652.4949574,7269.849163,TRUE,FALSE,NA,FALSE
DedA family protein,LBJ_RS03250,907.9648069,0.019734957,0.440270692,0.175421864,822.8895189,621.2601104,675.0227961,961.6756754,819.4525242,1028.784951,1079.834885,1254.797995,7263.718455,TRUE,FALSE,NA,FALSE
ferredoxin,LBJ_RS17100,907.6822298,0.050018033,0.283501713,0.133259425,805.8280138,908.5564525,909.236925,653.2694393,1028.534804,902.2949977,992.8625377,1060.874668,7261.457839,FALSE,FALSE,NA,FALSE
transposase,LBJ_RS09815,906.3794414,0.000244331,-0.649420054,0.167290927,1140.496,1179.810867,1192.061533,915.3654738,926.337636,694.5448326,632.0564637,570.362725,7251.035531,TRUE,FALSE,NA,FALSE
flippase-like domain-containing protein,LBJ_RS11955,906.3263492,1.34266E-08,0.977247466,0.164610987,577.4663291,561.4674707,542.4487608,759.6843706,910.3986281,1232.702087,1322.668567,1343.77458,7250.610793,TRUE,FALSE,NA,FALSE
hypothetical protein,LBJ_RS08295,904.5945829,0.124347477,0.216555509,0.128269264,794.0162025,735.0119616,946.7995683,870.0405956,832.578766,950.5911616,1064.334863,1043.383545,7236.756663,FALSE,FALSE,NA,FALSE
serine/threonine protein kinase,LBJ_RS06045,902.5823567,0.043936577,-0.257445397,0.117849653,980.380336,1050.017088,1058.382715,844.4221863,782.8865649,754.340083,849.0567755,901.1731054,7220.658854,TRUE,FALSE,NA,FALSE
crotonase/enoyl-CoA hydratase family protein,LBJ_RS09010,902.5344358,9.38278E-07,0.631803068,0.122859608,738.8944165,726.2618192,598.7927258,768.5522815,1007.907853,1182.872712,1184.029479,1012.9642,7220.275486,TRUE,FALSE,NA,FALSE
hypothetical protein,LBJ_RS18635,902.114506,0.582507239,-0.069596969,0.108721555,870.136764,1057.308873,892.6651706,877.9231832,816.6397581,919.9269305,856.8067867,925.5085817,7216.916048,FALSE,FALSE,NA,FALSE
hypothetical protein,LBJ_RS17420,901.6187859,1.80452E-08,0.838970074,0.142540998,687.709901,627.0935386,563.4396497,708.4475518,916.961749,1156.041509,1239.140669,1314.115718,7212.950287,TRUE,FALSE,NA,FALSE
DASS family sodium-coupled anion symporter,LBJ_RS06560,901.5538599,2.01927E-06,0.573447414,0.11496471,678.5229367,745.220461,672.8132288,802.0532784,950.7149422,1177.506471,1112.557154,1073.042407,7212.430879,TRUE,FALSE,NA,FALSE
hypothetical protein,LBJ_RS01485,901.376194,7.21612E-07,-0.728787504,0.140268664,1091.936331,1192.936081,1262.767686,949.8517941,780.0737988,732.1085156,596.7508574,604.5844885,7211.009552,TRUE,FALSE,NA,FALSE
hypothetical protein,LBJ_RS10920,899.8903883,0.831628333,-0.050894141,0.201485472,947.5697491,908.5564525,785.5011588,1021.780405,679.7518078,668.4802362,933.4457857,1254.037511,7199.123106,FALSE,FALSE,NA,FALSE
hypothetical protein,LBJ_RS05900,898.1225704,0.164328626,0.150294843,0.097893264,870.136764,794.8046013,851.7881764,886.7910941,1037.910691,930.6594114,910.1957523,902.6940727,7184.980564,FALSE,FALSE,NA,FALSE
DJ-1/PfpI family protein,LBJ_RS07720,896.9164185,0.004592715,0.365704665,0.120699921,690.3347479,816.6799573,757.8815681,870.0405956,876.6454349,1065.582028,1086.723784,1011.443232,7175.331348,TRUE,FALSE,NA,FALSE
hypothetical protein,LBJ_RS10360,894.0616326,0.003629111,0.304314488,0.09797326,849.1379884,854.597241,740.2050301,758.6990472,1034.160337,958.2572193,962.7236055,994.7125923,7152.49306,TRUE,FALSE,NA,FALSE
tRNA-Arg,LBJ_RS04235,891.6070332,0.090214866,0.302458532,0.163135201,834.7013302,863.3473834,675.0227961,821.7597472,780.0737988,1024.951922,1254.640692,878.3585964,7132.856265,FALSE,FALSE,NA,FALSE
BolA family transcriptional regulator,LBJ_RS10405,886.3484497,0.000125339,0.423380162,0.104513465,795.328626,694.1779637,725.8428429,811.9065128,985.4057241,999.6539312,1113.418266,965.0537306,7090.787598,TRUE,FALSE,NA,FALSE
TolC family protein,LBJ_RS11465,886.0113238,0.164582145,0.27171749,0.177202363,796.6410494,735.0119616,869.4647144,808.9505425,1304.185882,1028.018345,785.3344617,760.4836333,7088.09059,FALSE,FALSE,NA,FALSE
nitrogen regulatory protein P-II,LBJ_RS02065,884.4641296,0.048578711,-0.487664528,0.227842466,1051.251204,1147.727011,1039.601393,892.7030347,600.0567683,562.6886392,597.6119698,1184.073017,7075.713037,TRUE,FALSE,NA,FALSE
FecR domain-containing protein,LBJ_RS10945,884.1764428,0.807413454,0.028832773,0.099703002,925.25855,915.8482378,818.6446676,843.4368628,922.5872812,914.5606901,812.8900569,920.1851963,7073.411543,FALSE,FALSE,NA,FALSE
hypothetical protein,LBJ_RS08585,883.0967422,0.698701343,0.051486593,0.113506619,800.5783199,980.0159488,877.1981998,812.8918363,918.8369264,972.822729,895.5568423,806.8731349,7064.773937,FALSE,FALSE,NA,FALSE
hypothetical protein,LBJ_RS05785,880.1129792,3.41908E-18,1.073105729,0.119229857,538.0936248,546.8839,543.5535445,638.4895877,1044.473812,1330.06102,1223.640647,1175.707697,7040.903834,TRUE,FALSE,NA,FALSE
hypothetical protein,LBJ_RS01285,879.5900785,7.30018E-07,0.910539358,0.17533554,645.7123498,548.3422571,582.2209714,667.0639674,854.1433061,1088.580201,1116.001604,1534.655972,7036.720628,TRUE,FALSE,NA,FALSE
ATP-binding protein,LBJ_RS08160,878.5068515,0.849551545,0.048434289,0.215229242,755.9559217,872.0975258,998.7243988,828.6570113,621.6213084,719.8428231,910.1957523,1320.960071,7028.054812,FALSE,FALSE,NA,FALSE
hypothetical protein,LBJ_RS07135,878.4616548,2.05022E-08,0.712187964,0.121484739,734.9571461,618.3433962,594.3735913,715.3448159,1050.099344,1069.415057,1238.279557,1006.88033,7027.693238,TRUE,FALSE,NA,FALSE
hypothetical protein,LBJ_RS06920,877.176794,0.00043963,-0.425153013,0.114145189,1085.374214,853.138884,1011.981802,1070.061254,736.9447185,696.0780441,763.806653,800.0287822,7017.414352,TRUE,FALSE,NA,FALSE
type I 3-dehydroquinate dehydratase,LBJ_RS00195,873.1743369,0.000518718,-0.471852381,0.128233301,1094.561178,875.01424,1114.72668,973.4995566,817.5773468,685.3455633,646.6953736,777.9747568,6985.394695,TRUE,FALSE,NA,FALSE
phosphotransferase,LBJ_RS16080,872.7657642,0.372399258,-0.180126626,0.178282815,870.136764,918.764952,1036.287042,882.8498003,1090.415659,741.3077849,589.8619587,852.5021529,6982.126113,FALSE,FALSE,NA,FALSE
hypothetical protein,LBJ_RS04755,872.4822298,5.86239E-16,-1.295838831,0.154545176,1418.729777,1280.437504,1203.10937,1057.252049,623.4964858,410.9006956,465.0006681,520.9312888,6979.857838,TRUE,FALSE,NA,FALSE
glycosyltransferase,LBJ_RS06510,870.988844,0.398528227,0.135148274,0.140986892,665.3987019,829.8051709,958.9521882,866.0993019,797.8879841,1029.551556,881.7790448,938.4368035,6967.910752,FALSE,FALSE,NA,FALSE
transglycosylase domain-containing protein,LBJ_RS01325,869.1490917,0.000323233,-0.669404884,0.1758051,1072.249979,1076.267515,1152.289323,967.587616,914.1489829,670.7800535,502.8896115,596.9796521,6953.192733,TRUE,FALSE,NA,FALSE
GNAT family N-acetyltransferase,LBJ_RS05545,868.8493167,1.38738E-05,-0.523003257,0.114376129,1093.248755,927.5150944,1016.400937,1061.193343,644.1234372,663.8806015,747.4455184,796.9868477,6950.794533,TRUE,FALSE,NA,FALSE
hypothetical protein,LBJ_RS02630,868.8443694,4.07789E-05,-0.436920483,0.10103569,948.8821726,1036.891874,1058.382715,954.7784113,688.1901061,755.1066888,706.973238,801.5497495,6950.754955,TRUE,FALSE,NA,FALSE
methionine biosynthesis protein MetW,LBJ_RS10640,867.6345353,0.243849959,0.132072998,0.101817839,775.6422738,947.9320933,792.1298605,798.1119847,915.0865716,906.1280266,910.1957523,895.84972,6941.076283,FALSE,FALSE,NA,FALSE
CARDB domain protein,LBJ_RS04850,865.6899873,5.3142E-11,-1.02155,0.149586539,1206.117174,1028.141732,1046.230095,1358.761021,630.0596067,599.4857164,446.0561965,610.6683575,6925.519898,TRUE,FALSE,NA,FALSE
ABC transporter permease subunit,LBJ_RS15985,863.5950525,1.11218E-06,0.814257847,0.159395443,650.9620437,549.8006141,596.5831585,706.476905,890.7092654,982.7886041,1143.557199,1387.882631,6908.76042,TRUE,FALSE,NA,FALSE
nucleotidyltransferase family protein,LBJ_RS03380,861.5228478,0.009232419,-0.338476912,0.121252471,930.5082439,1015.016518,900.398656,1002.073936,876.6454349,802.6362469,694.9176652,669.9860809,6892.182782,TRUE,FALSE,NA,FALSE
PAS domain-containing protein,LBJ_RS09955,860.3145634,0.73031518,-0.059222318,0.146477257,884.5734223,974.1825205,888.2460361,765.5963112,1013.533385,907.6612381,735.3899455,713.333648,6882.516507,FALSE,FALSE,NA,FALSE
helix-turn-helix domain-containing protein,LBJ_RS20285,859.3706333,0.002318521,-0.482323345,0.148565462,1070.937556,936.2652368,945.6947847,1053.310755,837.2667095,610.2181973,591.5841833,829.6876439,6874.965066,TRUE,FALSE,NA,FALSE
hypothetical protein,LBJ_RS09580,857.8953847,0.00402231,0.341077932,0.110975838,661.4614315,784.5961018,764.5102698,816.83313,875.7078462,1031.851374,940.3346845,987.8682396,6863.163077,TRUE,FALSE,NA,FALSE
class I SAM-dependent methyltransferase,LBJ_RS06185,857.5380096,0.001881086,0.496238775,0.149860113,673.2732428,561.4674707,837.4259892,771.5082519,996.6567885,944.4583154,905.8901905,1169.623828,6860.304077,TRUE,FALSE,NA,FALSE
DUF1289 domain-containing protein,LBJ_RS16135,856.9595701,3.03218E-05,-0.563062229,0.128104772,986.9424533,994.5995194,1167.756294,939.0132363,736.9447185,648.548486,599.3341945,782.5376586,6855.67656,TRUE,FALSE,NA,FALSE
TonB-dependent receptor,LBJ_RS17475,856.1881309,0.753226882,0.034015743,0.092289131,817.639825,840.0136704,920.2847612,805.9945722,886.0213219,844.7995645,866.2790225,868.4723092,6849.505047,FALSE,FALSE,NA,FALSE
hypothetical protein,LBJ_RS20235,854.8285655,0.000627829,0.705603756,0.194554236,620.7763038,597.9263973,594.3735913,785.30278,811.0142259,1031.851374,1493.168812,904.21504,6838.628524,TRUE,FALSE,NA,FALSE
hypothetical protein,LBJ_RS03545,854.5647458,0.041112917,0.214971479,0.097157285,824.2019424,829.8051709,749.0432991,762.6403409,914.1489829,971.2895175,935.1680104,850.220702,6836.517966,TRUE,FALSE,NA,FALSE
hypothetical protein,LBJ_RS01795,853.9598613,3.77349E-07,-0.757533628,0.14231761,1004.003959,1179.810867,1086.002305,1023.751052,505.3603095,660.8141784,768.1122148,603.8240048,6831.67889,TRUE,FALSE,NA,FALSE
peptide-methionine (S)-S-oxide reductase MsrA,LBJ_RS14915,852.8931016,5.20213E-05,0.460083658,0.107864179,766.4553095,707.3031773,704.851954,693.6677003,1106.354666,1015.752652,909.3346399,919.4247126,6823.144813,TRUE,FALSE,NA,FALSE
redoxin domain-containing protein,LBJ_RS02125,848.4814788,0.853512071,-0.02599633,0.119118471,763.8304626,788.971173,967.7904572,902.5562691,753.8213151,893.0957284,844.7512138,873.035211,6787.85183,FALSE,FALSE,NA,FALSE
hypothetical protein,LBJ_RS17210,845.9335751,0.853512071,-0.032832207,0.150290033,875.3864579,877.9309541,750.1480827,919.3067675,674.1262756,738.2413618,975.6402907,956.6884107,6767.468601,FALSE,FALSE,NA,FALSE
hypothetical protein,LBJ_RS08275,844.6987367,1.59865E-05,0.649862855,0.143099675,606.3396455,545.4255429,798.7585623,677.9025253,927.2752247,1172.140231,1002.334774,1027.413389,6757.589893,TRUE,FALSE,NA,FALSE
response regulator,LBJ_RS05560,839.1259728,1.50664E-08,0.71045924,0.120068178,618.1514568,650.4272517,576.6970533,700.5649643,1079.164594,1174.440048,984.2514142,929.3109999,6713.007782,TRUE,FALSE,NA,FALSE
phosphate ABC transporter substrate-binding protein,LBJ_RS17770,837.4509668,1.71491E-06,0.655649394,0.130572889,669.3359723,622.7184674,669.4988779,640.4602346,838.2042982,1028.784951,1016.112571,1214.492362,6699.607735,TRUE,FALSE,NA,FALSE
PIN domain-containing protein,LBJ_RS12110,836.9981078,0.838516225,0.04276758,0.176594471,804.5155903,686.8861784,1141.241487,665.0933206,883.2085558,818.7349682,771.5566642,924.7480981,6695.984862,FALSE,FALSE,NA,FALSE
hypothetical protein,LBJ_RS03280,835.5958526,0.083710408,0.236770933,0.12515689,813.7025546,736.4703186,803.1776968,716.3301393,831.6411773,1077.84772,812.0289445,893.5682691,6684.766821,FALSE,FALSE,NA,FALSE
polysaccharide deacetylase family protein,LBJ_RS08350,834.4278819,0.091142259,0.283153597,0.153133812,753.3310748,697.0946778,645.1936381,914.3801504,800.7007502,921.4601421,1108.251592,835.0110293,6675.423055,FALSE,FALSE,NA,FALSE
dTDP-4-dehydrorhamnose reductase,LBJ_RS06530,834.31282,0.024104016,0.317647243,0.13068311,674.5856662,730.6368904,708.1663049,857.231391,770.6979117,1014.219441,952.3902573,966.5746979,6674.50256,TRUE,FALSE,NA,FALSE
LEA type 2 family protein,LBJ_RS01095,833.1232192,0.018138218,0.298886061,0.117531229,645.7123498,772.9292453,742.4145973,826.6863644,909.4610394,997.3541139,826.6678545,943.7601889,6664.985753,TRUE,FALSE,NA,FALSE
hypothetical protein,LBJ_RS11440,832.8586728,2.6655E-16,1.181387146,0.139305104,561.7172474,500.2164739,418.7129946,558.6783893,1051.036933,1120.011038,1092.75157,1359.744736,6662.869383,TRUE,FALSE,NA,FALSE
bifunctional folylpolyglutamate synthase/dihydrofolate synthase,LBJ_RS12845,832.1405188,0.431771064,0.098465504,0.109639411,837.3261772,749.5955322,743.5193809,883.8351238,781.0113875,850.165805,912.7790893,898.8916545,6657.12415,FALSE,FALSE,NA,FALSE
ABC transporter ATP-binding protein,LBJ_RS15990,831.0159969,5.86619E-06,0.674177973,0.141566157,657.5241611,611.0516109,551.2870298,740.9632253,842.8922417,1007.319989,1078.11266,1158.977057,6648.127975,TRUE,FALSE,NA,FALSE
,LBJ_RS16490,830.6100161,2.80689E-08,-0.885792481,0.152560213,1295.36197,982.9326629,1005.353101,1028.677669,515.6737852,502.8933887,597.6119698,716.3755825,6644.880129,TRUE,FALSE,NA,FALSE
hypothetical protein,LBJ_RS07445,830.4207363,8.24815E-10,-0.662213066,0.103444452,983.0051829,959.5989498,1144.555838,982.3674676,686.3149287,635.5161878,626.8897896,625.1175466,6643.365891,TRUE,FALSE,NA,FALSE
bifunctional cobalt-precorrin-7 (C(5))-methyltransferase/cobalt-precorrin-6B (C(15))-methyltransferase,LBJ_RS17575,828.8927732,1.39301E-09,0.743141199,0.11763807,565.6545178,612.509968,662.8701762,637.5042643,1016.346151,936.7922576,1198.668389,1000.796461,6631.142185,TRUE,FALSE,NA,FALSE
hypothetical protein,LBJ_RS06640,828.2944376,1.73019E-20,1.050511997,0.109524859,536.7812013,482.7161891,528.0865737,606.9592377,1167.297932,1174.440048,1066.9182,1063.156119,6626.355501,TRUE,FALSE,NA,FALSE
radical SAM family heme chaperone HemW,LBJ_RS05995,826.8047383,2.06666E-06,0.731785445,0.146856443,614.2141864,605.2181827,514.8291702,750.8164597,889.7716767,993.521085,1187.473928,1058.593218,6614.437906,TRUE,FALSE,NA,FALSE
hypothetical protein,LBJ_RS00445,825.4538029,1.13276E-09,0.818955861,0.12896009,627.3384211,485.6329032,586.6401059,686.7704362,1028.534804,987.3882388,1045.390391,1155.935123,6603.630423,TRUE,FALSE,NA,FALSE
STAS domain-containing protein,LBJ_RS12505,824.8804663,0.001936899,0.716892379,0.217085643,489.5339562,541.0504717,954.5330537,510.3975408,877.5830236,1253.400443,961.8624932,1010.682749,6599.043731,TRUE,FALSE,NA,FALSE
deoxyribodipyrimidine photolyase,LBJ_RS09700,824.3992263,9.50922E-07,-0.505548794,0.098363545,952.819443,978.5575917,1046.230095,891.7177113,721.9432993,666.9470246,683.7232046,653.255441,6595.19381,TRUE,FALSE,NA,FALSE
ABC transporter permease subunit,LBJ_RS12855,823.3066131,0.020201574,0.352094035,0.140835491,671.9608193,753.9706034,628.6218837,838.5102456,778.1986214,939.0920749,1070.362649,905.7360072,6586.452905,TRUE,FALSE,NA,FALSE
hypothetical protein,LBJ_RS01305,821.6521475,3.03467E-20,-1.384407381,0.145286805,1284.862582,1044.18366,1403.075206,1020.795082,433.1659796,407.8342725,453.8062076,525.4941906,6573.21718,TRUE,FALSE,NA,FALSE
hypothetical protein,LBJ_RS18530,820.7056795,1.0034E-06,-0.923701995,0.180102692,1040.751816,1131.685084,1182.118481,943.9398535,796.0128067,509.0262349,456.3895447,505.7216161,6565.645436,TRUE,FALSE,NA,FALSE
hypothetical protein,LBJ_RS05620,820.6896635,1.89198E-11,0.901360005,0.129035779,656.2117376,481.257832,559.0205152,592.1793862,966.6539501,1057.91597,1045.390391,1206.887526,6565.517308,TRUE,FALSE,NA,FALSE
hypothetical protein,LBJ_RS04355,818.1085932,4.3455E-11,1.121557756,0.163504301,556.4675535,463.7575472,402.1412402,637.5042643,930.0879908,1142.242605,1240.001782,1172.665763,6544.868746,TRUE,FALSE,NA,FALSE
YaaR family protein,LBJ_RS00140,816.1286032,1.35322E-05,1.029052074,0.224754173,556.4675535,450.6323336,468.4282578,671.0052612,764.1347908,918.393719,1082.418222,1617.548688,6529.028826,TRUE,FALSE,NA,FALSE
hypothetical protein,LBJ_RS04855,815.9180219,0.009120497,-0.273896957,0.097973872,841.2634476,946.4737362,890.4556033,895.659005,689.1276948,758.9397177,713.0010245,792.4239459,6527.344175,TRUE,FALSE,NA,FALSE
SRPBCC domain-containing protein,LBJ_RS01515,815.6342007,8.30487E-11,-0.873604693,0.12920739,1070.937556,946.4737362,1032.972691,1170.564244,526.9248496,532.0244082,555.4174647,689.7586554,6525.073605,TRUE,FALSE,NA,FALSE
NUDIX hydrolase,LBJ_RS00545,814.2582858,6.2193E-18,1.317288109,0.147560367,455.4109459,484.1745461,439.7038835,486.7497783,886.0213219,1147.608846,1241.724006,1372.672958,6514.066286,TRUE,FALSE,NA,FALSE
hypothetical protein,LBJ_RS07315,810.8567621,0.020481302,-0.442300051,0.177309771,807.1404372,853.138884,1260.558118,814.8624831,815.7021694,725.9756693,620.8620032,588.6143322,6486.854097,TRUE,FALSE,NA,FALSE
divalent-cation tolerance protein CutA,LBJ_RS15655,810.22492,2.40138E-07,-0.677235359,0.125137171,1059.125744,888.1394536,994.3052642,1045.428168,637.5603163,525.1249562,622.5842279,709.5312298,6481.79936,TRUE,FALSE,NA,FALSE
DUF1574 domain-containing protein,LBJ_RS07710,808.8452231,2.705E-07,0.693083869,0.128647599,615.5266099,590.634612,573.3827024,692.6823768,821.3277016,1024.185316,1087.584896,1065.43757,6470.761785,TRUE,FALSE,NA,FALSE
DUF455 family protein,LBJ_RS15475,807.6737513,1.91055E-05,0.538123002,0.119550829,636.5253855,643.1354664,638.5649364,716.3301393,871.0199027,899.9951804,932.5846733,1123.234326,6461.39001,TRUE,FALSE,NA,FALSE
ribosomal RNA small subunit methyltransferase G,LBJ_RS00180,800.7145367,0.016899931,-0.349542663,0.136012232,824.2019424,755.4289605,1007.562668,1000.103289,642.2482598,799.5698238,710.4176874,666.1836628,6405.716294,TRUE,FALSE,NA,FALSE
hypothetical protein,LBJ_RS00330,799.80004,0.000132052,-0.670522514,0.166069851,1019.75304,850.2221698,1051.754013,1007.985877,533.4879705,541.2236775,559.7230265,834.2505457,6398.40032,TRUE,FALSE,NA,FALSE
hypothetical protein,LBJ_RS14105,798.8484606,2.40889E-06,-0.494601875,0.099908434,902.9473509,915.8482378,1007.562668,911.42418,672.2510982,689.1785921,601.0564192,690.519139,6390.787685,TRUE,FALSE,NA,FALSE
hypothetical protein,LBJ_RS05350,798.6901194,2.56433E-11,0.866732997,0.124910502,612.9017629,494.3830456,575.5922696,578.384858,1070.726296,979.722181,1172.835019,904.9755236,6389.520955,TRUE,FALSE,NA,FALSE
DUF1566 domain-containing protein,LBJ_RS02575,798.5842185,0.004801264,-0.373562387,0.123900421,885.8858457,955.2238786,943.4852174,821.7597472,666.625566,773.5052274,754.3344172,587.8538485,6388.673748,TRUE,FALSE,NA,FALSE
hypothetical protein,LBJ_RS04035,796.5384361,4.24066E-11,-0.817018175,0.119038112,1081.436944,968.3490922,1103.678843,911.42418,637.5603163,551.1895525,514.084072,604.5844885,6372.307488,TRUE,FALSE,NA,FALSE
hypothetical protein,LBJ_RS14895,793.2701049,9.2344E-35,-1.534622764,0.121466134,1149.682964,1173.977439,1329.054703,1065.134636,438.7915118,410.1340899,350.4727258,428.9127692,6346.160839,TRUE,FALSE,NA,FALSE
acyltransferase,LBJ_RS13200,791.7311564,0.079556018,-0.310555427,0.162070165,980.380336,838.5553133,814.2255331,873.9818894,652.5617355,583.3869951,649.2787107,941.478738,6333.849251,FALSE,FALSE,NA,FALSE
dTDP-4-dehydrorhamnose 3%2C5-epimerase,LBJ_RS06525,789.2245925,0.00013122,0.454494914,0.112515381,686.3974775,577.5093984,640.7745036,756.7284003,869.1447253,918.393719,918.8068757,946.0416398,6313.79674,TRUE,FALSE,NA,FALSE
hypothetical protein,LBJ_RS15405,787.9713698,1.20232E-05,-0.573694864,0.124572456,1021.065464,835.6385992,947.9043519,965.6169691,601.9319457,568.8214854,618.2786661,744.513477,6303.770958,TRUE,FALSE,NA,FALSE
hypothetical protein,LBJ_RS15165,786.2885556,3.82228E-15,1.316418696,0.16151589,433.0997468,421.4651923,386.6742694,559.6637127,871.9574914,1195.138404,1172.835019,1249.474609,6290.308445,TRUE,FALSE,NA,FALSE
hypothetical protein,LBJ_RS00015,783.0417733,0.376944536,-0.110939251,0.110832807,818.9522485,749.5955322,768.9294044,913.3948269,750.0709603,687.6453806,768.1122148,807.6336185,6264.334186,FALSE,FALSE,NA,FALSE
peptidoglycan DD-metalloendopeptidase family protein,LBJ_RS05930,782.5999357,1.54695E-08,1.129813633,0.191086714,501.3457675,425.8402635,378.940784,656.2254096,847.5801852,1007.319989,1178.862805,1264.684282,6260.799486,TRUE,FALSE,NA,FALSE
hypothetical protein,LBJ_RS15970,781.0185736,0.006686119,0.437962129,0.150909241,599.7775282,616.8850392,676.1275797,759.6843706,689.1276948,896.9287573,1005.779223,1003.838396,6248.148589,TRUE,FALSE,NA,FALSE
hypothetical protein,LBJ_RS01135,779.6897053,0.086079489,-0.226942571,0.120849418,804.5155903,759.8040317,976.6287262,821.7597472,704.129114,798.0366122,657.0287218,715.6150989,6237.517642,FALSE,FALSE,NA,FALSE
Hpt domain-containing protein,LBJ_RS17995,778.6283361,3.31088E-07,-0.677559715,0.126691623,998.7542646,1019.39159,1021.924855,794.1706909,596.3064135,551.1895525,573.500824,673.7884991,6229.026689,TRUE,FALSE,NA,FALSE
helix-turn-helix transcriptional regulator,LBJ_RS09820,778.6187389,0.00115341,-0.396008652,0.114607528,837.3261772,842.9303845,1038.496609,819.7891003,657.249679,673.8464766,712.1399121,647.1715719,6228.949911,TRUE,FALSE,NA,FALSE
rod shape-determining protein MreD,LBJ_RS09540,777.4317751,3.89308E-05,0.727420869,0.167764169,513.1575788,576.0510413,552.3918135,699.5796409,705.0667027,989.6880561,1114.279379,1069.239988,6219.454201,TRUE,FALSE,NA,FALSE
hypothetical protein,LBJ_RS10540,769.4329418,3.50635E-27,1.406029682,0.126407112,456.7233694,371.881052,393.3029712,463.1020158,989.1560789,1179.806288,1232.251771,1069.239988,6155.463535,TRUE,FALSE,NA,FALSE
TlpA family protein disulfide reductase,LBJ_RS07255,767.4378163,0.067899575,0.241312776,0.121297102,640.4626559,653.3439658,768.9294044,748.8458128,886.9589106,918.393719,762.0844283,760.4836333,6139.50253,FALSE,FALSE,NA,FALSE
hypothetical protein,LBJ_RS15630,762.0597032,0.736613993,0.064107329,0.162708441,832.0764833,632.9269669,594.3735913,920.292091,728.5064202,729.8086982,760.3622036,898.1311709,6096.477625,FALSE,FALSE,NA,FALSE
MarR family transcriptional regulator,LBJ_RS01575,761.9871161,0.060805465,0.376249594,0.184431819,627.3384211,784.5961018,757.8815681,483.793808,1102.604312,774.2718332,816.3345063,749.0763788,6095.896929,FALSE,FALSE,NA,FALSE
response regulator,LBJ_RS15700,758.4567882,0.022643339,0.301748772,0.122876747,713.9583705,611.0516109,616.4692638,774.4642222,902.8979185,774.2718332,787.0566864,887.4844,6067.654306,TRUE,FALSE,NA,FALSE
hypothetical protein,LBJ_RS17845,758.3548695,0.232412178,0.152339543,0.11461388,767.767733,718.9700338,665.0797434,722.24208,757.5716699,703.7441019,857.667899,873.7956946,6066.838956,FALSE,FALSE,NA,FALSE
DNA-protecting protein DprA,LBJ_RS01820,756.2736992,0.501289602,0.104029743,0.133966236,658.8365845,729.1785333,723.6332756,804.0239253,693.8156383,705.2773134,793.9455852,941.478738,6050.189594,FALSE,FALSE,NA,FALSE
hypothetical protein,LBJ_RS13600,755.7942883,0.006639831,-0.324472292,0.111701554,820.264672,896.889596,809.8063985,834.5689519,776.3234439,639.3492167,617.4175538,651.7344737,6046.354307,TRUE,FALSE,NA,FALSE
IS5 family transposase,LBJ_RS20225,754.772292,3.31217E-33,-1.50653999,0.122120152,1099.810872,1150.643726,1258.348551,957.7343816,379.7234237,395.5685801,430.5561742,365.7926276,6038.178336,TRUE,FALSE,NA,FALSE
transporter,LBJ_RS11800,754.1866817,3.11056E-14,1.577295188,0.200204377,388.4773487,333.9637683,346.9020589,444.3808705,749.1333716,1129.976913,1128.057176,1512.601947,6033.493454,TRUE,FALSE,NA,FALSE
aminodeoxychorismate synthase component I,LBJ_RS00505,750.6282144,1.04788E-05,-0.432925703,0.093357125,838.6386006,869.1808117,855.1025273,886.7910941,642.2482598,630.9165532,598.4730821,683.6747863,6005.025715,TRUE,FALSE,NA,FALSE
flagellar biosynthetic protein FliR,LBJ_RS08930,750.465649,1.81962E-08,0.814288267,0.138393291,607.652069,490.0079744,446.3325853,631.5923237,888.834088,926.8263825,1036.779267,975.7005015,6003.725192,TRUE,FALSE,NA,FALSE
hypothetical protein,LBJ_RS16360,749.0852392,0.001399484,-0.473933931,0.139401615,857.0125293,842.9303845,904.8177905,878.9085066,701.3163479,544.2901006,522.6951955,740.7110588,5992.681914,TRUE,FALSE,NA,FALSE
queuosine precursor transporter,LBJ_RS07725,748.954759,4.28048E-08,0.720343168,0.125735541,509.2203084,516.2584016,630.831451,604.9885909,803.5135163,1005.020172,950.6680326,971.1375997,5991.638072,TRUE,FALSE,NA,FALSE
methylated-DNA--[protein]-cysteine S-methyltransferase,LBJ_RS16070,748.5848631,5.9252E-29,-1.304748523,0.113508,1120.809648,1061.683945,1058.382715,1022.765729,459.4184632,443.0981382,361.6671863,460.8530818,5988.678905,TRUE,FALSE,NA,FALSE
,LBJ_RS18870,746.7978071,0.775055984,-0.038596179,0.114857553,737.581993,810.846529,810.9111822,669.0346143,777.2610326,792.6703718,673.3898564,702.6868771,5974.382457,FALSE,FALSE,NA,FALSE
DUF1569 domain-containing protein,LBJ_RS13880,744.2579566,0.005438869,-0.352627308,0.118599382,920.0088561,710.2198914,840.7403401,867.0846253,680.6893965,679.9793228,583.8341722,671.5070482,5954.063653,TRUE,FALSE,NA,FALSE
catalase,LBJ_RS19815,743.1085528,0.106770086,-0.231732272,0.130994603,837.3261772,899.8063101,775.5581061,700.5649643,566.3035751,723.675852,726.778822,714.8546153,5944.868422,FALSE,FALSE,NA,FALSE
,LBJ_RS20310,742.0134108,0.164328626,-0.230602761,0.150244716,888.5106927,688.3445354,795.4442114,832.598305,533.4879705,662.34739,728.5010467,806.8731349,5936.107287,FALSE,FALSE,NA,FALSE
IS5 family transposase,LBJ_RS20330,741.9464955,0.121744231,-0.281749814,0.165717277,749.3938043,774.3876024,898.1890887,834.5689519,481.920592,674.6130824,839.5845397,682.9143027,5935.571964,FALSE,FALSE,NA,FALSE
DUF3052 family protein,LBJ_RS01380,741.6704348,0.107231534,-0.2033278,0.115114827,786.1416616,787.512816,744.6241646,857.231391,640.3730824,645.4820629,674.2509688,797.7473313,5933.363479,FALSE,FALSE,NA,FALSE
,LBJ_RS20810,740.0157056,3.37292E-07,0.706825991,0.13225653,494.7836501,656.26068,511.5148193,587.252769,924.4624586,932.1926229,1014.390346,799.2682986,5920.125645,TRUE,FALSE,NA,FALSE
N-acetyl neuraminic (sialic) acid synthetase,LBJ_RS05935,737.8133898,8.49998E-08,1.125052534,0.200739401,434.4121703,436.0487629,341.3781407,642.4308815,791.3248632,954.4241904,1195.22394,1107.26417,5902.507119,TRUE,FALSE,NA,FALSE
GNAT family N-acetyltransferase,LBJ_RS01805,737.423925,0.008018757,0.299942313,0.105582434,641.7750794,686.8861784,703.7471704,612.8711784,827.8908225,859.3650743,731.0843838,835.771513,5899.3914,TRUE,FALSE,NA,FALSE
oligosaccharide repeat unit polymerase,LBJ_RS06455,729.4174997,4.20144E-10,1.013956758,0.155767145,492.1588032,389.3813368,585.5353223,464.0873392,947.9021761,877.7636129,899.0012917,1179.510115,5835.339997,TRUE,FALSE,NA,FALSE
YceK/YidQ family lipoprotein,LBJ_RS15085,727.8937273,2.86681E-16,-0.90807288,0.107193895,988.2548768,947.9320933,940.1708665,922.2627379,539.1135027,441.5649267,498.5840497,545.2667651,5823.149819,TRUE,FALSE,NA,FALSE
hypothetical protein,LBJ_RS00900,726.2720915,0.031750989,0.24567606,0.105879601,636.5253855,656.26068,651.8223399,713.374169,699.4411705,844.7995645,809.4456075,798.5078149,5810.176732,TRUE,FALSE,NA,FALSE
LruC domain-containing protein,LBJ_RS17340,723.6686376,0.60659669,-0.064995653,0.108187511,766.4553095,783.1377448,691.5945505,720.2714331,638.497905,692.2450152,785.3344617,711.8126807,5789.349101,FALSE,FALSE,NA,FALSE
sensor histidine kinase,LBJ_RS09195,721.9376495,0.367083857,0.131082235,0.128300549,700.8341357,624.1768245,659.5558253,771.5082519,630.0596067,837.9001126,762.0844283,789.3820113,5775.501196,FALSE,FALSE,NA,FALSE
EAL domain-containing protein,LBJ_RS13855,721.7678745,0.681615352,0.042758508,0.08884758,725.7701818,708.7615344,704.851954,705.4915815,732.256775,741.3077849,697.5010022,758.2021824,5774.142996,FALSE,FALSE,NA,FALSE
leucine-rich repeat domain-containing protein,LBJ_RS17460,721.7318304,0.000335106,0.505907409,0.133195488,577.4663291,485.6329032,681.6514978,638.4895877,895.3972089,899.2285746,752.6121925,843.3763493,5773.854643,TRUE,FALSE,NA,FALSE
NUDIX hydrolase,LBJ_RS14375,721.3090641,5.29833E-20,1.277806985,0.134969105,421.2879355,399.5898363,372.3120823,490.6910721,855.0808948,1082.447355,1092.75157,1056.311767,5770.472513,TRUE,FALSE,NA,FALSE
hypothetical protein,LBJ_RS03245,720.8807944,0.069202362,0.238719511,0.120577459,723.1453348,653.3439658,602.1070767,668.0492909,661.9376225,782.7044967,843.0289891,832.7295784,5767.046355,FALSE,FALSE,NA,FALSE
ABC transporter ATP-binding protein,LBJ_RS15995,720.7126434,0.551921715,0.088953603,0.128982022,724.4577583,685.4278213,724.7380593,660.1667034,643.1858485,664.6472073,793.0844729,869.9932765,5765.701147,FALSE,FALSE,NA,FALSE
FAD-dependent oxidoreductase,LBJ_RS17560,719.3602622,1.03674E-07,0.710377945,0.127599824,506.5954614,571.6759701,556.810948,547.8398315,826.0156451,777.3382563,1058.307076,910.298909,5754.882098,TRUE,FALSE,NA,FALSE
,LBJ_RS10080,716.9645691,4.38429E-22,-1.253233947,0.125572535,1051.251204,1036.891874,1060.592282,891.7177113,496.9220112,400.1682148,374.5838716,423.5893837,5735.716552,TRUE,FALSE,NA,FALSE
,LBJ_RS12435,715.5630226,7.48297E-09,0.743956006,0.123227138,598.4651047,472.5076896,494.9430649,573.4582408,821.3277016,964.3900655,957.5569314,841.855382,5724.504181,TRUE,FALSE,NA,FALSE
TetR/AcrR family transcriptional regulator,LBJ_RS14100,713.0555746,4.09563E-06,-0.681694671,0.140885299,923.9461265,864.8057405,958.9521882,766.5816347,576.6170508,467.629523,493.4173756,652.4949574,5704.444597,TRUE,FALSE,NA,FALSE
hypothetical protein,LBJ_RS05435,711.9058333,0.14004545,0.216765158,0.133333772,640.4626559,672.3026077,614.2596966,707.4622284,647.873792,702.2108903,803.4178211,907.2569745,5695.246666,FALSE,FALSE,NA,FALSE
hypothetical protein,LBJ_RS15180,708.8509854,0.287396386,-0.22838151,0.191643945,591.9029873,654.8023229,1047.334878,764.6109878,545.6766236,783.4711025,599.3341945,683.6747863,5670.807883,FALSE,FALSE,NA,FALSE
alkaline phosphatase family protein,LBJ_RS05940,708.6432915,3.42659E-15,1.246717753,0.152709837,448.8488285,401.0481933,322.5968191,507.4415705,920.7121038,938.3254691,1126.334952,1003.838396,5669.146332,TRUE,FALSE,NA,FALSE
hypothetical protein,LBJ_RS14215,707.5344217,2.95221E-12,1.401459561,0.193138067,368.7909965,298.9631987,378.940784,505.4709236,736.0071298,1117.711221,1063.47375,1190.91737,5660.275373,TRUE,FALSE,NA,FALSE
DUF1566 domain-containing protein,LBJ_RS12825,703.9946786,0.726381523,0.05699006,0.138270405,668.0235489,707.3031773,800.9681295,585.2821221,641.3106711,709.8769481,681.1398676,838.0529639,5631.957428,FALSE,FALSE,NA,FALSE
hypothetical protein,LBJ_RS20605,703.5521566,0.007066873,-0.322613703,0.111871323,755.9559217,740.8453898,845.1594746,785.30278,568.1787525,589.5198413,641.5286996,701.9263935,5628.417253,TRUE,FALSE,NA,FALSE
hypothetical protein,LBJ_RS17735,700.9412589,0.175173671,-0.161323449,0.107731076,678.5229367,717.5116768,791.0250769,771.5082519,706.0042914,696.8446499,641.5286996,604.5844885,5607.530072,FALSE,FALSE,NA,FALSE
IS110 family transposase,LBJ_RS00275,696.5688492,2.37162E-33,-1.928510139,0.155951481,1165.432046,1038.350231,1124.669732,1084.841105,290.6524971,219.2492518,279.0004009,370.3555294,5572.550794,TRUE,TRUE,TRUE,TRUE
hypothetical protein,LBJ_RS10775,694.4666536,0.00829153,0.403283322,0.142528073,580.091176,481.257832,623.0979656,705.4915815,707.8794688,867.7977378,741.417732,848.6997347,5555.733228,TRUE,FALSE,NA,FALSE
thiol peroxidase,LBJ_RS14715,693.5729997,2.11932E-13,-1.183670404,0.155261008,849.1379884,1074.809158,1165.546726,763.6256644,444.417044,405.5344552,389.2227815,456.29018,5548.583998,TRUE,FALSE,NA,FALSE
hypothetical protein,LBJ_RS11305,693.1692971,5.06155E-05,0.757640519,0.177336194,486.9091093,409.7983357,505.9909011,656.2254096,659.1248564,889.2626995,992.0014254,946.0416398,5545.354377,TRUE,FALSE,NA,FALSE
hypothetical protein,LBJ_RS11320,692.6185687,0.120088747,0.286468141,0.167798553,648.3371967,476.8827608,570.0683515,799.0973081,656.3120903,729.0420925,842.1678767,819.040873,5540.94855,FALSE,FALSE,NA,FALSE
PilZ domain-containing protein,LBJ_RS08220,691.193523,0.025434043,0.331483034,0.137593191,602.4023751,527.9252581,609.8405621,706.476905,662.8752112,756.6399004,899.8624041,763.5255678,5529.548184,TRUE,FALSE,NA,FALSE
PepSY domain-containing protein,LBJ_RS10015,689.6997987,4.61286E-06,0.740909331,0.153939091,507.9078849,424.3819064,650.7175563,480.8378377,939.4638778,940.6252865,828.3900792,745.2739606,5517.598389,TRUE,FALSE,NA,FALSE
helix-turn-helix domain-containing protein,LBJ_RS16635,688.8525804,0.390238161,0.186399012,0.191293351,732.3322991,573.1343272,708.1663049,564.5903299,607.5574779,602.5521395,689.7509911,1032.736774,5510.820644,FALSE,FALSE,NA,FALSE
restriction endonuclease subunit S,LBJ_RS18255,687.3915583,4.59107E-06,-0.773786344,0.160732481,839.9510241,926.0567373,850.6833927,854.2754206,385.3489559,456.1304364,536.4729931,650.2135065,5499.132467,TRUE,FALSE,NA,FALSE
YbhB/YbcL family Raf kinase inhibitor-like protein,LBJ_RS13230,686.7061564,3.851E-11,-1.097766649,0.159593033,944.9449021,927.5150944,862.8360126,1009.956524,314.0922146,436.965292,465.0006681,532.3385433,5493.649251,TRUE,FALSE,NA,FALSE
hypothetical protein,LBJ_RS20145,685.6642733,0.000108243,-0.532027831,0.130109529,773.0174269,720.4283909,889.3508197,859.2020378,527.8624383,534.3242255,514.9451843,666.1836628,5485.314186,TRUE,FALSE,NA,FALSE
sugar phosphotransferase,LBJ_RS04985,685.1068973,8.53848E-08,0.82213272,0.146721424,459.3482163,592.0929691,470.6378251,460.1460455,722.880888,977.4223637,980.8069648,817.5199058,5480.855178,TRUE,FALSE,NA,FALSE
6-phosphogluconolactonase,LBJ_RS06310,684.6532254,7.9409E-07,0.593664135,0.114692512,531.5315074,488.5496173,615.3644802,545.8691846,837.2667095,838.6667183,743.1399567,876.8376292,5477.225803,TRUE,FALSE,NA,FALSE
hypothetical protein,LBJ_RS08230,684.4596547,1.02388E-12,1.272119852,0.171698375,393.7270426,322.2969117,540.2391936,345.8485267,912.2738055,1108.511951,978.2236278,874.5561783,5475.677237,TRUE,FALSE,NA,FALSE
rhomboid family intramembrane serine protease,LBJ_RS12975,683.9634037,4.52943E-17,1.025928391,0.117998093,440.9742877,433.1320488,415.3986437,511.3828643,861.6440157,898.4619688,881.7790448,1028.934356,5471.70723,TRUE,FALSE,NA,FALSE
NAD-dependent deacylase,LBJ_RS07715,683.2551011,0.000297019,0.593777293,0.155014179,475.097298,609.5932539,518.143521,576.4142112,616.9333649,854.7654396,883.5012695,931.5924508,5466.040809,TRUE,FALSE,NA,FALSE
response regulator,LBJ_RS01160,680.9370773,0.610364035,0.071592753,0.120241718,643.0875028,704.3864632,614.2596966,695.6383471,585.9929378,721.3760347,720.7510356,762.0046005,5447.496618,FALSE,FALSE,NA,FALSE
hypothetical protein,LBJ_RS00440,680.6369933,0.824812867,-0.036423766,0.138694974,710.0211001,574.5926843,681.6514978,789.2440737,577.5546395,637.0493994,738.8343949,736.148157,5445.095947,FALSE,FALSE,NA,FALSE
hypothetical protein,LBJ_RS12790,679.7841871,0.001643184,-0.454657169,0.135622519,763.8304626,700.011392,951.2187028,728.1540206,612.2454214,541.9902832,514.9451843,625.8780302,5438.273497,TRUE,FALSE,NA,FALSE
hypothetical protein,LBJ_RS03455,679.6358933,0.175007633,-0.23446826,0.156491865,828.1392128,596.4680403,746.8337318,766.5816347,711.6298236,587.9866298,496.0007127,703.4473608,5437.087146,FALSE,FALSE,NA,FALSE
,LBJ_RS20125,679.2867353,0.068369916,-0.396514713,0.199656242,758.5807687,787.512816,945.6947847,596.1206799,804.451105,587.9866298,458.1117693,495.8353289,5434.293882,FALSE,FALSE,NA,FALSE
helix-turn-helix transcriptional regulator,LBJ_RS13300,679.1964972,0.233352035,0.175470925,0.132300917,675.8980897,536.6754005,733.5763283,604.9885909,671.3135095,709.8769481,683.7232046,817.5199058,5433.571977,FALSE,FALSE,NA,FALSE
hypoxanthine phosphoribosyltransferase,LBJ_RS16125,678.2236592,0.323201952,0.175416071,0.157824126,555.15513,565.8425419,789.9202933,636.5189409,603.8071231,834.8336895,664.778733,774.9328223,5425.789274,FALSE,FALSE,NA,FALSE
acetyltransferase,LBJ_RS01110,676.8133778,3.45767E-14,-1.308750076,0.166418868,1164.119622,748.1371752,996.5148315,947.8811472,463.168818,396.3351859,314.3060072,384.0442348,5414.507022,TRUE,FALSE,NA,FALSE
tRNA-Ile,LBJ_RS08590,676.714914,0.042025539,-0.424023049,0.192443503,817.639825,790.4295301,802.0729132,692.6823768,396.6000203,488.327879,670.8065194,755.1602478,5413.719312,TRUE,FALSE,NA,FALSE
WGR domain-containing protein,LBJ_RS13375,676.0679135,8.59632E-05,-0.72392594,0.174649626,900.322504,866.2640976,777.7676734,825.7010409,401.2879638,434.6654747,502.8896115,699.6449426,5408.543308,TRUE,FALSE,NA,FALSE
hypothetical protein,LBJ_RS13330,675.6206726,0.964287416,0.008059336,0.151919798,640.4626559,758.3456746,697.1184686,600.0619737,631.9347841,795.7367949,747.4455184,533.8595106,5404.965381,FALSE,FALSE,NA,FALSE
hypothetical protein,LBJ_RS16350,672.3668284,0.500603314,-0.127839179,0.164361221,700.8341357,565.8425419,785.5011588,755.7430769,559.7404542,669.246842,538.1952177,803.8312004,5378.934627,FALSE,FALSE,NA,FALSE
hypothetical protein,LBJ_RS01890,669.3171996,3.90011E-17,-1.422823813,0.163312798,1015.81577,971.2658064,1027.448773,884.8204472,469.7319389,313.5417622,283.3059626,388.6071366,5354.537597,TRUE,FALSE,NA,FALSE
response regulator,LBJ_RS15055,668.9054508,0.482987718,-0.088856256,0.109847865,679.8353601,654.8023229,704.851954,718.3007862,594.4312361,737.474756,617.4175538,644.1296374,5351.243606,FALSE,FALSE,NA,FALSE
pyrimidine/purine nucleoside phosphorylase,LBJ_RS15050,668.8480077,0.005168132,-0.389723659,0.130305985,811.0777077,800.6380296,641.8792873,782.3468097,527.8624383,539.6904659,573.500824,673.7884991,5350.784062,TRUE,FALSE,NA,FALSE
hypothetical protein,LBJ_RS04505,665.86649,4.2183E-10,0.648116915,0.09957856,536.7812013,527.9252581,498.2574158,513.3535111,749.1333716,856.2986512,848.1956632,796.9868477,5326.93192,TRUE,FALSE,NA,FALSE
hypothetical protein,LBJ_RS16410,663.9478696,1.68415E-22,-1.214141813,0.120466202,933.1330909,832.721885,1010.877019,934.0866191,432.2283909,373.3370126,355.6393999,439.55954,5311.582957,TRUE,FALSE,NA,FALSE
membrane protein,LBJ_RS17500,662.1330341,0.03223373,0.290950999,0.125735897,606.3396455,602.3014685,536.9248427,637.5042643,614.1205988,721.3760347,752.6121925,825.8852257,5297.064273,TRUE,FALSE,NA,FALSE
peptide-methionine (R)-S-oxide reductase MsrB,LBJ_RS03060,661.9883364,0.538522918,-0.079151322,0.110795843,716.5832174,692.7196066,625.3075328,685.7851128,724.7560654,640.1158225,624.3064526,586.3328813,5295.906691,FALSE,FALSE,NA,FALSE
,Riboswitch2,661.2396034,0.012110751,-0.558732776,0.207504339,733.6447226,740.8453898,667.2893107,1008.9712,337.5319322,581.0871778,657.0287218,563.5183723,5289.916828,TRUE,FALSE,NA,FALSE
hypothetical protein,LBJ_RS17215,661.0804146,0.644070065,-0.065971454,0.12198659,654.8993141,628.5518957,758.9863517,662.1373503,548.4893897,656.2145438,682.0009799,697.3634917,5288.643317,FALSE,FALSE,NA,FALSE
hypothetical protein,LBJ_RS13885,659.785678,9.93307E-38,-1.633298369,0.12401449,951.5070195,1039.808589,1139.031919,862.1580081,294.4028519,324.274243,333.2504788,333.852315,5278.285424,TRUE,TRUE,TRUE,TRUE
,LBJ_RS20380,659.5318844,0.935713454,0.046401245,0.493219796,653.5868906,724.8034621,833.0068547,384.2761408,1250.743326,719.0762174,381.4727703,329.2894132,5276.255076,FALSE,FALSE,NA,FALSE
,LBJ_RS19870,653.1698398,1.90113E-17,-1.811413122,0.205918995,1063.063015,1121.476584,1098.154925,783.3321331,420.9773265,232.28155,230.7781094,275.2950752,5225.358718,TRUE,TRUE,TRUE,TRUE
GHKL domain-containing protein,LBJ_RS00650,652.6621264,0.752911929,-0.051654636,0.139884811,675.8980897,586.2595408,669.4988779,725.1980503,566.3035751,600.2523222,606.2230933,791.6634622,5221.297011,FALSE,FALSE,NA,FALSE
hypothetical protein,LBJ_RS18740,652.4263898,0.28251703,-0.148259026,0.123198501,631.2756916,670.8442506,711.4806558,729.139344,554.1149219,639.3492167,718.1676986,565.0393395,5219.411119,FALSE,FALSE,NA,FALSE
hypothetical protein,LBJ_RS04760,649.1209037,0.001115621,0.494749895,0.14279323,586.6532934,511.8833304,483.8952286,572.4729174,917.8993377,788.0707372,648.4175983,683.6747863,5192.967229,TRUE,FALSE,NA,FALSE
hypothetical protein,LBJ_RS12420,647.7347039,0.004451679,0.494358223,0.162610853,489.5339562,449.1739765,688.2801996,523.2067455,614.1205988,808.7690931,777.5844506,831.2086112,5181.877632,TRUE,FALSE,NA,FALSE
hypothetical protein,LBJ_RS03100,647.3126541,0.055761706,-0.446766104,0.214819568,759.8931921,730.6368904,874.9886325,620.7537659,808.2014598,539.6904659,457.250657,387.0861693,5178.501233,FALSE,FALSE,NA,FALSE
FtsX-like permease family protein,LBJ_RS11435,646.4686938,1.18069E-05,0.490694483,0.106446735,552.530283,506.0499021,531.4009246,558.6783893,791.3248632,707.5771307,821.5011804,702.6868771,5171.74955,TRUE,FALSE,NA,FALSE
hypothetical protein,LBJ_RS01640,645.715986,3.11312E-08,0.769700472,0.133006692,513.1575788,420.0068352,404.3508075,570.5022705,817.5773468,837.1335068,793.0844729,809.9150694,5165.727888,TRUE,FALSE,NA,FALSE
TonB-dependent siderophore receptor,LBJ_RS20265,645.6342216,0.05556122,0.293056037,0.140799338,564.3420943,548.3422571,631.9362346,576.4142112,597.2440022,638.5826109,746.5844061,861.6279565,5165.073773,FALSE,FALSE,NA,FALSE
sulfate ABC transporter permease subunit CysW,LBJ_RS11810,644.9945111,0.00427078,0.551556207,0.180626674,426.5376294,606.6765397,665.0797434,395.1146986,769.760323,710.6435538,876.6123707,709.5312298,5159.956089,TRUE,FALSE,NA,FALSE
hypothetical protein,LBJ_RS01990,642.8814352,1.86186E-20,-1.005378503,0.104911981,951.5070195,803.5547437,852.89296,824.7157175,436.9163344,431.5990516,442.6117471,399.2539075,5143.051481,TRUE,FALSE,NA,FALSE
,LBJ_RS10960,641.3265801,2.12241E-13,0.852057733,0.111771051,427.8500529,427.2986205,451.8565034,519.2654518,850.3929513,868.5643436,818.056731,767.327986,5130.61264,TRUE,FALSE,NA,FALSE
PaaI family thioesterase,LBJ_RS08225,640.6353596,0.11941867,0.204049498,0.119298656,669.3359723,548.3422571,528.0865737,635.5336174,659.1248564,724.4424578,719.8899233,640.3272192,5125.082877,FALSE,FALSE,NA,FALSE
site-2 protease family protein,LBJ_RS00305,640.154161,0.183712134,-0.180176446,0.122473825,687.709901,681.0527501,663.9749598,686.7704362,720.0681219,576.4875431,528.7229819,576.446594,5121.233288,FALSE,FALSE,NA,FALSE
multidrug efflux SMR transporter,LBJ_RS13550,639.7069995,1.85181E-13,-0.817031569,0.106912125,790.0789321,767.095817,784.3963751,921.2774144,482.8581807,443.0981382,458.1117693,470.739369,5117.655996,TRUE,FALSE,NA,FALSE
alpha/beta hydrolase,LBJ_RS12410,638.7671239,5.61885E-13,1.080082399,0.144155124,410.7885477,364.5892667,349.1116261,514.3388346,805.3886937,827.9342375,910.1957523,927.7900326,5110.136991,TRUE,FALSE,NA,FALSE
helix-turn-helix transcriptional regulator,LBJ_RS13890,637.5595098,0.847795926,-0.026616377,0.11652958,713.9583705,560.0091136,640.7745036,658.1960565,659.1248564,660.8141784,565.7508129,641.8481865,5100.476078,FALSE,FALSE,NA,FALSE
hypothetical protein,LBJ_RS10165,635.3843211,0.087648799,-0.294631253,0.157715967,690.3347479,660.6357512,782.1868079,666.078644,691.9404609,640.8824283,504.6118362,446.4038927,5083.074569,FALSE,FALSE,NA,FALSE
phosphatase PAP2 family protein,LBJ_RS00235,635.085107,1.92027E-05,0.718101447,0.159579631,489.5339562,406.8816216,468.4282578,554.7370955,613.1830101,747.4406311,901.5846288,898.8916545,5080.680856,TRUE,FALSE,NA,FALSE
,LBJ_RS18745,635.0554211,0.512437529,0.102725092,0.135877712,590.5905638,539.5921147,689.3849832,628.6363534,613.1830101,685.3455633,766.3899901,567.3207904,5080.443369,FALSE,FALSE,NA,FALSE
GMC family oxidoreductase,LBJ_RS15430,634.3160426,5.54097E-09,-0.546160368,0.089707603,732.3322991,749.5955322,749.0432991,780.3761628,509.1106643,521.2919273,520.9729708,511.8054852,5074.528341,TRUE,FALSE,NA,FALSE
TIGR00730 family Rossman fold protein,LBJ_RS01185,632.3897072,0.207713432,-0.183176412,0.13088091,673.2732428,669.3858936,702.6423867,645.3868518,476.2950598,577.2541489,676.8343058,638.0457683,5059.117658,FALSE,FALSE,NA,FALSE
DUF4263 domain-containing protein,LBJ_RS12095,630.0126563,0.059059861,-0.530868311,0.258584276,738.8944165,567.3008989,1099.259709,572.4729174,705.0667027,555.7891872,316.8893442,484.4280744,5040.10125,FALSE,FALSE,NA,FALSE
DUF4349 domain-containing protein,LBJ_RS11665,627.7034127,7.75725E-14,0.994669651,0.128215962,444.9115581,344.1722677,416.5034274,469.9992799,767.8851456,801.8696411,909.3346399,866.9513419,5021.627302,TRUE,FALSE,NA,FALSE
DUF4505 family protein,LBJ_RS10525,626.8610458,0.102063015,-0.353965979,0.197518371,623.4011507,748.1371752,935.751732,506.4562471,593.4936474,647.0152745,521.8340831,438.7990564,5014.888366,FALSE,FALSE,NA,FALSE
,LBJ_RS20750,626.4042566,0.00023843,-0.666780329,0.171471715,728.3950287,657.719037,803.1776968,884.8204472,385.3489559,417.0335418,514.9451843,619.7941611,5011.234053,TRUE,FALSE,NA,FALSE
hypothetical protein,LBJ_RS13810,626.3972977,8.40099E-08,0.882784723,0.157449714,547.2805891,368.9643379,353.5307606,491.6763955,841.954653,867.031132,793.9455852,746.7949279,5011.178381,TRUE,FALSE,NA,FALSE
FAD-dependent oxidoreductase,LBJ_RS20790,623.3673814,0.191419519,0.259515904,0.179246948,538.0936248,581.8844696,510.4100356,639.4749112,476.2950598,712.1767654,872.3068089,656.2973755,4986.939051,FALSE,FALSE,NA,FALSE
hypothetical protein,LBJ_RS00590,623.3320311,0.000285618,0.580393441,0.151089294,472.4724511,418.5484781,489.4191467,615.8271487,668.5007434,696.8446499,747.4455184,877.5981128,4986.656249,TRUE,FALSE,NA,FALSE
hypothetical protein,LBJ_RS00790,619.8932251,5.26072E-05,-0.851116962,0.199664707,665.3987019,825.4300997,1048.439662,651.2987924,470.6695276,569.5880912,362.5282987,365.7926276,4959.145801,TRUE,FALSE,NA,FALSE
DMT family protein,LBJ_RS06130,618.8008934,0.196169824,0.355111014,0.247763271,542.0308952,592.0929691,756.7767845,281.8025032,807.2638711,706.0439192,719.8899233,544.5062814,4950.407147,FALSE,FALSE,NA,FALSE
hypothetical protein,LBJ_RS02675,617.5195477,0.880511258,0.022490487,0.1272257,599.7775282,523.5501869,631.9362346,692.6823768,687.2525174,550.4229468,635.5009131,619.0336775,4940.156381,FALSE,FALSE,NA,FALSE
hypothetical protein,LBJ_RS04940,617.3168966,0.010764612,0.307254407,0.112325389,552.530283,473.9660467,594.3735913,584.2967987,677.8766304,719.8428231,639.8064749,695.8425244,4938.535173,TRUE,FALSE,NA,FALSE
nucleotidyltransferase domain-containing protein,LBJ_RS14000,613.7180065,0.000360566,0.571687309,0.151277572,479.0345684,485.6329032,420.9225619,588.2380924,668.5007434,623.2504954,852.5012249,791.6634622,4909.744052,TRUE,FALSE,NA,FALSE
helicase,LBJ_RS18335,613.0486271,5.01913E-19,-1.330233444,0.144327028,791.3913555,924.5983802,1029.65834,762.6403409,375.0354802,295.9098293,387.5005568,337.6547332,4904.389016,TRUE,FALSE,NA,FALSE
membrane protein,LBJ_RS03960,611.6364485,0.327136729,0.139260208,0.126393036,628.6508446,498.7581168,564.5444334,635.5336174,565.3659864,688.4119864,689.7509911,622.075612,4893.091588,FALSE,FALSE,NA,FALSE
(2Fe-2S) ferredoxin domain-containing protein,LBJ_RS01080,610.4949986,1.44356E-06,-0.583007129,0.1153153,796.6410494,717.5116768,684.9658487,729.139344,559.7404542,485.2614559,458.9728817,451.7272782,4883.959989,TRUE,FALSE,NA,FALSE
DUF962 domain-containing protein,LBJ_RS13530,609.9258685,2.26312E-05,-0.920498112,0.206234163,796.6410494,637.3020381,1078.26882,679.8731721,503.4851321,486.7946674,303.1115466,393.930522,4879.406948,TRUE,FALSE,NA,FALSE
,LBJ_RS16085,608.7459984,3.35264E-06,-0.633217554,0.129722961,736.2695696,756.8873176,728.0524102,739.9779018,489.4213016,398.6350032,450.3617582,570.362725,4869.967987,TRUE,FALSE,NA,FALSE
GNAT family N-acetyltransferase,LBJ_RS14170,608.7227687,9.61559E-46,-2.005514717,0.137913077,885.8858457,1131.685084,1015.296153,866.0993019,260.6496587,207.7501651,238.5281205,263.8878207,4869.78215,TRUE,TRUE,TRUE,TRUE
hypothetical protein,LBJ_RS09850,607.2542011,4.99704E-11,1.409221407,0.206064331,300.5449758,312.0884123,319.2824682,396.100022,546.6142123,872.3973725,1072.945986,1038.060159,4858.033609,TRUE,FALSE,NA,FALSE
hypothetical protein,LBJ_RS01895,605.446,5.02041E-08,-0.956237669,0.167746657,902.9473509,742.3037469,771.1389716,780.3761628,415.3517943,357.2382914,328.9449171,545.2667651,4843.568,TRUE,FALSE,NA,FALSE
globin,LBJ_RS02900,605.2460018,0.127810784,-0.216753173,0.129491895,650.9620437,581.8844696,641.8792873,727.1686972,476.2950598,554.2559756,569.1952623,640.3272192,4841.968015,FALSE,FALSE,NA,FALSE
leucyl/phenylalanyl-tRNA--protein transferase,LBJ_RS00495,604.9330144,0.148795164,-0.352569217,0.221416914,648.3371967,647.5105376,814.2255331,603.017944,786.6369197,555.7891872,409.0283655,374.9184312,4839.464115,FALSE,FALSE,NA,FALSE
ATP--guanido phosphotransferase,LBJ_RS15250,602.4407589,0.115741649,0.228788317,0.132466675,548.5930126,529.3836152,605.4214276,536.0159502,554.1149219,623.2504954,643.2509243,779.4957241,4819.526071,FALSE,FALSE,NA,FALSE
hypothetical protein,LBJ_RS17465,602.0662753,0.226757598,-0.260050028,0.19351354,637.8378089,718.9700338,764.5102698,503.5002768,729.4440089,571.8879085,447.7784212,442.6014746,4816.530203,FALSE,FALSE,NA,FALSE
lipoprotein LipL36,LBJ_RS13955,601.431166,0.675303958,-0.058962714,0.120058038,573.5290587,581.8844696,666.184527,632.5776471,542.8638575,680.7459286,583.8341722,549.8296669,4811.449328,FALSE,FALSE,NA,FALSE
HlyD family efflux transporter periplasmic adaptor subunit,LBJ_RS13570,601.3548346,0.007061915,0.611377007,0.211976381,475.097298,473.9660467,509.305252,444.3808705,1069.788707,756.6399004,568.3341499,513.3264525,4810.838677,TRUE,FALSE,NA,FALSE
SpoIIE family protein phosphatase,LBJ_RS11775,595.4809006,2.08328E-05,-0.585490054,0.130628775,687.709901,771.4708882,714.7950066,684.7997893,557.8652768,506.7264176,404.7228037,435.7571219,4763.847205,TRUE,FALSE,NA,FALSE
hypothetical protein,LBJ_RS08345,589.373541,0.102938873,0.27927133,0.156236919,531.5315074,463.7575472,470.6378251,662.1373503,618.8085423,605.6185626,778.445563,584.0514304,4714.988328,FALSE,FALSE,NA,FALSE
hypothetical protein,LBJ_RS08445,588.8176279,5.79255E-08,1.004538586,0.177022983,362.2288791,371.881052,464.0091233,368.5109658,601.9319457,974.3559406,893.8346176,673.7884991,4710.541023,TRUE,FALSE,NA,FALSE
GNAT family N-acetyltransferase,LBJ_RS02740,588.381188,3.00958E-07,-0.598230888,0.111458972,641.7750794,752.5122464,782.1868079,658.1960565,481.920592,476.8287923,471.0284546,442.6014746,4707.049504,TRUE,FALSE,NA,FALSE
hypothetical protein,LBJ_RS17885,588.2054412,0.000412234,0.470608414,0.125758481,510.5327318,485.6329032,522.5626555,454.2341049,645.9986146,585.6868124,733.6677208,767.327986,4705.643529,TRUE,FALSE,NA,FALSE
M48 family metallopeptidase,LBJ_RS07495,586.9966392,0.321730743,-0.140004166,0.125500988,594.5278343,541.0504717,634.1458019,690.71173,490.3588903,544.2901006,586.4175093,614.4707757,4695.973114,FALSE,FALSE,NA,FALSE
class I SAM-dependent RNA methyltransferase,LBJ_RS00460,585.0117105,0.669911378,-0.067759174,0.135573988,584.0284465,592.0929691,636.3553691,583.3114752,450.0425762,660.0475727,592.4452957,581.7699795,4680.093684,FALSE,FALSE,NA,FALSE
helix-turn-helix transcriptional regulator,LBJ_RS04805,584.9142722,0.000756806,-0.536175215,0.150020496,636.5253855,584.8011837,834.1116383,713.374169,394.7248429,535.0908313,491.6951509,488.9909762,4679.314178,TRUE,FALSE,NA,FALSE
,LBJ_RS11780,582.4403378,1.50205E-07,0.617853575,0.112344136,480.3469919,452.0906907,460.6947724,446.3515174,635.6851389,727.5088809,668.2231824,788.6215277,4659.522702,TRUE,FALSE,NA,FALSE
tRNA (adenosine(37)-N6)-threonylcarbamoyltransferase complex dimerization subunit type 1 TsaB,LBJ_RS16450,581.5115378,0.000304339,-0.590124675,0.154310134,665.3987019,640.2187522,819.7494512,670.0199378,420.9773265,431.5990516,412.4728149,591.6562667,4652.092303,TRUE,FALSE,NA,FALSE
helix-turn-helix transcriptional regulator,LBJ_RS09830,581.4510384,7.93288E-06,0.838915403,0.178581236,384.5400782,385.0062656,549.0774626,348.804497,869.1447253,826.4010259,601.9175315,686.7167209,4651.608307,TRUE,FALSE,NA,FALSE
EAL domain-containing protein,LBJ_RS01960,580.7559727,0.077461277,0.352095655,0.182594653,472.4724511,571.6759701,612.0501293,385.2614642,786.6369197,684.5789575,626.8897896,506.4820998,4646.047781,FALSE,FALSE,NA,FALSE
class I SAM-dependent methyltransferase,LBJ_RS12395,578.8763131,0.011040821,0.701649428,0.257384654,426.5376294,408.3399787,382.2551349,545.8691846,430.3532135,515.9256869,865.4179101,1056.311767,4631.010505,TRUE,FALSE,NA,FALSE
polyphosphate kinase,LBJ_RS13945,577.1428087,7.71625E-08,0.697909618,0.124128391,450.161252,373.3394091,444.123018,490.6910721,768.8227343,736.7081502,634.6398008,718.6570334,4617.14247,TRUE,FALSE,NA,FALSE
precorrin-8X methylmutase,LBJ_RS17570,576.545743,1.92411E-08,0.781389348,0.133030843,362.2288791,472.5076896,434.1799654,427.630372,702.2539366,653.9147265,851.6401126,708.0102626,4612.365944,TRUE,FALSE,NA,FALSE
hypothetical protein,LBJ_RS08115,575.9966724,2.07631E-19,1.241334527,0.13326466,326.7934453,351.4640531,359.0546788,333.039322,685.37734,783.4711025,806.0011581,962.7722797,4607.973379,TRUE,FALSE,NA,FALSE
,LBJ_RS11315,575.4081139,7.71759E-07,0.760493644,0.146756248,448.8488285,396.6731221,355.7403279,506.4562471,633.8099615,690.7118037,831.8345286,739.1900915,4603.264911,TRUE,FALSE,NA,FALSE
M23 family metallopeptidase,LBJ_RS05505,574.6740526,0.057955342,0.239825754,0.116320255,514.4700023,525.008544,517.0387374,551.7811252,530.6752044,616.3510435,662.1953959,679.8723682,4597.392421,FALSE,FALSE,NA,FALSE
ATPase,LBJ_RS04710,573.5096208,0.00018627,-0.576952081,0.146050379,671.9608193,805.0131008,719.2141411,551.7811252,451.9177536,408.6008783,527.8618696,451.7272782,4588.076966,TRUE,FALSE,NA,FALSE
IS5 family transposase,LBJ_RS20590,572.5237266,1.59373E-11,-1.107184569,0.157909056,858.3249528,713.1366056,800.9681295,755.7430769,392.8496655,308.1755217,296.2226478,454.7692127,4580.189812,TRUE,FALSE,NA,FALSE
hypothetical protein,LBJ_RS04110,572.1463098,0.194066742,0.343035214,0.238257264,531.5315074,420.0068352,425.3416964,640.4602346,484.7333581,469.1627346,629.4731267,976.4609851,4577.170478,FALSE,FALSE,NA,FALSE
hypothetical protein,LBJ_RS18235,572.0071386,0.012366758,0.477753394,0.17792353,405.5388538,494.3830456,566.7540006,446.3515174,471.6071163,689.9451979,705.2510133,796.226364,4576.057109,TRUE,FALSE,NA,FALSE
porin,LBJ_RS14910,571.9143028,0.002908669,-0.341280889,0.107443124,683.7726306,611.0516109,676.1275797,586.2674455,533.4879705,508.2596291,467.5840052,508.7635507,4575.314422,TRUE,FALSE,NA,FALSE
,LBJ_RS08170,570.8558765,0.010933538,0.417651936,0.153007442,475.097298,581.8844696,414.2938601,485.7644549,526.9248496,646.2486687,762.0844283,674.5489827,4566.847012,TRUE,FALSE,NA,FALSE
RNA methyltransferase,LBJ_RS04175,570.0655935,0.147667888,0.18360976,0.11502304,490.8463797,554.1756853,533.6104918,555.722419,648.8113807,617.884255,635.5009131,523.9732233,4560.524748,FALSE,FALSE,NA,FALSE
alpha/beta hydrolase,LBJ_RS03950,569.8333359,9.85294E-12,-0.968725643,0.136802673,700.8341357,735.0119616,887.1412524,693.6677003,430.3532135,383.3028877,323.778243,404.5772929,4558.666687,TRUE,FALSE,NA,FALSE
hypothetical protein,LBJ_RS03140,563.5124546,0.000109858,-0.44424852,0.108739888,710.0211001,613.968325,670.6036616,604.0032674,459.4184632,463.7964941,520.1118584,466.1764672,4508.099637,TRUE,FALSE,NA,FALSE
hypothetical protein,LBJ_RS07265,563.2551655,8.15492E-07,1.434445276,0.277412789,262.484695,272.7127715,283.9293921,397.0853455,501.6099547,591.8196586,827.5289668,1368.87054,4506.041324,TRUE,FALSE,NA,FALSE
hypothetical protein,LBJ_RS16420,562.2160428,6.12201E-08,1.128091518,0.199171256,405.5388538,275.6294856,345.7972752,384.2761408,572.866696,674.6130824,788.7789111,1050.227898,4497.728342,TRUE,FALSE,NA,FALSE
hypothetical protein,LBJ_RS12985,558.2796873,2.30024E-05,-0.563995613,0.126469593,653.5868906,700.011392,741.3098137,570.5022705,446.2922214,446.9311671,406.4450284,501.1587143,4466.237498,TRUE,FALSE,NA,FALSE
MBOAT family protein,LBJ_RS09590,557.2473993,5.09705E-08,0.631452082,0.110825784,423.9127825,406.8816216,423.1321291,492.6617189,681.6269852,632.4497647,679.4176429,717.8965498,4457.979195,TRUE,FALSE,NA,FALSE
MATE family efflux transporter,LBJ_RS00315,554.7362123,4.5808E-21,-1.120718286,0.115116769,773.0174269,751.0538893,806.4920477,710.4181987,318.7801581,332.7069065,346.1671641,399.2539075,4437.889699,TRUE,FALSE,NA,FALSE
,LBJ_RS20715,554.5009939,0.000483333,-0.577241272,0.156070813,590.5905638,720.4283909,718.1093575,627.6510299,334.7191661,439.2651093,526.1396449,479.104689,4436.007951,TRUE,FALSE,NA,FALSE
septum formation protein Maf,LBJ_RS16580,553.4285713,0.014888949,0.308992737,0.118066827,460.6606398,434.5904059,504.8861175,574.4435643,600.994357,619.4174666,628.6120143,603.8240048,4427.42857,TRUE,FALSE,NA,FALSE
class I SAM-dependent methyltransferase,LBJ_RS08035,552.860099,1.98758E-12,0.76391314,0.104454553,385.8525017,383.5479085,435.284749,432.5569892,692.8780496,703.7441019,660.4731712,728.5433207,4422.880792,TRUE,FALSE,NA,FALSE
tetratricopeptide repeat protein,LBJ_RS12200,550.3887193,0.937224857,0.043077268,0.470660757,908.1970448,659.1773941,255.2050178,346.8338501,523.1744948,497.5271483,371.1394222,841.855382,4403.109754,FALSE,FALSE,NA,FALSE
acyl-CoA thioesterase,LBJ_RS15925,544.7175325,1.53289E-05,0.992381358,0.218072649,381.9152313,307.7133411,298.2915793,469.0139564,493.1716564,652.3815149,787.9177988,967.3351815,4357.74026,TRUE,FALSE,NA,FALSE
hypothetical protein,LBJ_RS12910,544.6868726,0.001114388,0.40464657,0.116772428,419.9755121,475.4244037,447.4373689,531.089333,580.3674056,610.2181973,671.6676318,621.3151284,4357.494981,TRUE,FALSE,NA,FALSE
long-chain fatty acid--CoA ligase,LBJ_RS10120,543.8150762,0.070400082,0.207045579,0.104993789,461.9730633,478.3411179,540.2391936,537.0012736,568.1787525,574.1877258,582.9730599,607.626423,4350.520609,FALSE,FALSE,NA,FALSE
class I SAM-dependent methyltransferase,LBJ_RS17055,543.6153079,0.004854114,0.40554222,0.134670066,440.9742877,482.7161891,464.0091233,482.8084846,580.3674056,518.2255042,737.9732826,641.8481865,4348.922463,TRUE,FALSE,NA,FALSE
,LBJ_RS10160,541.895289,0.050858445,-0.41661255,0.196495253,614.2141864,704.3864632,553.4965971,605.9739143,665.6879773,458.4302537,376.3060962,356.666824,4335.162312,FALSE,FALSE,NA,FALSE
hypothetical protein,LBJ_RS18700,538.5016998,0.233532286,-0.155065786,0.11697164,615.5266099,549.8006141,588.8496732,516.3094814,515.6737852,475.2955808,476.1951287,570.362725,4308.013598,FALSE,FALSE,NA,FALSE
nucleotide pyrophosphohydrolase,LBJ_RS17390,536.7010348,0.009727007,0.508621134,0.183390373,460.6606398,484.1745461,343.587708,484.7791314,463.168818,578.7873605,716.4454739,762.0046005,4293.608278,TRUE,FALSE,NA,FALSE
hypothetical protein,LBJ_RS08130,535.503457,2.23278E-16,1.30232616,0.153158228,290.045588,363.1309096,275.0911231,309.3915595,622.5588971,707.5771307,824.9456298,891.2868182,4284.027656,TRUE,FALSE,NA,FALSE
tRNA-Arg,LBJ_RS02085,535.3869569,0.062253659,-0.434080648,0.213915976,708.7086766,700.011392,377.8360004,675.9318784,330.9688112,499.8269656,491.6951509,498.1167798,4283.095655,FALSE,FALSE,NA,FALSE
hypothetical protein,LBJ_RS14860,535.049891,0.007108231,0.399619369,0.138670394,469.8476041,418.5484781,435.284749,521.2360986,495.9844225,602.5521395,663.9176206,673.0280155,4280.399128,TRUE,FALSE,NA,FALSE
ABC transporter permease,LBJ_RS03880,534.1591374,6.6967E-06,0.629288963,0.132927192,430.4748999,401.0481933,371.2072987,474.9258971,548.4893897,689.1785921,648.4175983,709.5312298,4273.273099,TRUE,FALSE,NA,FALSE
GNAT family N-acetyltransferase,LBJ_RS15665,533.0608659,5.3395E-07,-0.865128524,0.164624945,677.2105132,700.011392,597.6879422,778.4055159,351.5957627,305.8757044,361.6671863,492.0329107,4264.486927,TRUE,FALSE,NA,FALSE
hypothetical protein,LBJ_RS20210,532.1470393,9.12973E-14,-1.015369987,0.131245366,673.2732428,718.9700338,785.5011588,671.0052612,312.2170372,314.3083679,372.0005345,409.9006783,4257.176315,TRUE,FALSE,NA,FALSE
hypothetical protein,LBJ_RS10170,532.1174532,0.000244081,-0.619582111,0.15958767,605.0272221,653.3439658,730.2619774,589.2234159,524.1120835,447.6977729,371.1394222,336.1337659,4256.939626,TRUE,FALSE,NA,FALSE
heavy-metal-associated domain-containing protein,LBJ_RS03300,531.4843007,0.145046244,-0.785888786,0.489322905,707.3962531,752.5122464,795.4442114,435.5129595,774.4482665,375.63683,217.0003118,193.9233265,4251.874405,FALSE,FALSE,NA,FALSE
alginate export family protein,LBJ_RS01235,528.4678706,7.88087E-11,-1.132127222,0.167236955,782.2043912,691.2612496,736.8906792,691.6970534,452.8553423,310.4753391,276.4170638,285.9418461,4227.742965,TRUE,FALSE,NA,FALSE
MotA/TolQ/ExbB proton channel family protein,LBJ_RS03990,524.467483,0.122402527,-0.193416958,0.113978732,555.15513,577.5093984,580.0114041,526.1627158,529.7376157,515.9256869,424.5283878,486.7095253,4195.739864,FALSE,FALSE,NA,FALSE
hypothetical protein,LBJ_RS00260,523.4123115,0.01757604,-0.378197351,0.148041415,494.7836501,539.5921147,680.5467142,650.313469,417.2269717,404.7678494,475.3340163,524.733707,4187.298492,TRUE,FALSE,NA,FALSE
,LBJ_RS03075,523.2444417,0.690496381,-0.062236677,0.133589627,570.9042117,436.0487629,546.8678953,582.3261518,560.6780429,548.1231294,471.0284546,469.9788854,4185.955534,FALSE,FALSE,NA,FALSE
hypothetical protein,LBJ_RS08995,521.9248751,4.94873E-07,0.786650016,0.149267621,384.5400782,331.0470541,417.608211,398.0706689,588.8057039,827.9342375,598.4730821,628.9199647,4175.399,TRUE,FALSE,NA,FALSE
DUF4340 domain-containing protein,LBJ_RS08060,521.8887055,0.917678539,0.01491368,0.124095029,506.5954614,513.3416875,570.0683515,486.7497783,495.9844225,455.3638306,574.3619364,572.6441759,4175.109644,FALSE,FALSE,NA,FALSE
YIP1 family protein,LBJ_RS17740,521.7069859,5.99807E-16,0.971739568,0.115940129,367.478573,326.6719829,362.3690296,352.7457908,621.6213084,770.4388043,667.36207,704.968328,4173.655887,TRUE,FALSE,NA,FALSE
hypothetical protein,LBJ_RS01165,520.527871,0.689924521,0.06887471,0.14734257,549.9054361,494.3830456,459.5899888,529.1186861,519.42414,504.4266002,443.4728594,663.9022119,4164.222968,FALSE,FALSE,NA,FALSE
hypothetical protein,LBJ_RS02155,519.5011422,6.20378E-20,-1.370466783,0.145017478,787.4540851,729.1785333,842.9499074,636.5189409,352.5333514,258.3461463,272.9726144,276.0555589,4156.009138,TRUE,FALSE,NA,FALSE
nicotinate (nicotinamide) nucleotide adenylyltransferase,LBJ_RS13740,518.1015531,0.616263894,0.071284554,0.121825045,531.5315074,473.9660467,525.8770064,488.7204252,623.4964858,510.5594464,505.4729485,485.188558,4144.812424,FALSE,FALSE,NA,FALSE
hypothetical protein,LBJ_RS17950,517.8069656,0.083495257,0.286925012,0.151563454,488.2215328,462.2991901,424.2369127,491.6763955,432.2283909,561.1554276,674.2509688,608.3869066,4142.455725,FALSE,FALSE,NA,FALSE
hypothetical protein,LBJ_RS05355,516.7822951,2.76923E-06,0.745310998,0.151432827,423.9127825,325.2136259,380.0455677,413.8358439,706.9418801,608.6849857,750.8899678,524.733707,4134.258361,TRUE,FALSE,NA,FALSE
precorrin-3B C(17)-methyltransferase,LBJ_RS17590,516.3051234,1.06643E-08,0.903052127,0.151110614,380.6028078,304.7966269,362.3690296,390.1880814,550.3645671,620.9506781,795.6678099,725.5013861,4130.440987,TRUE,FALSE,NA,FALSE
DUF1579 domain-containing protein,LBJ_RS09755,516.2999365,0.000113335,0.54651253,0.134039765,446.2239816,396.6731221,415.3986437,420.733108,518.4865513,571.1213027,635.5009131,726.2618698,4130.399492,TRUE,FALSE,NA,FALSE
sigma-70 family RNA polymerase sigma factor,LBJ_RS15765,515.9863539,0.002274044,-0.612770222,0.188376937,612.9017629,491.4663315,825.2733693,565.5756533,430.3532135,378.7032531,325.5004677,498.1167798,4127.890831,TRUE,FALSE,NA,FALSE
,LBJ_RS08650,514.7339063,0.021031763,0.363033151,0.146152933,448.8488285,393.756408,466.2186906,491.6763955,447.2298101,622.4838897,615.6953291,631.9618993,4117.871251,TRUE,FALSE,NA,FALSE
DUF1835 domain-containing protein,LBJ_RS18800,514.3788784,0.572662202,-0.076996612,0.117255774,503.9706145,498.7581168,533.6104918,575.4288877,465.0439954,561.1554276,460.6951064,516.368387,4115.031027,FALSE,FALSE,NA,FALSE
,LBJ_RS09935,513.9032841,0.000592241,-0.739505642,0.202987754,681.1477836,669.3858936,745.7289482,474.9258971,501.6099547,430.8324458,318.6115689,288.9837806,4111.226273,TRUE,FALSE,NA,FALSE
,LBJ_RS00270,513.3859067,1.88E-34,-1.795801242,0.142788975,824.2019424,705.8448202,873.8838489,784.3174566,243.7730621,190.1182323,212.6947501,272.2531407,4107.087253,TRUE,TRUE,TRUE,TRUE
hypothetical protein,LBJ_RS02855,512.0257811,2.31007E-27,-1.376136385,0.123266316,721.8329113,663.5524653,758.9863517,810.9211894,320.6553355,258.3461463,266.0837157,295.8281333,4096.206249,TRUE,FALSE,NA,FALSE
DUF1109 domain-containing protein,LBJ_RS10460,511.2994359,2.23071E-13,1.10305941,0.144830903,279.5462002,335.4221253,317.0729009,366.5403189,567.2411638,736.7081502,790.5011358,697.3634917,4090.395487,TRUE,FALSE,NA,FALSE
IS110 family transposase,LBJ_RS20220,503.6909936,0.015315023,-0.560167687,0.214887054,704.7714062,565.8425419,654.0319071,475.9112205,592.5560587,391.7355513,349.6116134,295.0676497,4029.527949,TRUE,FALSE,NA,FALSE
methylamine utilization protein,LBJ_RS13100,501.6032633,4.19186E-34,-1.806804272,0.144410285,767.767733,767.095817,881.6173343,703.5209346,272.8383118,203.9171363,189.4447166,226.6241227,4012.826106,TRUE,TRUE,TRUE,TRUE
hypothetical protein,LBJ_RS01100,501.2880559,0.866241077,-0.031702036,0.159340141,442.2867111,465.2159043,610.9453457,508.4268939,388.161722,572.6545143,492.5562633,530.0570924,4010.304447,FALSE,FALSE,NA,FALSE
hypothetical protein,LBJ_RS16740,501.1674172,0.087648799,-0.241368199,0.129202907,518.4072727,564.3841848,553.4965971,535.0306268,543.8014462,476.0621866,421.9450507,396.2119729,4009.339338,FALSE,FALSE,NA,FALSE
hypothetical protein,LBJ_RS16285,499.1101637,1.05375E-30,-2.199706176,0.185635454,712.645947,958.1405928,876.0934162,733.0806378,122.8241198,179.3857515,228.1947723,182.516072,3992.881309,TRUE,TRUE,TRUE,TRUE
DUF1905 domain-containing protein,LBJ_RS16345,498.8717439,0.007962392,-0.598690485,0.210565827,565.6545178,455.0074048,741.3098137,641.4455581,328.1560451,377.1700415,319.4726813,562.7578886,3990.973951,TRUE,FALSE,NA,FALSE
Cys-rich protein,LBJ_RS04430,497.0424147,0.492282427,0.081255698,0.102553066,460.6606398,468.1326184,482.790445,519.2654518,503.4851321,539.6904659,514.084072,488.2304926,3976.339318,FALSE,FALSE,NA,FALSE
cobyrinate a%2Cc-diamide synthase,LBJ_RS17605,496.9686023,3.28922E-14,1.014928458,0.128948979,313.6692106,322.2969117,334.749439,343.8778798,740.6950733,601.018928,735.3899455,584.0514304,3975.748818,TRUE,FALSE,NA,FALSE
,LBJ_RS20795,495.1407065,0.802645585,0.045994238,0.155359093,430.4748999,504.5915451,445.2278017,568.5316237,396.6000203,486.0280616,569.1952623,560.4764377,3961.125652,FALSE,FALSE,NA,FALSE
hypothetical protein,LBJ_RS16920,494.2075092,0.002886145,-0.424583204,0.133567053,526.2818135,488.5496173,675.0227961,574.4435643,427.5404474,452.2974075,380.611658,428.9127692,3953.660073,TRUE,FALSE,NA,FALSE
lysoplasmalogenase,LBJ_RS17300,493.2598504,1.54047E-07,0.953277527,0.17348722,286.1083176,285.8379851,389.9886203,380.334847,495.0468338,756.6399004,644.1120366,708.0102626,3946.078803,TRUE,FALSE,NA,FALSE
DUF1304 domain-containing protein,LBJ_RS16210,492.8599187,1.68153E-11,-0.717007101,0.10237463,616.8390333,635.843681,591.0592404,608.9298846,342.2198757,368.737378,388.3616691,390.8885875,3942.87935,TRUE,FALSE,NA,FALSE
hypothetical protein,LBJ_RS04515,492.7478693,0.791435375,0.038303464,0.122460471,425.225206,494.3830456,510.4100356,514.3388346,465.0439954,569.5880912,489.9729262,473.0208199,3941.982954,FALSE,FALSE,NA,FALSE
DUF309 domain-containing protein,LBJ_RS08245,492.1855259,0.02914442,-0.605123886,0.256913879,506.5954614,758.3456746,490.5239304,620.7537659,268.1503683,509.0262349,533.889656,250.1991153,3937.484207,TRUE,FALSE,NA,FALSE
flagellar biosynthesis protein FliQ,LBJ_RS08935,490.237214,9.41124E-09,0.795735823,0.132682175,375.3531139,379.1728373,291.6628775,388.2174345,555.0525106,607.9183799,668.2231824,656.2973755,3921.897712,TRUE,FALSE,NA,FALSE
phosphorylase,LBJ_RS10125,489.873364,0.005507,0.406106973,0.136777895,379.2903843,406.8816216,447.4373689,451.2781345,451.9177536,620.9506781,598.4730821,562.7578886,3918.986912,TRUE,FALSE,NA,FALSE
hypothetical protein,LBJ_RS00855,489.4741567,2.29552E-09,-1.078432337,0.17293526,679.8353601,662.0941082,786.6059424,528.1333627,406.913496,269.845233,297.9448725,284.4208788,3915.793254,TRUE,FALSE,NA,FALSE
ATP-binding protein,LBJ_RS14775,487.8914305,1.51422E-06,-0.527458109,0.104520488,601.0899516,581.8844696,547.972679,574.4435643,367.5347706,389.4357339,420.222826,420.5474492,3903.131444,TRUE,FALSE,NA,FALSE
hypothetical protein,LBJ_RS16375,487.2139379,0.010101807,-0.394160472,0.142796532,563.0296709,586.2595408,553.4965971,512.3681877,334.7191661,410.9006956,429.6950619,507.2425834,3897.711503,TRUE,FALSE,NA,FALSE
glycosyltransferase family 4 protein,LBJ_RS00925,487.1072627,8.19577E-06,0.829212191,0.176779733,321.5437514,304.7966269,357.9498951,417.7771377,453.792931,601.018928,706.1121257,733.8667061,3896.858102,TRUE,FALSE,NA,FALSE
glycosyltransferase family 2 protein,LBJ_RS06550,485.8181253,0.002274044,0.472497498,0.145256382,345.167374,393.756408,469.5330415,418.7624611,458.4808745,601.018928,583.8341722,615.991743,3886.545002,TRUE,FALSE,NA,FALSE
membrane protein,LBJ_RS14090,484.3738419,2.71666E-08,-0.686455288,0.118108494,624.7135742,527.9252581,676.1275797,560.6490362,368.4723593,390.2023397,363.389411,363.5111767,3874.990735,TRUE,FALSE,NA,FALSE
hypothetical protein,LBJ_RS18410,483.4041341,0.56570937,0.091461549,0.136915597,414.7258182,516.2584016,415.3986437,526.1627158,435.041157,499.8269656,557.1396894,502.6796816,3867.233073,FALSE,FALSE,NA,FALSE
glycosyltransferase family 4 protein,LBJ_RS00920,483.0707039,6.78404E-05,0.57177974,0.136086848,389.7897721,380.6311944,361.264246,422.7037549,466.9191728,576.4875431,616.5564415,650.2135065,3864.565631,TRUE,FALSE,NA,FALSE
IS4 family transposase,LBJ_RS00185,481.1576839,8.17266E-13,-1.315479362,0.176802284,723.1453348,669.3858936,667.2893107,686.7704362,259.71207,221.5490691,235.0836711,386.3256857,3849.261471,TRUE,FALSE,NA,FALSE
RNA 2'%2C3'-cyclic phosphodiesterase,LBJ_RS18140,479.5582109,3.20529E-11,-1.929672869,0.279422437,678.5229367,561.4674707,1309.168598,489.7057486,201.5815706,226.1487038,145.5279869,224.3426718,3836.465687,TRUE,TRUE,TRUE,TRUE
DUF1561 domain-containing protein,LBJ_RS17640,477.0807465,0.729173838,0.100620198,0.247057054,421.2879355,514.8000445,380.0455677,526.1627158,253.1489491,571.1213027,652.7231601,497.3562962,3816.645972,FALSE,FALSE,NA,FALSE
hypothetical protein,LBJ_RS12780,474.490711,0.023663446,-0.363358909,0.149039459,572.2166352,447.7156195,618.6788311,495.6176893,468.7943502,381.7696762,452.9450953,358.1877913,3795.925688,TRUE,FALSE,NA,FALSE
TonB-dependent receptor,LBJ_RS03995,472.0180055,0.010650024,-0.458718599,0.167402493,526.2818135,571.6759701,655.1366908,432.5569892,488.4837129,403.2346379,350.4727258,348.301504,3776.144044,TRUE,FALSE,NA,FALSE
chemotaxis response regulator protein-glutamate methylesterase,LBJ_RS09970,470.6068077,1.09409E-05,0.616275235,0.13318166,345.167374,319.3801976,452.961287,366.5403189,596.3064135,564.2218507,586.4175093,533.8595106,3764.854462,TRUE,FALSE,NA,FALSE
sterol desaturase family protein,LBJ_RS04700,468.8157335,0.908567596,0.021012469,0.155883486,524.9693901,370.4226949,512.6196029,452.263458,563.490809,486.7946674,413.3339272,426.6313183,3750.525868,FALSE,FALSE,NA,FALSE
ankyrin repeat domain-containing protein,LBJ_RS16605,466.9318157,1.2333E-11,-0.930155494,0.13196211,643.0875028,514.8000445,648.507989,641.4455581,373.1603028,294.3766178,308.2782207,311.7982896,3735.454525,TRUE,FALSE,NA,FALSE
hypothetical protein,LBJ_RS05285,466.2248327,5.1939E-05,-0.712829682,0.167098799,473.7848745,657.719037,701.5376031,483.793808,360.034061,402.4680321,347.0282764,303.4329697,3729.798662,TRUE,FALSE,NA,FALSE
IS110 family transposase,LBJ_RS20725,465.2657157,1.96181E-06,-0.83667682,0.167525177,591.9029873,497.2997597,770.034188,526.1627158,369.409948,315.0749737,284.167075,368.0740785,3722.125726,TRUE,FALSE,NA,FALSE
hypothetical protein,LBJ_RS05625,465.0822093,0.910456905,0.015116005,0.11469565,448.8488285,456.4657619,481.6856613,464.0873392,416.289383,481.428427,448.6395335,523.2127397,3720.657674,FALSE,FALSE,NA,FALSE
VWA domain-containing protein,LBJ_RS04545,464.8763584,0.732210513,0.057468553,0.143400089,413.4133947,473.9660467,503.7813339,430.5863424,564.4283977,484.4948501,458.9728817,389.3676202,3719.010867,FALSE,FALSE,NA,FALSE
,LBJ_RS01470,464.3825417,0.017990597,0.368879727,0.144882941,448.8488285,364.5892667,374.5216495,433.5423127,415.3517943,551.9561583,539.9174424,586.3328813,3715.060334,TRUE,FALSE,NA,FALSE
hypothetical protein,LBJ_RS17670,464.1178797,6.25031E-15,-1.674047061,0.206992726,711.3335235,838.5553133,744.6241646,532.0746565,315.0298033,210.8165882,182.5558179,177.9531702,3712.943038,TRUE,TRUE,TRUE,TRUE
hypothetical protein,LBJ_RS11365,463.8371021,0.103801973,-0.276245841,0.15491151,447.536405,526.4669011,561.2300825,497.5883361,341.282287,371.0371953,459.833994,505.7216161,3710.696817,FALSE,FALSE,NA,FALSE
hypothetical protein,LBJ_RS08755,462.9766688,0.852318762,-0.030473525,0.138297395,437.0370172,552.7173283,490.5239304,393.1440517,428.4780361,496.7605425,483.0840275,422.0684165,3703.81335,FALSE,FALSE,NA,FALSE
hypothetical protein,LBJ_RS15425,459.6004192,0.000496167,-0.531132757,0.143869578,578.7787526,552.7173283,533.6104918,508.4268939,405.0383186,309.7087333,337.5560406,450.9667945,3676.803354,TRUE,FALSE,NA,FALSE
hypothetical protein,LBJ_RS14340,458.8711144,0.038643365,0.378944506,0.169345945,364.8537261,367.5059808,387.7790531,474.9258971,401.2879638,494.4607252,526.1396449,654.0159246,3670.968915,TRUE,FALSE,NA,FALSE
helix-turn-helix transcriptional regulator,LBJ_RS00870,458.837252,0.001215457,0.582908428,0.169446967,324.1685984,307.7133411,461.7995561,374.4229064,503.4851321,494.4607252,520.9729708,683.6747863,3670.698016,TRUE,FALSE,NA,FALSE
ATP-binding cassette domain-containing protein,LBJ_RS20680,458.0211998,1.1563E-05,-0.638116689,0.138286201,547.2805891,643.1354664,563.4396497,477.8818674,409.7262621,328.8738777,321.194906,372.6369803,3664.169599,TRUE,FALSE,NA,FALSE
chemotaxis protein,LBJ_RS16065,454.2729965,3.45923E-11,-0.944106286,0.136934489,602.4023751,543.9671859,671.7084452,572.4729174,345.0326418,349.5722336,272.9726144,276.0555589,3634.183972,TRUE,FALSE,NA,FALSE
beta-galactosidase,LBJ_RS16435,453.3563889,0.028172762,0.295955505,0.124932337,401.6015834,339.7971965,423.1321291,461.1313689,475.3574711,487.5612732,502.8896115,535.3804778,3626.851112,TRUE,FALSE,NA,FALSE
ATPase,LBJ_RS15020,452.8120732,5.15714E-05,-0.668887562,0.15672761,637.8378089,462.2991901,528.0865737,594.150033,431.2908022,349.5722336,314.3060072,304.9539369,3622.496586,TRUE,FALSE,NA,FALSE
hypothetical protein,LBJ_RS02695,451.9445509,0.298872316,0.203082319,0.174162897,405.5388538,417.0901211,380.0455677,477.8818674,406.913496,620.1840723,526.1396449,381.7627839,3615.556407,FALSE,FALSE,NA,FALSE
helix-turn-helix domain-containing protein,LBJ_RS02165,450.4142659,7.68276E-09,-1.23398202,0.204575192,699.5217123,520.6334728,783.2915915,524.192069,362.8468271,263.7123868,198.9169525,250.1991153,3603.314127,TRUE,FALSE,NA,FALSE
DoxX family protein,LBJ_RS15755,449.5605656,6.53376E-05,-0.540106911,0.128273907,563.0296709,465.2159043,574.487486,528.1333627,347.8454079,419.3333592,328.0838047,370.3555294,3596.484525,TRUE,FALSE,NA,FALSE
biopolymer transporter ExbD,LBJ_RS17385,449.1796672,0.276111866,-0.200407238,0.164373864,488.2215328,487.0912603,407.6651583,538.9719205,330.0312225,391.7355513,421.9450507,527.7756415,3593.437338,FALSE,FALSE,NA,FALSE
,LBJ_RS14990,446.4308622,2.86847E-31,-1.487645775,0.124342181,598.4651047,627.0935386,746.8337318,660.1667034,230.6468203,236.8811846,213.5558624,257.8039517,3571.446898,TRUE,FALSE,NA,FALSE
hypothetical protein,LBJ_RS04550,445.4943403,0.65569838,-0.066574075,0.127348827,425.225206,490.0079744,510.4100356,398.0706689,465.0439954,460.730071,409.8894778,404.5772929,3563.954722,FALSE,FALSE,NA,FALSE
hypothetical protein,LBJ_RS18490,444.2233772,0.000530301,-0.971239284,0.2643777,547.2805891,698.5530349,645.1936381,462.1166924,447.2298101,353.4052625,234.2225588,165.7854321,3553.787018,TRUE,FALSE,NA,FALSE
putative sugar O-methyltransferase,LBJ_RS06355,443.9828697,0.760413324,0.08242062,0.229836033,375.3531139,307.7133411,652.9271235,388.2174345,479.1078259,546.5899179,341.8616023,460.0925981,3551.862957,FALSE,FALSE,NA,FALSE
,LBJ_RS01115,443.9545005,3.54867E-19,-1.544947231,0.166914324,738.8944165,561.4674707,652.9271235,690.71173,293.4652632,210.8165882,178.2502561,225.1031555,3551.636004,TRUE,FALSE,NA,FALSE
hypothetical protein,LBJ_RS16900,442.8156025,0.850704893,0.029805407,0.133856347,451.4736755,390.8396939,444.123018,466.0579861,391.9120768,417.8001476,449.5006459,530.817576,3542.52482,FALSE,FALSE,NA,FALSE
efflux RND transporter permease subunit,LBJ_RS13575,442.2580363,0.880157789,-0.022438091,0.126159912,416.0382416,459.382476,462.9043397,443.395547,502.5475434,420.8665707,457.250657,375.6789148,3538.06429,FALSE,FALSE,NA,FALSE
hypothetical protein,LBJ_RS06680,441.8701596,4.56135E-05,-0.721640715,0.167941673,522.3445431,479.7994749,694.9089013,503.5002768,317.8425694,366.4375607,266.0837157,384.0442348,3534.961277,TRUE,FALSE,NA,FALSE
hypothetical protein,LBJ_RS03265,441.3101438,0.143043322,0.274246399,0.169912723,427.8500529,360.2141955,401.0364566,408.9092267,341.282287,492.1609078,593.306408,505.7216161,3530.481151,FALSE,FALSE,NA,FALSE
glycosyltransferase,LBJ_RS11335,440.1301647,0.365779831,-0.132893901,0.129724956,461.9730633,424.3819064,415.3986437,538.9719205,375.9730689,455.3638306,425.3895001,423.5893837,3521.041317,FALSE,FALSE,NA,FALSE
AbrB/MazE/SpoVT family DNA-binding domain-containing protein,LBJ_RS00160,437.263849,0.389952432,-0.131763681,0.135093835,454.0985224,468.1326184,523.6674392,383.2908173,467.8567615,424.6995996,383.194995,393.1700384,3498.110792,FALSE,FALSE,NA,FALSE
N-acetyltransferase,LBJ_RS15830,437.1281396,1.4546E-17,-0.988306235,0.111945399,614.2141864,625.6351816,551.2870298,535.0306268,308.4666824,298.2096466,279.0004009,285.1813625,3497.025117,TRUE,FALSE,NA,FALSE
glutathione S-transferase family protein,LBJ_RS08985,436.476779,5.40432E-13,0.908766382,0.121202499,287.4207411,298.9631987,311.5489828,315.3035001,486.6085355,607.1517742,585.5563969,599.261103,3491.814232,TRUE,FALSE,NA,FALSE
hypothetical protein,LBJ_RS01105,434.8576452,0.719932046,-0.060819221,0.144566918,429.1624764,393.756408,441.9134508,510.3975408,394.7248429,430.06584,368.5560851,510.2845179,3478.861162,FALSE,FALSE,NA,FALSE
YdeI/OmpD-associated family protein,LBJ_RS01240,434.6900042,0.000241799,-0.629896279,0.162142183,548.5930126,501.6748309,637.4601527,424.6744017,396.6000203,338.073147,279.8615132,350.5829549,3477.520033,TRUE,FALSE,NA,FALSE
SDR family NAD(P)-dependent oxidoreductase,LBJ_RS03800,432.7907314,6.42557E-18,-1.020510996,0.11438095,521.0321196,599.3847544,581.1161878,616.8124721,307.5290937,273.6782618,266.944828,295.8281333,3462.325851,TRUE,FALSE,NA,FALSE
AAA family ATPase,LBJ_RS02170,432.4294464,0.916019518,-0.027424977,0.223599439,452.7860989,347.0889819,560.1252989,385.2614642,597.2440022,379.4698588,291.0559738,446.4038927,3459.435571,FALSE,FALSE,NA,FALSE
leucine-rich repeat domain-containing protein,LBJ_RS03065,431.5883751,3.92014E-05,-0.554636588,0.127973949,515.7824257,488.5496173,512.6196029,536.0159502,400.3503751,298.2096466,325.5004677,375.6789148,3452.707,TRUE,FALSE,NA,FALSE
cytochrome c,LBJ_RS13095,428.0896378,7.00401E-15,-1.431281449,0.17730389,615.5266099,651.8856088,679.4419306,550.7958018,308.4666824,246.0804539,187.722492,184.7975229,3424.717102,TRUE,FALSE,NA,FALSE
hypothetical protein,LBJ_RS13615,427.08302,0.018454188,-0.413774728,0.163170408,455.4109459,487.0912603,603.2118603,405.9532564,406.913496,414.7337245,305.6948837,337.6547332,3416.66416,TRUE,FALSE,NA,FALSE
DUF1565 domain-containing protein,LBJ_RS11405,426.6744702,0.0198673,0.340558431,0.135846925,377.9779609,333.9637683,413.1890765,379.3495236,561.6156316,489.0944847,426.2506125,431.9547037,3413.395762,TRUE,FALSE,NA,FALSE
hypothetical protein,LBJ_RS09455,425.8245736,4.83732E-31,-1.71027303,0.143515155,593.2154108,681.0527501,772.2437552,563.6050065,184.704974,216.1828287,183.4169302,212.1749337,3406.596589,TRUE,TRUE,TRUE,TRUE
DUF3209 family protein,LBJ_RS17555,424.5009204,0.002848565,0.434097791,0.136376536,329.4182923,382.0895515,353.5307606,379.3495236,430.3532135,438.4985036,577.8063858,504.9611325,3396.007363,TRUE,FALSE,NA,FALSE
hypothetical protein,LBJ_RS05220,423.7251607,2.59731E-05,0.585061823,0.132052997,377.9779609,268.3377003,340.2733571,367.5256423,481.920592,501.3601771,513.2229596,539.182896,3389.801285,TRUE,FALSE,NA,FALSE
,LBJ_RS14055,423.6196651,5.18615E-07,-0.860483997,0.163562518,611.5893394,475.4244037,618.6788311,478.8671908,377.8482463,282.8775311,253.1670304,290.5047479,3388.957321,TRUE,FALSE,NA,FALSE
YfeK family protein,LBJ_RS14120,423.353514,2.03508E-05,-0.510822315,0.11383852,477.722145,538.1337576,521.4578719,453.2487814,377.8482463,346.5058105,341.8616023,330.0498968,3386.828112,TRUE,FALSE,NA,FALSE
hypothetical protein,LBJ_RS14730,422.4867597,1.0005E-09,0.927029208,0.145525349,299.2325523,236.2538448,334.749439,292.6410611,634.7475502,576.4875431,491.6951509,514.0869361,3379.894078,TRUE,FALSE,NA,FALSE
hypothetical protein,LBJ_RS09500,421.5578589,0.033213681,0.307381949,0.133547247,367.478573,368.9643379,382.2551349,388.2174345,444.417044,389.4357339,485.6673645,546.0272487,3372.462871,TRUE,FALSE,NA,FALSE
N-acyl homoserine lactonase family protein,LBJ_RS00600,419.8586472,0.232909928,-0.173386097,0.130605066,393.7270426,449.1739765,496.0478485,441.4249002,366.5971819,394.8019744,360.806074,456.29018,3358.869178,FALSE,FALSE,NA,FALSE
arabinose kinase,LBJ_RS04170,418.8456194,7.2733E-07,0.646234918,0.12441954,335.9804096,316.4634835,314.8633337,337.9659392,577.5546395,509.0262349,520.1118584,438.7990564,3350.764955,TRUE,FALSE,NA,FALSE
acyltransferase,LBJ_RS16765,418.4590835,1.76912E-07,0.756966926,0.138422042,322.8561749,300.4215557,309.3394155,312.3475298,412.5390282,555.7891872,576.9452734,557.4345032,3347.672668,TRUE,FALSE,NA,FALSE
tyrosine-type recombinase/integrase,LBJ_RS03730,418.4016884,1.87463E-33,-1.892570363,0.152794932,669.3359723,697.0946778,722.528492,547.8398315,198.7688045,196.2510785,173.9446944,141.4499558,3347.213507,TRUE,TRUE,TRUE,TRUE
hypothetical protein,LBJ_RS11785,416.6052132,5.69929E-10,1.022345254,0.158213558,287.4207411,252.2957725,275.0911231,284.7584735,423.7900926,617.1176492,533.0285437,659.3393101,3332.841706,TRUE,FALSE,NA,FALSE
DUF167 domain-containing protein,LBJ_RS06835,416.0303619,0.011213402,0.343764729,0.126370088,339.9176801,421.4651923,334.749439,372.4522595,416.289383,485.2614559,454.66732,503.4401652,3328.242895,TRUE,FALSE,NA,FALSE
,LBJ_RS19475,413.3655986,0.684041913,-0.08600561,0.180406447,413.4133947,374.7977661,480.5808777,433.5423127,403.1631412,348.0390221,313.4448948,539.9433796,3306.924789,FALSE,FALSE,NA,FALSE
hypothetical protein,LBJ_RS01785,412.796622,0.033030372,-0.486037157,0.210959778,421.2879355,405.4232645,700.4328195,399.0559923,383.4737785,373.3370126,256.6114798,362.7506931,3302.372976,TRUE,FALSE,NA,FALSE
sensor histidine kinase,LBJ_RS11055,411.8448114,0.008482769,-0.339469029,0.120320003,488.2215328,434.5904059,511.5148193,405.9532564,382.5361898,371.8038011,355.6393999,344.4990859,3294.758491,TRUE,FALSE,NA,FALSE
TIGR02757 family protein,LBJ_RS01900,411.2469948,0.062390595,-0.265852343,0.131083098,490.8463797,402.5065504,441.9134508,460.1460455,368.4723593,314.3083679,406.4450284,405.3377765,3289.975959,FALSE,FALSE,NA,FALSE
alpha/beta hydrolase,LBJ_RS20050,410.7939715,0.000184776,-0.806629424,0.204074819,434.4121703,508.9666163,711.4806558,435.5129595,374.0978915,324.274243,229.916997,267.6902389,3286.351772,TRUE,FALSE,NA,FALSE
MGMT family protein,LBJ_RS00645,409.8256784,0.015990668,-0.394044834,0.152111079,443.5991346,482.7161891,443.0182344,492.6617189,322.5305129,282.8775311,375.4449839,435.7571219,3278.605427,TRUE,FALSE,NA,FALSE
,LBJ_RS15770,408.0892837,7.57649E-15,-0.976977834,0.121179792,616.8390333,536.6754005,514.8291702,497.5883361,267.2127796,298.2096466,275.5559515,257.8039517,3264.71427,TRUE,FALSE,NA,FALSE
hypothetical protein,LBJ_RS10215,407.6996288,9.60432E-07,0.832226736,0.161990009,297.9201289,280.0045568,283.9293921,311.3622064,373.1603028,579.5539662,555.4174647,580.2490122,3261.59703,TRUE,FALSE,NA,FALSE
hypothetical protein,LBJ_RS12890,407.5344432,0.000396784,-0.803168723,0.214023279,517.0948492,516.2584016,361.264246,677.9025253,234.3971751,243.7806366,345.3060517,364.2716603,3260.275546,TRUE,FALSE,NA,FALSE
methyltransferase%2C TIGR04325 family,LBJ_RS06485,404.0823465,0.16570653,0.268160964,0.17537665,350.4170679,300.4215557,438.5990999,376.3935533,356.2837062,433.1322631,411.6117025,565.7998232,3232.658772,FALSE,FALSE,NA,FALSE
tRNA-Ala,LBJ_RS10000,403.9376866,0.046516141,-0.363643854,0.168348663,494.7836501,558.5507565,330.3303045,436.498283,321.5929242,387.1359166,370.2783098,332.3313477,3231.501492,TRUE,FALSE,NA,FALSE
ferrous iron transport protein A,LBJ_RS05950,401.691256,4.67992E-05,0.681747941,0.158899067,330.7307157,339.7971965,233.1093453,331.0686751,575.6794621,513.6258695,446.9173088,442.6014746,3213.530048,TRUE,FALSE,NA,FALSE
PAS domain S-box protein,LBJ_RS09930,401.5209649,0.002494557,-0.375639887,0.116512392,418.6630886,471.0493325,486.1047959,438.4689299,360.9716497,354.1718683,310.8615578,371.8764967,3212.167719,TRUE,FALSE,NA,FALSE
16S rRNA (uracil(1498)-N(3))-methyltransferase,LBJ_RS10625,400.3739229,0.322652196,0.213051995,0.191358468,360.9164557,319.3801976,396.6173221,405.9532564,305.6539163,366.4375607,527.8618696,520.1708052,3202.991383,FALSE,FALSE,NA,FALSE
hypothetical protein,LBJ_RS01610,400.3032617,2.06783E-18,-0.93649166,0.103391305,530.219084,529.3836152,509.305252,534.0453033,282.2141988,272.1450503,285.0281873,260.0854026,3202.426094,TRUE,FALSE,NA,FALSE
hypothetical protein,LBJ_RS10365,394.4828022,0.427589224,0.147527508,0.162799277,363.5413026,399.5898363,401.0364566,333.039322,543.8014462,380.2364646,351.3338381,383.2837512,3155.862418,FALSE,FALSE,NA,FALSE
,LBJ_RS08610,391.9443022,0.231174465,-0.19926506,0.149561534,371.4158435,449.1739765,460.6947724,394.1293752,415.3517943,388.6691282,369.4171975,286.7023297,3135.554417,FALSE,FALSE,NA,FALSE
response regulator,LBJ_RS12405,390.898223,0.415767963,-0.252290068,0.27201889,454.0985224,389.3813368,413.1890765,442.4102236,630.9971954,307.408916,227.33366,262.3668535,3127.185784,FALSE,FALSE,NA,FALSE
helix-turn-helix transcriptional regulator,LBJ_RS06690,389.9853951,0.018670102,0.348232407,0.137563016,364.8537261,358.7558384,338.0637898,312.3475298,402.2255525,376.4034357,454.66732,512.5659688,3119.883161,TRUE,FALSE,NA,FALSE
ComEC/Rec2 family competence protein,LBJ_RS03795,389.3616816,8.72052E-09,-0.769196477,0.127969802,476.4097215,466.6742613,536.9248427,482.8084846,297.215618,266.7788099,255.7503675,332.3313477,3114.893453,TRUE,FALSE,NA,FALSE
hypothetical protein,LBJ_RS15185,388.0830958,0.002105886,-0.423667131,0.129315592,446.2239816,490.0079744,439.7038835,403.9826095,342.2198757,292.8434062,311.7226701,377.9603657,3104.664767,TRUE,FALSE,NA,FALSE
hypothetical protein,LBJ_RS04225,385.6592263,5.64791E-06,0.864449439,0.181202326,227.0492612,231.8787736,364.5785969,268.9932985,449.1049875,516.6922927,432.2783989,594.6982012,3085.273811,TRUE,FALSE,NA,FALSE
malate dehydrogenase,LBJ_RS00835,385.3512101,4.33079E-18,-1.110142393,0.123721661,485.5966858,533.7586864,531.4009246,556.7077424,205.3319254,262.945781,252.3059181,254.7620171,3082.809681,TRUE,FALSE,NA,FALSE
HAD family hydrolase,LBJ_RS00380,384.8541079,0.00037257,0.482665336,0.128030557,312.3567871,285.8379851,357.9498951,327.1273814,403.1631412,449.2309844,437.445073,505.7216161,3078.832863,TRUE,FALSE,NA,FALSE
MAPEG family protein,LBJ_RS02545,384.5889653,2.72879E-07,1.109410563,0.20599219,288.7331645,220.2119171,237.5284798,228.5950376,369.409948,499.8269656,491.6951509,740.7110588,3076.711722,TRUE,FALSE,NA,FALSE
rhomboid family intramembrane serine protease,LBJ_RS00550,384.1994633,0.051622131,0.495383473,0.234373605,341.2301035,226.0453453,309.3394155,398.0706689,325.343279,390.2023397,420.222826,663.1417282,3073.595706,FALSE,FALSE,NA,FALSE
,LBJ_RS14250,384.1110084,0.048044523,-0.464264836,0.216358856,494.7836501,339.7971965,431.9703981,514.3388346,339.4071096,223.0822807,281.5837379,447.92486,3072.888068,TRUE,FALSE,NA,FALSE
hypothetical protein,LBJ_RS11370,383.7432995,0.434339043,0.134044619,0.150058854,314.981634,366.0476237,407.6651583,374.4229064,346.9078192,351.8720509,475.3340163,432.7151873,3069.946396,FALSE,FALSE,NA,FALSE
hypothetical protein,LBJ_RS06105,379.6277268,3.85006E-06,0.559863738,0.11538843,300.5449758,294.5881275,288.3485266,342.8925564,420.9773265,460.730071,471.8895669,457.0506636,3037.021814,TRUE,FALSE,NA,FALSE
hypothetical protein,LBJ_RS17470,377.6073905,0.688122371,0.076331739,0.162197908,335.9804096,387.9229797,424.2369127,322.2007642,448.1673988,429.2992343,371.1394222,301.9120024,3020.859124,FALSE,FALSE,NA,FALSE
hypothetical protein,LBJ_RS14245,376.4711421,0.002512727,-0.413285738,0.128290963,496.0960736,399.5898363,414.2938601,409.8945502,349.7205853,282.8775311,331.5282541,327.7684459,3011.769137,TRUE,FALSE,NA,FALSE
AAA family ATPase,LBJ_RS01665,375.3710558,5.89446E-08,-0.833948029,0.147054145,464.5979102,490.0079744,555.7061644,413.8358439,286.9021423,248.3802712,232.5003341,311.037806,3002.968447,TRUE,FALSE,NA,FALSE
hypothetical protein,LBJ_RS16370,374.682669,0.034701649,-0.324283512,0.141989,414.7258182,471.0493325,381.1503513,401.0266392,290.6524971,292.8434062,364.2505234,381.7627839,2997.461352,TRUE,FALSE,NA,FALSE
universal stress protein,LBJ_RS04775,373.062623,3.78856E-16,-1.210072572,0.143407554,486.9091093,651.8856088,497.1526321,449.3074877,225.0212881,219.2492518,223.0280982,231.9475081,2984.500984,TRUE,FALSE,NA,FALSE
carotenoid 1%2C2-hydratase,LBJ_RS15975,372.1706203,0.336743203,-0.146489794,0.135308982,416.0382416,392.2980509,412.0842928,344.8632033,360.034061,338.073147,304.8337713,409.1401947,2977.364963,FALSE,FALSE,NA,FALSE
transporter,LBJ_RS05870,370.7599048,0.850529229,0.031361863,0.140511958,379.2903843,371.881052,375.6264332,339.9365861,459.4184632,334.2401181,331.5282541,374.1579476,2966.079239,FALSE,FALSE,NA,FALSE
adenylate/guanylate cyclase domain-containing protein,LBJ_RS13365,370.5362936,0.216932848,-0.210848668,0.153685761,427.8500529,390.8396939,363.4738133,408.9092267,285.9645536,307.408916,347.8893888,431.9547037,2964.290349,FALSE,FALSE,NA,FALSE
ABC transporter ATP-binding protein,LBJ_RS11430,370.4785401,0.009617053,0.539059748,0.19407262,338.6052566,253.7541296,271.7767722,343.8778798,306.591505,420.0999649,470.1673422,558.9554705,2963.828321,TRUE,FALSE,NA,FALSE
SDR family NAD(P)-dependent oxidoreductase,LBJ_RS17990,370.005011,2.4796E-08,-0.68633544,0.117748846,437.0370172,481.257832,473.952176,434.5276361,268.1503683,282.1109254,264.361491,318.6426423,2960.040088,TRUE,FALSE,NA,FALSE
,LBJ_RS16165,369.9645507,8.6231E-20,-1.758186845,0.186780591,690.3347479,535.2170435,573.3827024,484.7791314,224.0836994,129.5563761,148.9724363,173.3902684,2959.716405,TRUE,TRUE,TRUE,TRUE
,LBJ_RS20420,367.9596842,0.174447269,-0.200377823,0.133557039,435.7245938,371.881052,405.4555911,360.6283783,400.3503751,341.1395701,302.2504343,326.2474787,2943.677473,FALSE,FALSE,NA,FALSE
hypothetical protein,LBJ_RS18770,366.0185763,0.007196415,-0.38440158,0.133592397,383.2276548,398.1314792,478.3713105,398.0706689,281.2766101,353.4052625,337.5560406,298.1095842,2928.148611,TRUE,FALSE,NA,FALSE
hypothetical protein,LBJ_RS04520,365.5045958,0.107177059,0.250579772,0.141833259,353.0419148,322.2969117,321.4920354,338.9512626,339.4071096,476.0621866,417.639489,355.1458567,2924.036766,FALSE,FALSE,NA,FALSE
hypothetical protein,LBJ_RS16145,365.3698517,1.0757E-11,-0.855659207,0.121048269,456.7233694,418.5484781,517.0387374,488.7204252,268.1503683,272.1450503,264.361491,237.2708936,2922.958813,TRUE,FALSE,NA,FALSE
,LBJ_RS16485,362.3206607,3.10547E-07,-1.224096403,0.228325482,557.779977,409.7983357,545.7631117,516.3094814,234.3971751,159.4540013,154.1391104,320.9240932,2898.565286,TRUE,FALSE,NA,FALSE
DUF1963 domain-containing protein,LBJ_RS19230,360.648214,0.359813999,0.12700179,0.122571706,356.9791852,320.8385547,332.5398717,368.5109658,359.0964723,381.7696762,341.8616023,423.5893837,2885.185712,FALSE,FALSE,NA,FALSE
hypothetical protein,LBJ_RS07540,360.0950751,0.004816085,0.637884321,0.211645739,227.0492612,275.6294856,340.2733571,283.7731501,298.1532067,566.5216681,510.6396226,378.7208494,2880.760601,TRUE,FALSE,NA,FALSE
DUF5131 family protein,LBJ_RS13815,360.024749,0.001967552,-0.897705653,0.272228473,494.7836501,417.0901211,383.3599185,579.3701815,149.0766034,188.5850208,255.7503675,412.1821292,2880.197992,TRUE,FALSE,NA,FALSE
DUF4442 domain-containing protein,LBJ_RS13225,359.2294135,0.216266914,0.211560765,0.153991139,341.2301035,310.6300552,335.8542226,343.8778798,350.658174,317.374791,387.5005568,486.7095253,2873.835308,FALSE,FALSE,NA,FALSE
,LBJ_RS14150,357.4940646,6.48583E-05,-0.732732242,0.173932724,527.594237,377.7144803,394.4077548,484.7791314,342.2198757,238.4143962,225.6114353,269.2112062,2859.952517,TRUE,FALSE,NA,FALSE
NAD(P)-dependent oxidoreductase,LBJ_RS16260,353.1045146,0.700119984,-0.085145667,0.188588096,362.2288791,328.13034,354.6355442,408.9092267,245.6482395,440.0317151,390.9450062,294.3071661,2824.836117,FALSE,FALSE,NA,FALSE
DUF1761 domain-containing protein,LBJ_RS10950,352.9860733,0.000651766,-0.465191556,0.128637854,402.9140069,399.5898363,430.8656145,403.9826095,319.7177468,335.7733296,255.7503675,275.2950752,2823.888586,TRUE,FALSE,NA,FALSE
hypothetical protein,LBJ_RS15835,352.1846654,0.000363339,-0.49740936,0.131700273,414.7258182,405.4232645,357.9498951,470.9846033,278.463844,280.5777138,281.5837379,327.7684459,2817.477323,TRUE,FALSE,NA,FALSE
hypothetical protein,LBJ_RS02075,351.391364,1.01627E-07,-0.905770438,0.162577739,444.9115581,462.2991901,554.6013807,371.4669361,236.2723525,206.2169536,247.139244,288.223297,2811.130912,TRUE,FALSE,NA,FALSE
hypothetical protein,LBJ_RS02490,350.7559806,0.23751612,-0.215651564,0.163968589,360.9164557,379.1728373,406.5603747,360.6283783,390.9744881,376.4034357,265.2226033,266.1692716,2806.047845,FALSE,FALSE,NA,FALSE
IS110 family transposase,LBJ_RS07060,350.4486279,0.010595313,-0.431195148,0.157242471,454.0985224,336.8804824,445.2278017,372.4522595,357.2212949,249.146877,285.8892997,302.672486,2803.589024,TRUE,FALSE,NA,FALSE
gliding motility ABC transporter,LBJ_RS08050,348.9279633,6.59139E-08,0.653538565,0.115665751,286.1083176,268.3377003,252.9954506,277.8612095,430.3532135,428.5326285,390.9450062,456.29018,2791.423706,TRUE,FALSE,NA,FALSE
DUF1176 domain-containing protein,LBJ_RS10045,346.8753795,0.000378414,0.603981575,0.160382837,295.2952819,227.5037024,324.8063863,253.2281235,402.2255525,452.2974075,343.583827,476.0627544,2775.003036,TRUE,FALSE,NA,FALSE
universal stress protein,LBJ_RS18695,345.5709447,2.57385E-17,-1.341870845,0.153157846,492.1588032,583.3428267,481.6856613,426.6450486,165.9532,216.1828287,222.1669859,176.4322029,2764.567557,TRUE,FALSE,NA,FALSE
Fic family protein,LBJ_RS11670,345.4792744,0.60167074,-0.090302199,0.14827612,376.6655374,357.2974813,377.8360004,314.3181767,318.7801581,288.2437716,317.7504566,412.9426129,2763.834195,FALSE,FALSE,NA,FALSE
hypothetical protein,LBJ_RS16290,344.5818592,1.36578E-05,-0.78449617,0.171419758,460.6606398,363.1309096,523.6674392,396.100022,292.5276745,248.3802712,194.6113907,277.5765261,2756.654873,TRUE,FALSE,NA,FALSE
,LBJ_RS19975,343.1975883,4.20052E-05,0.506588634,0.117350744,282.1710472,280.0045568,296.082012,275.8905626,409.7262621,366.4375607,392.6672309,442.6014746,2745.580707,TRUE,FALSE,NA,FALSE
hypothetical protein,LBJ_RS18285,342.7522517,1.01362E-12,-1.56086416,0.210623651,608.9644925,473.9660467,444.123018,521.2360986,180.9546192,135.6892223,129.1668523,247.9176644,2742.018014,TRUE,FALSE,NA,FALSE
sulfite exporter TauE/SafE family protein,LBJ_RS08145,341.6861552,4.96595E-19,1.616738376,0.175380804,154.8659701,156.0442061,156.879275,202.9766282,418.1645604,446.1645613,597.6119698,600.7820703,2733.489241,TRUE,TRUE,TRUE,TRUE
sensor histidine kinase,LBJ_RS06060,340.3695541,0.06370318,0.321099122,0.159101513,288.7331645,285.8379851,303.8154974,332.0539986,293.4652632,371.8038011,378.0283209,469.2184017,2722.956433,FALSE,FALSE,NA,FALSE
hypothetical protein,LBJ_RS13525,339.7925174,0.000516962,-0.546226271,0.148404187,409.4761243,325.2136259,459.5899888,417.7771377,303.7787389,298.2096466,235.0836711,269.2112062,2718.340139,TRUE,FALSE,NA,FALSE
hypothetical protein,LBJ_RS01945,339.0296395,0.0013846,-0.580049601,0.170451438,363.5413026,338.3388395,538.0296263,384.2761408,286.9021423,286.71056,230.7781094,283.6603952,2712.237116,TRUE,FALSE,NA,FALSE
hypothetical protein,LBJ_RS00420,338.4925316,5.64909E-15,-1.681732067,0.207599382,490.8463797,514.8000445,684.9658487,373.437583,207.2071028,155.6209724,127.4446276,153.6176939,2707.940253,TRUE,TRUE,TRUE,TRUE
cob(I)yrinic acid a%2Cc-diamide adenosyltransferase,LBJ_RS17600,336.2494993,5.11049E-08,0.789683246,0.138612726,213.9250265,268.3377003,241.9476143,261.110711,427.5404474,395.5685801,496.0007127,385.5652021,2689.995994,TRUE,FALSE,NA,FALSE
,LBJ_RS16820,336.2370191,0.650397616,-0.087617541,0.165046063,350.4170679,255.2124867,362.3690296,415.8064908,324.4056903,289.7769831,317.7504566,374.1579476,2689.896153,FALSE,FALSE,NA,FALSE
peptide-methionine (S)-S-oxide reductase,LBJ_RS18485,336.0893487,0.14690234,-0.284727187,0.17806069,342.542527,351.4640531,462.9043397,319.2447939,356.2837062,347.2724163,242.8336822,266.1692716,2688.71479,FALSE,FALSE,NA,FALSE
ParB N-terminal domain-containing protein,LBJ_RS09040,336.0128131,2.02356E-19,1.157961339,0.124267442,194.2386743,195.4198469,228.6902108,211.8445391,494.1092451,488.327879,450.3617582,425.110351,2688.102504,TRUE,FALSE,NA,FALSE
hypothetical protein,LBJ_RS11070,334.9945625,0.009949552,0.433731988,0.156832364,267.7343889,274.1711285,299.3963629,298.5530017,286.9021423,414.7337245,446.0561965,392.4095548,2679.9565,TRUE,FALSE,NA,FALSE
,LBJ_RS18085,333.274917,2.21303E-13,-1.514403985,0.198805116,490.8463797,468.1326184,576.6970533,438.4689299,240.960296,156.3875782,120.5557288,174.150752,2666.199336,TRUE,FALSE,NA,FALSE
IS5 family transposase,LBJ_RS18830,332.2377335,0.035969479,-0.457682303,0.201786801,444.9115581,351.4640531,332.5398717,408.9092267,237.2099412,308.1755217,375.4449839,199.2467119,2657.901868,TRUE,FALSE,NA,FALSE
,LBJ_RS20500,328.9846105,0.622261817,-0.124510292,0.21666439,308.4195167,376.2561232,385.5694858,303.4796189,182.8297966,342.6727816,341.00049,391.6490711,2631.876884,FALSE,FALSE,NA,FALSE
hypothetical protein,LBJ_RS19550,328.5722308,0.226111708,-0.191959608,0.142656043,384.5400782,312.0884123,362.3690296,342.8925564,288.7773197,300.509464,267.8059404,369.5950458,2628.577846,FALSE,FALSE,NA,FALSE
IS256 family transposase,LBJ_RS04615,327.532977,3.70742E-16,-1.701634565,0.201593509,430.4748999,498.7581168,684.9658487,390.1880814,157.5149017,146.4217031,124.8612905,187.0789738,2620.263816,TRUE,TRUE,TRUE,TRUE
hypothetical protein,LBJ_RS01480,324.747021,0.000535355,-0.571670647,0.155742589,392.4146191,396.6731221,434.1799654,330.0833517,303.7787389,268.3120214,204.0836266,268.4507225,2597.976168,TRUE,FALSE,NA,FALSE
hypothetical protein,LBJ_RS02020,323.1896231,6.07156E-05,0.63439093,0.150017829,236.2362255,234.7954877,304.920281,236.4776251,342.2198757,360.3047145,440.8895224,429.6732528,2585.516985,TRUE,FALSE,NA,FALSE
restriction endonuclease subunit S,LBJ_RS18250,322.4470924,3.0735E-07,-0.867206658,0.161693101,442.2867111,387.9229797,389.9886203,446.3515174,197.8312158,194.717867,223.8892106,296.588617,2579.576739,TRUE,FALSE,NA,FALSE
bile acid:sodium symporter family protein,LBJ_RS19970,321.5828472,0.001004343,-0.451063394,0.129045997,359.6040322,336.8804824,407.6651583,380.334847,264.4000135,239.9476077,303.972659,279.857977,2572.662777,TRUE,FALSE,NA,FALSE
,LBJ_RS18880,321.4074253,1.79095E-10,-1.05868484,0.159317493,363.5413026,494.3830456,456.2756379,423.6890783,180.9546192,249.9134828,223.0280982,179.4741375,2571.259402,TRUE,FALSE,NA,FALSE
rhodanese-like domain-containing protein,LBJ_RS03050,319.4427357,0.012185289,0.380171526,0.141314024,267.7343889,293.1297704,264.0432868,285.743797,313.1546259,351.8720509,439.1672977,340.6966677,2555.541885,TRUE,FALSE,NA,FALSE
IS5 family transposase,LBJ_RS06565,318.6434009,2.89502E-05,-0.522899634,0.118691401,410.7885477,382.0895515,372.3120823,338.9512626,268.1503683,275.2114734,251.4448057,250.1991153,2549.147207,TRUE,FALSE,NA,FALSE
type II toxin-antitoxin system VapC family toxin,LBJ_RS04750,317.6477613,1.43345E-07,-1.260509745,0.228822365,538.0936248,329.5886971,512.6196029,411.865197,255.0241265,151.7879435,130.0279646,212.1749337,2541.18209,TRUE,FALSE,NA,FALSE
chromate transporter,LBJ_RS17050,316.3573615,0.556128472,-0.089474001,0.130962152,317.606481,344.1722677,345.7972752,297.5676782,290.6524971,277.5112907,355.6393999,301.9120024,2530.858892,FALSE,FALSE,NA,FALSE
hypothetical protein,LBJ_RS04315,316.0366601,0.094927664,-0.26623062,0.145554636,301.8573993,348.5473389,412.0842928,318.2594704,244.7106508,311.2419448,298.8059849,292.7861988,2528.293281,FALSE,FALSE,NA,FALSE
hypothetical protein,LBJ_RS00295,315.8515464,1.71783E-20,-2.271463435,0.23678673,574.8414821,485.6329032,651.8223399,380.334847,157.5149017,85.09324107,77.50011136,114.072545,2526.812371,TRUE,TRUE,TRUE,TRUE
precorrin-4 C(11)-methyltransferase,LBJ_RS17595,315.3512858,8.35291E-10,0.834007608,0.130324492,211.3001795,240.628916,224.2710763,230.5656845,370.3475367,385.6027051,468.4451175,391.6490711,2522.810287,TRUE,FALSE,NA,FALSE
hypothetical protein,LBJ_RS13275,314.7766851,0.678748736,-0.093943114,0.193511731,402.9140069,269.7960573,323.7016027,303.4796189,369.409948,356.4716856,224.7503229,267.6902389,2518.213481,FALSE,FALSE,NA,FALSE
hypothetical protein,LBJ_RS13265,314.45898,0.248014104,0.234189198,0.182030705,335.9804096,193.9614899,309.3394155,315.3035001,347.8454079,315.8415795,299.6670972,397.7329402,2515.67184,FALSE,FALSE,NA,FALSE
hypothetical protein,LBJ_RS13925,313.3588624,0.001971983,0.851102794,0.258170928,212.612603,169.1694197,318.1776846,193.1233938,569.1163412,457.6636479,266.0837157,320.9240932,2506.870899,TRUE,FALSE,NA,FALSE
hypothetical protein,LBJ_RS01140,312.4603227,3.31599E-07,-1.10872291,0.207329758,439.6618642,422.9235493,552.3918135,292.6410611,252.2113604,190.8848381,161.8891215,187.0789738,2499.682582,TRUE,FALSE,NA,FALSE
class I SAM-dependent methyltransferase,LBJ_RS02485,311.6704002,0.001433785,-0.510171036,0.150374885,384.5400782,379.1728373,319.2824682,382.3054939,271.9007231,308.1755217,215.2780871,232.7079918,2493.363201,TRUE,FALSE,NA,FALSE
hypothetical protein,LBJ_RS13995,310.6438598,0.662883801,0.067088867,0.131038697,312.3567871,274.1711285,283.9293921,341.9072329,343.1574644,325.0408488,279.8615132,324.7265114,2485.150878,FALSE,FALSE,NA,FALSE
hypothetical protein,LBJ_RS07305,310.1823915,0.000185858,0.655412067,0.165882764,296.6077054,201.2532752,198.8610528,266.0373282,426.6028587,335.7733296,400.417242,355.9063404,2481.459132,TRUE,FALSE,NA,FALSE
,LBJ_RS18405,308.6317333,1.18698E-10,-0.786837683,0.117310202,406.8512773,374.7977661,414.2938601,366.5403189,241.8978847,217.7160402,232.5003341,214.4563846,2469.053866,TRUE,FALSE,NA,FALSE
hypothetical protein,LBJ_RS20385,308.1338537,0.106688683,-0.452009493,0.255436777,338.6052566,285.8379851,549.0774626,250.2721532,303.7787389,302.8092813,173.083582,261.6063698,2465.07083,FALSE,FALSE,NA,FALSE
hypothetical protein,LBJ_RS19830,308.0384609,0.810664704,0.044166978,0.155232679,312.3567871,250.8374155,328.1207372,321.2154407,285.9645536,292.0768004,285.8892997,387.846653,2464.307687,FALSE,FALSE,NA,FALSE
VWA domain-containing protein,LBJ_RS15560,307.8457646,0.092410955,-0.255059614,0.138466112,341.2301035,350.005696,333.6446553,316.2888236,254.0865378,252.9799059,273.8337268,340.6966677,2462.766117,FALSE,FALSE,NA,FALSE
hypothetical protein,LBJ_RS06065,307.3773758,0.031096735,-0.394755334,0.169484369,338.6052566,331.0470541,389.9886203,336.9806158,250.336183,348.0390221,254.8892551,209.1329992,2459.019006,TRUE,FALSE,NA,FALSE
hypothetical protein,LBJ_RS15775,305.3820423,2.3948E-16,-1.09662071,0.129096073,387.1649252,431.6736917,446.3325853,400.0413158,181.8922079,178.6191457,193.7502784,223.5821882,2443.056338,TRUE,FALSE,NA,FALSE
DUF423 domain-containing protein,LBJ_RS16380,305.0703401,0.829188521,-0.046901388,0.183250855,351.7294913,212.9201317,352.425977,322.2007642,278.463844,314.3083679,254.8892551,353.6248895,2440.562721,FALSE,FALSE,NA,FALSE
type VI secretion system tube protein Hcp,LBJ_RS09565,305.0590027,1.92402E-09,-0.851148133,0.135862844,448.8488285,352.9224101,395.5125384,372.4522595,242.8354734,199.3175016,198.9169525,229.6660572,2440.472021,TRUE,FALSE,NA,FALSE
hypothetical protein,LBJ_RS13425,304.9829764,0.001020146,-0.60939512,0.17456788,356.9791852,366.0476237,387.7790531,363.5843486,190.3305062,200.8507132,254.8892551,319.403126,2439.863811,TRUE,FALSE,NA,FALSE
ABC transporter permease,LBJ_RS03805,304.3606162,0.008630142,-0.370148739,0.131476735,288.7331645,342.7139107,344.6924916,395.1146986,265.3376022,258.3461463,279.8615132,260.0854026,2434.88493,TRUE,FALSE,NA,FALSE
hypothetical protein,LBJ_RS03440,303.0551413,1.49381E-49,5.051237534,0.333583886,19.68635213,11.66685653,25.41002342,13.79452813,712.5674123,785.0043141,559.7230265,296.588617,2424.44113,TRUE,TRUE,TRUE,TRUE
glycosyltransferase family 2 protein,LBJ_RS06555,302.3876521,0.019853667,0.446404147,0.178039307,208.6753326,234.7954877,271.7767722,307.4209126,330.9688112,364.1377433,274.6948391,426.6313183,2419.101217,TRUE,FALSE,NA,FALSE
MepB family protein,LBJ_RS09465,301.9432765,0.152965285,0.353340814,0.22412906,209.987756,208.5450605,388.8838367,252.2428001,300.9659728,441.5649267,283.3059626,330.0498968,2415.546212,FALSE,FALSE,NA,FALSE
,LBJ_RS14865,299.165436,1.62184E-08,-0.898883163,0.152235281,400.2891599,333.9637683,434.1799654,388.2174345,248.4610056,185.5185977,179.1113685,223.5821882,2393.323488,TRUE,FALSE,NA,FALSE
cobalamin biosynthesis protein,LBJ_RS17585,298.4080911,5.44068E-09,1.01487719,0.166608907,203.4256387,191.0447757,186.708433,208.8885688,330.0312225,341.9061758,505.4729485,419.7869656,2387.264729,TRUE,FALSE,NA,FALSE
DUF1561 domain-containing protein,LBJ_RS07410,298.1713657,0.00166208,-0.432785066,0.129257102,345.167374,310.6300552,392.1981876,321.2154407,277.5262553,256.046329,244.5559069,238.0313772,2385.370926,TRUE,FALSE,NA,FALSE
hypothetical protein,LBJ_RS09900,297.9382105,0.00125404,-0.731786722,0.213289709,316.2940575,329.5886971,437.4943163,403.9826095,169.7035548,166.3534533,263.5003786,296.588617,2383.505684,TRUE,FALSE,NA,FALSE
leucine-rich repeat domain-containing protein,LBJ_RS11025,297.8699279,0.001727536,-0.405669713,0.121583686,354.3543383,294.5881275,345.7972752,361.6137017,262.5248361,263.7123868,260.0559292,240.3128281,2382.959423,TRUE,FALSE,NA,FALSE
hypothetical protein,LBJ_RS08175,297.0456062,0.145995358,0.348642792,0.217564365,234.9238021,284.379628,257.4145851,268.9932985,214.7078124,272.1450503,433.1395112,410.661162,2376.36485,FALSE,FALSE,NA,FALSE
hypothetical protein,LBJ_RS14155,295.9032066,2.08362E-06,-0.685749972,0.137666632,372.728267,344.1722677,396.6173221,346.8338501,210.0198689,225.382098,201.5002895,269.9716898,2367.225653,TRUE,FALSE,NA,FALSE
DUF1554 domain-containing protein,LBJ_RS07035,295.8661744,6.40738E-05,-0.534857514,0.126874394,372.728267,338.3388395,336.9590062,352.7457908,210.0198689,235.3479731,272.1115021,248.6781481,2366.929396,TRUE,FALSE,NA,FALSE
precorrin-2 C(20)-methyltransferase,LBJ_RS17580,294.0610147,5.94097E-09,1.105473476,0.181922635,166.6777813,212.9201317,191.1275675,176.3728954,338.4695209,318.1413968,511.5007349,437.2780891,2352.488118,TRUE,FALSE,NA,FALSE
ankyrin repeat domain-containing protein,LBJ_RS08785,293.930017,0.633063919,-0.139813643,0.250161443,322.8561749,296.0464845,359.0546788,254.213447,441.6042779,284.4107427,189.4447166,203.8096137,2351.440136,FALSE,FALSE,NA,FALSE
alpha/beta hydrolase,LBJ_RS03145,293.6425312,0.000833604,0.544273138,0.153437824,206.0504856,239.1705589,297.1867956,212.8298626,360.034061,387.9025224,328.0838047,317.8821587,2349.14025,TRUE,FALSE,NA,FALSE
hypothetical protein,LBJ_RS11450,292.762511,0.000220274,0.683150886,0.174775379,272.9840828,161.8776344,216.5375909,246.3308595,307.5290937,366.4375607,416.7783766,353.6248895,2342.100088,TRUE,FALSE,NA,FALSE
16S rRNA (adenine(1518)-N(6)/adenine(1519)-N(6))-dimethyltransferase RsmA,LBJ_RS03790,292.2112672,0.371286412,-0.115043699,0.113572137,312.3567871,310.6300552,279.5102576,313.3328532,274.7134892,288.2437716,285.8892997,273.0136243,2337.690138,FALSE,FALSE,NA,FALSE
hypothetical protein,LBJ_RS14345,292.0492748,0.030280904,0.564052901,0.241071815,203.4256387,154.5858491,328.1207372,255.1987704,303.7787389,305.1090986,297.9448725,488.2304926,2336.394198,TRUE,FALSE,NA,FALSE
DedA family protein,LBJ_RS17795,291.3492348,0.309027334,-0.144150091,0.126133147,314.981634,293.1297704,282.8246085,332.0539986,257.8368926,275.9780792,310.8615578,263.1273371,2330.793878,FALSE,FALSE,NA,FALSE
hypothetical protein,LBJ_RS11885,290.2547815,0.785554181,0.045071093,0.140254957,270.3592359,296.0464845,329.2255208,248.3015063,270.0255457,311.2419448,272.1115021,324.7265114,2322.038252,FALSE,FALSE,NA,FALSE
hypothetical protein,LBJ_RS15115,289.8705517,0.052170814,-0.362768326,0.172004488,329.4182923,309.1716981,330.3303045,335.9952923,209.0822802,220.0158576,241.9725699,342.9781186,2318.964413,FALSE,FALSE,NA,FALSE
hypothetical protein,LBJ_RS18200,288.6018272,6.60319E-10,-1.054155359,0.163725657,372.728267,425.8402635,447.4373689,312.3475298,209.0822802,151.0213378,197.1947278,193.1628429,2308.814618,TRUE,FALSE,NA,FALSE
hypothetical protein,LBJ_RS18980,287.7350502,0.94413784,0.009755696,0.121618829,293.9828584,284.379628,317.0729009,252.2428001,285.0269649,292.0768004,291.9170861,285.1813625,2301.880401,FALSE,FALSE,NA,FALSE
tRNA (guanine-N(7)-)-methyltransferase,LBJ_RS00680,287.5395418,0.001111998,0.667400632,0.192556639,225.7368377,196.878204,247.4715324,218.7418032,242.8354734,355.7050798,351.3338381,461.6135654,2300.316334,TRUE,FALSE,NA,FALSE
transcriptional repressor,LBJ_RS20840,285.7440757,0.000424463,-0.791344682,0.21192946,301.8573993,322.2969117,518.143521,306.4355892,168.7659661,258.3461463,223.0280982,187.0789738,2285.952606,TRUE,FALSE,NA,FALSE
hypothetical protein,LBJ_RS19045,285.0109601,4.53213E-20,-1.592118532,0.167849911,374.0406904,460.8408331,531.4009246,345.8485267,148.1390147,147.1883089,146.3890992,126.2402831,2280.087681,TRUE,TRUE,TRUE,TRUE
hypothetical protein,LBJ_RS08325,282.6436744,0.150293497,0.196715568,0.124000057,267.7343889,233.3371307,259.6241523,291.6557376,285.9645536,307.408916,294.5004232,320.9240932,2261.149396,FALSE,FALSE,NA,FALSE
hypothetical protein,LBJ_RS08330,282.5460647,0.005663833,0.387107628,0.130836919,271.6716594,231.8787736,237.5284798,238.448272,326.2808677,348.0390221,328.9449171,277.5765261,2260.368518,TRUE,FALSE,NA,FALSE
hypothetical protein,LBJ_RS10050,282.0906873,0.521393528,-0.100745862,0.136003141,313.6692106,298.9631987,235.3189125,320.2301173,270.9631344,284.4107427,260.9170416,272.2531407,2256.725498,FALSE,FALSE,NA,FALSE
IS5 family transposase,LBJ_RS19420,280.7873483,0.772792588,-0.052049375,0.153455393,305.7946697,221.6702741,298.2915793,316.2888236,244.7106508,255.2797232,303.1115466,301.1515188,2246.298786,FALSE,FALSE,NA,FALSE
DUF420 domain-containing protein,LBJ_RS14450,280.0721096,0.000106263,0.74006694,0.180775183,212.612603,154.5858491,208.8041055,261.110711,281.2766101,377.1700415,401.2783544,343.7386022,2240.576877,TRUE,FALSE,NA,FALSE
biopolymer transporter ExbD,LBJ_RS03980,279.644894,0.006835033,0.343088185,0.118526824,255.9225777,249.3790584,223.1662926,258.1547407,295.3404406,312.7751564,323.778243,318.6426423,2237.159152,TRUE,FALSE,NA,FALSE
hypothetical protein,LBJ_RS02860,279.5523946,0.08760863,0.281295691,0.15050329,224.4244143,239.1705589,241.9476143,302.4942954,298.1532067,264.4789925,315.1671195,350.5829549,2236.419157,FALSE,FALSE,NA,FALSE
histidine phosphatase family protein,LBJ_RS17630,279.0693457,0.187213536,0.225656592,0.154487944,286.1083176,266.8793432,243.0523979,233.5216548,335.6567548,238.4143962,338.4171529,290.5047479,2232.554765,FALSE,FALSE,NA,FALSE
sigma-70 family RNA polymerase sigma factor,LBJ_RS04770,278.3742966,2.56523E-10,-1.37327569,0.208406172,358.2916087,393.756408,544.6583281,310.3768829,162.2028452,170.9530879,111.0834929,175.6717193,2226.994373,TRUE,FALSE,NA,FALSE
hypothetical protein,LBJ_RS16975,277.2691092,1.03647E-18,-1.151812144,0.126071293,408.1637008,354.3807672,383.3599185,384.2761408,159.3900791,170.1864821,164.4724585,193.9233265,2218.152874,TRUE,FALSE,NA,FALSE
,LBJ_RS15635,276.8603405,0.00166208,-0.564351923,0.168552022,359.6040322,262.504272,348.0068425,350.7751439,194.080861,192.4180496,229.916997,277.5765261,2214.882724,TRUE,FALSE,NA,FALSE
hypothetical protein,LBJ_RS14115,276.7970833,0.2183551,0.239886042,0.17540597,280.8586237,185.2113475,283.9293921,264.0666814,330.0312225,309.7087333,235.0836711,325.486995,2214.376667,FALSE,FALSE,NA,FALSE
biopolymer transporter ExbD,LBJ_RS03985,276.6191274,0.031513886,0.375393151,0.161564656,232.2989551,179.3779192,259.6241523,289.6850907,298.1532067,302.0426755,299.6670972,352.1039222,2212.953019,TRUE,FALSE,NA,FALSE
IS982 family transposase,LBJ_RS19890,275.6280847,0.503939696,-0.141757139,0.18382086,270.3592359,249.3790584,346.9020589,289.6850907,216.5829898,230.7483384,252.3059181,349.0619877,2205.024678,FALSE,FALSE,NA,FALSE
purine-binding chemotaxis protein CheW,LBJ_RS09960,274.6655275,0.54871555,-0.11846646,0.170107859,284.7958941,284.379628,315.9681173,258.1547407,339.4071096,273.6782618,213.5558624,227.3846064,2197.32422,FALSE,FALSE,NA,FALSE
hypothetical protein,LBJ_RS13350,274.3140204,0.25330657,0.226270629,0.17776404,230.9865316,262.504272,282.8246085,235.4923017,218.4581672,269.845233,365.1116357,329.2894132,2194.512163,FALSE,FALSE,NA,FALSE
,LBJ_RS19860,271.5848706,1.46647E-10,-1.121169203,0.167961796,405.5388538,310.6300552,361.264246,409.8945502,200.6439819,134.9226165,155.8613351,193.9233265,2172.678965,TRUE,FALSE,NA,FALSE
MarR family transcriptional regulator,LBJ_RS06875,269.6193841,3.31153E-26,1.762404631,0.161522794,125.9926536,141.4606355,113.7927136,111.3415485,463.168818,434.6654747,435.7228483,330.8103805,2156.955073,TRUE,TRUE,TRUE,TRUE
IS110 family transposase,LBJ_RS18705,268.6172302,0.003464795,-0.954836934,0.305949294,379.2903843,335.4221253,434.1799654,268.0079751,338.4695209,151.0213378,110.2223806,132.3241522,2148.937842,TRUE,FALSE,NA,FALSE
three-Cys-motif partner protein TcmP,LBJ_RS16755,268.1190694,9.7951E-05,-0.608459033,0.147917117,345.167374,274.1711285,364.5785969,311.3622064,195.0184497,203.9171363,199.7780648,250.959599,2144.952556,TRUE,FALSE,NA,FALSE
hypothetical protein,LBJ_RS19490,267.4905739,4.09059E-08,0.807949255,0.140817869,164.0529344,237.7122019,196.6514856,181.2995126,322.5305129,358.0048971,336.6949282,342.9781186,2139.924591,TRUE,FALSE,NA,FALSE
WxcM-like domain-containing protein,LBJ_RS06495,266.7092323,0.479399912,0.119761507,0.146811171,267.7343889,211.4617747,306.0250647,236.4776251,284.0893762,266.7788099,259.1948169,301.9120024,2133.673859,FALSE,FALSE,NA,FALSE
hypothetical protein,LBJ_RS04005,266.0729712,6.13743E-08,-0.92072054,0.162576863,283.4834706,389.3813368,414.2938601,305.4502657,200.6439819,186.2852034,188.5836043,160.4620466,2128.58377,TRUE,FALSE,NA,FALSE
radical SAM protein,LBJ_RS14815,265.0850048,0.002441388,-0.463476214,0.143467993,291.3580115,293.1297704,354.6355442,289.6850907,229.7092316,193.1846554,212.6947501,256.2829844,2120.680038,TRUE,FALSE,NA,FALSE
hypothetical protein,LBJ_RS12380,263.8755947,0.033498022,0.436702397,0.190040706,187.676557,191.0447757,264.0432868,253.2281235,225.9588768,358.0048971,285.0281873,346.0200531,2111.004757,TRUE,FALSE,NA,FALSE
DUF1564 family protein,LBJ_RS04625,262.8847076,1.11989E-19,-1.245435893,0.132703893,375.3531139,347.0889819,419.8177782,336.9806158,151.8893695,168.6532706,155.0002227,148.2943085,2103.077661,TRUE,FALSE,NA,FALSE
,LBJ_RS04880,261.3631405,0.20374362,0.271556366,0.19247312,228.3616847,156.0442061,311.5489828,249.2868298,315.967392,297.4430409,266.0837157,266.1692716,2090.905124,FALSE,FALSE,NA,FALSE
,LBJ_RS13650,258.1375597,5.70886E-17,-1.988364774,0.229432262,447.536405,415.631764,473.952176,311.3622064,160.3276678,86.62645263,85.25012249,84.41368329,2065.100478,TRUE,TRUE,TRUE,TRUE
cobalamin biosynthesis protein,LBJ_RS17625,257.9075507,0.365574415,0.168214514,0.164109708,266.4219655,245.0039872,266.2528541,194.1087173,330.0312225,239.9476077,278.1392885,243.3547626,2063.260405,FALSE,FALSE,NA,FALSE
hypothetical protein,LBJ_RS00860,257.3138616,0.004063658,-0.66631716,0.217070945,248.0480368,291.6714133,477.2665268,245.345536,216.5829898,211.583194,181.6947055,186.3184902,2058.510892,TRUE,FALSE,NA,FALSE
,LBJ_RS03090,255.7801035,2.62903E-12,-1.278684422,0.17583144,387.1649252,373.3394091,406.5603747,281.8025032,188.4553288,144.8884916,124.8612905,139.1685049,2046.240828,TRUE,FALSE,NA,FALSE
TonB-dependent receptor,LBJ_RS10095,255.2333367,0.076777021,0.347358796,0.179747274,244.1107664,221.6702741,238.6332634,194.1087173,377.8482463,286.71056,244.5559069,234.228959,2041.866693,FALSE,FALSE,NA,FALSE
hypothetical protein,LBJ_RS02950,254.7759044,1.69004E-09,-1.131828369,0.180046529,396.3518895,357.2974813,403.2460238,243.3748892,170.6411435,168.6532706,141.2224251,157.4201121,2038.207235,TRUE,FALSE,NA,FALSE
hypothetical protein,LBJ_RS00370,254.3833464,0.020170691,-0.553703919,0.221398169,267.7343889,265.4209861,425.3416964,251.2574767,255.9617152,240.7142135,163.6113462,165.0249484,2035.066771,TRUE,FALSE,NA,FALSE
hypothetical protein,LBJ_RS15880,253.2586182,0.000321484,-0.715523006,0.18783483,342.542527,294.5881275,332.5398717,288.6997673,268.1503683,183.9853861,155.8613351,159.701563,2026.068946,TRUE,FALSE,NA,FALSE
hypothetical protein,LBJ_RS13335,252.9728093,0.77550881,-0.052766327,0.157430902,230.9865316,284.379628,294.9772284,220.7124501,236.2723525,280.5777138,265.2226033,210.6539664,2023.782474,FALSE,FALSE,NA,FALSE
lipoprotein,LBJ_RS10105,252.1787321,0.010930589,-0.388933987,0.142473476,279.5462002,280.0045568,333.6446553,250.2721532,242.8354734,223.8488864,211.8336377,195.4442938,2017.429857,TRUE,FALSE,NA,FALSE
type II toxin-antitoxin system PemK/MazF family toxin,LBJ_RS02230,251.863457,0.239392989,-0.378206884,0.288624315,208.6753326,215.8368459,502.6765503,210.8592157,270.9631344,246.0804539,163.6113462,196.2047774,2014.907656,FALSE,FALSE,NA,FALSE
,LBJ_RS15730,250.6843204,3.75454E-07,-0.699635451,0.131412978,299.2325523,309.1716981,324.8063863,307.4209126,218.4581672,183.9853861,166.1946832,196.2047774,2005.474563,TRUE,FALSE,NA,FALSE
hypothetical protein,LBJ_RS10795,250.5394479,0.150874335,0.212388429,0.134073479,212.612603,249.3790584,237.5284798,229.580361,249.3985943,307.408916,271.2503897,247.1571808,2004.315583,FALSE,FALSE,NA,FALSE
,LBJ_RS19330,250.0675007,0.034747527,-0.295373701,0.12937154,291.3580115,258.1292008,270.6719886,281.8025032,231.584409,201.6173189,214.4169748,250.959599,2000.540006,TRUE,FALSE,NA,FALSE
hypothetical protein,LBJ_RS16590,248.9740179,2.60429E-07,-0.805498145,0.149292271,334.6679862,272.7127715,359.0546788,299.5383251,210.0198689,168.6532706,159.3057845,187.8394574,1991.792143,TRUE,FALSE,NA,FALSE
bifunctional adenosylcobinamide kinase/adenosylcobinamide-phosphate guanylyltransferase,LBJ_RS17615,246.8147535,0.018673505,0.440104585,0.173871156,217.8622969,169.1694197,228.6902108,220.7124501,281.2766101,213.8830113,328.0838047,314.8402242,1974.518028,TRUE,FALSE,NA,FALSE
lipoprotein,LBJ_RS19300,246.4533203,0.017871637,0.668347942,0.26223123,192.9262509,156.0442061,216.5375909,195.0940407,454.7305197,352.6386567,180.8335932,222.8217046,1971.626563,TRUE,FALSE,NA,FALSE
hypothetical protein,LBJ_RS18550,246.4181105,0.001940099,-0.476370918,0.144279465,317.606481,277.0878427,271.7767722,280.8171798,183.7673853,180.918963,241.1114576,218.2588028,1971.344884,TRUE,FALSE,NA,FALSE
hypothetical protein,LBJ_RS09445,245.229384,0.00907574,-0.441396607,0.157773851,275.6089298,290.2130563,344.6924916,219.7271266,213.7702237,214.6496171,209.2503007,193.9233265,1961.835072,TRUE,FALSE,NA,FALSE
hypothetical protein,LBJ_RS13655,245.0154662,0.551921715,-0.167967646,0.243559405,211.3001795,212.9201317,314.8633337,297.5676782,150.9517808,200.0841074,232.5003341,339.9361841,1960.123729,FALSE,FALSE,NA,FALSE
hypothetical protein,LBJ_RS19510,242.921292,0.00013122,-0.937661696,0.232121175,379.2903843,301.8799128,319.2824682,275.8905626,249.3985943,174.019511,112.8057176,130.8031849,1943.370336,TRUE,FALSE,NA,FALSE
,LBJ_RS04460,241.9020247,0.295895992,-0.22055818,0.188110971,272.9840828,258.1292008,268.4624213,241.4042423,299.0907954,241.4808193,182.5558179,171.1088175,1935.216197,FALSE,FALSE,NA,FALSE
hypothetical protein,LBJ_RS15540,241.5752831,4.33432E-05,-0.589867437,0.136883098,301.8573993,249.3790584,318.1776846,290.6704142,210.9574576,199.3175016,171.3613573,190.881392,1932.602265,TRUE,FALSE,NA,FALSE
hypothetical protein,LBJ_RS14705,240.9513844,0.008197542,-1.442774504,0.509160622,313.6692106,277.0878427,576.6970533,241.4042423,237.2099412,142.5886742,69.75010022,69.20401063,1927.611075,TRUE,FALSE,NA,FALSE
hypothetical protein,LBJ_RS19410,240.4805816,7.69172E-26,-1.664929973,0.15374219,317.606481,411.2566928,351.3211934,382.3054939,130.3248294,127.2565587,97.30569537,106.4677087,1923.844653,TRUE,TRUE,TRUE,TRUE
hypothetical protein,LBJ_RS09785,240.277523,2.2577E-14,1.202429149,0.151814442,148.3038527,131.252136,125.9453335,175.3875719,303.7787389,363.3711376,354.7782875,319.403126,1922.220184,TRUE,FALSE,NA,FALSE
hypothetical protein,LBJ_RS06365,240.1025315,0.000622301,0.786803303,0.216797022,152.2411231,112.2934941,243.0523979,195.0940407,319.7177468,324.274243,247.139244,327.0079623,1920.820252,TRUE,FALSE,NA,FALSE
hypothetical protein,LBJ_RS03130,239.565236,7.38207E-05,-0.583747227,0.139593797,320.2313279,304.7966269,272.8815559,252.2428001,208.1446915,172.4862995,203.2225142,182.516072,1916.521888,TRUE,FALSE,NA,FALSE
hypothetical protein,LBJ_RS20335,238.7210672,0.715667925,-0.061855147,0.144382316,236.2362255,243.5456301,215.4328073,278.8465329,265.3376022,208.5167709,242.8336822,219.0192864,1909.768538,FALSE,FALSE,NA,FALSE
Ig-like domain-containing protein,LBJ_RS05535,237.5083581,6.93587E-10,-0.90038981,0.1400317,291.3580115,322.2969117,319.2824682,303.4796189,200.6439819,159.4540013,150.694661,152.8572103,1900.066865,TRUE,FALSE,NA,FALSE
hypothetical protein,LBJ_RS01585,236.4375369,1.62122E-07,-1.306323834,0.238172197,279.5462002,345.6306248,472.8473923,248.3015063,186.5801514,139.5222511,111.0834929,107.9886759,1891.500295,TRUE,FALSE,NA,FALSE
YiiX family permuted papain-like enzyme,LBJ_RS09715,235.2617601,0.649216629,-0.097591087,0.183121877,249.3604603,169.1694197,304.920281,248.3015063,204.3943367,260.6459637,211.8336377,233.4684754,1882.094081,FALSE,FALSE,NA,FALSE
WG repeat-containing protein,LBJ_RS15940,234.6669609,0.508837405,0.162144717,0.212444074,271.6716594,179.3779192,175.6605967,259.1400642,176.2666757,233.8147615,296.2226478,285.1813625,1877.335687,FALSE,FALSE,NA,FALSE
hypothetical protein,LBJ_RS18775,232.3001951,0.431771064,0.119218979,0.132743185,216.5498734,215.8368459,235.3189125,222.683097,220.3333446,230.7483384,278.1392885,238.7918608,1858.401561,FALSE,FALSE,NA,FALSE
hypothetical protein,LBJ_RS11155,232.0907274,0.007516251,0.480473109,0.167857934,234.9238021,188.1280616,196.6514856,156.6664266,298.1532067,268.3120214,219.5836488,294.3071661,1856.725819,TRUE,FALSE,NA,FALSE
,LBJ_RS20535,231.6665793,0.440992544,-0.12644963,0.143405117,245.4231899,236.2538448,243.0523979,242.3895657,233.4595864,188.5850208,204.0836266,260.0854026,1853.332635,FALSE,FALSE,NA,FALSE
,LBJ_RS20760,230.7736462,1.15126E-05,-0.87934326,0.190510539,286.1083176,255.2124867,403.2460238,251.2574767,156.577313,141.8220685,155.0002227,196.965261,1846.18917,TRUE,FALSE,NA,FALSE
,LBJ_RS09695,229.7698079,1.98968E-09,-1.14142529,0.182369998,406.8512773,243.5456301,303.8154974,310.3768829,160.3276678,145.6550973,116.250167,151.336243,1838.158463,TRUE,FALSE,NA,FALSE
hypothetical protein,LBJ_RS16400,227.0531846,1.8295E-16,-1.982854543,0.232526623,381.9152313,357.2974813,395.5125384,315.3035001,60.94326553,64.39488514,130.0279646,111.0306105,1816.425477,TRUE,TRUE,TRUE,TRUE
lipoprotein,LBJ_RS10100,226.6118819,0.189592072,-0.303070031,0.20851711,270.3592359,278.5461997,268.4624213,184.2554829,270.9631344,211.583194,177.3891438,151.336243,1812.895055,FALSE,FALSE,NA,FALSE
hypothetical protein,LBJ_RS06670,225.4931982,0.000347189,-0.68607269,0.181064017,248.0480368,227.5037024,372.3120823,264.0666814,163.1404339,180.1523572,153.277998,195.4442938,1803.945586,TRUE,FALSE,NA,FALSE
UDP-2%2C3-diacylglucosamine diphosphatase,LBJ_RS17725,224.729988,0.49441576,0.113015279,0.14329908,211.3001795,188.1280616,237.5284798,225.6390673,220.3333446,268.3120214,235.9447835,210.6539664,1797.839904,FALSE,FALSE,NA,FALSE
hypothetical protein,LBJ_RS18580,224.4976655,2.04776E-07,-0.937373658,0.172261655,313.6692106,233.3371307,366.7881641,266.0373282,139.7007164,159.4540013,142.0835375,174.9112357,1795.981324,TRUE,FALSE,NA,FALSE
IS5/IS1182 family transposase,LBJ_RS20610,224.4867262,7.81666E-05,-1.224016777,0.293676603,286.1083176,366.0476237,393.3029712,211.8445391,209.0822802,157.9207897,88.69457188,82.89271603,1795.893809,TRUE,FALSE,NA,FALSE
hypothetical protein,LBJ_RS12070,223.7810223,0.000155321,-0.849159675,0.212464205,253.2977307,220.2119171,427.5512636,249.2868298,177.2042644,164.0536359,141.2224251,157.4201121,1790.248179,TRUE,FALSE,NA,FALSE
alpha-ribazole phosphatase,LBJ_RS15555,221.7660005,1.66167E-08,-0.765299615,0.129704154,261.1722716,309.1716981,271.7767722,275.8905626,158.4524904,176.3193284,153.277998,168.066883,1774.128004,TRUE,FALSE,NA,FALSE
hypothetical protein,LBJ_RS13270,221.687215,0.480056265,0.108844076,0.133629534,220.4871438,192.5031328,209.9088891,229.580361,212.832635,214.6496171,247.139244,246.3966972,1773.49772,FALSE,FALSE,NA,FALSE
,LBJ_RS16355,220.707645,0.391536595,0.173446177,0.178528381,245.4231899,148.7524208,232.0045617,202.9766282,228.7716429,229.2151269,203.2225142,275.2950752,1765.66116,FALSE,FALSE,NA,FALSE
phage Gp37/Gp68 family protein,LBJ_RS16760,220.5229157,4.30647E-07,-0.931973964,0.175967651,311.0443636,247.9207013,327.0159536,271.9492689,111.5730554,147.1883089,168.7780203,178.7136538,1764.183326,TRUE,FALSE,NA,FALSE
YceI family protein,LBJ_RS05630,220.1901801,0.551921715,0.112812618,0.163543294,196.8635213,201.2532752,195.546702,252.2428001,178.1418531,243.7806366,241.9725699,251.7200826,1761.521441,FALSE,FALSE,NA,FALSE
hypothetical protein,LBJ_RS19990,219.5814427,0.012012606,-0.373723062,0.138646713,244.1107664,240.628916,271.7767722,234.5069782,185.6425627,169.4198764,220.4447612,190.1209083,1756.651541,TRUE,FALSE,NA,FALSE
,LBJ_RS00830,219.4729181,4.04498E-07,-0.895414427,0.16865294,287.4207411,263.9626291,282.8246085,308.4062361,113.4482328,166.3534533,145.5279869,187.8394574,1755.783345,TRUE,FALSE,NA,FALSE
acyl-CoA thioesterase,LBJ_RS05990,219.4474908,0.005549966,-0.649580461,0.219002734,287.4207411,243.5456301,315.9681173,224.6537438,240.960296,181.6855688,121.4168411,139.9289885,1755.579927,TRUE,FALSE,NA,FALSE
hypothetical protein,LBJ_RS05925,218.6077373,0.001068485,0.590823862,0.169898073,178.4895926,144.3773496,185.6036493,188.1967766,249.3985943,211.583194,269.528165,321.6845769,1748.861898,TRUE,FALSE,NA,FALSE
ISNCY family transposase,LBJ_RS07765,218.0495943,0.002991928,-0.645138278,0.2037335,240.173496,298.9631987,327.0159536,198.050011,212.832635,182.4521746,134.3335264,150.5757594,1744.396754,TRUE,FALSE,NA,FALSE
hypothetical protein,LBJ_RS17695,217.6986985,0.152543022,-0.249666838,0.158209816,241.4859194,231.8787736,275.0911231,198.050011,180.0170305,174.7861168,214.4169748,225.8636391,1741.589588,FALSE,FALSE,NA,FALSE
hypothetical protein,LBJ_RS20635,217.5323518,0.023189959,-0.574840071,0.235003834,221.7995673,242.0872731,292.7676611,284.7584735,107.8227005,151.0213378,186.0002673,254.0015335,1740.258814,TRUE,FALSE,NA,FALSE
adenosylcobinamide amidohydrolase,LBJ_RS17610,217.4329416,3.30557E-10,0.919547493,0.140421375,157.490817,144.3773496,143.6218715,155.6811032,270.9631344,268.3120214,329.8060294,269.2112062,1739.463533,TRUE,FALSE,NA,FALSE
,LBJ_RS16340,217.3152342,5.08899E-11,-1.566209742,0.229116147,389.7897721,280.0045568,285.0341758,343.8778798,166.8907887,92.75929883,77.50011136,102.6652905,1738.521874,TRUE,FALSE,NA,FALSE
IS982 family transposase,LBJ_RS07780,217.0741517,8.26315E-06,0.820729451,0.175040364,153.5535466,135.6272072,192.2323511,145.8278688,216.5829898,272.1450503,319.4726813,301.1515188,1736.593214,TRUE,FALSE,NA,FALSE
Rpn family recombination-promoting nuclease/putative transposase,LBJ_RS04765,216.7735783,1.40833E-13,-1.059844299,0.138011133,301.8573993,285.8379851,315.9681173,268.0079751,160.3276678,134.1560107,126.5835152,141.4499558,1734.188626,TRUE,FALSE,NA,FALSE
hypothetical protein,LBJ_RS03215,215.5275584,0.020672594,0.355350869,0.14267047,213.9250265,192.5031328,175.6605967,175.3875719,258.7744813,216.9494345,225.6114353,265.408788,1724.220467,TRUE,FALSE,NA,FALSE
dienelactone hydrolase,LBJ_RS15090,215.2112808,0.001142685,-0.55023012,0.159116881,266.4219655,262.504272,260.728936,234.5069782,155.6397243,223.0822807,157.5835598,161.2225303,1721.690247,TRUE,FALSE,NA,FALSE
hypothetical protein,LBJ_RS16460,213.7833941,3.16799E-11,-1.664462751,0.240952175,326.7934453,242.0872731,443.0182344,287.7144439,129.3872407,82.79342375,71.47232492,127.0007668,1710.267153,TRUE,TRUE,TRUE,TRUE
tRNA-Pro,LBJ_RS03765,213.7388308,0.434155283,0.205087887,0.229454776,161.4280874,226.0453453,183.3940821,223.6684204,138.7631277,232.28155,310.8615578,233.4684754,1709.910646,FALSE,FALSE,NA,FALSE
hypothetical protein,LBJ_RS01625,211.6399526,1.56579E-15,-1.165549936,0.14106064,280.8586237,277.0878427,331.4350881,280.8171798,144.3886599,136.455828,125.7224029,116.3539959,1693.119621,TRUE,FALSE,NA,FALSE
hypothetical protein,LBJ_RS13990,210.8695492,0.570238629,-0.117003634,0.177160884,195.5510978,193.9614899,282.8246085,204.9472751,188.4553288,203.9171363,173.9446944,243.3547626,1686.956393,FALSE,FALSE,NA,FALSE
hypothetical protein,LBJ_RS05590,210.6730597,9.11262E-06,-1.124141321,0.240826083,230.9865316,261.0459149,393.3029712,269.978622,113.4482328,94.29251038,129.1668523,193.1628429,1685.384478,TRUE,FALSE,NA,FALSE
hypothetical protein,LBJ_RS05280,210.5822213,0.002087111,-0.496768536,0.151496472,232.2989551,280.0045568,252.9954506,220.7124501,207.2071028,167.120059,172.2224697,152.0967267,1684.657771,TRUE,FALSE,NA,FALSE
hypothetical protein,LBJ_RS16980,208.915365,0.267129149,0.269280849,0.217216656,187.676557,118.1269224,212.1184564,238.448272,184.704974,225.382098,220.4447612,284.4208788,1671.32292,FALSE,FALSE,NA,FALSE
peptidase,LBJ_RS05725,206.493361,8.79925E-12,1.285452091,0.181074227,116.8056893,102.0849947,109.3735791,150.754486,231.584409,286.71056,330.6671418,323.9660278,1651.946888,TRUE,FALSE,NA,FALSE
DNA alkylation repair protein,LBJ_RS20625,206.0818136,5.5155E-07,-0.820328045,0.156283107,253.2977307,266.8793432,311.5489828,221.6977735,130.3248294,149.4881262,148.1113239,167.3063993,1648.654509,TRUE,FALSE,NA,FALSE
hypothetical protein,LBJ_RS18720,205.8535351,1.60507E-15,-1.721844601,0.208470213,291.3580115,310.6300552,435.284749,226.6243907,101.2595796,102.7251739,80.0834484,98.86287233,1646.828281,TRUE,TRUE,TRUE,TRUE
hypothetical protein,LBJ_RS16005,205.3935712,0.018905891,-0.477216794,0.188893719,251.9853072,173.5444909,290.5580939,239.4335954,169.7035548,160.2206071,145.5279869,212.1749337,1643.14857,TRUE,FALSE,NA,FALSE
IS110 family transposase,LBJ_RS20470,205.0139441,4.64598E-32,-3.649773143,0.301216099,308.4195167,246.4623443,349.1116261,614.8418252,37.50354802,36.03047145,18.08335932,29.6588617,1640.111553,TRUE,TRUE,TRUE,TRUE
MBL fold metallo-hydrolase,LBJ_RS15100,204.9717281,0.006092627,-0.557537778,0.19002399,206.0504856,230.4204165,261.8337196,277.8612095,113.4482328,177.8525399,198.9169525,173.3902684,1639.773825,TRUE,FALSE,NA,FALSE
IS4 family transposase,LBJ_RS00425,204.7071983,9.40046E-08,-0.999779643,0.178977285,300.5449758,253.7541296,271.7767722,266.0373282,133.1375955,111.1578374,117.9723917,183.2765556,1637.657586,TRUE,FALSE,NA,FALSE
DUF1564 domain-containing protein,LBJ_RS16950,204.5212271,1.45895E-12,-1.668321731,0.226717302,236.2362255,268.3377003,381.1503513,357.672408,108.7602892,101.9585681,119.6946164,62.35965793,1636.169817,TRUE,TRUE,TRUE,TRUE
helix-turn-helix domain-containing protein,LBJ_RS16230,204.5153912,0.006222534,-0.494390858,0.168906988,207.3629091,202.7116323,291.6628775,254.213447,165.9532,172.4862995,145.5279869,196.2047774,1636.12313,TRUE,FALSE,NA,FALSE
energy transducer TonB,LBJ_RS03975,204.1446184,0.279630581,0.167126923,0.13806203,186.3641335,198.3365611,182.2892984,201.9913048,229.7092316,185.5185977,217.0003118,231.9475081,1633.156947,FALSE,FALSE,NA,FALSE
hypothetical protein,LBJ_RS14410,202.4045642,3.22976E-05,0.661809795,0.151084123,158.8032405,132.7104931,145.8314388,188.1967766,223.1461107,259.8793579,250.5836934,260.0854026,1619.236513,TRUE,FALSE,NA,FALSE
hypothetical protein,LBJ_RS18215,201.0894186,0.8629868,0.032083811,0.157312835,227.0492612,150.2107779,203.2801874,213.815186,189.3929175,194.717867,206.6669636,223.5821882,1608.715349,FALSE,FALSE,NA,FALSE
DUF1564 domain-containing protein,LBJ_RS04335,200.7308443,0.013006942,-0.459299318,0.172240263,216.5498734,210.0034176,258.5193687,244.3602126,128.449652,156.3875782,194.6113907,196.965261,1605.846754,TRUE,FALSE,NA,FALSE
YfbM family protein,LBJ_RS20600,200.0667346,4.49106E-15,-1.507972125,0.185487224,316.2940575,298.9631987,321.4920354,247.3161829,133.1375955,100.4253566,74.91677431,107.9886759,1600.533877,TRUE,FALSE,NA,FALSE
hypothetical protein,LBJ_RS03760,199.9742133,0.100203088,0.46629077,0.258803567,128.6175006,134.1688501,258.5193687,149.7691626,150.9517808,228.4485211,288.4726367,260.8458862,1599.793707,FALSE,FALSE,NA,FALSE
hypothetical protein,LBJ_RS10740,199.3574448,0.051325276,-0.333344956,0.157508767,245.4231899,218.75356,226.4806435,199.0353345,195.9560384,167.120059,142.0835375,200.0071956,1594.859558,FALSE,FALSE,NA,FALSE
ISNCY family transposase,LBJ_RS17665,198.9706203,0.000508164,-0.954591646,0.259022419,275.6089298,204.1699893,372.3120823,197.0646876,202.5191593,113.4576548,104.1945942,122.437865,1591.764962,TRUE,FALSE,NA,FALSE
transposase,LBJ_RS20515,198.9075583,3.48544E-06,-1.023371456,0.21000395,265.109542,309.1716981,306.0250647,186.2261298,171.5787322,125.7233472,124.0001782,103.4257741,1591.260466,TRUE,FALSE,NA,FALSE
fatty acid desaturase,LBJ_RS15105,198.2506791,0.763336175,0.057466679,0.162450416,207.3629091,164.7943485,227.5854272,177.3582188,172.5163209,190.8848381,213.5558624,231.9475081,1586.005433,FALSE,FALSE,NA,FALSE
TolC family protein,LBJ_RS13565,198.1378932,0.005766305,-0.44684043,0.151349867,223.1119908,269.7960573,219.8519418,202.9766282,179.0794418,165.5868475,142.9446498,181.7555884,1585.103146,TRUE,FALSE,NA,FALSE
chemotaxis protein CheD,LBJ_RS09965,197.9882439,0.228037922,0.185378859,0.138289237,192.9262509,164.7943485,188.9180002,193.1233938,239.0851186,208.5167709,198.0558401,198.4862283,1583.905951,FALSE,FALSE,NA,FALSE
type II toxin-antitoxin system VapC family toxin,LBJ_RS00155,197.7448981,0.611450151,0.129330424,0.218037233,225.7368377,123.9603507,225.3758599,179.3288657,266.2751909,177.0859341,170.500245,213.695901,1581.959185,FALSE,FALSE,NA,FALSE
,LBJ_RS04930,197.5957856,0.044029767,-0.360452217,0.165091526,246.7356133,204.1699893,248.5763161,189.1821001,194.080861,151.0213378,151.5557733,195.4442938,1580.766285,TRUE,FALSE,NA,FALSE
sigma-70 family RNA polymerase sigma factor,LBJ_RS01620,196.9789765,0.099726917,-0.316299589,0.175308561,224.4244143,175.002848,247.4715324,226.6243907,161.2652565,173.2529053,147.2502116,220.5402537,1575.831812,FALSE,FALSE,NA,FALSE
hypothetical protein,LBJ_RS20450,196.8192676,1.59558E-05,-0.62660189,0.137960079,237.548649,250.8374155,259.6241523,207.9032454,164.0780226,144.1218858,157.5835598,152.8572103,1574.554141,TRUE,FALSE,NA,FALSE
hypothetical protein,LBJ_RS02910,196.1091963,1.89156E-11,-1.602510383,0.229400411,249.3604603,236.2538448,412.0842928,282.7878267,68.44397513,97.35893348,95.58347067,127.0007668,1568.873571,TRUE,TRUE,TRUE,TRUE
hypothetical protein,LBJ_RS20080,195.2944215,1.13913E-39,-2.256312618,0.166894148,305.7946697,328.13034,356.8451115,300.5236486,74.06950733,49.8293754,74.91677431,72.24594516,1562.355372,TRUE,TRUE,TRUE,TRUE
nucleoside deaminase,LBJ_RS16515,194.7905929,0.526520668,-0.157361142,0.214797168,174.5523222,145.8357067,286.1389594,213.815186,185.6425627,223.8488864,155.8613351,172.6297848,1558.324743,FALSE,FALSE,NA,FALSE
adenosylcobinamide-GDP ribazoletransferase,LBJ_RS15550,194.7499211,0.000440117,-0.534005468,0.143388117,249.3604603,220.2119171,201.0706201,251.2574767,140.6383051,167.8866648,161.0280092,166.5459157,1557.999369,TRUE,FALSE,NA,FALSE
chemotaxis protein CheA,LBJ_RS09950,194.4347541,0.035901993,-0.410613286,0.180963856,209.987756,202.7116323,290.5580939,184.2554829,173.4539096,193.1846554,144.6668745,156.6596285,1555.478033,TRUE,FALSE,NA,FALSE
,LBJ_RS20045,193.5465754,1.35009E-14,-1.982998215,0.248285105,245.4231899,399.5898363,283.9293921,307.4209126,45.00425762,72.82754867,112.8057176,81.37174876,1548.372604,TRUE,TRUE,TRUE,TRUE
IS5 family transposase,LBJ_RS18605,193.0839583,0.005438869,-0.60984452,0.205108694,291.3580115,185.2113475,204.384971,252.2428001,111.5730554,162.5204244,192.889166,144.4918903,1544.671666,TRUE,FALSE,NA,FALSE
Ig-like domain-containing protein,LBJ_RS10790,192.2012747,0.00162885,0.483201656,0.144026113,144.3665823,177.9195621,170.1366785,149.7691626,210.0198689,252.9799059,218.7225365,213.695901,1537.610198,TRUE,FALSE,NA,FALSE
,LBJ_RS17005,191.9987103,6.15697E-07,-0.797009445,0.152469,270.3592359,202.7116323,247.4715324,253.2281235,154.7021356,148.7215204,138.6390881,120.1564141,1535.989682,TRUE,FALSE,NA,FALSE
hypothetical protein,LBJ_RS18735,191.8607237,0.054780448,0.382769093,0.183301647,158.8032405,122.5019936,218.7471581,164.5490141,227.8340542,199.3175016,199.7780648,243.3547626,1534.88579,FALSE,FALSE,NA,FALSE
hypothetical protein,LBJ_RS14690,190.3960185,6.88315E-09,-1.400185226,0.231398605,257.2350011,310.6300552,363.4738133,173.4169251,129.3872407,103.4917797,84.38901014,101.1443232,1523.168148,TRUE,FALSE,NA,FALSE
hypothetical protein,LBJ_RS02985,190.065536,0.733673646,-0.072503155,0.18189225,230.9865316,210.0034176,177.8701639,161.5930438,216.5829898,210.0499825,150.694661,162.7434975,1520.524288,FALSE,FALSE,NA,FALSE
hypothetical protein,LBJ_RS12920,189.5071452,9.7436E-09,1.510181217,0.252065177,108.9311484,93.33485226,93.90660829,97.54702035,420.0397378,310.4753391,203.2225142,188.5999411,1516.057161,TRUE,FALSE,NA,FALSE
helix-turn-helix transcriptional regulator,LBJ_RS11300,186.291021,0.153678944,0.24737818,0.157203856,178.4895926,144.3773496,196.6514856,161.5930438,193.1432723,213.8830113,174.8058067,227.3846064,1490.328168,FALSE,FALSE,NA,FALSE
,LBJ_RS18680,183.6394958,0.037154577,-0.551222018,0.244531518,238.8610725,191.0447757,277.3006904,165.5343376,217.5205785,148.7215204,101.6112571,128.521734,1469.115966,TRUE,FALSE,NA,FALSE
hypothetical protein,LBJ_RS16405,183.5634172,7.86609E-21,-1.492635322,0.154260505,250.6728838,237.7122019,319.2824682,274.9052392,104.0723457,95.82572193,88.69457188,97.34190506,1468.507338,TRUE,FALSE,NA,FALSE
,LBJ_RS19455,183.5267664,6.85567E-13,-1.011970001,0.135548685,265.109542,227.5037024,254.1002342,234.5069782,129.3872407,118.0572894,117.1112794,122.437865,1468.214131,TRUE,FALSE,NA,FALSE
,LBJ_RS18640,178.664685,0.572662202,-0.133287421,0.203008279,160.115664,173.5444909,261.8337196,151.7398094,191.2680949,161.7538186,141.2224251,187.8394574,1429.31748,FALSE,FALSE,NA,FALSE
fluoride efflux transporter CrcB,LBJ_RS03220,178.395607,0.164328626,0.249540448,0.162521573,190.3014039,147.2940637,136.9931697,177.3582188,180.9546192,171.7196937,205.8058513,216.7378355,1427.164856,FALSE,FALSE,NA,FALSE
hypothetical protein,LBJ_RS19845,178.1738126,0.019852889,-0.382985945,0.152735375,219.1747204,166.2527056,207.6993219,212.8298626,154.7021356,140.2888569,147.2502116,177.1926866,1425.390501,TRUE,FALSE,NA,FALSE
hypothetical protein,LBJ_RS14530,177.1689663,1.9401E-13,-1.223898385,0.160291518,238.8610725,211.4617747,298.2915793,243.3748892,106.8851118,104.2583855,95.58347067,118.6354468,1417.35173,TRUE,FALSE,NA,FALSE
hypothetical protein,LBJ_RS07510,176.7867762,0.360340461,0.318458429,0.307760062,167.9902048,131.252136,216.5375909,113.3121954,311.2794485,200.0841074,98.16680772,175.6717193,1414.29421,FALSE,FALSE,NA,FALSE
transposase,LBJ_RS12350,175.5522652,1.10336E-08,-1.866947106,0.312704036,259.8598481,272.7127715,416.5034274,152.7251329,116.2609989,80.49360642,53.3889656,52.4733707,1404.418121,TRUE,TRUE,TRUE,TRUE
,LBJ_RS19155,175.4326249,2.19865E-12,-1.455553634,0.199420638,223.1119908,259.5875579,348.0068425,198.050011,88.13333784,88.92626995,90.41679658,107.2281923,1403.460999,TRUE,FALSE,NA,FALSE
membrane protein,LBJ_RS10060,173.1503311,0.00898858,-0.518699316,0.185164371,181.1144396,166.2527056,271.7767722,196.0793641,128.449652,153.3211551,130.0279646,158.1805957,1385.202649,TRUE,FALSE,NA,FALSE
,LBJ_RS20465,172.8371399,0.729887823,0.070049919,0.172791556,154.8659701,148.7524208,190.0227838,180.3141891,143.4510712,216.9494345,182.5558179,165.7854321,1382.697119,FALSE,FALSE,NA,FALSE
,LBJ_RS09495,170.4251759,0.000397441,-0.781302002,0.208237362,244.1107664,189.5864187,256.3098015,171.4462782,166.8907887,105.0249912,100.7501448,129.2822177,1363.401407,TRUE,FALSE,NA,FALSE
DUF1554 domain-containing protein,LBJ_RS12265,170.1451762,0.17854937,-0.260644158,0.175310757,171.9274752,202.7116323,206.5945382,160.6077204,184.704974,165.5868475,148.1113239,120.9168977,1361.161409,FALSE,FALSE,NA,FALSE
,LBJ_RS14185,169.0422911,2.33781E-05,-0.70337963,0.15787205,229.6741082,193.9614899,235.3189125,179.3288657,131.2624181,134.9226165,110.2223806,137.6475376,1352.338329,TRUE,FALSE,NA,FALSE
hypothetical protein,LBJ_RS11790,168.9225528,3.98096E-06,0.876729114,0.180955357,116.8056893,105.0017088,128.1549007,126.1214,163.1404339,238.4143962,214.4169748,259.3249189,1351.380423,TRUE,FALSE,NA,FALSE
DUF1564 domain-containing protein,LBJ_RS05905,168.1274865,0.001009842,-0.562005018,0.160860093,181.1144396,177.9195621,237.5284798,203.9619516,154.7021356,143.35528,124.0001782,122.437865,1345.019892,TRUE,FALSE,NA,FALSE
membrane protein,LBJ_RS03450,167.2198519,0.001057057,1.013151126,0.291074849,114.1808423,74.3762104,151.3553569,102.4736375,299.0907954,281.3443196,117.9723917,196.965261,1337.758815,TRUE,FALSE,NA,FALSE
cyclic nucleotide-binding protein,LBJ_RS13085,167.0858077,1.56692E-12,-1.221623132,0.166241984,223.1119908,234.7954877,277.3006904,200.0206579,105.0099344,83.56002952,110.2223806,102.6652905,1336.686462,TRUE,FALSE,NA,FALSE
,LBJ_RS19840,167.034681,6.07961E-08,-1.168272615,0.206214714,293.9828584,228.9620595,195.546702,206.917922,106.8851118,78.96039487,90.41679658,134.6056031,1336.277448,TRUE,FALSE,NA,FALSE
hypothetical protein,LBJ_RS18385,165.8015423,0.014644493,-0.524362909,0.199904102,175.8647457,231.8787736,190.0227838,184.2554829,184.704974,101.1919624,136.055751,122.437865,1326.412338,TRUE,FALSE,NA,FALSE
transposase,LBJ_RS20175,165.1180344,0.935835619,-0.014599517,0.155993633,157.490817,186.6697045,159.0888423,160.6077204,183.7673853,140.2888569,181.6947055,151.336243,1320.944275,FALSE,FALSE,NA,FALSE
transposase family protein,LBJ_RS07005,165.0358368,6.40331E-05,-0.74938259,0.177742212,217.8622969,170.6277768,246.3667488,192.1380704,143.4510712,103.4917797,110.2223806,136.1265704,1320.286695,TRUE,FALSE,NA,FALSE
response regulator,LBJ_RS06740,164.7925039,0.692612956,-0.072843671,0.157564846,154.8659701,161.8776344,191.1275675,167.5049844,165.9532,147.1883089,141.2224251,188.5999411,1318.340031,FALSE,FALSE,NA,FALSE
hypothetical protein,LBJ_RS02760,163.7941604,4.21189E-07,-1.140631114,0.21519209,240.173496,242.0872731,239.738047,179.3288657,143.4510712,105.0249912,72.33343727,88.21610146,1310.353283,TRUE,FALSE,NA,FALSE
,LBJ_RS17010,163.5885301,2.53426E-12,-1.579264281,0.217007622,265.109542,255.2124867,288.3485266,171.4462782,111.5730554,68.99451979,75.77788666,72.24594516,1308.70824,TRUE,FALSE,NA,FALSE
TolC family protein,LBJ_RS06945,161.6676826,0.000262118,-0.630996568,0.163327175,199.4883682,226.0453453,194.4419183,166.519661,131.2624181,118.8238952,147.2502116,109.5096432,1293.341461,TRUE,FALSE,NA,FALSE
hypothetical protein,LBJ_RS05635,161.3094169,0.943197743,0.011968309,0.146445515,174.5523222,154.5858491,153.5649241,160.6077204,139.7007164,172.4862995,159.3057845,175.6717193,1290.475335,FALSE,FALSE,NA,FALSE
hypothetical protein,LBJ_RS01450,159.8929192,0.004105886,0.600335337,0.195793217,124.6802301,93.33485226,136.9931697,151.7398094,179.0794418,159.4540013,192.0280537,241.8337954,1279.143354,TRUE,FALSE,NA,FALSE
IS3 family transposase,LBJ_RS15450,159.7600235,0.806524814,-0.051908542,0.178626468,137.8044649,161.8776344,199.9658365,150.754486,162.2028452,154.8543666,126.5835152,184.0370393,1278.080188,FALSE,FALSE,NA,FALSE
hypothetical protein,LBJ_RS10155,159.5902704,0.766267157,-0.076750037,0.219440171,148.3038527,163.3359915,214.3280236,129.0773704,206.2695141,156.3875782,114.5279423,144.4918903,1276.722163,FALSE,FALSE,NA,FALSE
hypothetical protein,LBJ_RS16235,158.6092274,3.37056E-15,-2.073454551,0.253891839,234.9238021,205.6283464,388.8838367,196.0793641,50.62978982,53.66240428,57.69452734,81.37174876,1268.873819,TRUE,TRUE,TRUE,TRUE
,LBJ_RS06095,157.4075324,0.39023307,-0.188231959,0.193128292,154.8659701,123.9603507,208.8041055,181.2995126,163.1404339,118.0572894,146.3890992,162.7434975,1259.260259,FALSE,FALSE,NA,FALSE
hypothetical protein,LBJ_RS00480,156.7366752,8.92899E-06,1.31151253,0.280704801,70.87086766,62.70935386,114.8974972,110.356225,149.0766034,200.0841074,200.6391772,345.2595695,1253.893401,TRUE,FALSE,NA,FALSE
,LBJ_RS20505,155.5742003,3.80065E-06,-1.058647224,0.218057091,207.3629091,192.5031328,240.8428307,200.0206579,120.9489424,129.5563761,62.86120143,90.49755236,1244.593603,TRUE,FALSE,NA,FALSE
TonB-dependent receptor,LBJ_RS20485,154.0519179,0.025133955,-0.48471083,0.200793466,181.1144396,134.1688501,232.0045617,170.4609548,152.8269582,125.7233472,100.7501448,135.3660867,1232.415343,TRUE,FALSE,NA,FALSE
,LBJ_RS14825,151.8929441,8.57963E-06,-0.998310817,0.213280016,240.173496,202.7116323,188.9180002,177.3582188,147.201426,82.02681797,93.86124598,82.89271603,1215.143553,TRUE,FALSE,NA,FALSE
winged helix-turn-helix transcriptional regulator,LBJ_RS15015,151.6578051,1.32697E-06,-0.953691158,0.188010429,213.9250265,195.4198469,202.1754037,188.1967766,137.825539,99.65875081,74.91677431,101.1443232,1213.262441,TRUE,FALSE,NA,FALSE
,LBJ_RS05830,151.6059639,0.502621914,0.127790307,0.165137481,162.7405109,121.0436365,153.5649241,141.8865751,160.3276678,144.1218858,142.0835375,187.0789738,1212.847711,FALSE,FALSE,NA,FALSE
DDE-type integrase/transposase/recombinase,LBJ_RS20775,150.8286303,0.049441609,0.391829641,0.183732067,144.3665823,94.79320933,165.717544,116.2681657,162.2028452,185.5185977,163.6113462,174.150752,1206.629042,TRUE,FALSE,NA,FALSE
,LBJ_RS07775,149.3594682,0.062832465,-0.44793986,0.22124276,166.6777813,160.4192773,213.22324,148.7838391,157.5149017,157.154184,93.00013363,98.10238869,1194.875746,FALSE,FALSE,NA,FALSE
hypothetical protein,LBJ_RS19145,149.063627,0.002155537,-0.893884668,0.273429843,196.8635213,212.9201317,225.3758599,139.9159282,160.3276678,117.2906836,70.61121257,69.20401063,1192.509016,TRUE,FALSE,NA,FALSE
hypothetical protein,LBJ_RS17000,148.6604015,0.027806947,-0.393589983,0.165797307,170.6150518,161.8776344,193.3371347,149.7691626,115.3234102,112.691049,134.3335264,151.336243,1189.283212,TRUE,FALSE,NA,FALSE
hypothetical protein,LBJ_RS06940,147.8679427,0.002226239,1.158063652,0.355285601,87.93237284,96.2515664,60.76309948,121.1947829,104.0723457,136.455828,193.7502784,382.5232675,1182.943541,TRUE,FALSE,NA,FALSE
hypothetical protein,LBJ_RS04440,145.5923332,1.32033E-27,-1.919811362,0.171175465,217.8622969,245.0039872,240.8428307,217.7564798,61.88085423,75.12736599,56.83341499,49.43143616,1164.738666,TRUE,TRUE,TRUE,TRUE
hypothetical protein,LBJ_RS09050,145.3279433,3.84254E-06,0.907819664,0.187080652,91.86964326,87.501424,133.6788189,90.64975628,160.3276678,210.0499825,181.6947055,206.8515483,1162.623546,TRUE,FALSE,NA,FALSE
hypothetical protein,LBJ_RS18535,145.0794175,0.042783848,-0.399120526,0.181776852,133.8671945,173.5444909,208.8041055,143.8572219,112.5106441,124.1901356,142.9446498,120.9168977,1160.63534,TRUE,FALSE,NA,FALSE
hypothetical protein,LBJ_RS11060,144.6625538,0.015494448,-0.50142755,0.192697023,178.4895926,201.2532752,170.1366785,129.0773704,150.0141921,119.590501,100.7501448,107.9886759,1157.30043,TRUE,FALSE,NA,FALSE
hypothetical protein,LBJ_RS04895,144.4032972,0.013362929,-0.523641201,0.19708878,152.2411231,160.4192773,209.9088891,157.6517501,153.7645469,90.4594815,113.66683,117.1144795,1155.226378,TRUE,FALSE,NA,FALSE
CrcB family protein,LBJ_RS03405,143.9732888,0.114752261,0.268973489,0.15533903,137.8044649,109.37678,148.041006,126.1214,166.8907887,164.8202417,155.0002227,143.7314067,1151.786311,FALSE,FALSE,NA,FALSE
,LBJ_RS19955,143.4739124,1.28322E-14,-2.031910016,0.254198965,173.2398987,297.5048416,302.7107138,148.7838391,64.69362033,49.8293754,58.55563969,52.4733707,1147.791299,TRUE,TRUE,TRUE,TRUE
DUF1564 domain-containing protein,LBJ_RS14205,143.2924135,2.70133E-07,-0.993416196,0.184379146,209.987756,193.9614899,215.4328073,144.8425454,84.38298304,95.82572193,87.83345954,114.072545,1146.339308,TRUE,FALSE,NA,FALSE
DUF1564 family protein,LBJ_RS05085,142.5858708,0.010742131,-0.487878322,0.178302073,166.6777813,176.4612051,185.6036493,136.9599579,149.0766034,103.4917797,113.66683,108.7491596,1140.686966,TRUE,FALSE,NA,FALSE
PrsW family intramembrane metalloprotease,LBJ_RS17345,142.2727318,0.912194619,-0.024020778,0.186242855,108.9311484,140.0022784,163.5079768,160.6077204,116.2609989,130.3229818,161.8891215,156.6596285,1138.181855,FALSE,FALSE,NA,FALSE
,LBJ_RS20720,141.9086812,0.036791568,-0.376234247,0.166587777,143.0541588,145.8357067,196.6514856,154.6957797,126.5744746,107.3248086,132.6113017,128.521734,1135.26945,TRUE,FALSE,NA,FALSE
,LBJ_RS01690,141.5501884,1.58276E-07,-1.144263931,0.208441282,206.0504856,179.3779192,243.0523979,150.754486,115.3234102,85.85984685,70.61121257,81.37174876,1132.401507,TRUE,FALSE,NA,FALSE
hypothetical protein,LBJ_RS11085,141.5066733,0.347782347,0.189935765,0.179244867,114.1808423,144.3773496,154.6697078,116.2681657,119.073765,160.9872128,169.6391326,152.8572103,1132.053386,FALSE,FALSE,NA,FALSE
hypothetical protein,LBJ_RS20550,141.4436873,8.50096E-08,-1.226840876,0.218909782,190.3014039,218.75356,228.6902108,154.6957797,120.9489424,77.42718332,65.44453848,75.28787969,1131.549498,TRUE,FALSE,NA,FALSE
,LBJ_RS20490,140.6713239,1.02233E-07,-0.911440681,0.163631786,166.6777813,188.1280616,214.3280236,165.5343376,106.8851118,92.75929883,86.11123484,104.9467414,1125.370591,TRUE,FALSE,NA,FALSE
,LBJ_RS14425,139.1349881,4.57032E-09,-1.104461441,0.180431771,196.8635213,170.6277768,213.22324,179.3288657,77.81986214,75.89397177,85.25012249,114.072545,1113.079905,TRUE,FALSE,NA,FALSE
hypothetical protein,LBJ_RS05365,138.9236565,0.088961869,-0.496776274,0.266969525,153.5535466,164.7943485,165.717544,165.5343376,186.5801514,114.2242605,95.58347067,65.40159246,1111.389252,FALSE,FALSE,NA,FALSE
hypothetical protein,LBJ_RS02550,138.8636391,0.020310555,-0.481853786,0.192923758,185.05171,150.2107779,134.7836025,177.3582188,112.5106441,89.69287573,114.5279423,146.7733412,1110.909113,TRUE,FALSE,NA,FALSE
hypothetical protein,LBJ_RS03495,137.280412,0.018910081,-0.839186929,0.332201905,152.2411231,115.2102083,303.8154974,133.0186641,103.134757,90.4594815,55.1111903,145.252374,1098.243296,TRUE,FALSE,NA,FALSE
hypothetical protein,LBJ_RS19165,136.5664307,0.000163381,-0.642749176,0.161336481,161.4280874,151.6691349,192.2323511,160.6077204,103.134757,111.9244432,92.13902128,119.3959304,1092.531446,TRUE,FALSE,NA,FALSE
,LBJ_RS20370,134.9064869,0.355492519,0.200780991,0.192216054,132.554771,93.33485226,134.7836025,139.9159282,143.4510712,147.9549147,173.9446944,113.3120614,1079.251895,FALSE,FALSE,NA,FALSE
,LBJ_RS20770,134.3260279,0.168275245,-0.236830143,0.15577398,125.9926536,151.6691349,156.879275,146.8131922,111.5730554,137.2224338,126.5835152,117.8749632,1074.608223,FALSE,FALSE,NA,FALSE
hypothetical protein,LBJ_RS02915,133.9577819,3.0548E-06,-0.826403766,0.168586828,178.4895926,170.6277768,198.8610528,137.9452813,91.88369264,93.5259046,93.86124598,106.4677087,1071.662255,TRUE,FALSE,NA,FALSE
hypothetical protein,LBJ_RS19290,132.3032042,0.017568782,0.494962508,0.193724575,110.2435719,100.6266376,117.1070645,111.3415485,111.5730554,144.8884916,174.8058067,187.8394574,1058.425634,TRUE,FALSE,NA,FALSE
helix-turn-helix transcriptional regulator,LBJ_RS09825,130.8897371,0.084115532,-0.375762795,0.198869593,145.6790057,119.5852795,205.4897546,120.2094594,109.6978779,118.0572894,112.8057176,115.5935123,1047.117897,FALSE,FALSE,NA,FALSE
,LBJ_RS15515,130.809725,7.32483E-07,-1.026498497,0.197695902,187.676557,129.7937789,198.8610528,184.2554829,102.1971683,65.16149091,89.55568423,88.97658509,1046.4778,TRUE,FALSE,NA,FALSE
IS4 family transposase,LBJ_RS12385,129.8541126,0.216973828,-0.295769365,0.215658241,152.2411231,109.37678,136.9931697,173.4169251,83.44539434,106.5582028,130.0279646,146.7733412,1038.832901,FALSE,FALSE,NA,FALSE
hypothetical protein,LBJ_RS19905,129.3745247,0.000923163,-0.577524148,0.164111994,146.9914292,173.5444909,150.2505733,148.7838391,125.6368859,92.75929883,98.16680772,98.86287233,1034.996197,TRUE,FALSE,NA,FALSE
transposase,LBJ_RS18130,129.1082861,2.31406E-06,-0.989941443,0.199621842,143.0541588,166.2527056,222.061509,155.6811032,85.32057174,103.4917797,68.02787552,88.97658509,1032.866289,TRUE,FALSE,NA,FALSE
hypothetical protein,LBJ_RS09650,127.9138786,0.487888547,0.150783868,0.188512646,124.6802301,112.2934941,139.202737,109.3709016,104.0723457,154.8543666,121.4168411,157.4201121,1023.311028,FALSE,FALSE,NA,FALSE
cbb3-type cytochrome oxidase assembly protein CcoS,LBJ_RS08140,127.7373422,3.83334E-10,1.362803275,0.20889347,73.49571461,77.29292453,64.07745036,71.92861097,134.0751842,163.2870302,218.7225365,219.0192864,1021.898738,TRUE,FALSE,NA,FALSE
,LBJ_RS09880,127.6968705,0.785554181,0.051211419,0.159249067,146.9914292,109.37678,129.2596844,116.2681657,130.3248294,138.7556454,120.5557288,130.0427013,1021.574964,FALSE,FALSE,NA,FALSE
transposase,LBJ_RS19100,127.6523828,0.033282716,-0.43468287,0.188942437,154.8659701,123.9603507,184.4988657,123.1654297,120.9489424,119.590501,99.88903241,94.29997053,1021.219062,TRUE,FALSE,NA,FALSE
,LBJ_RS02350,126.2122606,0.000512914,-0.801117484,0.217527619,156.1783935,129.7937789,215.4328073,139.9159282,96.57163614,91.22608728,68.02787552,112.5515777,1009.698085,TRUE,FALSE,NA,FALSE
,LBJ_RS19745,125.7194528,2.83036E-15,-1.704258775,0.208129056,161.4280874,199.7949181,249.6810997,158.6370735,61.88085423,48.29616385,56.83341499,69.20401063,1005.755622,TRUE,TRUE,TRUE,TRUE
,LBJ_RS11295,124.7434863,1.15905E-16,-1.551614744,0.180822012,216.5498734,160.4192773,201.0706201,165.5343376,75.94468473,59.79525048,58.55563969,60.07820703,997.9478903,TRUE,FALSE,NA,FALSE
hypothetical protein,LBJ_RS06950,124.4649683,7.76607E-07,-0.989053801,0.190919428,119.4305362,172.0861339,195.546702,174.4022485,89.07092654,91.99269305,80.94456075,72.24594516,995.7197461,TRUE,FALSE,NA,FALSE
DUF1564 family protein,LBJ_RS04620,124.3612815,2.73819E-10,-1.253155847,0.190492687,173.2398987,163.3359915,222.061509,141.8865751,84.38298304,75.89397177,67.16676318,66.92255973,994.890252,TRUE,FALSE,NA,FALSE
YbaN family protein,LBJ_RS15095,123.8580687,0.8925677,-0.028766969,0.182891566,141.7417353,113.7518512,125.9453335,119.224136,127.5120633,117.2906836,95.58347067,149.8152758,990.8645493,FALSE,FALSE,NA,FALSE
hypothetical protein,LBJ_RS06695,123.2378404,0.131762372,0.416955538,0.25154625,108.9311484,58.33428267,141.4123042,112.3268719,141.5758938,143.35528,105.0557065,174.9112357,985.9027232,FALSE,FALSE,NA,FALSE
hypothetical protein,LBJ_RS19375,122.4707544,1.13499E-08,1.402719841,0.235147129,61.68390333,43.750712,71.81093575,89.66443285,135.0127729,216.1828287,198.9169525,162.7434975,979.7660355,TRUE,FALSE,NA,FALSE
,LBJ_RS10820,121.2729128,3.19844E-10,-1.3880208,0.211785776,173.2398987,161.8776344,224.2710763,141.8865751,89.07092654,58.26203893,57.69452734,63.8806252,970.1833025,TRUE,FALSE,NA,FALSE
hypothetical protein,LBJ_RS13325,120.8801245,0.037075766,-0.410508123,0.182028896,141.7417353,154.5858491,141.4123042,114.2975188,129.3872407,91.22608728,101.6112571,92.77900326,967.0409957,TRUE,FALSE,NA,FALSE
,LBJ_RS07425,120.0819212,2.96254E-27,-2.123295328,0.190618615,220.4871438,202.7116323,171.2414622,186.2261298,55.31773332,37.563683,49.08340386,38.02418166,960.6553699,TRUE,TRUE,TRUE,TRUE
hypothetical protein,LBJ_RS15045,119.4778786,0.368551096,-0.195711649,0.192211741,136.4920414,107.9184229,132.5740352,133.0186641,91.88369264,91.22608728,126.5835152,136.1265704,955.8230292,FALSE,FALSE,NA,FALSE
IS110 family transposase,LBJ_RS14880,119.2084841,1.30647E-19,-1.916596065,0.204606589,183.7392865,151.6691349,238.6332634,179.3288657,58.13049943,43.6965292,42.19450507,56.27578886,953.6678731,TRUE,TRUE,TRUE,TRUE
hypothetical protein,LBJ_RS20290,117.9154784,6.55859E-07,-1.15398217,0.221277613,136.4920414,156.0442061,218.7471581,138.9306047,85.32057174,81.2602122,74.05566196,52.4733707,943.323827,TRUE,FALSE,NA,FALSE
,LBJ_RS20495,115.6372224,0.282777175,-0.224075174,0.186315834,125.9926536,123.9603507,127.0501171,122.1801063,79.69503954,106.5582028,105.0557065,134.6056031,925.0977796,FALSE,FALSE,NA,FALSE
hypothetical protein,LBJ_RS03720,113.8701482,0.005876847,-1.048137292,0.35580062,174.5523222,142.9189925,196.6514856,99.51766723,137.825539,66.69470246,32.72226924,60.07820703,910.9611852,TRUE,FALSE,NA,FALSE
hypothetical protein,LBJ_RS12090,113.6290696,3.47723E-08,-1.226870004,0.212767752,192.9262509,118.1269224,153.5649241,172.4316016,53.44255592,62.09506781,69.75010022,86.69513419,909.0325572,TRUE,FALSE,NA,FALSE
transposase,LBJ_RS20520,111.5304742,0.685065058,-0.094828648,0.199585333,129.929924,103.5433517,119.3166317,108.3855782,99.38440224,94.29251038,92.13902128,145.252374,892.2437935,FALSE,FALSE,NA,FALSE
hypothetical protein,LBJ_RS16610,111.113792,2.78857E-09,-1.078360875,0.173812781,145.6790057,156.0442061,173.4510294,128.0920469,79.69503954,72.06094289,65.44453848,68.443527,888.9103361,TRUE,FALSE,NA,FALSE
,LBJ_RS00115,110.680398,0.887103669,-0.029784572,0.178370533,143.0541588,102.0849947,97.22095917,105.4296079,114.3858215,101.9585681,104.1945942,117.1144795,885.4431837,FALSE,FALSE,NA,FALSE
hypothetical protein,LBJ_RS19105,109.7268462,2.86151E-05,-0.85915105,0.194889489,154.8659701,125.4187077,170.1366785,115.2828422,90.00851524,69.76112557,67.16676318,85.17416693,877.8147695,TRUE,FALSE,NA,FALSE
hypothetical protein,LBJ_RS18555,108.8389941,0.468966623,-0.204119876,0.24460921,86.61994936,99.16828053,160.1936259,119.224136,123.7617085,110.3912317,67.16676318,104.1862578,870.7119528,FALSE,FALSE,NA,FALSE
glycosyl hydrolase,LBJ_RS16075,108.6564043,0.397217337,-0.232770258,0.242155057,102.3690311,93.33485226,175.6605967,97.54702035,118.1361763,111.9244432,77.50011136,92.77900326,869.2512344,FALSE,FALSE,NA,FALSE
hypothetical protein,LBJ_RS12375,107.886406,0.002350248,-0.578013628,0.178270261,125.9926536,116.6685653,155.7744914,118.2388125,89.07092654,84.3266353,74.91677431,98.10238869,863.0912477,TRUE,FALSE,NA,FALSE
transposase,LBJ_RS14850,107.3583118,0.025263198,-0.429393629,0.178028154,124.6802301,109.37678,131.4692516,127.1067235,88.13333784,81.2602122,83.52789779,113.3120614,858.8664944,TRUE,FALSE,NA,FALSE
TetR/AcrR family transcriptional regulator,LBJ_RS20830,107.1091337,0.017294949,0.58680133,0.229135531,91.86964326,68.54278213,113.7927136,67.98731721,148.1390147,148.7215204,93.86124598,123.9588322,856.8730695,TRUE,FALSE,NA,FALSE
hypothetical protein,LBJ_RS09750,105.5664265,0.00967333,-0.60309637,0.217288222,144.3665823,106.4600659,156.879275,101.4883141,85.32057174,62.86167359,85.25012249,101.9048069,844.5314119,TRUE,FALSE,NA,FALSE
type II toxin-antitoxin system VapC family toxin,LBJ_RS03505,105.3394048,5.37433E-09,-1.685623465,0.276623782,139.1168884,126.8770648,259.6241523,117.2534891,49.69220112,59.02864471,37.88894333,53.23385433,842.7152381,TRUE,TRUE,TRUE,TRUE
hypothetical protein,LBJ_RS08315,105.3173852,0.196200032,0.363594935,0.253731682,94.49449021,70.0011392,85.06833927,118.2388125,72.19432993,111.1578374,150.694661,140.6894722,842.5390817,FALSE,FALSE,NA,FALSE
,LBJ_RS03400,105.2517308,0.014282628,-0.495930695,0.188406568,115.4932658,129.7937789,121.526199,126.1214,94.69645874,92.75929883,62.00008908,99.62335596,842.0138464,TRUE,FALSE,NA,FALSE
WGR domain-containing protein,LBJ_RS19200,105.0428352,0.654664894,-0.098464486,0.187766145,98.43176064,87.501424,130.364468,117.2534891,85.32057174,99.65875081,108.5001559,113.3120614,840.3426815,FALSE,FALSE,NA,FALSE
transposase,LBJ_RS08800,104.7823445,0.592647954,-0.131459498,0.210617901,78.74540851,140.0022784,128.1549007,91.63507972,111.5730554,97.35893348,103.3334818,87.45561783,838.2587558,FALSE,FALSE,NA,FALSE
,LBJ_RS18095,104.5662206,0.000106619,-0.900959249,0.220132457,135.1796179,131.252136,150.2505733,128.0920469,77.81986214,49.8293754,63.72231378,100.3838396,836.529765,TRUE,FALSE,NA,FALSE
,LBJ_RS18815,104.5313489,0.348633432,-0.227088944,0.214665841,119.4305362,80.20963866,143.6218715,107.4002547,80.63262824,111.1578374,83.52789779,110.2701268,836.2507914,FALSE,FALSE,NA,FALSE
,LBJ_RS19580,104.4293385,0.000166265,-0.969523175,0.243644241,107.618725,145.8357067,186.708433,113.3121954,57.19291073,98.12553926,62.00008908,64.64110883,835.4347078,TRUE,FALSE,NA,FALSE
,LBJ_RS11180,104.3892668,0.006407015,-0.545094548,0.186893062,127.3050771,106.4600659,150.2505733,111.3415485,76.88227343,98.89214503,88.69457188,75.28787969,835.1141347,TRUE,FALSE,NA,FALSE
PF13711 domain protein,LBJ_RS18590,102.7990095,0.766663384,0.069504746,0.199175524,97.11933716,99.16828053,92.80182466,112.3268719,74.06950733,105.791597,124.0001782,117.1144795,822.3920763,FALSE,FALSE,NA,FALSE
,LBJ_RS20815,102.645512,3.84783E-05,-1.134477491,0.261477978,152.2411231,160.4192773,150.2505733,101.4883141,88.13333784,49.8293754,40.47228037,78.32981423,821.1640957,TRUE,FALSE,NA,FALSE
hypothetical protein,LBJ_RS04420,101.7522373,0.155077145,-0.334369065,0.213123959,112.8684189,126.8770648,134.7836025,79.81119847,105.0099344,93.5259046,90.41679658,70.72497789,814.0178981,FALSE,FALSE,NA,FALSE
,LBJ_RS20405,101.6506346,9.84118E-13,-1.419989108,0.191504851,150.9286996,145.8357067,157.9840587,136.9599579,61.88085423,39.86350032,55.1111903,64.64110883,813.2050765,TRUE,FALSE,NA,FALSE
hypothetical protein,LBJ_RS19030,101.5401634,0.324789607,-0.32073048,0.289582358,68.24602071,83.1263528,184.4988657,114.2975188,102.1971683,105.791597,69.75010022,84.41368329,812.3213069,FALSE,FALSE,NA,FALSE
,LBJ_RS05895,101.2233308,0.125480131,0.347570572,0.20648092,91.86964326,59.79263973,104.9544446,98.53234379,101.2595796,108.0914143,107.6390435,137.6475376,809.7866465,FALSE,FALSE,NA,FALSE
hypothetical protein,LBJ_RS08320,100.1724857,0.738641875,-0.068369905,0.174927661,85.30752589,105.0017088,104.9544446,114.2975188,96.57163614,109.6246259,98.16680772,87.45561783,801.3798856,FALSE,FALSE,NA,FALSE
hypothetical protein,LBJ_RS11520,97.87508325,0.000113708,0.727714226,0.17853711,69.55844418,87.501424,72.91571938,66.01667034,119.073765,110.3912317,121.4168411,136.1265704,783.000666,TRUE,FALSE,NA,FALSE
DUF4041 domain-containing protein,LBJ_RS00470,96.66927918,9.87765E-06,-1.208373956,0.259863539,119.4305362,123.9603507,193.3371347,103.458961,51.56737852,67.46130824,39.61116803,74.52739606,773.3542334,TRUE,FALSE,NA,FALSE
hypothetical protein,LBJ_RS10020,95.58707051,0.00421164,-0.701057487,0.229260135,107.618725,100.6266376,172.3462458,92.62040316,76.88227343,75.89397177,61.13897674,77.56933059,764.6965641,TRUE,FALSE,NA,FALSE
,LBJ_RS17365,94.17884026,1.00751E-20,-2.284239159,0.236735009,161.4280874,179.3779192,181.1845148,103.458961,34.69078192,29.13101947,28.4167075,35.74273076,753.4307221,TRUE,TRUE,TRUE,TRUE
hypothetical protein,LBJ_RS02360,94.06352215,0.001980981,-0.69978725,0.212364109,129.929924,94.79320933,117.1070645,124.1507532,55.31773332,67.46130824,67.16676318,96.58142143,752.5081772,TRUE,FALSE,NA,FALSE
DDE-type integrase/transposase/recombinase,LBJ_RS04445,93.61048159,0.189872819,0.269578035,0.185623334,70.87086766,75.83456746,107.1640118,84.73781566,98.44681354,98.12553926,104.1945942,109.5096432,748.8838527,FALSE,FALSE,NA,FALSE
hypothetical protein,LBJ_RS04910,93.15156783,1.38844E-10,-1.589093457,0.23775817,143.0541588,150.2107779,174.5558131,91.63507972,54.38014462,38.33028877,41.33339272,51.71288706,745.2125426,TRUE,TRUE,TRUE,TRUE
,LBJ_RS20260,92.20276904,0.072171588,0.42222973,0.215310959,106.3063015,56.8759256,77.33485389,74.88458128,89.07092654,119.590501,96.44458302,117.1144795,737.6221523,FALSE,FALSE,NA,FALSE
,LBJ_RS18515,91.84253087,0.000109858,-0.802408892,0.196413314,103.6814545,118.1269224,138.0979534,106.4149313,84.38298304,57.49543316,61.13897674,65.40159246,734.740247,TRUE,FALSE,NA,FALSE
,LBJ_RS07010,91.45678819,0.000451172,-0.730954873,0.196652105,95.80691369,132.7104931,125.9453335,102.4736375,74.06950733,80.49360642,58.55563969,61.5991743,731.6543055,TRUE,FALSE,NA,FALSE
hypothetical protein,LBJ_RS13580,89.10309771,3.29143E-05,-1.067437592,0.243970751,131.2423475,105.0017088,161.2984095,84.73781566,74.06950733,58.26203893,46.50006681,51.71288706,712.8247816,TRUE,FALSE,NA,FALSE
,LBJ_RS20190,88.95231535,9.52402E-10,-1.419312713,0.22252421,112.8684189,163.3359915,140.3075206,101.4883141,53.44255592,43.6965292,57.69452734,38.7846653,711.6185228,TRUE,FALSE,NA,FALSE
hypothetical protein,LBJ_RS00165,87.60387346,3.22138E-07,-1.14002589,0.212944169,95.80691369,125.4187077,155.7744914,105.4296079,46.87943502,57.49543316,51.6667409,62.35965793,700.8309877,TRUE,FALSE,NA,FALSE
hypothetical protein,LBJ_RS19135,86.6679734,0.167345427,0.269982442,0.177227513,81.37025546,77.29292453,76.23007026,79.81119847,86.25816044,105.0249912,86.97234719,100.3838396,693.3437872,FALSE,FALSE,NA,FALSE
hypothetical protein,LBJ_RS20105,86.39794741,0.542920606,-0.163293195,0.231251048,86.61994936,87.501424,112.6879299,78.82587503,68.44397513,90.4594815,59.41675204,107.2281923,691.1835793,FALSE,FALSE,NA,FALSE
IS982 family transposase,LBJ_RS13285,86.19278545,0.00168276,-0.724166571,0.216536052,120.7429597,91.8764952,136.9931697,79.81119847,72.19432993,68.22791401,61.13897674,58.55723976,689.5422836,TRUE,FALSE,NA,FALSE
DUF262 domain-containing protein,LBJ_RS06030,85.64072412,0.041347417,-0.435310129,0.196968167,102.3690311,88.95978106,121.526199,80.79652191,82.50780564,68.99451979,65.44453848,74.52739606,685.125793,TRUE,FALSE,NA,FALSE
hypothetical protein,LBJ_RS16045,85.6125425,0.064543759,-0.589995735,0.293225334,99.74418411,97.70992346,144.7266551,68.97264065,102.1971683,73.59415444,50.80562856,47.14998526,684.90034,FALSE,FALSE,NA,FALSE
winged helix-turn-helix transcriptional regulator,LBJ_RS04705,84.80674211,0.103841189,0.390543346,0.219050178,68.24602071,67.08442506,102.7448773,55.17811252,109.6978779,93.5259046,93.00013363,88.97658509,678.4539369,FALSE,FALSE,NA,FALSE
hypothetical protein,LBJ_RS12715,84.3222829,0.000279342,-0.812550135,0.211216263,91.86964326,90.41813813,144.7266551,102.4736375,55.31773332,64.39488514,57.69452734,67.68304336,674.5782632,TRUE,FALSE,NA,FALSE
IS4 family transposase,LBJ_RS05800,83.60409385,0.473367006,-0.162266555,0.196369192,69.55844418,77.29292453,102.7448773,102.4736375,71.25674123,82.02681797,84.38901014,79.09029786,668.8327508,FALSE,FALSE,NA,FALSE
hypothetical protein,LBJ_RS14400,83.53549024,0.211224598,0.30036955,0.216331725,65.62117376,74.3762104,101.6400937,58.13408283,83.44539434,96.59232771,83.52789779,104.9467414,668.2839219,FALSE,FALSE,NA,FALSE
hypothetical protein,LBJ_RS08805,79.55376092,0.004888559,-0.613692302,0.203947699,78.74540851,110.8351371,113.7927136,81.78184534,59.06808813,59.79525048,72.33343727,60.07820703,636.4300874,TRUE,FALSE,NA,FALSE
hypothetical protein,LBJ_RS12135,78.89593164,3.89647E-08,-1.878623209,0.32693369,102.3690311,123.9603507,184.4988657,84.73781566,58.13049943,28.36441369,23.25003341,25.85644353,631.1674531,TRUE,TRUE,TRUE,TRUE
hypothetical protein,LBJ_RS20740,78.53814351,0.014758578,-0.584506367,0.223071548,83.99510241,115.2102083,106.0592282,71.92861097,68.44397513,52.89579851,75.77788666,53.99433796,628.3051481,TRUE,FALSE,NA,FALSE
type I-E CRISPR-associated endonuclease Cas1,LBJ_RS13535,76.92812021,7.36877E-14,-1.738679009,0.223914241,97.11933716,145.8357067,122.6309826,108.3855782,38.44113672,33.73065412,26.6944828,42.58708346,615.4249617,TRUE,TRUE,TRUE,TRUE
hypothetical protein,LBJ_RS10090,76.59552573,0.031886138,-0.533376393,0.230045473,77.43298504,103.5433517,109.3735791,71.92861097,78.75745084,65.16149091,59.41675204,47.14998526,612.7642058,TRUE,FALSE,NA,FALSE
hypothetical protein,LBJ_RS05510,76.09410644,0.604564901,0.129078797,0.213782596,70.87086766,72.91785333,67.39180124,79.81119847,58.13049943,73.59415444,88.69457188,97.34190506,608.7528515,FALSE,FALSE,NA,FALSE
hypothetical protein,LBJ_RS03275,75.95827417,0.505839155,-0.176544237,0.22990958,66.93359723,59.79263973,114.8974972,79.81119847,72.19432993,75.12736599,62.86120143,76.04836333,607.6661933,FALSE,FALSE,NA,FALSE
helix-turn-helix domain-containing protein,LBJ_RS17650,75.58567169,0.003450919,-0.632522087,0.202575385,91.86964326,96.2515664,89.48747378,89.66443285,75.94468473,49.06276963,50.80562856,61.5991743,604.6853735,TRUE,FALSE,NA,FALSE
response regulator,LBJ_RS09940,75.29091293,4.5433E-06,-1.26943167,0.263564906,131.2423475,105.0017088,110.4783627,78.82587503,64.69362033,46.7629523,31.86115689,33.46127986,602.3273034,TRUE,FALSE,NA,FALSE
hypothetical protein,LBJ_RS18730,74.97412113,0.619372397,-0.110207678,0.190229705,76.12056156,72.91785333,76.23007026,85.7231391,69.38156383,64.39488514,70.61121257,84.41368329,599.7929691,FALSE,FALSE,NA,FALSE
single-stranded DNA-binding protein,LBJ_RS18520,74.52354478,0.007215805,-0.673538032,0.234159212,60.37147986,110.8351371,112.6879299,82.76716878,54.38014462,67.46130824,55.97230265,51.71288706,596.1883582,TRUE,FALSE,NA,FALSE
hypothetical protein,LBJ_RS08735,74.45840238,0.018598217,-0.887874994,0.35052918,89.24479631,81.66799573,138.0979534,76.85522815,100.3219909,38.33028877,36.16671863,34.98224713,595.667219,TRUE,FALSE,NA,FALSE
hypothetical protein,LBJ_RS13620,74.45349901,3.48278E-05,-1.05437804,0.241705034,97.11933716,71.45949626,136.9931697,95.57637347,60.94326553,48.29616385,39.61116803,45.629018,595.627992,TRUE,FALSE,NA,FALSE
hypothetical protein,LBJ_RS18725,74.35319902,0.087626647,-0.382246552,0.204545229,87.93237284,64.16771093,106.0592282,77.84055159,61.88085423,62.09506781,67.16676318,67.68304336,594.8255921,FALSE,FALSE,NA,FALSE
hypothetical protein,LBJ_RS19010,73.98498726,0.048211272,-0.615114115,0.286889329,68.24602071,75.83456746,143.6218715,69.95796409,48.75461242,54.42901006,80.0834484,50.95240343,591.8798981,TRUE,FALSE,NA,FALSE
,LBJ_RS03540,73.68944385,0.001806118,-0.677089752,0.203766527,82.68267894,87.501424,78.43963751,113.3121954,57.19291073,49.8293754,62.00008908,58.55723976,589.5155508,TRUE,FALSE,NA,FALSE
hypothetical protein,LBJ_RS19235,73.3857906,5.66268E-11,-1.451448495,0.212852845,124.6802301,100.6266376,112.6879299,91.63507972,43.12908022,30.66423102,45.63895447,38.02418166,587.0863248,TRUE,FALSE,NA,FALSE
,LBJ_RS17170,72.93994254,1.86141E-05,-1.094283176,0.242782627,114.1808423,88.95978106,116.0022808,77.84055159,65.63120903,40.6301061,36.16671863,44.10805073,583.5195403,TRUE,FALSE,NA,FALSE
hypothetical protein,LBJ_RS19255,72.8288623,0.111332644,-0.345138228,0.197599155,86.61994936,64.16771093,92.80182466,81.78184534,62.81844293,72.06094289,64.58342613,57.79675613,582.6308984,FALSE,FALSE,NA,FALSE
hypothetical protein,LBJ_RS19500,72.79617716,3.05352E-05,-0.936133762,0.213066001,93.18206674,106.4600659,108.2687954,74.88458128,59.06808813,51.36258695,40.47228037,48.67095253,582.3694173,TRUE,FALSE,NA,FALSE
hypothetical protein,LBJ_RS19085,71.7339688,0.52706118,-0.150966006,0.206426313,57.74663291,84.58470986,82.85877202,76.85522815,59.06808813,62.09506781,72.33343727,78.32981423,573.8717504,FALSE,FALSE,NA,FALSE
,LBJ_RS20825,70.65402221,0.164525648,-0.487380955,0.317773078,44.62239816,65.626068,146.9362224,71.92861097,66.56879773,52.89579851,61.13897674,55.51530523,565.2321777,FALSE,FALSE,NA,FALSE
hypothetical protein,LBJ_RS05410,70.2578238,0.001569721,-0.799802566,0.237615762,64.30875028,88.95978106,110.4783627,92.62040316,54.38014462,60.56185626,54.25007795,36.5032144,562.0625904,TRUE,FALSE,NA,FALSE
DUF433 domain-containing protein,LBJ_RS18275,69.8359944,0.009091761,-0.528314927,0.188900176,86.61994936,80.20963866,79.54442114,83.75249222,54.38014462,54.42901006,55.1111903,64.64110883,558.6879552,TRUE,FALSE,NA,FALSE
,LBJ_RS20670,69.60172676,2.51021E-09,-1.693713352,0.272231988,104.993878,126.8770648,132.5740352,61.09005315,37.50354802,26.83120214,32.72226924,34.2217635,556.8138141,TRUE,TRUE,TRUE,TRUE
,LBJ_RS06925,69.5334092,0.093889583,0.479982873,0.261633772,43.30997468,36.45892667,85.06833927,66.01667034,73.13191863,78.96039487,77.50011136,95.82093779,556.2672736,FALSE,FALSE,NA,FALSE
,LBJ_RS13850,69.38708106,1.00427E-06,-1.173477913,0.228819271,112.8684189,100.6266376,99.43052642,71.92861097,51.56737852,34.4972599,37.02783098,47.14998526,555.0966485,TRUE,FALSE,NA,FALSE
,LBJ_RS08595,69.27450649,0.00373427,-0.634806576,0.204953635,74.80813809,77.29292453,98.3257428,85.7231391,64.69362033,55.19561583,52.52785325,45.629018,554.1960519,TRUE,FALSE,NA,FALSE
hypothetical protein,LBJ_RS04065,68.29428508,3.13113E-06,-1.078654468,0.220298307,82.68267894,91.8764952,120.4214153,75.86990472,42.19149152,39.86350032,44.77784212,48.67095253,546.3542807,TRUE,FALSE,NA,FALSE
,LBJ_RS11460,68.03640754,0.074329121,-0.554936967,0.28497238,87.93237284,84.58470986,72.91571938,77.84055159,93.75887004,43.6965292,44.77784212,38.7846653,544.2912603,FALSE,FALSE,NA,FALSE
AbrB/MazE/SpoVT family DNA-binding domain-containing protein,LBJ_RS02225,67.95601944,0.228918976,-0.37051944,0.276883775,62.99632681,56.8759256,118.2118481,67.98731721,60.94326553,74.36076022,42.19450507,60.07820703,543.6481555,FALSE,FALSE,NA,FALSE
hypothetical protein,LBJ_RS04140,67.32805258,0.005569156,-0.626536099,0.211320576,78.74540851,86.04306693,92.80182466,69.95796409,50.62978982,59.79525048,41.33339272,59.3177234,538.6244206,TRUE,FALSE,NA,FALSE
,LBJ_RS20765,66.93172436,9.72772E-06,-1.078238037,0.231702942,85.30752589,93.33485226,117.1070645,67.98731721,39.37872542,38.33028877,43.05561742,50.95240343,535.4537949,TRUE,FALSE,NA,FALSE
hypothetical protein,LBJ_RS18810,66.40344164,0.197999401,-0.57797536,0.404817961,49.87209206,68.54278213,150.2505733,49.26617189,66.56879773,79.72700065,26.6944828,40.30563256,531.2275331,FALSE,FALSE,NA,FALSE
hypothetical protein,LBJ_RS18280,66.19126869,0.076098075,0.48334776,0.249530336,43.30997468,49.58414027,76.23007026,51.23681877,79.69503954,96.59232771,56.83341499,76.04836333,529.5301495,FALSE,FALSE,NA,FALSE
,LBJ_RS13010,65.83538862,2.4701E-06,-1.459445256,0.295128091,97.11933716,105.0017088,96.11617554,87.69378597,57.19291073,34.4972599,16.36113462,32.70079623,526.6831089,TRUE,FALSE,NA,FALSE
hypothetical protein,LBJ_RS18570,65.78210769,0.902886945,0.029572089,0.207983353,60.37147986,59.79263973,79.54442114,60.10472971,78.75745084,63.62827936,59.41675204,64.64110883,526.2568615,FALSE,FALSE,NA,FALSE
hypothetical protein,LBJ_RS04600,65.6161142,0.004676196,0.690305305,0.228288839,51.18451553,49.58414027,40.8769942,59.11940627,61.88085423,76.66057754,98.16680772,87.45561783,524.9289136,TRUE,FALSE,NA,FALSE
leucine-rich repeat domain-containing protein,LBJ_RS12245,64.54600601,0.062444199,-0.458160128,0.225982508,76.12056156,72.91785333,86.1731229,64.04602346,42.19149152,45.99634653,62.00008908,66.92255973,516.3680481,FALSE,FALSE,NA,FALSE
hypothetical protein,LBJ_RS13295,64.39480825,0.006654451,-0.651503329,0.224349595,90.55721979,53.95921147,93.90660829,75.86990472,51.56737852,54.42901006,43.91672977,50.95240343,515.158466,TRUE,FALSE,NA,FALSE
hypothetical protein,LBJ_RS05375,64.21246246,0.002931214,-0.810402836,0.255365511,76.12056156,72.91785333,90.59225741,86.70846253,63.75603163,55.19561583,38.75005568,29.6588617,513.6996997,TRUE,FALSE,NA,FALSE
hypothetical protein,LBJ_RS20010,64.14950435,0.00437168,-0.662718807,0.217541959,81.37025546,74.3762104,93.90660829,65.0313469,54.38014462,54.42901006,38.75005568,50.95240343,513.1960348,TRUE,FALSE,NA,FALSE
hypothetical protein,LBJ_RS04095,62.14979681,0.035244452,-0.505714949,0.222102991,86.61994936,56.8759256,79.54442114,67.98731721,60.00567683,44.46313498,56.83341499,44.86853436,497.1983745,TRUE,FALSE,NA,FALSE
IS982 family transposase,LBJ_RS19425,62.13517071,3.57859E-06,-1.849870173,0.380042295,68.24602071,74.3762104,178.9749476,67.00199378,43.12908022,27.59780792,17.22224697,20.5330581,497.0813656,TRUE,TRUE,TRUE,TRUE
,LBJ_RS03095,61.12353247,1.96703E-09,-1.499117537,0.239442876,86.61994936,84.58470986,102.7448773,86.70846253,44.06666892,34.4972599,22.38892106,27.3774108,488.9882597,TRUE,FALSE,NA,FALSE
hypothetical protein,LBJ_RS06660,60.73299337,0.003889755,-0.956486999,0.310072542,69.55844418,43.750712,125.9453335,80.79652191,45.00425762,46.7629523,28.4167075,45.629018,485.863947,TRUE,FALSE,NA,FALSE
transposase,LBJ_RS19920,60.69047688,0.013951317,-0.664075799,0.251400704,72.18329113,80.20963866,78.43963751,67.00199378,38.44113672,31.43083679,64.58342613,53.23385433,485.5238151,TRUE,FALSE,NA,FALSE
hypothetical protein,LBJ_RS11050,60.17309448,0.001177224,-0.90932114,0.263621125,65.62117376,78.7512816,112.6879299,57.1487594,38.44113672,50.59598118,43.91672977,34.2217635,481.3847559,TRUE,FALSE,NA,FALSE
,LBJ_RS20800,60.00933982,0.001301683,-1.015851935,0.296989254,78.74540851,64.16771093,110.4783627,67.00199378,60.94326553,39.09689455,35.30560628,24.33547626,480.0747185,TRUE,FALSE,NA,FALSE
hypothetical protein,LBJ_RS20160,59.78836042,0.000998016,-0.876470114,0.250619327,104.993878,67.08442506,71.81093575,66.01667034,45.94184632,32.19744257,37.02783098,53.23385433,478.3068834,TRUE,FALSE,NA,FALSE
,LBJ_RS06050,59.15826153,0.122402527,-0.369765205,0.217907729,76.12056156,52.5008544,69.6013685,67.98731721,60.94326553,49.06276963,43.05561742,53.99433796,473.2660922,FALSE,FALSE,NA,FALSE
hypothetical protein,LBJ_RS19050,59.08838703,0.438448945,-0.193095888,0.217932808,52.49693901,67.08442506,64.07745036,67.98731721,55.31773332,46.7629523,68.02787552,50.95240343,472.7070962,FALSE,FALSE,NA,FALSE
CopG family transcriptional regulator,LBJ_RS11380,58.89164356,3.23369E-06,-1.070239428,0.218893329,94.49449021,70.0011392,81.75398839,72.9139344,38.44113672,31.43083679,38.75005568,43.3475671,471.1331485,TRUE,FALSE,NA,FALSE
,LBJ_RS05825,58.35194349,0.817918081,0.071628015,0.261749595,61.68390333,40.83399787,77.33485389,47.29552502,70.31915253,51.36258695,46.50006681,71.48546153,466.8155479,FALSE,FALSE,NA,FALSE
plasmid maintenance system killer family protein,LBJ_RS18325,58.17926693,0.208035199,-0.568773076,0.406766345,72.18329113,30.6254984,119.3166317,55.17811252,77.81986214,27.59780792,31.00004454,51.71288706,465.4341354,FALSE,FALSE,NA,FALSE
,LBJ_RS09920,58.16920145,0.133924147,-0.403469682,0.244625422,86.61994936,58.33428267,57.4487486,63.06070002,42.19149152,40.6301061,51.6667409,65.40159246,465.3536116,FALSE,FALSE,NA,FALSE
tetratricopeptide repeat protein,LBJ_RS08335,57.88373619,0.875903895,0.052097021,0.280562383,51.18451553,39.3756408,83.96355565,52.22214221,60.00567683,79.72700065,45.63895447,50.95240343,463.0698896,FALSE,FALSE,NA,FALSE
,LBJ_RS15070,57.39012681,3.47824E-10,-2.22804683,0.340709658,108.9311484,109.37678,101.6400937,58.13408283,34.69078192,21.46496171,11.19446053,13.6887054,459.1210145,TRUE,TRUE,TRUE,TRUE
,LBJ_RS14695,57.25488175,0.055415142,-0.919176069,0.441318291,78.74540851,70.0011392,107.1640118,43.35423127,81.57021694,38.33028877,13.77779757,25.0959599,458.039054,FALSE,FALSE,NA,FALSE
,LBJ_RS20435,56.75264525,0.43642628,-0.212933626,0.239327289,72.18329113,43.750712,57.4487486,69.95796409,47.81702372,45.99634653,49.94451621,66.92255973,454.021162,FALSE,FALSE,NA,FALSE
,LBJ_RS14040,56.70470749,0.099693681,-0.510484214,0.282882907,82.68267894,64.16771093,50.82004684,68.97264065,45.94184632,26.06459637,53.3889656,61.5991743,453.6376599,FALSE,FALSE,NA,FALSE
type I-E CRISPR-associated endoribonuclease Cas2,LBJ_RS13540,55.85428031,4.04498E-07,-1.295806724,0.244075385,91.86964326,97.70992346,70.70615212,58.13408283,30.00283841,36.03047145,32.72226924,29.6588617,446.8342425,TRUE,FALSE,NA,FALSE
transposase,LBJ_RS19525,55.82155186,1.59686E-07,-1.521073605,0.277180704,61.68390333,91.8764952,112.6879299,65.0313469,31.87801581,36.03047145,21.52780871,25.85644353,446.5724149,TRUE,FALSE,NA,FALSE
hypothetical protein,LBJ_RS03500,55.53038684,2.68922E-07,-1.717326329,0.318678419,61.68390333,83.1263528,136.9931697,59.11940627,19.68936271,25.29799059,24.11114576,34.2217635,444.2430947,TRUE,TRUE,TRUE,TRUE
hypothetical protein,LBJ_RS09705,55.24810527,0.007275667,-0.81293079,0.28289229,59.05905638,74.3762104,93.90660829,54.19278908,43.12908022,49.8293754,43.91672977,23.57499263,441.9848422,TRUE,FALSE,NA,FALSE
hypothetical protein,LBJ_RS08095,54.99820801,4.83366E-08,-1.38743044,0.243095218,78.74540851,87.501424,93.90660829,58.13408283,35.62837062,26.83120214,31.86115689,27.3774108,439.9856641,TRUE,FALSE,NA,FALSE
,LBJ_RS14320,54.47405671,1.85988E-07,-1.32780381,0.243211105,93.18206674,65.626068,85.06833927,67.98731721,30.00283841,26.06459637,27.55559515,40.30563256,435.7924537,TRUE,FALSE,NA,FALSE
membrane protein,LBJ_RS13280,54.14125239,0.001916414,1.247829903,0.377483764,34.12301035,16.04192773,50.82004684,26.60373282,115.3234102,93.5259046,46.50006681,50.1919198,433.1300191,TRUE,FALSE,NA,FALSE
IS110 family transposase,LBJ_RS16555,53.94255175,1.79095E-10,-2.015575135,0.303321033,104.993878,93.33485226,95.01139192,53.20746565,17.81418531,15.33211551,20.66669636,31.17982896,431.540414,TRUE,TRUE,TRUE,TRUE
hypothetical protein,LBJ_RS10885,53.77714692,0.223187908,-0.313364232,0.231573642,49.87209206,72.91785333,59.65831585,56.16343596,45.94184632,39.09689455,59.41675204,47.14998526,430.2171754,FALSE,FALSE,NA,FALSE
hypothetical protein,LBJ_RS05795,53.44961588,0.013362227,0.973257818,0.366291201,30.18573993,33.54221253,41.98177782,38.42761408,60.94326553,37.563683,53.3889656,131.5636686,427.596927,TRUE,FALSE,NA,FALSE
,LBJ_RS20410,52.95252425,0.749418169,0.101544363,0.270893262,60.37147986,29.16714133,62.97266674,51.23681877,58.13049943,56.72882738,39.61116803,65.40159246,423.620194,FALSE,FALSE,NA,FALSE
,LBJ_RS08630,52.43510104,0.70950519,-0.116691584,0.26709623,40.68512773,67.08442506,49.71526321,61.09005315,32.81560451,60.56185626,61.13897674,46.38950163,419.4808083,FALSE,FALSE,NA,FALSE
,LBJ_RS10865,52.4182054,2.09876E-05,-1.026046285,0.229019559,64.30875028,81.66799573,76.23007026,59.11940627,41.25390282,32.96404834,31.86115689,31.9403126,419.3456432,TRUE,FALSE,NA,FALSE
hypothetical protein,LBJ_RS05910,52.02502059,0.005505,-0.760170271,0.256002033,74.80813809,65.626068,65.18223399,56.16343596,46.87943502,49.06276963,31.86115689,26.61692716,416.2001647,TRUE,FALSE,NA,FALSE
DoxX-like family protein,LBJ_RS17040,52.01096845,0.975997836,-0.007982167,0.226004811,40.68512773,51.04249733,53.02961409,63.06070002,51.56737852,55.96222161,55.1111903,45.629018,416.0877476,FALSE,FALSE,NA,FALSE
hypothetical protein,LBJ_RS12590,51.81422896,0.003512368,-0.926089593,0.297151373,69.55844418,55.41756853,90.59225741,56.16343596,22.50212881,26.83120214,44.77784212,48.67095253,414.5138317,TRUE,FALSE,NA,FALSE
,LBJ_RS04090,51.75684875,3.61683E-05,-1.28510394,0.295167347,74.80813809,91.8764952,81.75398839,45.32487814,41.25390282,21.46496171,24.11114576,33.46127986,414.05479,TRUE,FALSE,NA,FALSE
guanylate cyclase,LBJ_RS11325,51.56340483,3.26714E-06,-1.424218257,0.291433874,81.37025546,71.45949626,89.48747378,58.13408283,37.50354802,36.79707722,17.22224697,20.5330581,412.5072386,TRUE,FALSE,NA,FALSE
,LBJ_RS20745,51.01018601,1.8277E-05,-1.125874636,0.249548497,68.24602071,53.95921147,93.90660829,63.06070002,37.50354802,28.36441369,31.86115689,31.17982896,408.0814881,TRUE,FALSE,NA,FALSE
hypothetical protein,LBJ_RS01345,50.58664797,0.084984919,-0.446600975,0.236994851,52.49693901,48.1257832,76.23007026,56.16343596,37.50354802,39.86350032,45.63895447,48.67095253,404.6931838,FALSE,FALSE,NA,FALSE
hypothetical protein,LBJ_RS10730,50.03173801,0.099170381,-0.438349876,0.242564358,62.99632681,58.33428267,48.61047959,60.10472971,53.44255592,30.66423102,40.47228037,45.629018,400.2539041,FALSE,FALSE,NA,FALSE
,LBJ_RS06675,49.33094447,0.085415121,-0.611354233,0.324837695,35.43543383,56.8759256,91.69704104,54.19278908,46.87943502,35.26386567,24.11114576,50.1919198,394.6475558,FALSE,FALSE,NA,FALSE
hypothetical protein,LBJ_RS15360,49.11737213,0.005438869,-0.835611904,0.281027381,39.37270426,65.626068,86.1731229,60.10472971,43.12908022,26.06459637,34.44449394,38.02418166,392.9389771,TRUE,FALSE,NA,FALSE
hypothetical protein,LBJ_RS20525,47.85577745,0.937416358,0.02192686,0.241572091,40.68512773,48.1257832,60.76309948,40.39826095,42.19149152,51.36258695,55.97230265,43.3475671,382.8462196,FALSE,FALSE,NA,FALSE
STAS domain-containing protein,LBJ_RS09945,46.61855681,3.26855E-08,-1.475911354,0.255449679,78.74540851,67.08442506,78.43963751,50.25149533,27.19007231,22.23156749,22.38892106,26.61692716,372.9484544,TRUE,FALSE,NA,FALSE
hypothetical protein,LBJ_RS04010,46.50728398,1.49734E-07,-1.913924369,0.347960681,77.43298504,91.8764952,86.1731229,39.41293752,9.375887004,21.46496171,18.94447166,27.3774108,372.0582718,TRUE,TRUE,TRUE,TRUE
,LBJ_RS15025,46.06848377,1.02835E-06,-1.500704159,0.292901913,83.99510241,77.29292453,58.55353223,52.22214221,35.62837062,17.63193284,24.9722581,18.2516072,368.5478701,TRUE,FALSE,NA,FALSE
hypothetical protein,LBJ_RS20395,45.60940867,0.001570785,-0.853970519,0.253744679,47.24724511,68.54278213,74.02050301,45.32487814,33.75319322,30.66423102,31.86115689,33.46127986,364.8752694,TRUE,FALSE,NA,FALSE
,LBJ_RS10115,45.40208103,2.58154E-06,-1.267764518,0.25684147,69.55844418,75.83456746,49.71526321,62.07537659,29.06524971,28.36441369,18.94447166,29.6588617,363.2166482,TRUE,FALSE,NA,FALSE
hypothetical protein,LBJ_RS19170,44.00486702,0.549197066,-0.211757983,0.304911672,51.18451553,58.33428267,55.23918135,24.63308595,48.75461242,33.73065412,48.22229151,31.9403126,352.0389361,FALSE,FALSE,NA,FALSE
putative toxin-antitoxin system toxin component%2C PIN family,LBJ_RS11385,42.56730683,0.003382869,-0.744853642,0.238043273,47.24724511,51.04249733,59.65831585,55.17811252,27.19007231,34.4972599,35.30560628,30.41934533,340.5384546,TRUE,FALSE,NA,FALSE
,LBJ_RS04455,42.06121735,0.902886945,0.035629948,0.250573486,48.55966858,30.6254984,44.19134508,42.36890783,47.81702372,45.99634653,33.58338159,43.3475671,336.4897388,FALSE,FALSE,NA,FALSE
hypothetical protein,LBJ_RS11395,41.48678706,0.034395267,-0.701726253,0.306778226,61.68390333,49.58414027,47.50569596,47.29552502,22.50212881,22.23156749,30.13893219,50.95240343,331.8942965,TRUE,FALSE,NA,FALSE
hypothetical protein,LBJ_RS09430,40.37104193,1.52741E-05,-1.292178447,0.283894354,49.87209206,68.54278213,71.81093575,39.41293752,21.56454011,25.29799059,26.6944828,19.77257447,322.9683354,TRUE,FALSE,NA,FALSE
DDE-type integrase/transposase/recombinase,LBJ_RS04590,40.30464706,0.000401133,-1.069779377,0.285312715,77.43298504,48.1257832,44.19134508,49.26617189,19.68936271,25.29799059,24.9722581,33.46127986,322.4371765,TRUE,FALSE,NA,FALSE
hypothetical protein,LBJ_RS05370,40.0513321,0.591787471,0.170265243,0.272164855,35.43543383,40.83399787,35.35307606,39.41293752,34.69078192,59.02864471,42.19450507,33.46127986,320.4106568,FALSE,FALSE,NA,FALSE
hypothetical protein,LBJ_RS20150,40.01668127,0.00011344,-1.095471607,0.268715449,52.49693901,53.95921147,68.49658487,43.35423127,22.50212881,32.19744257,25.83337045,21.29354173,320.1334502,TRUE,FALSE,NA,FALSE
,LBJ_RS17635,39.65676426,0.731664697,0.113594111,0.282362748,38.06028078,36.45892667,36.45785969,41.38358439,33.75319322,28.36441369,46.50006681,56.27578886,317.2541141,FALSE,FALSE,NA,FALSE
hypothetical protein,LBJ_RS19310,39.49610049,0.620959602,0.159051992,0.275680517,43.30997468,27.70878427,38.66742694,39.41293752,31.87801581,34.4972599,46.50006681,53.99433796,315.9688039,FALSE,FALSE,NA,FALSE
hypothetical protein,LBJ_RS08340,39.15045798,0.539470658,-0.191222096,0.268273109,51.18451553,39.3756408,45.2961287,31.53035001,39.37872542,31.43083679,30.13893219,44.86853436,313.2036638,FALSE,FALSE,NA,FALSE
hypothetical protein,LBJ_RS04015,38.05621065,0.683579013,0.1425543,0.29830448,31.4981634,27.70878427,47.50569596,37.44229064,45.94184632,50.59598118,24.9722581,38.7846653,304.4496852,FALSE,FALSE,NA,FALSE
,LBJ_RS20780,37.37141898,0.001100679,-1.159427443,0.334234178,49.87209206,37.91728373,69.6013685,48.28084846,38.44113672,21.46496171,18.94447166,14.44918903,298.9713519,TRUE,FALSE,NA,FALSE
hypothetical protein,LBJ_RS03210,37.35978187,0.698613149,0.14470575,0.318741794,45.93482163,21.875356,38.66742694,35.47164376,30.94042711,41.39671187,27.55559515,57.0362725,298.878255,FALSE,FALSE,NA,FALSE
,LBJ_RS20630,35.61725154,0.000248895,-1.064448624,0.274578606,52.49693901,48.1257832,43.08656145,49.26617189,23.43971751,18.39853861,18.94447166,31.17982896,284.9380123,TRUE,FALSE,NA,FALSE
hypothetical protein,LBJ_RS14940,35.11155488,6.27678E-07,-1.830604649,0.350448889,41.99755121,30.6254984,68.49658487,77.84055159,12.18865311,15.33211551,14.63890992,19.77257447,280.8924391,TRUE,TRUE,TRUE,TRUE
,LBJ_RS20295,34.55593437,0.424611207,-0.250640999,0.274848673,45.93482163,27.70878427,30.93394155,45.32487814,27.19007231,33.73065412,34.44449394,31.17982896,276.4474749,FALSE,FALSE,NA,FALSE
,LBJ_RS11755,33.09116986,0.157779305,-0.415656232,0.266634409,45.93482163,35.0005696,30.93394155,39.41293752,31.87801581,27.59780792,25.83337045,28.13789443,264.7293589,FALSE,FALSE,NA,FALSE
,LBJ_RS06570,32.86074771,0.149526136,-0.499463801,0.314193265,55.12178596,32.08385547,24.30523979,42.36890783,32.81560451,20.69835594,25.83337045,29.6588617,262.8859816,FALSE,FALSE,NA,FALSE
hypothetical protein,LBJ_RS19240,32.21807392,0.456306938,-0.252029834,0.294632647,39.37270426,27.70878427,44.19134508,28.5743797,37.50354802,26.06459637,22.38892106,31.9403126,257.7445913,FALSE,FALSE,NA,FALSE
hypothetical protein,LBJ_RS05205,31.79464224,0.650397616,-0.143732526,0.270767239,31.4981634,27.70878427,37.56264332,36.4569672,24.37730621,31.43083679,31.86115689,33.46127986,254.3571379,FALSE,FALSE,NA,FALSE
hypothetical protein,LBJ_RS20700,31.66309245,0.201067709,-0.429451261,0.302822858,32.81058688,37.91728373,41.98177782,32.51567345,37.50354802,27.59780792,16.36113462,26.61692716,253.3047396,FALSE,FALSE,NA,FALSE
IS110 family transposase,LBJ_RS20055,31.64547545,5.77763E-07,-1.869492962,0.356757344,45.93482163,46.66742613,70.70615212,35.47164376,17.81418531,15.33211551,6.027786439,15.20967267,253.1638036,TRUE,TRUE,TRUE,TRUE
,LBJ_RS09095,31.63746665,0.000182024,-1.256885056,0.317673589,32.81058688,39.3756408,66.28701762,39.41293752,23.43971751,16.09872128,18.94447166,16.73063993,253.0997332,TRUE,FALSE,NA,FALSE
GNAT family N-acetyltransferase,LBJ_RS18240,30.94119193,0.276922827,-0.630310859,0.517949655,28.87331645,20.41699893,75.12528663,25.61840938,39.37872542,34.4972599,6.888898787,16.73063993,247.5295354,FALSE,FALSE,NA,FALSE
,LBJ_RS02080,30.5506784,4.25276E-05,-1.580584455,0.366415006,43.30997468,42.29235493,72.91571938,24.63308595,17.81418531,13.03229818,12.91668523,17.49112357,244.4054272,TRUE,FALSE,NA,FALSE
,LBJ_RS00690,29.94337009,1.78706E-05,-1.497113408,0.33147025,45.93482163,45.20906907,53.02961409,32.51567345,23.43971751,10.73248086,11.19446053,17.49112357,239.5469607,TRUE,FALSE,NA,FALSE
transposase,LBJ_RS18655,29.35988826,0.025852908,-0.707634242,0.294517635,32.81058688,39.3756408,39.77221057,33.50099689,24.37730621,15.33211551,28.4167075,21.29354173,234.8791061,TRUE,FALSE,NA,FALSE
hypothetical protein,LBJ_RS13675,29.19044597,0.021699298,-0.714415534,0.289008208,30.18573993,37.91728373,46.40091233,30.54502657,24.37730621,22.99817326,19.80558401,21.29354173,233.5235678,TRUE,FALSE,NA,FALSE
,LBJ_RS10805,28.9544318,0.087521181,-0.549851693,0.294064318,39.37270426,24.79207013,37.56264332,35.47164376,28.12766101,26.83120214,18.94447166,20.5330581,231.6354544,FALSE,FALSE,NA,FALSE
hypothetical protein,LBJ_RS19360,28.42768272,4.72942E-08,-2.201441208,0.385455696,47.24724511,26.2504272,58.55353223,54.19278908,15.93900791,12.26569241,6.888898787,6.083869066,227.4214618,TRUE,TRUE,TRUE,TRUE
hypothetical protein,LBJ_RS15335,28.33419158,0.002035751,0.991757675,0.301744604,22.31119908,14.58357067,23.20045617,15.76517501,34.69078192,38.33028877,34.44449394,43.3475671,226.6735326,TRUE,FALSE,NA,FALSE
hypothetical protein,LBJ_RS20195,28.2893206,0.647123835,-0.192807409,0.359738827,24.93604603,21.875356,50.82004684,22.66243907,33.75319322,23.76477904,18.08335932,30.41934533,226.3145648,FALSE,FALSE,NA,FALSE
IS110 family transposase,LBJ_RS14485,28.11536958,0.00578115,-0.860236828,0.291476864,36.7478573,36.45892667,36.45785969,35.47164376,22.50212881,19.93175016,13.77779757,23.57499263,224.9229566,TRUE,FALSE,NA,FALSE
hypothetical protein,LBJ_RS18525,27.92119343,5.25353E-08,-1.805265589,0.317150979,43.30997468,33.54221253,51.92483047,44.3395547,15.00141921,9.965875081,14.63890992,10.64677087,223.3695475,TRUE,TRUE,TRUE,TRUE
,LBJ_RS17655,27.69869478,0.52810309,-0.260686144,0.357308926,24.93604603,21.875356,45.2961287,28.5743797,15.00141921,24.53138481,24.11114576,37.26369803,221.5895582,FALSE,FALSE,NA,FALSE
hypothetical protein,LBJ_RS18575,27.36626874,0.397282069,0.314975224,0.327788327,22.31119908,16.04192773,19.88610528,38.42761408,25.31489491,30.66423102,33.58338159,32.70079623,218.9301499,FALSE,FALSE,NA,FALSE
hypothetical protein,LBJ_RS18970,27.26445615,0.030776243,-0.72703161,0.311580082,36.7478573,35.0005696,36.45785969,27.58905626,28.12766101,20.69835594,19.80558401,13.6887054,218.1156492,TRUE,FALSE,NA,FALSE
hypothetical protein,LBJ_RS19800,26.94401095,0.196517222,-0.551171733,0.384913758,28.87331645,16.04192773,53.02961409,29.55970314,29.06524971,16.86532706,15.50002227,26.61692716,215.5520876,FALSE,FALSE,NA,FALSE
,LBJ_RS12220,25.84414756,6.77134E-10,-2.739855168,0.425819718,45.93482163,29.16714133,67.39180124,37.44229064,4.687943502,3.833028877,6.888898787,11.4072545,206.7531805,TRUE,TRUE,TRUE,TRUE
,LBJ_RS18440,25.76240118,0.291837771,0.416231674,0.35219714,22.31119908,16.04192773,33.14350881,16.75049844,23.43971751,42.16331765,24.11114576,28.13789443,206.0992094,FALSE,FALSE,NA,FALSE
DUF262 domain-containing protein,LBJ_RS06035,24.91609709,0.007375846,-1.075437398,0.374890248,44.62239816,42.29235493,32.03872518,16.75049844,19.68936271,17.63193284,10.33334818,15.9701563,199.3287767,TRUE,FALSE,NA,FALSE
hypothetical protein,LBJ_RS19270,23.99773363,0.010362553,-1.150615391,0.418305885,34.12301035,20.41699893,54.13439772,23.64776251,10.3134757,22.99817326,17.22224697,9.125803599,191.9818691,TRUE,FALSE,NA,FALSE
IS110 family transposase,LBJ_RS20300,23.90633949,0.003717294,-1.452200428,0.468628659,20.9987756,20.41699893,72.91571938,25.61840938,8.438298304,10.73248086,14.63890992,17.49112357,191.2507159,TRUE,FALSE,NA,FALSE
IS110 family transposase,LBJ_RS09440,23.81330508,0.327136729,-0.373783889,0.339221591,34.12301035,26.2504272,28.7243743,18.72114532,24.37730621,15.33211551,16.36113462,26.61692716,190.5064407,FALSE,FALSE,NA,FALSE
,LBJ_RS04345,23.66196261,0.003734706,-1.047882012,0.338340585,32.81058688,35.0005696,33.14350881,26.60373282,22.50212881,13.03229818,9.472235832,16.73063993,189.2957009,TRUE,FALSE,NA,FALSE
hypothetical protein,LBJ_RS20545,23.10642502,0.674866672,-0.155162063,0.315394884,22.31119908,26.2504272,26.51480705,22.66243907,15.93900791,26.83120214,21.52780871,22.814509,184.8514002,FALSE,FALSE,NA,FALSE
,LBJ_RS07645,22.11996967,0.004415609,-1.009703849,0.331822561,38.06028078,21.875356,26.51480705,31.53035001,17.81418531,13.79890396,12.91668523,14.44918903,176.9597574,TRUE,FALSE,NA,FALSE
,LBJ_RS12230,21.45360298,1.35539E-06,-2.469204769,0.48718333,40.68512773,45.20906907,43.08656145,16.75049844,2.812766101,3.066423102,8.611123484,11.4072545,171.6288239,TRUE,TRUE,TRUE,TRUE
enoyl-CoA hydratase,LBJ_RS10070,21.31011022,0.029193607,-1.007897611,0.428095649,32.81058688,30.6254984,37.56264332,12.80920469,22.50212881,7.666057754,12.05557288,14.44918903,170.4808818,TRUE,FALSE,NA,FALSE
,LBJ_RS08310,20.71486169,1.21347E-06,-1.824474416,0.358437579,39.37270426,24.79207013,34.24829244,30.54502657,11.25106441,8.43266353,9.472235832,7.604836333,165.7188935,TRUE,TRUE,TRUE,TRUE
,LBJ_RS03490,20.66774714,3.99683E-05,-1.608412176,0.371513997,31.4981634,33.54221253,39.77221057,19.70646876,13.12624181,9.199269305,8.611123484,9.886287233,165.3419771,TRUE,TRUE,TRUE,TRUE
peptidase,LBJ_RS20115,19.8093463,0.08943728,-0.712292381,0.383313794,23.62362255,21.875356,36.45785969,16.75049844,10.3134757,16.86532706,12.05557288,20.5330581,158.4747704,FALSE,FALSE,NA,FALSE
hypothetical protein,LBJ_RS20615,19.75776083,0.128184283,-0.618116502,0.369663542,23.62362255,14.58357067,36.45785969,20.6917922,17.81418531,16.86532706,12.05557288,15.9701563,158.0620866,FALSE,FALSE,NA,FALSE
hypothetical protein,LBJ_RS20390,19.37589348,0.047541068,-0.798363377,0.371240475,22.31119908,23.33371307,33.14350881,19.70646876,15.93900791,15.33211551,7.750011136,17.49112357,155.0071478,TRUE,FALSE,NA,FALSE
,LBJ_RS03230,19.13490554,0.057955342,-0.738052584,0.358023897,32.81058688,23.33371307,22.09567254,17.73582188,15.00141921,10.73248086,14.63890992,16.73063993,153.0792443,FALSE,FALSE,NA,FALSE
,LBJ_RS09460,19.03494414,0.670169136,-0.222654939,0.446035628,11.81181128,23.33371307,32.03872518,14.77985157,20.62695141,8.43266353,14.63890992,26.61692716,152.2795531,FALSE,FALSE,NA,FALSE
hypothetical protein,LBJ_RS04000,18.88250392,0.008782746,-1.170896294,0.416777072,20.9987756,17.5002848,45.2961287,20.6917922,7.500709603,12.26569241,14.63890992,12.16773813,151.0600314,TRUE,FALSE,NA,FALSE
transposase,LBJ_RS18610,18.76513058,0.968559593,0.017310201,0.376359359,13.12423475,14.58357067,16.5717544,29.55970314,17.81418531,16.86532706,24.11114576,17.49112357,150.1210446,FALSE,FALSE,NA,FALSE
,LBJ_RS11240,18.50650349,0.024694056,-0.924281851,0.381714565,22.31119908,24.79207013,34.24829244,15.76517501,14.06383051,15.33211551,8.611123484,12.92822177,148.0520279,TRUE,FALSE,NA,FALSE
,LBJ_RS02150,18.28368848,0.633498817,-0.264924467,0.475183249,19.68635213,11.66685653,27.61959067,20.6917922,13.12624181,6.899451979,14.63890992,31.9403126,146.2695078,FALSE,FALSE,NA,FALSE
,LBJ_RS07615,18.19230233,8.48131E-06,-1.893563755,0.404323466,26.2484695,27.70878427,39.77221057,20.6917922,11.25106441,6.132846204,6.888898787,6.8443527,145.5384186,TRUE,TRUE,TRUE,TRUE
hypothetical protein,LBJ_RS09745,18.13518607,0.017054799,-0.95534749,0.372245389,15.7490817,23.33371307,28.7243743,27.58905626,13.12624181,8.43266353,12.91668523,15.20967267,145.0814886,TRUE,FALSE,NA,FALSE
,LBJ_RS13250,17.84088515,0.189827872,-0.580174561,0.399402922,35.43543383,16.04192773,15.46697078,18.72114532,17.81418531,14.56550973,9.472235832,15.20967267,142.7270812,FALSE,FALSE,NA,FALSE
IS982 family transposase,LBJ_RS18885,17.5982274,0.719932046,0.181219177,0.430355034,19.68635213,8.7501424,17.67653803,19.70646876,7.500709603,26.06459637,22.38892106,19.01209083,140.7858192,FALSE,FALSE,NA,FALSE
hypothetical protein,LBJ_RS18860,17.55435123,0.817918081,0.120730118,0.441000976,19.68635213,14.58357067,23.20045617,9.853234379,27.19007231,18.39853861,7.750011136,19.77257447,140.4348099,FALSE,FALSE,NA,FALSE
,LBJ_RS04070,17.48004678,0.007747664,-1.23315926,0.43234299,19.68635213,33.54221253,34.24829244,10.83855782,11.25106441,8.43266353,11.19446053,10.64677087,139.8403742,TRUE,FALSE,NA,FALSE
,LBJ_RS01230,17.43359237,0.880157789,0.063995613,0.359398133,18.37392865,18.95864187,13.25740352,17.73582188,19.68936271,13.79890396,16.36113462,21.29354173,139.4687389,FALSE,FALSE,NA,FALSE
,LBJ_RS09200,17.36081606,3.11456E-05,-3.072617903,0.700077945,44.62239816,23.33371307,41.98177782,13.79452813,11.25106441,0,0.861112348,3.041934533,138.8865285,TRUE,TRUE,TRUE,TRUE
hypothetical protein,LBJ_RS19205,17.01394478,0.372399258,-0.401241719,0.397106638,23.62362255,10.20849947,17.67653803,25.61840938,11.25106441,11.49908663,17.22224697,19.01209083,136.1115583,FALSE,FALSE,NA,FALSE
hypothetical protein,LBJ_RS14845,16.93862339,0.54874741,-0.26294777,0.377866316,18.37392865,17.5002848,25.41002342,12.80920469,11.25106441,17.63193284,18.08335932,14.44918903,135.5089872,FALSE,FALSE,NA,FALSE
hypothetical protein,LBJ_RS19325,16.78706801,0.999667722,-0.000177798,0.426938227,17.06150518,11.66685653,26.51480705,11.82388125,10.3134757,13.03229818,24.11114576,19.77257447,134.2965441,FALSE,FALSE,NA,FALSE
hypothetical protein,LBJ_RS12075,16.75067864,0.16846239,-0.651568616,0.42878051,13.12423475,10.20849947,35.35307606,22.66243907,13.12624181,12.26569241,12.05557288,15.20967267,134.0054291,FALSE,FALSE,NA,FALSE
IS110 family transposase,LBJ_RS05105,16.51087421,0.009015374,-1.073343085,0.383313791,19.68635213,29.16714133,22.09567254,18.72114532,11.25106441,12.26569241,12.05557288,6.8443527,132.0869937,TRUE,FALSE,NA,FALSE
hypothetical protein,LBJ_RS03340,15.93825108,0.287396386,-0.56581036,0.474678142,10.4993878,13.1252136,34.24829244,17.73582188,19.68936271,15.33211551,7.750011136,9.125803599,127.5060087,FALSE,FALSE,NA,FALSE
hypothetical protein,LBJ_RS04120,15.7834637,0.389300685,-0.455204933,0.466071791,14.43665823,11.66685653,32.03872518,14.77985157,12.18865311,18.39853861,6.027786439,16.73063993,126.2677096,FALSE,FALSE,NA,FALSE
hypothetical protein,LBJ_RS06845,15.7751467,0.077396054,-0.860110693,0.44592275,20.9987756,8.7501424,27.61959067,23.64776251,14.06383051,12.26569241,5.16667409,13.6887054,126.2011736,FALSE,FALSE,NA,FALSE
DUF2905 domain-containing protein,LBJ_RS15440,15.74205156,0.092924714,-0.719091364,0.390943669,24.93604603,14.58357067,18.78132166,19.70646876,15.93900791,7.666057754,12.91668523,11.4072545,125.9364125,FALSE,FALSE,NA,FALSE
IS110 family transposase,LBJ_RS01210,15.73437071,0.000113028,-1.72757392,0.423628724,31.4981634,17.5002848,28.7243743,18.72114532,9.375887004,4.599634653,8.611123484,6.8443527,125.8749657,TRUE,TRUE,TRUE,TRUE
hypothetical protein,LBJ_RS19900,15.38843987,0.301062696,-0.536404569,0.461931325,13.12423475,11.66685653,28.7243743,18.72114532,22.50212881,10.73248086,7.750011136,9.886287233,123.1075189,FALSE,FALSE,NA,FALSE
hypothetical protein,LBJ_RS19250,15.09157254,0.597566891,-0.241828518,0.392152397,19.68635213,13.1252136,18.78132166,13.79452813,16.87659661,12.26569241,9.472235832,16.73063993,120.7325803,FALSE,FALSE,NA,FALSE
hypothetical protein,LBJ_RS19265,14.87561646,0.025120083,-1.104724272,0.457567117,15.7490817,14.58357067,30.93394155,19.70646876,12.18865311,5.366240428,6.027786439,14.44918903,119.0049317,TRUE,FALSE,NA,FALSE
DUF1564 family protein,LBJ_RS11615,14.81010088,0.902886945,0.055692955,0.391538573,11.81181128,17.5002848,13.25740352,15.76517501,12.18865311,19.93175016,12.05557288,15.9701563,118.480807,FALSE,FALSE,NA,FALSE
DUF1564 domain-containing protein,LBJ_RS10040,14.59889156,0.414213912,-0.538434275,0.578805422,7.874540851,2.916714133,34.24829244,23.64776251,10.3134757,9.965875081,10.33334818,17.49112357,116.7911325,FALSE,FALSE,NA,FALSE
,LBJ_RS18210,14.48558965,0.087886701,0.819700447,0.439109765,9.186964326,5.833428267,17.67653803,8.867910941,17.81418531,17.63193284,13.77779757,25.0959599,115.8847172,FALSE,FALSE,NA,FALSE
hypothetical protein,LBJ_RS18220,14.40002543,0.006433534,-1.307179576,0.448407136,22.31119908,24.79207013,25.41002342,9.853234379,7.500709603,11.49908663,7.750011136,6.083869066,115.2002034,TRUE,FALSE,NA,FALSE
,LBJ_RS04900,14.05004423,0.000291951,-1.909561674,0.497926381,15.7490817,26.2504272,28.7243743,17.73582188,12.18865311,5.366240428,2.583337045,3.802418166,112.4003538,TRUE,TRUE,TRUE,TRUE
hypothetical protein,LBJ_RS16225,13.38683004,2.58368E-05,-2.251540756,0.508038603,23.62362255,16.04192773,27.61959067,20.6917922,9.375887004,1.533211551,5.16667409,3.041934533,107.0946403,TRUE,TRUE,TRUE,TRUE
,LBJ_RS08100,13.37244471,3.83619E-05,-2.124013426,0.48945527,24.93604603,26.2504272,23.20045617,12.80920469,3.750354802,2.299817326,6.888898787,6.8443527,106.9795577,TRUE,TRUE,TRUE,TRUE
helix-turn-helix transcriptional regulator,LBJ_RS13290,13.19039533,0.100775923,-0.743860294,0.4135406,14.43665823,16.04192773,18.78132166,16.75049844,10.3134757,6.899451979,8.611123484,13.6887054,105.5231626,FALSE,FALSE,NA,FALSE
transposase,LBJ_RS07020,12.94526154,0.00578115,-1.499948057,0.508241291,18.37392865,18.95864187,26.51480705,12.80920469,4.687943502,2.299817326,7.750011136,12.16773813,103.5620924,TRUE,FALSE,NA,FALSE
hypothetical protein,LBJ_RS01650,12.75908681,0.173421745,-0.634812106,0.422101939,18.37392865,16.04192773,13.25740352,14.77985157,5.625532203,10.73248086,10.33334818,12.92822177,102.0726945,FALSE,FALSE,NA,FALSE
,LBJ_RS16585,12.70337462,0.0571078,-0.869743268,0.420457968,17.06150518,20.41699893,16.5717544,11.82388125,9.375887004,9.199269305,10.33334818,6.8443527,101.626997,FALSE,FALSE,NA,FALSE
IS110 family transposase,LBJ_RS11640,12.69772585,0.811862934,-0.124232579,0.439884489,13.12423475,11.66685653,13.25740352,14.77985157,11.25106441,6.132846204,14.63890992,16.73063993,101.5818068,FALSE,FALSE,NA,FALSE
,LBJ_RS12815,12.69292689,0.007355951,-1.327170794,0.462479091,15.7490817,17.5002848,26.51480705,12.80920469,7.500709603,3.833028877,7.750011136,9.886287233,101.5434151,TRUE,FALSE,NA,FALSE
hypothetical protein,LBJ_RS02500,12.57897183,0.99490732,-0.003338439,0.448181615,9.186964326,7.291785333,17.67653803,15.76517501,9.375887004,9.965875081,14.63890992,16.73063993,100.6317746,FALSE,FALSE,NA,FALSE
hypothetical protein,LBJ_RS11610,12.5431336,0.324247081,0.548188498,0.494392107,2.62484695,13.1252136,12.1526199,12.80920469,9.375887004,22.23156749,12.05557288,15.9701563,100.3450688,FALSE,FALSE,NA,FALSE
,LBJ_RS14820,12.44734073,0.028299793,-1.249198415,0.527771823,19.68635213,14.58357067,18.78132166,16.75049844,15.00141921,3.066423102,2.583337045,9.125803599,99.57872585,TRUE,FALSE,NA,FALSE
hypothetical protein,LBJ_RS09480,12.04540595,0.337499572,0.541537843,0.500957578,9.186964326,10.20849947,8.838269016,10.83855782,25.31489491,11.49908663,6.027786439,14.44918903,96.36324764,FALSE,FALSE,NA,FALSE
transposase,LBJ_RS14830,11.83327459,0.0874028,-0.913434109,0.488307216,18.37392865,10.20849947,25.41002342,7.882587503,8.438298304,9.199269305,6.027786439,9.125803599,94.66619669,FALSE,FALSE,NA,FALSE
,LBJ_RS00090,11.69626065,0.076219637,-0.854754837,0.441468245,13.12423475,10.20849947,20.99088891,15.76517501,7.500709603,9.965875081,6.888898787,9.125803599,93.57008521,FALSE,FALSE,NA,FALSE
,LBJ_RS02365,11.28199979,0.458966241,-0.412139968,0.484410883,14.43665823,17.5002848,9.943052642,9.853234379,12.18865311,3.833028877,10.33334818,12.16773813,90.25599834,FALSE,FALSE,NA,FALSE
AraC family transcriptional regulator,LBJ_RS13310,10.66012511,0.838516225,0.122258287,0.504838395,10.4993878,5.833428267,14.36218715,9.853234379,15.00141921,16.09872128,6.027786439,7.604836333,85.28100086,FALSE,FALSE,NA,FALSE
,LBJ_RS20690,9.868228917,0.436841151,-0.448570807,0.504678673,11.81181128,10.20849947,7.733485389,15.76517501,9.375887004,9.199269305,3.444449394,11.4072545,78.94583134,FALSE,FALSE,NA,FALSE
hypothetical protein,LBJ_RS19495,9.78384157,0.937416358,0.049404479,0.545217411,10.4993878,4.3750712,16.5717544,6.897264065,4.687943502,8.43266353,14.63890992,12.16773813,78.27073256,FALSE,FALSE,NA,FALSE
hypothetical protein,LBJ_RS19820,9.645649968,0.013433177,-1.397467632,0.526423793,6.562117376,18.95864187,18.78132166,11.82388125,3.750354802,6.899451979,4.305561742,6.083869066,77.16519974,TRUE,FALSE,NA,FALSE
,LBJ_RS05530,9.57362009,0.010460419,-1.403519823,0.510851643,19.68635213,11.66685653,13.25740352,10.83855782,8.438298304,3.833028877,4.305561742,4.5629018,76.58896072,TRUE,FALSE,NA,FALSE
IS110 family transposase,LBJ_RS08615,9.300070402,0.164005848,-0.737728763,0.480019773,11.81181128,13.1252136,9.943052642,11.82388125,4.687943502,6.132846204,7.750011136,9.125803599,74.40056321,FALSE,FALSE,NA,FALSE
hypothetical protein,LBJ_RS06850,8.951054163,0.051536915,-1.056898956,0.49982833,9.186964326,11.66685653,15.46697078,11.82388125,7.500709603,6.132846204,6.027786439,3.802418166,71.6084333,FALSE,FALSE,NA,FALSE
hypothetical protein,LBJ_RS04580,8.881079591,0.312855199,-0.657447603,0.579518494,6.562117376,2.916714133,18.78132166,14.77985157,8.438298304,6.899451979,4.305561742,8.365319966,71.04863673,FALSE,FALSE,NA,FALSE
polysaccharide deacetylase,LBJ_RS20170,8.595434127,0.098092333,-1.026468238,0.566246051,14.43665823,8.7501424,13.25740352,9.853234379,4.687943502,10.73248086,1.722224697,5.323385433,68.76347302,FALSE,FALSE,NA,FALSE
,LBJ_RS11140,8.380881093,0.171825443,-0.818263601,0.542298976,13.12423475,4.3750712,14.36218715,10.83855782,5.625532203,8.43266353,3.444449394,6.8443527,67.04704874,FALSE,FALSE,NA,FALSE
XRE family transcriptional regulator,LBJ_RS20455,8.334670733,0.026037345,-1.435891398,0.59834876,7.874540851,13.1252136,19.88610528,7.882587503,3.750354802,8.43266353,3.444449394,2.2814509,66.67736586,TRUE,FALSE,NA,FALSE
hypothetical protein,LBJ_RS20110,8.046878676,0.015772533,-1.522642042,0.586633763,11.81181128,11.66685653,14.36218715,9.853234379,5.625532203,0.766605775,3.444449394,6.8443527,64.37502941,TRUE,FALSE,NA,FALSE
hypothetical protein,LBJ_RS09235,7.714685886,0.0249472,-1.331444846,0.550785854,11.81181128,10.20849947,12.1526199,9.853234379,4.687943502,3.833028877,6.888898787,2.2814509,61.71748708,TRUE,FALSE,NA,FALSE
,LBJ_RS12080,7.484468382,0.005102034,-2.412634702,0.805535395,15.7490817,5.833428267,17.67653803,10.83855782,3.750354802,0,6.027786439,0,59.87574706,TRUE,TRUE,TRUE,TRUE
hypothetical protein,LBJ_RS05380,6.785922396,0.786244321,-0.187764098,0.586417403,7.874540851,7.291785333,7.733485389,5.911940627,7.500709603,4.599634653,10.33334818,3.041934533,54.28737917,FALSE,FALSE,NA,FALSE
hypothetical protein,LBJ_RS19585,6.041685185,0.836438847,-0.183454591,0.747649204,11.81181128,1.458357067,5.523918135,6.897264065,2.812766101,1.533211551,6.888898787,11.4072545,48.33348148,FALSE,FALSE,NA,FALSE
hypothetical protein,LBJ_RS18615,5.778997563,0.216932848,-0.863927557,0.629788416,5.249693901,10.20849947,6.628701762,7.882587503,2.812766101,2.299817326,4.305561742,6.8443527,46.2319805,FALSE,FALSE,NA,FALSE
,LBJ_RS20345,5.745793391,0.700959345,0.275848361,0.612820483,5.249693901,2.916714133,5.523918135,6.897264065,5.625532203,4.599634653,6.027786439,9.125803599,45.96634713,FALSE,FALSE,NA,FALSE
,LBJ_RS09275,5.732248249,0.642342221,-0.331120068,0.609384411,5.249693901,8.7501424,6.628701762,4.926617189,7.500709603,3.833028877,5.16667409,3.802418166,45.85798599,FALSE,FALSE,NA,FALSE
,LBJ_RS12345,5.581303418,0.011952726,-2.135209899,0.79160048,13.12423475,5.833428267,15.46697078,1.970646876,2.812766101,2.299817326,0.861112348,2.2814509,44.65042735,TRUE,TRUE,FALSE,FALSE
,LBJ_RS19340,4.868979468,0.933535005,0.078896973,0.798899857,2.62484695,4.3750712,11.04783627,0.985323438,2.812766101,9.199269305,2.583337045,5.323385433,38.95183574,FALSE,FALSE,NA,FALSE
,LBJ_RS02025,4.833153219,0.000320015,-3.862979392,1.013741756,5.249693901,13.1252136,9.943052642,7.882587503,0.9375887,0.766605775,0,0.760483633,38.66522576,TRUE,TRUE,FALSE,FALSE
,LBJ_RS14785,4.760948283,0.023758159,-2.012479527,0.826006967,14.43665823,4.3750712,7.733485389,3.941293752,1.875177401,0,3.444449394,2.2814509,38.08758626,TRUE,TRUE,FALSE,FALSE
,LBJ_RS02470,4.748341418,0.108799625,-1.255542707,0.713909655,6.562117376,5.833428267,6.628701762,7.882587503,0,3.833028877,3.444449394,3.802418166,37.98673134,FALSE,FALSE,NA,FALSE
,LBJ_RS04795,4.561931134,0.743383181,-0.27813119,0.723849272,7.874540851,1.458357067,6.628701762,3.941293752,5.625532203,2.299817326,2.583337045,6.083869066,36.49544907,FALSE,FALSE,NA,FALSE
DDE transposase,LBJ_RS20275,4.384465191,0.314792481,-0.851707512,0.753547215,11.81181128,5.833428267,2.209567254,2.955970314,2.812766101,3.066423102,2.583337045,3.802418166,35.07572153,FALSE,FALSE,NA,FALSE
,LBJ_RS09910,4.131182066,0.002040699,-3.158506229,0.961277186,3.937270426,8.7501424,11.04783627,5.911940627,1.875177401,0.766605775,0,0.760483633,33.04945653,TRUE,TRUE,FALSE,FALSE
,LBJ_RS00625,4.024602382,0.003990153,-2.748346373,0.893433965,9.186964326,7.291785333,6.628701762,4.926617189,1.875177401,0.766605775,0,1.520967267,32.19681905,TRUE,TRUE,FALSE,FALSE
hypothetical protein,LBJ_RS19560,4.015911234,0.949946055,0.054666701,0.762519802,2.62484695,5.833428267,5.523918135,1.970646876,3.750354802,6.899451979,1.722224697,3.802418166,32.12728987,FALSE,FALSE,NA,FALSE
hypothetical protein,LBJ_RS01510,3.98175954,0.233554152,-1.03271608,0.779163228,3.937270426,5.833428267,8.838269016,2.955970314,0.9375887,3.066423102,1.722224697,4.5629018,31.85407632,FALSE,FALSE,NA,FALSE
hypothetical protein,LBJ_RS20365,3.75973138,0.525538122,-0.671356275,0.914319769,2.62484695,1.458357067,13.25740352,0.985323438,4.687943502,2.299817326,1.722224697,3.041934533,30.07785104,FALSE,FALSE,NA,FALSE
,LBJ_RS17660,3.672799727,0.308501174,-1.113884853,0.973417687,2.62484695,0,13.25740352,3.941293752,4.687943502,0.766605775,2.583337045,1.520967267,29.38239781,FALSE,FALSE,NA,FALSE
IS110 family transposase,LBJ_RS08655,3.512901162,0.022201068,-2.474052777,1.004239848,9.186964326,5.833428267,7.733485389,0.985323438,1.875177401,0.766605775,1.722224697,0,28.10320929,TRUE,TRUE,FALSE,FALSE
,LBJ_RS16220,3.414335575,0.209225017,-1.153306113,0.827093508,5.249693901,2.916714133,5.523918135,4.926617189,4.687943502,0.766605775,1.722224697,1.520967267,27.3146846,FALSE,FALSE,NA,FALSE
hypothetical protein,LBJ_RS03185,3.237290008,0.93208225,-0.091925536,0.910691755,0,1.458357067,6.628701762,4.926617189,5.625532203,1.533211551,3.444449394,2.2814509,25.89832006,FALSE,FALSE,NA,FALSE
,LBJ_RS04130,3.203789067,0.382284866,-0.813665942,0.822054128,3.937270426,7.291785333,3.314350881,1.970646876,2.812766101,2.299817326,1.722224697,2.2814509,25.63031254,FALSE,FALSE,NA,FALSE
hypothetical protein,LBJ_RS12260,3.152813172,0.343408178,-0.993481375,0.929754726,2.62484695,10.20849947,2.209567254,1.970646876,0.9375887,3.066423102,3.444449394,0.760483633,25.22250538,FALSE,FALSE,NA,FALSE
hypothetical protein,LBJ_RS18455,2.764211042,0.15982163,-1.54205955,0.994176682,0,2.916714133,5.523918135,7.882587503,1.875177401,1.533211551,0.861112348,1.520967267,22.11368834,FALSE,FALSE,NA,FALSE
,LBJ_RS02495,2.698739164,0.241509392,-1.375329462,1.054855729,2.62484695,8.7501424,3.314350881,0.985323438,0.9375887,1.533211551,3.444449394,0,21.58991331,FALSE,FALSE,NA,FALSE
hypothetical protein,LBJ_RS19225,2.600414728,0.599327176,-0.637023093,1.038348577,1.312423475,1.458357067,8.838269016,0.985323438,0.9375887,3.066423102,3.444449394,0.760483633,20.80331782,FALSE,FALSE,NA,FALSE
,LBJ_RS17335,2.570268401,0.378243561,-1.027103164,1.028999517,9.186964326,1.458357067,2.209567254,0.985323438,2.812766101,0.766605775,0.861112348,2.2814509,20.56214721,FALSE,FALSE,NA,FALSE
,LBJ_RS00430,2.22763477,0.624191694,-0.554578599,0.969855883,3.937270426,1.458357067,3.314350881,1.970646876,0.9375887,2.299817326,0.861112348,3.041934533,17.82107816,FALSE,FALSE,NA,FALSE
hypothetical protein,LBJ_RS19760,1.744521235,0.729173838,0.550442209,1.352768321,0,0,5.523918135,0,3.750354802,2.299817326,0.861112348,1.520967267,13.95616988,FALSE,FALSE,NA,FALSE
hypothetical protein,LBJ_RS04020,1.666970178,0.424685133,-1.14122512,1.251927926,0,1.458357067,6.628701762,0.985323438,1.875177401,0.766605775,0.861112348,0.760483633,13.33576142,FALSE,FALSE,NA,FALSE
,LBJ_RS12330,1.59309001,0.079812829,-2.696016655,1.408136811,2.62484695,2.916714133,4.419134508,0.985323438,0.9375887,0,0.861112348,0,12.74472008,FALSE,TRUE,NA,FALSE
,LBJ_RS19415,1.071573832,0.215066743,-2.086574472,1.514776031,1.312423475,1.458357067,2.209567254,1.970646876,0,0,0.861112348,0.760483633,8.572590653,FALSE,TRUE,NA,FALSE
hypothetical protein,LBJ_RS19925,0.990939435,0.761322145,-0.56833891,1.591243118,0,1.458357067,3.314350881,0,0,1.533211551,0.861112348,0.760483633,7.92751548,FALSE,FALSE,NA,FALSE
,LBJ_RS13370,0.694858301,0.634996471,-1.21345905,2.185391117,3.937270426,0,0,0,0,0,0.861112348,0.760483633,5.558866407,FALSE,FALSE,NA,FALSE
IS110 family transposase,LBJ_RS04925,0.328105869,0.603596822,-2.117000666,3.495600609,2.62484695,0,0,0,0,0,0,0,2.62484695,FALSE,TRUE,NA,FALSE
,LBJ_RS19130,0.281251522,0.882019402,-0.53654283,3.073296581,1.312423475,0,0,0,0.9375887,0,0,0,2.250012176,FALSE,FALSE,NA,FALSE