Systemic ID,Base mean DMC,Base mean IV,Fold Change,P-adjusted,Chromosome,Strand,Start,End,Gene Length,Gene Name,Product
LIC1nc10,89142.87,39539.65,2.25,0.777794143,1,NA,175606,175960,355,sRNA-,tmRNA
LIC11508,83102.97,62364.87,1.33,0.969867314,1,+,1862433,1863944,"1,512",rrs2,16S ribosomal RNA
LIC1nc60,14807.64,6396.30,2.32,0.715748479,1,NA,3031445,3031846,402,sRNA-,RNaseP
LIC10524,3472.34,1741.08,1.99,0.710749902,1,-,631859,633799,646,dnaK,molecular chaperone DnaK
LIC10464,3447.50,1125.45,3.06,0.254088891,1,-,526395,532067,"1,890",ligB,hypothetical protein
LIC10153,3286.65,1921.39,1.71,0.775608226,1,+,184356,184475,120,rrf,5S ribosomal RNA
LIC12210,3215.70,1191.04,2.70,0.442137468,1,+,2668228,2668644,138,-,Hsp15-like protein
LIC12297,3157.27,693.81,4.55,0.03804048,1,-,2771760,2772458,232,-,DNA repair protein
LIC12298,2801.05,730.57,3.83,0.075801746,1,-,2772455,2772715,86,-,hypothetical protein
LIC10465,2633.11,576.22,4.57,0.02034973,1,-,533414,537088,"1,224",ligA,hypothetical protein
LIC11352,2625.31,2744.30,0.96,0.984824392,1,-,1666299,1667117,272,lipL32,hypothetical protein
LIC11335,2577.19,958.88,2.69,0.327928442,1,-,1646985,1648625,546,groEL,chaperonin GroEL
LIC12211,1938.45,653.11,2.97,0.21450995,1,+,2668665,2669057,130,hsp15,Hsp15
LIC11889,1761.90,446.34,3.95,0.014986624,1,-,2286369,2287220,283,flaB,flagellin protein
LIC10339,1706.22,1348.30,1.27,0.905680613,1,-,384088,386628,846,tlyB,hemolysin B
LIC12339,1590.15,1403.84,1.13,0.996409467,1,-,2827132,2829123,663,-,hypothetical protein
LIC11890,1562.75,699.43,2.23,0.380134605,1,-,2287676,2288521,281,-,flagellin protein
LIC12032,1363.79,761.75,1.79,0.681167841,1,-,2452348,2453793,481,katE,catalase
LIC13166,1309.11,585.01,2.24,0.341725763,1,+,3875998,3876918,306,-,hypothetical protein
LIC10123,1299.79,799.52,1.63,0.763449392,1,+,144198,145190,330,-,hypothetical protein
LIC12324,1221.98,647.82,1.89,0.436923295,1,+,2803222,2808564,"1,780",-,serine/threonine kinase protein
LIC10753,1216.29,1654.50,0.74,0.846380331,1,+,912196,915876,"1,226",rpoB,DNA-directed RNA polymerase subunit beta
LIC10754,1202.17,1875.83,0.64,0.73119565,1,+,915880,920094,"1,404",rpoC,DNA-directed RNA polymerase subunit beta'
LIC12875,1183.25,1414.55,0.84,0.901529834,1,-,3469464,3470669,401,tuf,elongation factor Tu
LIC1nc50,1138.00,589.66,1.93,0.302789416,1,NA,2109156,2109444,289,,
LIC11587,987.63,1841.81,0.54,0.532944635,1,-,1945319,1948948,"1,209",nrdA,ribonucleotide-diphosphate reductase subunit alpha
LIC10874,924.11,1299.99,0.71,0.833633828,1,+,1056144,1059251,"1,035",-,molybdopterin oxidoreductase
LIC12631,908.90,65.30,13.92,5.13E-26,1,+,3183448,3185319,623,sph2,hemolysin
LIC12979,900.19,515.27,1.75,0.562147754,1,-,3616632,3617357,241,-,hypothetical protein
LIC12227,876.18,1027.32,0.85,0.866044857,1,+,2691534,2692034,166,-,hypothetical protein
LIC20083,874.27,627.97,1.39,0.883795317,2,+,93491,94801,436,ahcY,S-adenosyl-L-homocysteine hydrolase
LIC11219,859.87,144.23,5.96,7.29E-07,1,+,1502226,1502807,193,ahpC,peroxiredoxin
LIC20141,812.39,1029.75,0.79,0.73119565,2,+,168370,169257,295,htpX,heat shock protein HtpX
LIC20249,806.90,866.95,0.93,0.930367289,2,-,314619,316892,757,acnA,aconitate hydratase
LIC10421,804.59,889.32,0.90,0.872409577,1,+,481710,482045,111,-,hypothetical protein
LIC11745,799.82,675.05,1.18,0.953945329,1,+,2130507,2131607,366,recA,recombinase A
LIC10244,785.31,547.89,1.43,0.746698405,1,+,279110,279868,252,-,hypothetical protein
LIC10970,775.31,395.21,1.96,0.502480572,1,+,1169606,1170862,418,-,acyl-CoA dehydrogenase
LIC10789,769.71,890.38,0.86,0.959236409,1,+,956203,958983,926,greA,transcript cleavage factor/unknown domain fusion protein
LIC12653,752.08,207.47,3.63,0.005826908,1,-,3218264,3218473,69,-,hypothetical protein
LIC10068,746.17,1257.81,0.59,0.517128082,1,+,87380,87589,69,-,hypothetical protein
LIC11643,733.56,384.35,1.91,0.407936223,1,+,2009405,2010577,390,-,hypothetical protein
LIC12228,715.88,659.58,1.09,1,1,+,2692055,2692537,160,-,hypothetical protein
LIC11709,711.46,446.29,1.59,0.558023374,1,-,2075927,2078425,832,-,histidine kinase response regulator hybrid protein
LIC12317,706.06,760.64,0.93,0.959236409,1,+,2794944,2796239,431,sch1,beta-ketoacyl synthase
LIC20078,704.50,287.49,2.45,0.166309501,2,-,88319,88834,171,-,hypothetical protein
LIC11149,678.76,394.39,1.72,0.417340469,1,+,1418081,1418896,271,-,membrane metalloendopeptidase
LIC10525,678.20,288.54,2.35,0.227025362,1,-,633834,634472,212,grpE,heat shock protein GrpE
LIC10272,669.08,591.33,1.13,0.982949342,1,-,308932,311052,706,fusA,elongation factor G
LIC10011,667.80,669.36,1.00,1,1,-,15216,15776,186,lipL21,hypothetical protein
LIC12705,639.15,827.75,0.77,0.887866199,1,-,3290073,3292748,891,infB,translation initiation factor IF-2
LIC12966,617.11,822.14,0.75,0.740239958,1,+,3603575,3604642,355,lipL41,hypothetical protein
LIC10523,615.74,390.51,1.58,0.567886568,1,-,630440,631558,372,dnaJ,chaperone protein DnaJ
LIC11463,610.53,336.38,1.82,0.457536121,1,-,1805167,1806276,369,-,hypothetical protein
LIC10191,600.13,352.59,1.70,0.481113506,1,-,220760,221347,195,-,hypothetical protein
LIC12407,590.65,457.75,1.29,0.785396286,1,-,2918187,2919608,473,glnA,glutamine synthetase protein
LIC11531,587.65,359.88,1.63,0.552753593,1,+,1893643,1894491,282,-,flagellin protein
LIC11851,570.14,270.65,2.11,0.117107083,1,-,2244825,2246468,547,impL63,hypothetical protein
LIC11617,569.66,183.09,3.11,0.007388367,1,-,1979639,1979938,99,-,ArsR family transcriptional regulator
LIC13050,567.24,457.67,1.24,0.886319629,1,+,3722466,3723566,366,-,hypothetical protein
LIC12002,566.26,629.78,0.90,0.876992494,1,+,2411697,2413610,637,sdhA,succinate dehydrogenase flavoprotein subunit
LIC12412,563.52,600.30,0.94,0.959236409,1,-,2922888,2925662,924,-,chromosome segregation protein
LIC10973,558.75,540.62,1.03,1,1,-,1173342,1174304,320,ompL1,outer membrane protein
LIC11888,550.35,96.44,5.71,1.33E-08,1,-,2284017,2285354,445,-,hypothetical protein
LIC12701,511.60,795.64,0.64,0.785396286,1,-,3286398,3288494,698,pnpA,polynucleotide phosphorylase/polyadenylase
LIC10723,510.30,294.88,1.73,0.461480152,1,+,880603,882522,639,fliD,flagellar hook-associated protein FliD
LIC12474,505.45,466.18,1.08,1,1,-,2995070,2997832,920,sucA,2-oxoglutarate dehydrogenase E1 component
LIC12447,505.24,556.41,0.91,0.939594161,1,-,2964475,2966157,560,rpsA,30S ribosomal protein S1
LIC20052,495.92,540.13,0.92,0.959432864,2,+,52991,53812,273,scd,fatty acid desaturase
LIC10788,494.55,339.22,1.46,0.704295306,1,+,955059,956006,315,flaA-1,flagellar filament sheath protein
LIC11630,492.84,722.30,0.68,0.698871442,1,+,1995293,1997338,681,fadD,long-chain-fatty-acid CoA ligase
LIC12397,488.53,270.54,1.81,0.375332174,1,-,2902873,2904717,614,-,hypothetical protein
LIC11336,488.12,229.07,2.13,0.223529347,1,-,1648640,1648930,96,groES,co-chaperonin GroES
LIC10816,486.93,1004.74,0.48,0.28945153,1,+,987872,988156,94,-,hypothetical protein
LIC10358,485.86,228.72,2.12,0.106881298,1,-,405339,407159,606,-,hypothetical protein
LIC10209,484.46,571.95,0.85,0.8892324,1,+,238066,239670,534,cyoB,cytochrome c oxidase polypeptide I
LIC12760,475.22,9.69,49.03,2.63E-51,1,+,3359762,3362428,888,-,collagenase precursor
LIC12322,464.64,200.53,2.32,0.048007034,1,+,2800414,2802195,593,-,glutaconate CoA transferase-like protein
LIC10371,459.23,99.70,4.61,9.64E-08,1,-,418037,419479,480,-,lipoprotein
LIC11729,455.95,494.16,0.92,0.9694022,1,+,2103794,2105803,669,fadH,"2,4-dienoyl-coa reductase"
LIC12812,452.04,496.51,0.91,0.848117213,1,-,3417232,3418398,388,mucD,serine protease MucD precursor
LIC13046,440.93,367.66,1.20,0.894124807,1,-,3717927,3718949,340,-,UDP glucosamine N-acyltransferase
LIC11633,440.06,388.45,1.13,0.740239958,1,-,1999985,2000998,337,lpxC,UDP-3-O-[3-hydroxymyristoyl] N-acetylglucosamine deacetylase
LIC10216,438.80,628.29,0.70,0.712436446,1,+,245239,246831,530,pckA,phosphoenolpyruvate carboxykinase
LIC11241,432.98,332.38,1.30,0.87695331,1,+,1531767,1533278,503,atpA,F0F1 ATP synthase subunit alpha
LIC12587,428.71,250.62,1.71,0.47186393,1,-,3133591,3134241,216,-,lipoprotein
LIC12017,427.28,2010.52,0.21,0.011119362,1,-,2428166,2430748,860,clpB,ATP-dependent protease
LIC11407,425.94,248.67,1.71,0.385454181,1,-,1729200,1731740,846,-,methyl-accepting chemotaxis transmembrane protein
LIC12706,425.06,509.05,0.83,0.942583675,1,-,3292762,3294144,460,nusA,transcription elongation factor NusA
LIC10538,423.93,240.12,1.77,0.387214782,1,+,655378,657012,544,ybiT,ABC transporter ATP-binding protein
LIC20250,416.72,420.43,0.99,0.965784235,2,-,317161,318312,383,-,peptidoglycan-associated cytoplasmic membrane protein
LIC11977,415.89,373.62,1.11,0.90318972,1,-,2382222,2384381,719,-,cyclic nucleotide binding protein
LIC10988,414.17,331.76,1.25,0.848117213,1,+,1195745,1197808,687,-,hypothetical protein
LIC11532,393.28,275.21,1.43,0.726790873,1,-,1895072,1895929,285,-,flagellin protein
LIC11848,392.08,263.20,1.49,0.662101431,1,+,2242765,2243595,276,-,hypothetical protein
LIC20001,387.90,550.50,0.70,0.734680948,2,+,15,2531,838,-,hypothetical protein
LIC11944,387.17,354.63,1.09,0.956051834,1,-,2352392,2355124,910,secA,preprotein translocase subunit SecA
LIC20085,382.31,340.99,1.12,0.939594161,2,+,95220,98963,"1,247",metH,B12-dependent methionine synthase
LIC1nc80,382.04,87.07,4.39,2.52E-06,1,NA,4015037,4015237,201,,
LIC10526,371.17,224.78,1.65,0.490301496,1,-,634486,635514,342,hrcA,heat-inducible transcriptional repressor
LIC13348,370.03,331.63,1.12,0.961187917,1,+,4104748,4106883,711,gyrB,DNA gyrase subunit B
LIC12273,367.76,390.71,0.94,0.969234872,1,-,2745881,2746939,352,-,GGDEF family protein
LIC10222,362.50,467.79,0.77,0.837022471,1,+,252892,256413,"1,173",dnaE,DNA polymerase III subunit alpha
LIC10750,362.08,359.34,1.01,1,1,+,910287,910979,230,rplA,50S ribosomal protein L1
LIC11442,360.04,418.02,0.86,0.848117213,1,-,1779022,1779480,152,-,hypothetical protein
LIC10850,348.74,369.36,0.94,0.980707913,1,+,1026500,1027384,294,rpsB,30S ribosomal protein S2
LIC12795,348.22,228.00,1.53,0.827205443,1,-,3402298,3403623,441,-,acetyl-CoA acetyltransferase
LIC11791,347.19,488.99,0.71,0.645820574,1,-,2182516,2184225,569,recG,ATP-dependent DNA helicase
LIC20118,346.30,289.42,1.20,0.87695331,2,-,141160,141501,113,-,hypothetical protein
LIC10672,342.81,279.34,1.23,0.908086617,1,-,817144,817833,229,-,hypothetical protein
LIC11274,342.09,179.70,1.90,0.200609577,1,+,1574168,1575277,369,-,hypothetical protein
LIC11498,341.27,278.73,1.22,0.775608226,1,+,1846811,1850224,"1,137",-,hypothetical protein
LIC20044,340.90,284.89,1.20,0.97755281,2,+,45066,46889,607,htpG,heat shock protein 90
LIC10309,330.87,273.58,1.21,0.902469134,1,-,350674,353568,964,gcvP,glycine dehydrogenase
LIC13314,330.74,398.58,0.83,0.867062078,1,-,4061643,4063670,675,-,hypothetical protein
LIC10415,328.82,83.67,3.93,5.73E-06,1,-,473977,474495,172,-,hypothetical protein
LIC12327,327.69,277.36,1.18,0.846137378,1,+,2809541,2811019,492,-,adenylate/guanylate cyclase
LIC10094,326.90,246.96,1.32,0.728997884,1,-,111018,113075,685,-,long-chain-fatty-acid CoA ligase
LIC10787,324.30,196.12,1.65,0.42987832,1,+,954316,955035,239,flaA-2,flagellar filament sheath protein
LIC12003,323.88,293.13,1.10,0.982949342,1,+,2413610,2414341,243,sdhB,succinate dehydrogenase/fumarate reductase iron-sulfur subunit
LIC13183,322.26,208.60,1.54,0.645820574,1,-,3894674,3895057,127,-,methyl-accepting chemotaxis-like
LIC10359,318.87,155.47,2.05,0.106881298,1,-,407165,407758,197,-,hypothetical protein
LIC10875,316.42,468.48,0.68,0.684055422,1,+,1059271,1060644,457,-,molybdopterin oxidoredutase membrane subunit
LIC10208,315.85,401.56,0.79,0.814269036,1,+,237054,238055,333,cyoA,cytochrome c oxidase polypeptide II
LIC10214,314.98,466.81,0.67,0.670624835,1,+,243511,244104,197,-,CarD transcriptional regulator
LIC11441,314.25,340.03,0.92,0.866044857,1,-,1778576,1779052,158,-,hypothetical protein
LIC11071,311.37,158.21,1.97,0.127976749,1,-,1323561,1323884,107,-,hypothetical protein
LIC10987,308.58,235.41,1.31,0.728997884,1,+,1194725,1195648,307,-,hypothetical protein
LIC11708,308.41,164.75,1.87,0.189601855,1,-,2074740,2075888,382,-,histidine kinase response regulator hybrid protein
LIC10314,302.63,194.04,1.56,0.577097006,1,-,357239,358912,557,-,hypothetical protein
LIC11003,301.80,463.67,0.65,0.688288083,1,-,1220930,1222597,555,lipL71,hypothetical protein
LIC10432,301.73,578.03,0.52,0.315841494,1,+,492131,494098,655,ftsH,cell division protein
LIC11781,292.41,339.20,0.86,0.778112748,1,-,2173072,2174052,326,mdh,malate dehydrogenase
LIC10064,291.08,123.61,2.35,0.054662942,1,-,83798,84280,160,-,hypothetical protein
LIC11620,290.54,360.65,0.81,0.64516031,1,+,1982343,1984049,568,recN,DNA repair protein
LIC11380,288.52,206.87,1.39,0.675898057,1,+,1697815,1698615,266,-,RNA polymerase sigma factor WhiG
LIC11243,283.20,246.60,1.15,0.996409467,1,+,1534171,1535574,467,atpD,F0F1 ATP synthase subunit beta
LIC11381,279.09,177.02,1.58,0.559094097,1,+,1698641,1700626,661,-,hypothetical protein
LIC12632,272.66,67.81,4.02,1.52E-05,1,+,3186233,3188023,596,-,hemolysin
LIC12707,270.87,286.50,0.95,0.97755281,1,-,3294146,3294634,162,-,hypothetical protein
LIC10878,269.75,345.72,0.78,0.771949693,1,+,1061797,1063020,407,-,hypothetical protein
LIC11489,269.67,269.96,1.00,1,1,-,1837015,1838349,444,-,hypothetical protein
LIC12873,268.42,352.27,0.76,0.748189301,1,-,3468508,3469128,206,rplC,50S ribosomal protein L3
LIC12402,268.18,267.06,1.00,1,1,-,2909727,2911964,745,purQ,phosphoribosylformylglycinamidine synthase II
LIC10461,266.53,75.22,3.54,0.000183746,1,-,525211,525549,112,-,lipoprotein
LIC12921,263.19,320.97,0.82,0.831131408,1,+,3545035,3547113,692,mcpA,methyl-accepting chemotaxis protein
LIC10360,261.52,286.59,0.91,0.8892324,1,-,407883,408842,319,etfA,electron transfer flavoprotein alpha-subunit
LIC11309,259.50,351.81,0.74,0.726790873,1,-,1616487,1617737,416,-,hypothetical protein
LIC13286,258.78,338.93,0.76,0.699544794,1,-,4029209,4029790,193,-,hypothetical protein
LIC12099,258.43,13.25,19.50,1.03E-26,1,+,2538473,2539903,476,-,hypothetical protein
LIC12694,258.34,401.84,0.64,0.491947219,1,-,3275177,3279673,"1,498",-,glutamate synthase (NADPH) subunit alpha precursor
LIC11782,255.19,343.23,0.74,0.666607317,1,-,2174079,2175125,348,-,hypothetical protein
LIC11177,254.19,104.55,2.43,0.02671665,1,+,1447238,1447702,154,-,hypothetical protein
LIC11955,251.66,155.27,1.62,0.439225583,1,+,2362667,2363227,186,-,hypothetical protein
LIC10299,250.84,31.81,7.89,4.89E-16,1,-,341482,341913,143,flgB,flagellar basal body rod protein FlgB
LIC13392,249.16,412.14,0.60,0.382977384,1,-,4155708,4157330,540,-,polysaccharide deacetylase
LIC10752,249.04,216.15,1.15,0.887866199,1,+,911590,911973,127,rplL,50S ribosomal protein L7/L12
LIC12209,247.55,31.88,7.76,2.75E-15,1,+,2665593,2667008,471,-,lipoprotein
LIC10054,247.47,64.47,3.84,1.44E-05,1,+,66432,67397,321,rlpA,lipoprotein
LIC10745,245.43,226.12,1.09,0.90318972,1,+,908860,908934,75,tRNA-Thr-GGT,Thr tRNA
LIC20259,244.30,143.89,1.70,0.528935878,2,-,325324,325737,137,-,hypothetical protein
LIC10088,243.98,388.42,0.63,0.462502076,1,+,103786,105066,426,-,hypothetical protein
LIC11608,243.79,113.75,2.14,0.184959215,1,+,1968705,1969394,229,-,hypothetical protein
LIC13073,243.28,180.07,1.35,0.518473197,1,-,3754017,3754646,209,-,TetR family transcriptional regulator
LIC11456,240.93,209.29,1.15,0.918410052,1,+,1796015,1796740,241,lipL31,hypothetical protein
LIC10125,239.88,433.57,0.55,0.431759951,1,+,146953,150546,"1,197",-,hypothetical protein
LIC11885,238.61,229.33,1.04,1,1,+,2280846,2282084,412,-,lipoprotein
LIC12400,237.83,240.86,0.99,0.991660653,1,-,2906306,2909050,914,ileS,isoleucyl-tRNA synthetase
LIC11239,237.63,211.07,1.13,1,1,+,1530691,1531212,173,atpF,F0F1 ATP synthase subunit B
LIC12198,237.31,180.58,1.31,0.848117213,1,-,2651131,2652231,366,-,aminotransferase
LIC12867,234.12,303.77,0.77,0.848836589,1,-,3465389,3466066,225,rpsC,30S ribosomal protein S3
LIC12323,233.69,130.75,1.79,0.284774304,1,+,2802229,2803197,322,-,type III beta-ketoacyl synthase-like protein
LIC10724,232.86,106.25,2.19,0.111136009,1,+,882540,883496,318,-,hypothetical protein
LIC20096,231.97,165.61,1.40,0.848117213,2,+,112958,114055,365,-,hypothetical protein
LIC13347,230.49,183.11,1.26,0.846380331,1,+,4103363,4104751,462,-,DNA gyrase subunit A
LIC11985,228.75,290.40,0.79,0.939594161,1,-,2390710,2390985,91,-,RNA-binding protein
LIC12163,227.86,201.79,1.13,0.90318972,1,-,2613060,2614868,602,-,hypothetical protein
LIC10344,227.31,253.03,0.90,0.916889072,1,+,389836,390102,88,-,anti-sigma factor antagonist
LIC12200,227.05,164.54,1.38,0.728997884,1,-,2653232,2654761,509,-,ADP-heptose synthetase
LIC10027,226.48,111.57,2.03,0.188404394,1,+,34184,34888,234,-,hypothetical protein
LIC12876,224.82,339.35,0.66,0.614971701,1,-,3470720,3472585,621,fus,elongation factor G
LIC10851,223.82,261.66,0.86,0.878380778,1,+,1027396,1027995,199,tsf,elongation factor Ts
LIC11246,223.60,205.39,1.09,0.864132758,1,+,1536340,1539645,"1,101",-,hypothetical protein
LIC20205,222.84,149.57,1.49,0.686203284,2,-,263228,264097,289,-,hypothetical protein
LIC12169,222.14,186.14,1.19,0.862239835,1,-,2620267,2622528,753,sas,sialic acid synthase
LIC20065,221.41,371.36,0.60,0.224452894,2,+,71920,72153,77,acpP,acyl carrier protein
LIC12475,220.92,229.61,0.96,1,1,-,2997856,2999259,467,lpdA,dihydrolipoamide dehydrogenase
LIC10751,220.54,204.08,1.08,0.935075107,1,+,911007,911540,177,rplJ,50S ribosomal protein L10
LIC10484,220.40,272.93,0.81,0.740239958,1,+,560695,562044,449,thrC,threonine synthase
LIC10483,216.18,232.55,0.93,0.900998715,1,+,559699,560691,330,-,hypothetical protein
LIC12033,214.71,256.46,0.84,0.930367289,1,-,2453793,2454338,181,ankB,ankyrin
LIC11074,214.40,170.26,1.26,0.907471287,1,+,1325501,1326199,232,-,hypothetical protein
LIC12870,213.98,273.67,0.78,0.875510762,1,-,3466701,3467540,279,rplB,50S ribosomal protein L2
LIC12846,213.91,304.65,0.70,0.740239958,1,-,3455526,3456503,325,rpoA,DNA-directed RNA polymerase subunit alpha
LIC12182,213.66,118.08,1.81,0.361391936,1,-,2635253,2637070,605,-,ABC transporter ATP-binding protein
LIC10124,212.81,312.86,0.68,0.603669547,1,+,145301,146956,551,-,hypothetical protein
LIC11008,211.73,213.85,0.99,1,1,+,1225277,1227088,603,-,hypothetical protein
LIC11238,211.68,174.35,1.21,0.946952964,1,+,1530361,1530687,108,atpE,ATP synthase C chain
LIC12325,210.49,152.45,1.38,0.649080579,1,+,2808602,2809156,184,-,hypothetical protein
LIC12629,210.09,125.21,1.68,0.391105912,1,+,3180828,3181655,275,ech3,enoyl-CoA hydratase
LIC10462,209.53,41.24,5.08,3.17E-07,1,-,525559,525939,126,-,lipoprotein
LIC11418,209.04,266.86,0.78,0.875510762,1,+,1743955,1745217,420,clpX,ATP-dependent protease ATP-binding subunit ClpX
LIC11220,208.62,141.77,1.47,0.686203284,1,+,1503299,1504714,471,-,ABC transporter permease
LIC12476,208.57,219.43,0.95,0.969234872,1,-,2999273,3000538,421,sucB,dihydrolipoamide succinyltransferase
LIC11391,206.85,208.79,0.99,0.989003564,1,-,1707012,1708376,454,fliI,hypothetical protein
LIC11951,206.29,239.60,0.86,0.844358791,1,-,2359332,2359925,197,-,"ATP-dependent Clp protease-like, proteolytic subunit"
LIC11919,206.04,230.55,0.89,0.848117213,1,-,2316145,2317671,508,guaB,IMP dehydrogenase
LIC10713,205.90,122.91,1.68,0.614971701,1,-,860939,862261,440,-,lipoprotein
LIC20175,204.53,274.51,0.75,0.774545353,2,-,214536,214988,150,dksA,dnaK suppressor
LIC12335,203.08,243.85,0.83,0.788008073,1,+,2819403,2820650,415,glyA,serine hydroxymethyltransferase
LIC10384,202.36,431.46,0.47,0.19582705,1,+,436231,438249,672,-,hypothetical protein
LIC11209,202.21,134.91,1.50,0.667470186,1,-,1490135,1490539,134,-,hypothetical protein
LIC12090,201.96,291.14,0.69,0.574233932,1,+,2529145,2530152,335,gapA,glyceraldehyde-3-phosphate dehydrogenase
LIC12874,200.94,262.66,0.77,0.80522168,1,-,3469141,3469449,102,rpsJ,30S ribosomal protein S10
LIC20260,200.45,120.68,1.66,0.502283216,2,+,326271,326654,127,-,hypothetical protein
LIC12853,200.06,263.52,0.76,0.821881715,1,-,3458869,3460251,460,secY,preprotein translocase subunit SecY
LIC10474,199.49,206.54,0.97,0.907914068,1,-,548766,549194,142,-,hypothetical protein
LIC13244,199.47,189.47,1.05,0.989003564,1,-,3979829,3981025,398,icdA,isocitrate dehydrogenase
LIC20301,198.51,202.20,0.98,0.937147265,2,+,325976,326254,92,-,hypothetical protein
LIC1nc20,198.34,135.42,1.46,0.726790873,1,NA,263598,264013,416,sRNA -,PyrR binding site
LIC12575,196.76,189.93,1.04,0.963617412,1,+,3122795,3124372,525,-,hypothetical protein
LIC11515,196.29,222.13,0.88,0.935920823,1,+,1871066,1873882,938,-,hypothetical protein
LIC20197,196.16,144.80,1.35,0.704295306,2,+,250455,252854,799,-,cysteine protease
LIC13285,196.00,262.37,0.75,0.668162315,1,-,4028692,4029201,169,-,RNA polymerase ECF-type sigma factor
LIC11186,194.90,82.18,2.37,0.037205384,1,+,1460017,1461582,521,flbC,flagellar protein
LIC10361,194.88,237.00,0.82,0.744033226,1,-,408854,409615,253,etfB2,electron transport flavoprotein subunit beta
LIC11976,193.80,218.15,0.89,0.942729818,1,-,2381074,2382204,376,-,acyl-CoA dehydrogenase
LIC12199,193.78,149.49,1.30,0.908048823,1,-,2652237,2653229,330,-,UDP-glucose 4-epimerase
LIC12082,193.74,183.51,1.06,0.936615403,1,-,2521078,2522007,309,cysK,cysteine synthase
LIC13074,193.57,262.44,0.74,0.744033226,1,-,3754753,3758004,"1,083",-,acriflavin resistance
LIC12001,193.54,176.77,1.09,1,1,+,2410998,2411678,226,sdhC,succinate dehydrogenase cytochrome subunit B
LIC10357,193.37,93.62,2.07,0.106428156,1,-,404374,405342,322,trpS,tryptophanyl-tRNA synthetase
LIC12188,193.28,152.31,1.27,0.862038838,1,-,2641678,2642895,405,-,hypothetical protein
LIC11242,190.49,175.90,1.08,0.987027574,1,+,1533293,1534153,286,atpG,F0F1 ATP synthase subunit gamma
LIC12091,190.28,281.95,0.67,0.608826543,1,+,2530156,2531346,396,pgk,phosphoglycerate kinase
LIC12646,189.16,135.52,1.40,0.726228076,1,-,3206079,3208835,918,-,membrane carboxypeptidase
LIC11370,188.27,166.50,1.13,0.90318972,1,+,1687104,1688168,354,fliN,flagellar motor switch protein
LIC10426,187.00,198.87,0.94,0.977157254,1,+,488013,488906,297,ispE,4-diphosphocytidyl-2-C-methyl-D-erythritol kinase
LIC11839,186.10,151.03,1.23,0.820203343,1,-,2235000,2235875,291,ppiB,peptidyl-prolyl cis-trans isomerase
LIC11182,184.72,135.34,1.36,0.793151601,1,+,1453795,1454316,173,-,hypothetical protein
LIC12852,184.59,191.05,0.97,0.991011321,1,-,3458298,3458861,187,adk,adenylate kinase
LIC11258,182.44,207.73,0.88,0.939594161,1,+,1554326,1555348,340,mreB,rod shape-determining protein MreB
LIC10463,181.61,54.86,3.31,0.000480843,1,-,525914,526393,159,-,lipoprotein
LIC12858,180.75,240.96,0.75,0.714141011,1,-,3461896,3462435,179,rplF,50S ribosomal protein L6
LIC13262,180.14,200.11,0.90,0.955654962,1,-,3999615,4001087,490,purF,glutamine phosphoribosylpyrophosphate amidotransferase
LIC10586,179.93,121.55,1.48,0.464457743,1,-,711562,714315,917,polA,DNA polymerase I
LIC10221,179.83,119.06,1.51,0.548480269,1,+,250120,251580,486,gatB,aspartyl/glutamyl-tRNA amidotransferase subunit B
LIC12305,179.75,163.94,1.10,0.907471287,1,-,2779574,2780194,206,lexA,LexA repressor
LIC12861,179.60,246.21,0.73,0.662101431,1,-,3463088,3463636,182,rplE,50S ribosomal protein L5
LIC10748,178.19,212.56,0.84,0.836965101,1,+,909280,909825,181,nusG,transcription antitermination protein
LIC11310,177.82,202.40,0.88,0.848117213,1,-,1617734,1618270,178,bfr,bacterioferritin
LIC12205,177.04,134.12,1.32,0.722254306,1,-,2658241,2659185,314,fcl,GDP-l-fucose synthetase
LIC11409,176.57,126.55,1.40,0.744033226,1,+,1733773,1735551,592,-,acetolactate synthase large subunit
LIC11013,176.23,152.58,1.16,0.858439769,1,+,1235991,1237790,599,oppA,hypothetical protein
LIC10226,175.92,188.59,0.93,0.941154694,1,+,259266,259994,242,-,hypothetical protein
LIC11392,175.45,89.93,1.95,0.153126932,1,+,1709642,1711342,566,fliF,flagellar MS-ring protein
LIC11416,175.07,200.54,0.87,0.939594161,1,+,1741996,1743351,451,tig,FKBP-type peptidyl-prolyl cis-trans isomerase
LIC20082,172.54,91.63,1.88,0.143367023,2,+,92473,93489,338,-,ArsR family transcriptional regulator
LIC11188,172.36,152.46,1.13,0.953945329,1,+,1462419,1463813,464,flgE,flagellar hook protein FlgE
LIC10862,171.97,224.85,0.76,0.728997884,1,+,1038201,1040513,770,-,adenylate/guanylate cyclase
LIC12197,171.22,152.23,1.12,0.977157254,1,-,2650019,2651122,367,-,aminotransferase
LIC12636,170.85,216.12,0.79,0.774974031,1,+,3195007,3196455,482,rho,transcription termination factor Rho
LIC12854,170.82,252.01,0.68,0.502480572,1,-,3460266,3460808,180,rplO,50S ribosomal protein L15
LIC12845,169.77,207.43,0.82,0.889068899,1,-,3455009,3455524,171,rplQ,50S ribosomal protein L17
LIC20035,168.37,200.92,0.84,0.812280127,2,+,34573,35895,440,-,hypothetical protein
LIC12446,168.07,181.56,0.93,0.942729818,1,-,2963707,2964450,247,-,hypothetical protein
LIC11377,166.86,125.68,1.33,0.775608226,1,+,1694979,1696265,428,flhF,flagellar biosynthesis regulator FlhF
LIC20026,166.62,157.17,1.06,1,2,+,25778,26533,251,-,short-chain dehydrogenase
LIC11731,166.57,240.45,0.69,0.744033226,1,+,2109765,2110247,160,slyD,FKBP-type peptidyl-prolyl cis-trans isomerase
LIC10430,166.51,179.97,0.93,0.974886803,1,+,490723,491361,212,rplY,50S ribosomal protein L25/general stress protein Ctc
LIC20254,165.05,156.56,1.05,0.989590424,2,+,320975,321706,243,-,response regulator
LIC11009,164.53,79.07,2.08,0.085710644,1,-,1227933,1228682,249,-,hypothetical protein
LIC20246,164.11,135.01,1.22,0.713157981,2,-,309874,312189,771,-,histidine kinase sensor protein
LIC11621,163.85,230.13,0.71,0.63377509,1,+,1984161,1984766,201,tolQ,biopolymer transport protein
LIC10298,163.49,41.84,3.91,2.12E-05,1,-,340955,341422,155,flgC,flagellar basal body rod protein FlgC
LIC10373,163.37,30.43,5.37,4.61E-11,1,-,421630,423159,509,-,lipoprotein
LIC10006,163.30,146.21,1.12,0.920240373,1,+,8624,11128,834,gyrA,DNA gyrase subunit A
LIC12761,162.52,210.79,0.77,0.719164003,1,-,3363305,3364795,496,alkH,aldehyde dehydrogenase
LIC11790,159.64,225.83,0.71,0.539932184,1,-,2181250,2182464,404,aspC,aspartate aminotransferase
LIC12872,159.50,253.68,0.63,0.523223731,1,-,3467855,3468490,211,rplD,50S ribosomal protein L4
LIC20251,159.00,187.01,0.85,0.812936447,2,-,318488,319504,338,-,lysyl-tRNA synthetase-like protein
LIC11447,157.88,65.23,2.42,0.033594849,1,+,1785817,1786320,167,-,hypothetical protein
LIC11822,157.75,246.88,0.64,0.387218174,1,-,2216146,2217543,465,leuC,isopropylmalate isomerase large subunit
LIC10348,157.67,77.29,2.04,0.165115589,1,+,394192,394455,87,-,hypothetical protein
LIC10608,157.49,175.44,0.90,0.918016128,1,-,743707,746226,839,lon,ATP-dependent protease La
LIC12829,157.11,130.66,1.20,0.859756555,1,+,3432810,3434099,429,gltA,citrate synthase
LIC13009,156.99,118.43,1.33,0.80522168,1,-,3661220,3662893,557,-,acyl-CoA dehydrogenase
LIC11500,156.67,136.83,1.14,0.918016128,1,+,1850713,1851471,252,map,methionine aminopeptidase
LIC12303,156.26,245.90,0.64,0.57151903,1,-,2777867,2779255,462,-,carboxy-terminal processing protease
LIC11623,155.93,165.93,0.94,0.996409467,1,+,1985237,1988164,975,-,outer membrane protein
LIC12737,155.29,30.34,5.12,6.37E-11,1,-,3333389,3335020,543,-,site-specific modification DNA-methyltransferase
LIC11417,155.15,224.86,0.69,0.710749902,1,+,1743348,1743944,198,clpP,ATP-dependent Clp protease proteolytic subunit
LIC12031,154.63,241.80,0.64,0.530492498,1,-,2449725,2451944,739,-,histidine kinase sensor protein
LIC12340,154.49,21.65,7.14,3.40E-10,1,-,2830042,2831925,627,-,hypothetical protein
LIC12960,154.45,195.28,0.79,0.818489429,1,-,3591745,3593295,516,-,glycosyltransferase
LIC11563,153.83,103.60,1.48,0.603479232,1,+,1923158,1924342,394,-,hypothetical protein
LIC12538,153.78,198.07,0.78,0.81432456,1,-,3076709,3078637,642,secD,preprotein translocase subunit SecD
LIC12075,153.61,96.02,1.60,0.388336219,1,+,2512385,2513233,282,-,hypothetical protein
LIC11499,153.56,130.56,1.18,0.936615403,1,+,1850464,1850706,80,-,hypothetical protein
LIC10215,152.45,315.38,0.48,0.132716041,1,+,244146,245177,343,-,hypothetical protein
LIC10628,152.15,152.25,1.00,1,1,-,764960,765379,139,-,lipoprotein
LIC12187,151.58,146.49,1.03,1,1,-,2640600,2641676,358,per,perosamine synthetase
LIC12463,151.25,193.92,0.78,0.728997884,1,-,2979483,2980022,179,infC,translation initiation factor IF-3
LIC13301,149.86,274.33,0.55,0.214295025,1,+,4048277,4049542,421,-,acetyl-CoA acetyltransferase
LIC11004,149.72,149.74,1.00,0.991660653,1,-,1222645,1222980,111,-,anti-sigma factor antagonist
LIC12856,149.53,264.90,0.56,0.306306161,1,-,3461016,3461522,168,rpsE,30S ribosomal protein S5
LIC12621,148.98,208.49,0.71,0.47186393,1,+,3172266,3172676,136,-,hypothetical protein
LIC12927,148.91,35.23,4.23,1.04E-05,1,-,3556525,3557547,340,-,cytochrome c peroxidase
LIC10225,148.79,184.85,0.80,0.869930437,1,+,258325,259230,301,-,RNA polymerase ECF-type sigma factor
LIC12961,148.30,153.47,0.97,1,1,-,3594524,3596419,631,recQ,ATP-dependent DNA helicase
LIC10768,147.95,125.23,1.18,0.87565391,1,+,933107,934735,542,-,metalloprotease
LIC13316,147.40,163.80,0.90,0.869930437,1,-,4064391,4065320,309,-,ABC transporter ATP-binding protein
LIC10005,147.04,127.57,1.15,0.87195047,1,+,6686,8605,639,-,DNA gyrase subunit B
LIC11437,146.98,152.63,0.96,1,1,-,1769505,1772387,960,-,adenylate/guanylate cyclase
LIC13393,146.87,138.75,1.06,1,1,-,4157938,4159062,374,ilvC,ketol-acid reductoisomerase
LIC12202,146.64,106.97,1.37,0.788008073,1,-,2655542,2656531,329,-,UDP-glucose 4-epimerase
LIC10873,146.54,231.33,0.63,0.385454181,1,+,1055618,1056124,168,-,hypothetical protein
LIC12204,145.87,111.26,1.31,0.740239958,1,-,2657127,2658224,365,-,FAD-dependent oxidoreductase family protein
LIC10915,145.22,169.59,0.86,0.869687684,1,+,1098554,1099540,328,-,hypothetical protein
LIC11978,144.99,131.78,1.10,0.977157254,1,-,2384404,2384718,104,trxA,thioredoxin
LIC12588,144.88,115.92,1.25,0.820203343,1,-,3134244,3136268,674,-,ATP-dependent DNA helicase
LIC12268,144.25,158.67,0.91,0.983072934,1,-,2739843,2742125,760,-,glycolate oxidase
LIC20136,143.63,105.10,1.37,0.678676887,2,+,161226,163349,707,-,hypothetical protein
LIC12944,143.51,129.52,1.11,0.97193278,1,-,3573252,3574406,384,-,30S ribosomal protein S1
LIC10755,143.42,230.97,0.62,0.410960108,1,+,920492,920866,124,rpsL,30S ribosomal protein S12
LIC11324,143.30,69.74,2.05,0.093532619,1,+,1635268,1636065,265,flgG,flagellar basal body rod protein FlgG
LIC11265,143.18,172.48,0.83,0.836965101,1,-,1563219,1563446,75,-,hypothetical protein
LIC12172,142.52,136.00,1.05,1,1,-,2625381,2626544,387,-,UDP-N-acetylglucosamine-2-epimerase
LIC20271,142.33,76.54,1.86,0.156113423,2,-,343533,344507,324,-,hypothetical protein
LIC10060,142.22,119.77,1.19,0.848117213,1,+,74937,78122,"1,061",-,hypothetical protein
LIC10473,141.91,109.46,1.30,0.646041698,1,-,545939,548587,882,valS,valyl-tRNA synthetase
LIC10996,141.68,43.84,3.23,0.00211441,1,+,1213530,1214423,297,-,diguanylate phosphodiesterase
LIC13066,141.61,26.51,5.34,3.09E-09,1,+,3742428,3743855,475,-,lipoprotein
LIC12847,141.31,219.70,0.64,0.538486229,1,-,3456526,3457149,207,rpsD,30S ribosomal protein S4
LIC11198,140.97,235.62,0.60,0.531838623,1,+,1473693,1474964,423,-,adenylate/guanylate cyclase
LIC13021,140.29,154.86,0.91,1,1,-,3680746,3683319,857,-,hypothetical protein
LIC13129,139.21,100.99,1.38,0.554658008,1,+,3829833,3831980,715,metG,methionyl-tRNA synthetase
LIC12194,138.87,105.88,1.31,0.819525703,1,-,2646629,2647561,310,tktC,transketolase subunit beta
LIC13232,138.78,122.11,1.14,0.827205443,1,-,3968900,3969700,266,-,short-chain dehydrogenase
LIC12822,138.23,83.97,1.65,0.440437689,1,-,3425034,3425801,255,-,hypothetical protein
LIC20227,138.22,102.19,1.35,0.732608726,2,-,288819,289352,177,ard,acireductone dioxygenase enzyme ARD and ARD'
LIC10852,138.21,152.00,0.91,0.97755281,1,+,1027999,1028745,248,pyrH,uridylate kinase
LIC11677,138.10,80.09,1.72,0.387214782,1,-,2041033,2041524,163,-,hypothetical protein
LIC12247,137.77,120.70,1.14,0.980707913,1,-,2710331,2710846,171,-,hypothetical protein
LIC10210,137.37,162.51,0.85,0.887866199,1,+,239657,240301,214,cyoC,cytochrome/quinol oxidase subunit 3
LIC12816,137.16,128.75,1.07,1,1,-,3421306,3421692,128,-,hypothetical protein
LIC13313,136.95,159.58,0.86,0.848117213,1,-,4060543,4061646,367,-,hypothetical protein
LIC12110,136.60,154.53,0.88,0.874540274,1,-,2552753,2553202,149,rplI,50S ribosomal protein L9
LIC10631,136.34,193.77,0.70,0.639753569,1,+,770554,771321,255,lin,ABC transporter ATP-binding protein
LIC13017,136.10,239.46,0.57,0.327910219,1,-,3673377,3676688,"1,103",-,acriflavine resistance
LIC13396,135.81,69.67,1.95,0.086450117,1,+,4163062,4164495,477,-,monooxygenase
LIC12454,135.34,131.68,1.03,0.974334276,1,-,2971526,2971888,120,-,response regulator
LIC12196,134.72,100.08,1.35,0.804642127,1,-,2648384,2650018,544,-,hypothetical protein
LIC11405,134.52,139.90,0.96,1,1,+,1726506,1728509,667,-,hypothetical protein
LIC13482,134.42,108.86,1.23,0.771949693,1,+,4258056,4259075,339,-,hypothetical protein
LIC11739,134.08,145.03,0.92,0.996409467,1,-,2118868,2124672,"1,934",-,hypothetical protein
LIC12195,133.61,83.65,1.60,0.502283216,1,-,2647580,2648377,265,-,transketolase
LIC10161,133.54,104.56,1.28,0.728758577,1,+,191388,193487,699,-,hypothetical protein
LIC12162,131.81,90.23,1.46,0.428459201,1,-,2611182,2612948,588,-,hypothetical protein
LIC10761,131.66,185.18,0.71,0.6904365,1,+,925859,926308,149,rplM,50S ribosomal protein L13
LIC10460,131.56,48.08,2.74,0.005308658,1,+,524825,525229,134,-,hypothetical protein
LIC20087,131.21,74.87,1.75,0.259641978,2,-,99745,100677,310,-,outer membrane protein
LIC11294,131.13,165.29,0.79,0.848117213,1,-,1597982,1600081,699,-,hypothetical protein
LIC10989,130.55,93.30,1.40,0.704295306,1,+,1198009,1203204,"1,731",-,serine/threonine kinase protein
LIC12165,130.53,115.44,1.13,0.986393008,1,-,2616308,2617285,325,moaA,molybdenum cofactor biosynthesis protein
LIC11624,129.78,110.33,1.18,0.746773558,1,+,1988168,1990366,732,uvrD,ATP-dependent DNA helicase
LIC11570,129.05,171.20,0.75,0.749666508,1,+,1929725,1931515,596,gspD,general secretory pathway protein D
LIC11364,128.78,103.36,1.25,0.785396286,1,+,1680356,1681141,261,dltE,short-chain dehydrogenase
LIC12326,128.73,95.95,1.34,0.749687054,1,+,2809159,2809530,123,-,hypothetical protein
LIC10756,128.52,147.61,0.87,0.832321781,1,+,920885,921358,157,rpsG,30S ribosomal protein S7
LIC11066,128.42,158.95,0.81,0.848117213,1,-,1317692,1319623,643,recJ,single-stranded DNA exonuclease
LIC11140,127.70,107.73,1.19,0.848117213,1,-,1405759,1407699,646,galA,alpha-galactosidase
LIC12866,127.57,177.45,0.72,0.722254306,1,-,3464953,3465366,137,rplP,50S ribosomal protein L16
LIC11543,126.79,137.53,0.92,0.987027574,1,+,1905144,1906514,456,-,hypothetical protein
LIC12620,126.21,89.69,1.41,0.617430837,1,+,3169681,3172164,827,-,membrane carboxypeptidase
LIC13031,125.94,55.97,2.25,0.014563822,1,-,3695236,3696345,369,-,aminotransferase
LIC20148,125.93,41.11,3.06,0.00335269,2,+,179702,180379,225,hol,heme oxygenase
LIC11597,125.76,140.31,0.90,0.848117213,1,+,1956275,1957825,516,leuA2,2-isopropylmalate synthase 2
LIC20058,125.57,130.38,0.96,0.862038838,2,-,60877,62889,670,mcm2,methylmalonyl-CoA mutase
LIC12173,125.03,92.52,1.35,0.735561409,1,-,2626541,2627575,344,neuB,N-acetylneuraminate synthase
LIC12493,124.86,133.96,0.93,0.87969694,1,+,3019386,3020051,221,-,lipoprotein
LIC11378,124.83,111.93,1.12,0.884466962,1,+,1696293,1697207,304,minD,septum site-determining protein
LIC12982,124.62,123.57,1.01,0.918016128,1,-,3620274,3622493,739,-,heavy-metal transporting p-type ATPase
LIC10141,124.53,145.32,0.86,0.869687684,1,+,170447,171895,482,nuoG,NADH dehydrogenase subunit I G
LIC13053,124.22,18.49,6.72,2.98E-11,1,-,3726617,3727714,365,desA,fatty acid desaturase
LIC11687,124.00,77.90,1.59,0.420440824,1,+,2050145,2051071,308,-,endonuclease
LIC12113,123.90,220.45,0.56,0.283667032,1,-,2553980,2554255,91,rpsF,30S ribosomal protein S6
LIC12175,123.65,87.93,1.41,0.62059668,1,-,2628166,2629329,387,-,aminotransferase
LIC12166,122.77,100.99,1.22,0.883795317,1,-,2617286,2618353,355,-,alcohol dehydrogenase
LIC20138,122.50,158.32,0.77,0.798797848,2,+,163969,165858,629,capD,capsular polysaccharide biosynthesis protein
LIC11028,122.08,159.69,0.76,0.862038838,1,+,1260519,1268285,"2,588",-,hypothetical protein
LIC11540,121.08,146.53,0.83,0.685886242,1,+,1902057,1903685,542,pyrG,CTP synthetase
LIC10613,121.03,68.72,1.76,0.44701554,1,+,750846,751193,115,-,hypothetical protein
LIC12112,120.75,203.66,0.59,0.327482626,1,-,2553535,2553987,150,ssb,single-stranded DNA binding protein
LIC12679,120.73,76.35,1.58,0.350579918,1,+,3246449,3247996,515,thiC,thiamine biosynthesis protein ThiC
LIC11559,120.66,136.64,0.88,0.941057548,1,+,1920964,1921380,138,rplS,50S ribosomal protein L19
LIC10902,120.22,76.90,1.56,0.485911973,1,+,1087216,1088334,372,-,hypothetical protein
LIC11990,120.00,76.70,1.56,0.235635362,1,+,2396550,2400149,"1,199",-,hypothetical protein
LIC10906,119.72,221.16,0.54,0.214295025,1,+,1090528,1091436,302,-,hypothetical protein
LIC10138,119.69,157.45,0.76,0.727024878,1,+,164349,165818,489,-,HD-GYP hydrolase domain-containing protein
LIC11406,119.52,79.40,1.51,0.532944635,1,-,1728850,1729119,89,-,hypothetical protein
LIC10448,119.51,113.26,1.06,1,1,-,511364,511630,88,rpsT,30S ribosomal protein S20
LIC11970,119.48,174.85,0.68,0.440437689,1,+,2374499,2376370,623,-,hypothetical protein
LIC10607,119.00,143.60,0.83,0.774545353,1,-,742538,743662,374,-,aminotransferase
LIC13219,119.00,143.60,0.83,0.821099837,1,-,3948506,3950932,808,pheT,phenylalanyl-tRNA synthetase subunit beta
LIC11479,118.93,40.82,2.91,0.003020683,1,+,1827759,1828655,298,xerD,integrase/recombinase protein
LIC12573,118.91,143.36,0.83,0.840857706,1,+,3120448,3121620,390,sucC,succinyl-CoA synthetase subunit beta
LIC10749,118.91,152.70,0.78,0.798125536,1,+,909852,910280,142,rplK,50S ribosomal protein L11
LIC10522,118.67,106.57,1.11,0.794298923,1,-,629186,630154,322,-,oxidoreductase family protein
LIC12178,118.31,69.34,1.71,0.380808259,1,-,2631184,2632836,550,-,hypothetical protein
LIC11701,118.02,170.67,0.69,0.662101431,1,-,2067509,2069266,585,rpoD,RNA polymerase sigma-70 factor
LIC11954,116.99,113.04,1.03,0.977157254,1,-,2360699,2361997,432,eno,phosphopyruvate hydratase
LIC12250,116.84,125.48,0.93,0.875496759,1,+,2712909,2714681,590,-,carboxy-terminal processing protease
LIC10600,116.80,44.66,2.62,0.093532619,1,-,733931,734347,138,-,fatty acid synthase subunit beta
LIC10571,116.78,84.45,1.38,0.52353607,1,-,695784,697073,429,hom,homoserine dehydrogenase
LIC12285,116.43,192.45,0.60,0.479108689,1,-,2755852,2757966,704,hppA,membrane-bound proton-translocating pyrophosphatase
LIC11200,116.32,121.60,0.96,0.939594161,1,+,1478223,1480895,890,-,histidine kinase sensor protein
LIC10517,116.31,201.26,0.58,0.300281986,1,-,621063,623654,863,leuS,leucyl-tRNA synthetase
LIC11443,116.08,81.83,1.42,0.73048184,1,-,1779533,1779919,128,-,outer membrane protein
LIC13451,116.07,93.14,1.25,0.812280127,1,-,4227417,4229327,636,flgK,flagellar hook-associated protein FlgK
LIC11354,115.91,197.14,0.59,0.214295025,1,+,1667918,1669078,386,metK,S-adenosylmethionine synthetase
LIC12849,115.85,152.59,0.76,0.826167946,1,-,3457574,3457951,125,rpsM,30S ribosomal protein S13
LIC11194,115.66,147.63,0.78,0.728997884,1,-,1469951,1470943,330,-,citrate lyase
LIC11404,115.64,156.43,0.74,0.668162315,1,-,1725042,1726370,442,ubiB,ubiquinone biosynthesis protein
LIC11455,115.41,134.22,0.86,0.959432864,1,+,1792408,1795968,"1,186",mfd,transcription-repair coupling factor
LIC20028,115.26,171.02,0.67,0.440437689,2,+,27090,28358,422,ndh,NADH dehydrogenase
LIC20266,115.12,148.91,0.77,0.700782792,2,-,335135,336184,349,asd,aspartate-semialdehyde dehydrogenase
LIC11115,114.43,156.27,0.73,0.640134739,1,+,1376758,1377615,285,sseA,thiosulfate sulfurtransferase
LIC10714,114.18,50.82,2.25,0.158862272,1,-,862692,865169,825,smc,outer membrane receptor protein
LIC10876,113.54,153.95,0.74,0.706383573,1,+,1060644,1061195,183,-,hypothetical protein
LIC20176,113.37,173.25,0.65,0.491947219,2,+,217270,219324,684,-,lipoprotein
LIC10719,112.83,82.32,1.37,0.631106663,1,-,873606,875744,712,ppk,polyphosphate kinase
LIC10877,112.67,165.94,0.68,0.635060248,1,+,1061240,1061791,183,-,hypothetical protein
LIC11012,112.08,104.78,1.07,0.900998715,1,+,1233953,1235977,674,-,guanosine polyphosphate pyrophosphohydrolase/synthetase
LIC20049,110.80,98.29,1.13,0.806167735,2,-,50125,51144,339,-,hypothetical protein
LIC10747,110.70,126.23,0.88,0.942729818,1,+,909064,909252,62,secE,preprotein translocase subunit SecE
LIC11983,110.57,82.69,1.34,0.702402272,1,-,2389127,2389924,265,-,hypothetical protein
LIC10136,110.06,78.68,1.40,0.667318301,1,-,161575,163395,606,-,ABC transporter ATP-binding protein
LIC20241,110.01,68.26,1.61,0.400254574,2,+,304174,305343,389,alr,alanine racemase
LIC12465,109.96,122.42,0.90,0.872409577,1,-,2981653,2983569,638,thrS,threonyl-tRNA synthetase
LIC10769,109.42,92.97,1.18,0.832321781,1,+,934737,936410,557,-,processing metalloprotease
LIC11408,109.08,111.92,0.97,0.92553004,1,-,1732303,1733412,369,-,hypothetical protein
LIC13397,108.96,33.92,3.21,0.000613397,1,+,4164603,4165934,443,phoD,alkaline phosphatase
LIC12848,108.42,160.54,0.68,0.6904365,1,-,3457161,3457571,136,rpsK,30S ribosomal protein S11
LIC10576,108.40,120.81,0.90,0.991660653,1,-,701450,703006,518,hflX,GTP-binding protein
LIC13128,108.18,124.39,0.87,0.87695331,1,-,3829213,3829764,183,-,hypothetical protein
LIC20204,108.08,142.42,0.76,0.734680948,2,-,262066,263217,383,csdB,cysteine desulfurase
LIC12514,107.96,137.19,0.79,0.700782792,1,-,3041807,3043600,597,mutL,DNA mismatch repair protein
LIC10151,107.96,83.28,1.30,0.688710373,1,+,181127,183481,784,-,hypothetical protein
LIC12010,107.95,178.94,0.60,0.330688205,1,-,2419675,2421477,600,lepA,GTP-binding protein LepA
LIC11703,107.84,107.07,1.01,0.991660653,1,-,2071098,2071544,148,-,hypothetical protein
LIC12318,107.77,85.47,1.26,0.862038838,1,+,2796250,2796777,175,-,hypothetical protein
LIC12774,107.55,86.57,1.24,0.848117213,1,-,3380669,3380923,84,rpmA,50S ribosomal protein L27
LIC12208,107.40,29.49,3.64,0.000206762,1,+,2663730,2665154,474,-,lipoprotein
LIC2nc20,107.32,119.24,0.90,0.956051834,2,NA,242735,243092,358,,
LIC12857,107.28,160.67,0.67,0.502283216,1,-,3461524,3461892,122,rplR,50S ribosomal protein L18
LIC12586,107.19,93.88,1.14,0.848117213,1,-,3131381,3133573,730,-,hypothetical protein
LIC12336,107.15,126.71,0.85,0.73119565,1,+,2821205,2822533,442,-,sterol desaturase-related protein
LIC12108,106.92,182.37,0.59,0.342759119,1,-,2549569,2551374,601,aspS,aspartyl-tRNA synthetase
LIC12206,106.64,63.53,1.68,0.440458554,1,-,2659190,2659510,106,-,MarR family transcriptional regulator
LIC12969,106.30,90.55,1.17,0.862038838,1,-,3606413,3607615,400,ftsZ,cell division protein FtsZ
LIC10558,106.10,100.86,1.05,0.848117213,1,+,684092,684532,146,-,hypothetical protein
LIC20157,106.06,60.54,1.75,0.205127895,2,-,189410,190765,451,-,hypothetical protein
LIC20209,106.06,124.42,0.85,0.859756555,2,+,267823,270021,732,mcmA,methylmalonyl-CoA mutase
LIC12453,105.98,116.82,0.91,0.87969694,1,-,2970723,2971508,261,-,hypothetical protein
LIC10337,105.64,132.00,0.80,0.846380331,1,-,382529,383638,369,-,hypothetical protein
LIC11713,105.39,156.62,0.67,0.612680964,1,+,2084708,2085718,336,-,motility protein B
LIC12477,105.21,121.74,0.86,0.852829187,1,-,3000626,3003064,812,pbp1a,Pbp1A
LIC20064,104.91,90.93,1.15,0.989003564,2,+,70663,71427,254,fabG,3-oxoacyl-(acyl-carrier protein) reductase
LIC10974,104.60,99.24,1.05,0.946350301,1,-,1176400,1177611,403,-,acetyl-CoA acetyltransferase
LIC10145,104.48,177.91,0.59,0.440118617,1,+,173959,175332,457,-,hypothetical protein
LIC11957,104.33,59.52,1.75,0.220920182,1,+,2364674,2365162,162,-,response regulator
LIC11699,104.24,117.42,0.89,0.831131408,1,+,2065227,2066879,550,glpD,glycerol-3-phosphate dehydrogenase
LIC10482,104.05,99.29,1.05,0.980707913,1,+,559027,559608,193,-,hypothetical protein
LIC12746,103.93,126.04,0.82,0.832321781,1,+,3341725,3343056,443,nuoF,NADH dehydrogenase subunit I F
LIC11914,103.67,101.72,1.02,0.997490807,1,-,2312284,2313111,275,wecG,UDP-n-acetyl-d-mannosamine transferase
LIC20050,103.61,125.06,0.83,0.837615719,2,+,51217,52137,306,-,hypothetical protein
LIC12077,103.16,4.53,22.78,1.19E-18,1,-,2513951,2514256,101,-,hypothetical protein
LIC13433,103.00,55.75,1.85,0.118666917,1,+,4209987,4211135,382,pyrD,dihydroorotate dehydrogenase 2
LIC13162,102.88,89.52,1.15,0.893918946,1,-,3872009,3873151,380,aroA(G),phospho-2-dehydro-3-deoxyheptonate aldolase chorismate mutase
LIC12168,102.77,98.59,1.04,1,1,-,2619061,2620245,394,-,aspartate aminotransferase
LIC10718,102.74,73.95,1.39,0.577097006,1,-,872171,873616,481,-,hypothetical protein
LIC12457,102.10,132.19,0.77,0.746698405,1,-,2976181,2976714,177,-,chemotaxis protein
LIC11992,102.02,101.26,1.01,1,1,+,2401441,2402664,407,serA,D-3-phosphoglycerate dehydrogenase
LIC14007,101.75,85.14,1.20,0.642953078,1,+,2109340,2109693,117,-,hypothetical protein
LIC13341,101.36,57.85,1.75,0.295382366,1,-,4096978,4098207,409,-,lipoprotein
LIC11704,101.21,96.80,1.05,0.959432864,1,-,2071604,2071813,69,rpsU,30S ribosomal protein S21
LIC11728,101.21,124.04,0.82,0.777794143,1,-,2102702,2103262,186,-,N-acetylmuramoyl-L-alanine amidase
LIC12821,100.80,145.06,0.69,0.528935878,1,-,3424474,3424914,146,-,hypothetical protein
LIC11421,100.24,90.66,1.11,0.900998715,1,-,1746773,1749064,763,-,phosphate sodium symporter
LIC10002,99.94,70.28,1.42,0.704295306,1,+,3279,4400,373,dnaN,DNA polymerase III subunit beta
LIC10601,99.91,43.19,2.31,0.240861626,1,-,734349,734801,150,-,hypothetical protein
LIC20097,99.71,88.28,1.13,0.959287798,2,+,114072,114884,270,-,short-chain dehydrogenase
LIC13071,99.71,79.07,1.26,0.962623013,1,-,3749072,3749617,181,-,hypothetical protein
LIC13060,99.45,208.58,0.48,0.07922991,1,-,3735587,3736687,366,lipL36,hypothetical protein
LIC12180,99.24,70.90,1.40,0.714141011,1,-,2633963,2634697,244,-,methyltransferase
LIC13230,99.21,90.52,1.10,0.796405662,1,+,3965016,3966581,521,dead,ATP-dependent RNA helicase
LIC20214,99.03,151.85,0.65,0.481113506,2,+,273993,276524,843,-,hypothetical protein
LIC11958,98.90,65.13,1.52,0.544383665,1,+,2365179,2366387,402,-,ARM repeat-containing protein
LIC10857,98.85,165.79,0.60,0.327928442,1,+,1032087,1033814,575,-,integral membrane zinc metalloprotease
LIC11240,98.75,98.01,1.01,0.98589723,1,+,1531217,1531777,186,atpH,F0F1 ATP synthase subunit delta
LIC12016,98.58,60.29,1.64,0.496845357,1,+,2427612,2428019,135,-,hypothetical protein
LIC20114,98.54,87.23,1.13,0.97755281,2,-,136489,137580,363,-,LipL45 homologue
LIC10154,98.54,58.87,1.67,0.46991417,1,+,184688,184849,53,rpmH,50S ribosomal protein L34
LIC10534,98.37,64.77,1.52,0.55093186,1,-,648129,650537,802,pbp1,penicillin-binding protein 1
LIC2nc10,98.30,58.65,1.68,0.21450995,2,NA,159019,159243,225,sRNA -,Cobalamin
LIC11793,98.22,90.26,1.09,0.982949342,1,+,2186279,2187265,328,sppA,endopeptidase IV
LIC11361,97.97,72.42,1.35,0.704535558,1,+,1677240,1679195,651,prlC,oligopeptidase A
LIC10853,97.87,80.45,1.22,0.794449897,1,+,1028735,1029289,184,frr,ribosome recycling factor
LIC13059,97.79,69.62,1.40,0.777490411,1,+,3733568,3734263,231,-,lipoprotein
LIC20223,97.77,81.82,1.19,0.956051834,2,+,284151,284582,143,-,hypothetical protein
LIC12368,97.77,58.08,1.68,0.322164829,1,-,2869757,2870953,398,-,hypothetical protein
LIC12349,97.52,125.80,0.78,0.766582178,1,-,2842928,2844652,574,-,hypothetical protein
LIC11561,97.36,101.87,0.96,0.969266305,1,+,1922154,1922897,247,-,hypothetical protein
LIC11067,97.32,103.62,0.94,0.919383283,1,-,1319626,1319946,106,-,hypothetical protein
LIC12622,96.89,153.19,0.63,0.524004767,1,+,3172732,3173850,372,-,membrane metalloendopeptidase
LIC10050,96.89,39.34,2.46,0.015350934,1,-,60404,62467,687,-,hypothetical protein
LIC11311,96.62,70.09,1.38,0.562147754,1,+,1618309,1619466,385,erg10,acetyl-CoA C-acyltransferase
LIC10849,96.61,82.50,1.17,0.871190707,1,+,1026236,1026496,86,-,hypothetical protein
LIC13489,96.51,99.84,0.97,0.87565391,1,-,4263862,4264623,253,parA,hypothetical protein
LIC10952,96.49,164.02,0.59,0.214295025,1,+,1147903,1149108,401,-,hypothetical protein
LIC10338,96.49,79.42,1.21,0.746592223,1,-,383660,384085,141,-,hypothetical protein
LIC12869,96.31,115.05,0.84,0.946952964,1,-,3466411,3466692,93,rpsS,30S ribosomal protein S19
LIC11413,95.97,101.43,0.95,1,1,-,1739391,1741208,605,-,glycosyl hydrolase
LIC13379,95.95,68.15,1.41,0.73500712,1,+,4142451,4143365,304,-,CAAX protease
LIC11216,95.76,72.06,1.33,0.638992208,1,+,1497838,1499562,574,-,methyl-accepting chemotaxis transducer transmembrane protein
LIC10137,95.71,113.86,0.84,0.861264689,1,+,163667,164182,171,-,[protein-PII] uridylyltransferase
LIC10311,95.66,69.42,1.38,0.794298923,1,-,354018,355133,371,gcvT,glycine cleavage system aminomethyltransferase T
LIC13134,95.47,116.44,0.82,0.848117213,1,+,3839317,3842484,"1,055",acrD,acriflavin resistance
LIC11558,95.37,139.33,0.68,0.700144659,1,+,1920309,1921004,231,trmD,tRNA (guanine-N(1)-)-methyltransferase/unknown domain fusion protein
LIC13367,95.37,110.06,0.87,0.904639283,1,-,4129545,4131230,561,cysI,sulfite reductase subunit beta
LIC11622,95.31,123.85,0.77,0.704295306,1,+,1984769,1985218,149,-,biopolymer transport exbd-related transmembrane protein
LIC12865,95.21,119.47,0.80,0.765147719,1,-,3464672,3464956,94,rpmC,50S ribosomal protein L29
LIC10762,95.05,108.40,0.88,0.971610563,1,+,926298,926717,139,rpsI,30S ribosomal protein S9
LIC13510,94.48,69.35,1.36,0.706383573,1,-,2601926,2603545,539,-,hypothetical protein
LIC12201,94.39,63.40,1.49,0.658695925,1,-,2654758,2655561,267,-,mannose-1-phosphate guanyltransferase
LIC12319,94.10,75.63,1.24,0.820203343,1,-,2796752,2797561,269,-,protein phosphatase
LIC12294,94.02,134.27,0.70,0.625530665,1,-,2768357,2769667,436,ugd,UDP-glucose dehydrogenase
LIC10712,93.74,81.07,1.16,1,1,-,859396,860907,503,-,hypothetical protein
LIC10049,93.69,56.71,1.65,0.346793468,1,-,59246,60394,382,-,hypothetical protein
LIC11436,93.54,92.86,1.01,1,1,-,1767404,1769521,705,-,hypothetical protein
LIC11016,93.53,98.29,0.95,0.959432864,1,+,1239567,1240868,433,purB,adenylosuccinate lyase
LIC11173,93.36,95.90,0.97,0.900998715,1,+,1442153,1443652,499,-,hypothetical protein
LIC20272,93.21,107.83,0.86,0.832321781,2,-,344590,345663,357,-,hypothetical protein
LIC12702,93.03,147.41,0.63,0.645820574,1,-,3288506,3288772,88,rpsO,30S ribosomal protein S15
LIC12176,92.96,64.70,1.44,0.722254306,1,-,2629329,2630321,330,-,UDP-glucose 4-epimerase
LIC11187,92.81,67.21,1.38,0.645820574,1,+,1461597,1462391,264,flgD,flagellar hook assembly scaffolding protein
LIC12859,92.38,156.24,0.59,0.409865607,1,-,3462462,3462863,133,rpsH,30S ribosomal protein S8
LIC12152,92.20,79.85,1.15,0.915428237,1,-,2601148,2601915,255,-,glucose-1-phosphate cytidylyltransferase
LIC12421,92.19,95.71,0.96,1,1,-,2937356,2940388,"1,010",-,hypothetical protein
LIC11831,91.94,68.72,1.34,0.806820258,1,-,2226964,2228775,603,guaA,GMP synthase
LIC11232,91.88,40.04,2.29,0.078202294,1,-,1525604,1526413,269,-,hypothetical protein
LIC11732,91.65,114.39,0.80,0.840857706,1,+,2110228,2112246,672,uvrD2,ATP-dependent DNA helicase
LIC11139,91.61,64.41,1.42,0.799237771,1,-,1405220,1405762,180,-,hypothetical protein
LIC12461,91.51,125.92,0.73,0.63377509,1,-,2978894,2979247,117,rplT,50S ribosomal protein L20
LIC12731,91.39,49.07,1.86,0.275754046,1,+,3325579,3327576,665,-,hypothetical protein
LIC13434,91.36,66.89,1.37,0.6904365,1,+,4211239,4212681,480,-,hypothetical protein
LIC12544,91.27,147.77,0.62,0.506166032,1,-,3082823,3083938,371,-,DNA binding protein
LIC12871,91.12,118.52,0.77,0.887866199,1,-,3467544,3467858,104,rplW,50S ribosomal protein L23
LIC12269,91.10,101.90,0.89,0.935920823,1,-,2742142,2743242,366,mnmA,tRNA-specific 2-thiouridylase MnmA
LIC12183,90.48,60.01,1.51,0.668162315,1,-,2637198,2638451,417,-,hypothetical protein
LIC11273,90.48,117.73,0.77,0.774213568,1,-,1573142,1574023,293,-,hypothetical protein
LIC10396,90.48,103.64,0.87,0.774545353,1,+,452995,454176,393,phbA,acetyl-CoA acetyltransferase
LIC11595,90.34,98.35,0.92,0.869687684,1,-,1954261,1955820,519,-,hypothetical protein
LIC10733,90.32,97.32,0.93,0.959236409,1,+,893559,895046,495,pepA,cytosol aminopeptidase protein
LIC12233,90.26,120.10,0.75,0.562147754,1,-,2697495,2698550,351,-,fructose-bisphosphate aldolase
LIC10634,90.15,134.00,0.67,0.508945176,1,+,772830,774080,416,-,selenocysteine reductase
LIC10157,90.07,81.98,1.10,0.8566858,1,+,185410,187293,627,-,hypothetical protein
LIC11670,90.01,96.58,0.93,1,1,+,2032002,2033768,588,-,hypothetical protein
LIC12460,89.99,119.69,0.75,0.620373268,1,-,2978168,2978806,212,-,hypothetical protein
LIC11398,89.95,36.33,2.48,0.084452667,1,+,1717087,1718148,353,-,hypothetical protein
LIC20208,89.95,97.12,0.93,0.848117213,2,+,265946,267826,626,-,methylmalonyl-COA mutase small subunit
LIC13300,89.68,152.87,0.59,0.225537619,1,+,4046951,4048261,436,fadB,3-hydroxyacyl-CoA dehydrogenase
LIC13123,89.68,50.88,1.76,0.409865607,1,+,3821950,3822825,291,-,hypothetical protein
LIC10772,89.60,66.90,1.34,0.833692648,1,+,938092,938916,274,-,hypothetical protein
LIC11632,89.19,67.75,1.32,0.558023374,1,-,1998110,1999939,609,ptsI,phosphotransferase system enzyme I
LIC13284,88.89,95.30,0.93,0.922789027,1,-,4028315,4028674,119,-,hypothetical protein
LIC10090,88.84,106.43,0.83,0.795777448,1,+,106049,107596,515,-,hypothetical protein
LIC10439,88.77,68.42,1.30,0.714141011,1,-,499782,501815,677,-,hypothetical protein
LIC12638,88.58,122.22,0.72,0.635237934,1,+,3196738,3197529,263,-,hypothetical protein
LIC11553,88.50,79.50,1.11,0.848117213,1,+,1916888,1917883,331,-,serine/threonine kinase
LIC11082,88.30,28.05,3.15,0.002027426,1,-,1337006,1338130,374,-,hypothetical protein
LIC20074,88.15,127.23,0.69,0.432852358,2,-,80308,82245,645,-,long-chain-fatty-acid--CoA ligase
LIC12410,88.09,39.78,2.21,0.397265461,1,+,2921380,2921670,96,-,hypothetical protein
LIC13192,88.04,82.07,1.07,0.837615719,1,-,3907493,3909961,822,-,histidine kinase response regulator hybrid protein
LIC13214,87.66,79.91,1.10,0.875510762,1,+,3942741,3943325,194,-,cytochrome oxidase subunit
LIC13416,87.65,441.59,0.20,5.73E-06,1,+,4191341,4192309,322,-,hypothetical protein
LIC11461,87.54,97.93,0.89,0.959432864,1,+,1802311,1803774,487,gatA,aspartyl/glutamyl-tRNA amidotransferase subunit A
LIC11065,87.42,117.04,0.75,0.80522168,1,+,1315075,1316538,487,pcnB,poly A polymerase
LIC13065,87.29,140.51,0.62,0.458403795,1,-,3741021,3742034,337,-,hypothetical protein
LIC20027,87.16,81.21,1.07,1,2,+,26509,27060,183,wzb,phosphotyrosine protein phosphatase
LIC10297,87.03,27.56,3.16,0.001868528,1,-,340569,340952,127,fliE,flagellar hook-basal body protein FliE
LIC11783,86.99,30.85,2.82,0.041164513,1,+,2175384,2175689,101,-,hypothetical protein
LIC13470,86.87,58.58,1.48,0.639753569,1,+,4245217,4246161,314,-,ferredoxin--NADP reductase
LIC10302,86.86,38.88,2.23,0.02284179,1,+,343096,344145,349,-,hypothetical protein
LIC10046,86.72,79.38,1.09,0.92553004,1,+,56259,57428,389,pntA,proton-translocating transhydrogenase subunit alpha part 1
LIC10258,86.68,55.00,1.58,0.528935878,1,+,295703,297472,589,-,hypothetical protein
LIC12114,86.66,82.61,1.05,0.93503305,1,-,2554320,2555549,409,-,lipoprotein
LIC11277,86.65,132.57,0.65,0.612680964,1,+,1576451,1577914,487,accC,acetyl-CoA carboxylase subunit alpha
LIC20226,86.61,101.66,0.85,0.848117213,2,-,288068,288817,249,-,aldolase class II
LIC12730,86.54,58.75,1.47,0.652884851,1,+,3323552,3325582,676,-,hypothetical protein
LIC12637,86.47,61.20,1.41,0.6904365,1,+,3196476,3196679,67,rpmE,50S ribosomal protein L31
LIC12883,86.39,121.53,0.71,0.615944537,1,-,3479445,3482765,"1,106",carB,carbamoyl phosphate synthase large subunit
LIC12570,86.17,99.79,0.86,0.853183024,1,-,3116548,3117897,449,-,(dimethylallyl)adenosine tRNA methylthiotransferase
LIC11468,86.11,134.20,0.64,0.410487823,1,+,1813313,1814782,489,-,hypothetical protein
LIC10800,85.86,55.90,1.54,0.563022521,1,-,968307,969104,265,thiM,hydroxyethylthiazole kinase
LIC11237,85.83,52.26,1.64,0.351437052,1,+,1529300,1530352,350,atpB,F0F1 ATP synthase subunit A
LIC20265,85.78,73.59,1.17,0.901529834,2,-,333161,335122,653,-,hypothetical protein
LIC13450,85.72,65.27,1.31,0.823933035,1,-,4226112,4227380,422,flgL,flagellar hook-associated protein FlgL
LIC12534,85.68,129.92,0.66,0.378599523,1,-,3070930,3072135,401,ribA,GTP cyclohydrolase 2
LIC12203,85.67,48.89,1.75,0.388336219,1,-,2656538,2657095,185,-,phosphoheptose isomerase
LIC12191,85.50,65.50,1.31,0.819525703,1,-,2644632,2645066,144,mutT,mutator protein
LIC10775,85.39,19.98,4.27,8.69E-07,1,+,943264,944442,392,-,hypothetical protein
LIC11616,85.32,58.67,1.45,0.499146549,1,+,1978631,1979611,326,rfaD,ADP-L-glycero-D-mannoheptose-6-epimerase
LIC12393,85.10,84.59,1.01,0.962182623,1,+,2899947,2900930,327,-,ankyrin
LIC10459,85.05,57.23,1.49,0.5555831,1,+,523243,524571,442,add,adenosine deaminase
LIC12156,84.60,71.67,1.18,0.935920823,1,-,2606809,2607837,342,-,oxidoreductase family protein
LIC11601,84.42,64.51,1.31,0.738619125,1,+,1960079,1961518,479,hslU,ATP-dependent protease ATP-binding subunit HslU
LIC10763,84.39,115.82,0.73,0.674660069,1,+,926801,929734,977,alaS,alanyl-tRNA synthetase
LIC20089,84.32,110.12,0.77,0.777490411,2,-,102283,104028,581,-,sigma factor regulatory protein
LIC10738,84.27,95.17,0.89,0.942729818,1,+,899573,901195,540,rhlE,ATP-dependent RNA helicase
LIC10290,84.10,102.76,0.82,0.971495108,1,+,331618,333018,466,-,H+-translocating transhydrogenase subunit beta
LIC10224,83.93,69.19,1.21,0.706383573,1,-,257388,258287,299,-,hypothetical protein
LIC20232,83.77,65.06,1.29,0.785592949,2,+,294735,295508,257,-,hypothetical protein
LIC12071,83.73,40.33,2.08,0.030210426,1,-,2508911,2510074,387,-,hypothetical protein
LIC11717,83.45,98.92,0.84,0.73500712,1,-,2088124,2090970,948,uvrA,excinuclease ABC subunit A
LIC12776,83.39,108.85,0.77,0.673051603,1,-,3381236,3381550,104,rplU,50S ribosomal protein L21
LIC20140,83.30,126.40,0.66,0.523223731,2,+,166318,167928,536,-,putative permease
LIC20158,83.29,76.19,1.09,0.869687684,2,-,191023,192645,540,lonA,ATP-dependent protease
LIC11011,83.18,102.34,0.81,0.871410643,1,+,1233034,1233948,304,nadC,nicotinate-nucleotide pyrophosphorylase
LIC12095,82.94,62.24,1.33,0.700782792,1,+,2534664,2535059,131,secG,preprotein translocase subunit SecG
LIC12574,82.83,96.05,0.86,0.996409467,1,+,3121633,3122508,291,sucD,succinyl-CoA synthetase subunit alpha
LIC11376,82.75,86.55,0.96,1,1,+,1692815,1694932,705,flhA,flagellar biosynthesis transmembrane protein
LIC11458,82.73,93.14,0.89,0.939594161,1,+,1797604,1800579,991,-,porin superfamily outer membrane protein
LIC11726,82.68,113.51,0.73,0.727024878,1,+,2100758,2102344,528,leuA,2-isopropylmalate synthase
LIC10927,82.55,120.57,0.68,0.52870586,1,-,1111593,1113086,497,-,lipoprotein
LIC13293,82.51,70.04,1.18,0.848117213,1,+,4037281,4039260,659,-,hypothetical protein
LIC10863,82.48,98.76,0.84,0.939594161,1,+,1040546,1042450,634,dxs,1-deoxy-D-xylulose-5-phosphate synthase
LIC10336,82.40,91.11,0.90,0.982949342,1,-,381235,382548,437,-,hypothetical protein
LIC20033,82.33,78.41,1.05,0.993193386,2,+,31552,31923,123,-,hypothetical protein
LIC12868,82.24,104.64,0.79,0.887866199,1,-,3466079,3466411,110,rplV,50S ribosomal protein L22
LIC10486,82.07,107.86,0.76,0.731596393,1,+,563286,564359,357,-,hypothetical protein
LIC11814,82.03,87.27,0.94,0.918016128,1,-,2206601,2208823,740,clpA,ATP-dependent Clp protease ATP-binding subunit
LIC11657,81.96,75.79,1.08,0.982910291,1,+,2022767,2023219,150,fliS,hypothetical protein
LIC12177,81.61,69.30,1.18,0.8892324,1,-,2630324,2631010,228,neuA,CMP-N-acetlyneuraminic acid synthetase
LIC11059,81.56,4.87,16.76,2.65E-13,1,-,1303980,1304252,90,-,hypothetical protein
LIC20132,81.13,98.68,0.82,0.980707913,2,-,155446,156549,367,cbiD,cobalt-precorrin-6A synthase
LIC11355,81.08,101.22,0.80,0.73500712,1,+,1669086,1670048,320,tkt,transketolase
LIC10227,81.00,149.57,0.54,0.224452894,1,+,260138,261967,609,-,hypothetical protein
LIC12502,80.95,69.43,1.17,0.882268794,1,-,3030430,3030717,95,-,sigma-54 modulation protein
LIC10546,80.83,59.69,1.35,0.702402272,1,+,668074,669147,357,-,lipase
LIC20182,80.59,34.82,2.31,0.098078341,2,-,230245,231819,524,-,GGDEF family protein
LIC11838,80.52,67.65,1.19,0.862239835,1,-,2234380,2235003,207,-,hypothetical protein
LIC11529,80.27,37.62,2.13,0.101261204,1,-,1891457,1892449,330,lytB,penicillin tolerance protein
LIC13488,79.62,76.07,1.05,1,1,-,4262984,4263859,291,parB,hypothetical protein
LIC12495,79.51,88.42,0.90,0.86803324,1,-,3021213,3021986,257,crt,3-hydroxybutyryl-CoA dehydratase
LIC11432,79.49,83.26,0.95,1,1,-,1759004,1762057,"1,017",-,histidine kinase response regulator hybrid protein
LIC10760,79.48,69.60,1.14,0.887866199,1,+,924243,924872,209,-,hypothetical protein
LIC10905,79.27,89.15,0.89,0.980231195,1,-,1090216,1090440,74,-,hypothetical protein
LIC12489,79.22,125.52,0.63,0.391105912,1,-,3016071,3016634,187,-,hypothetical protein
LIC12236,79.06,56.78,1.39,0.710749902,1,+,2702491,2702931,146,-,hypothetical protein
LIC12357,78.95,213.60,0.37,0.00353307,1,-,2853940,2855760,606,-,elongation factor EF-G
LIC20216,78.95,89.18,0.89,0.754909097,2,+,277118,277732,204,exbB,ExbB
LIC12862,78.80,104.59,0.75,0.775608226,1,-,3463640,3463999,119,rplX,50S ribosomal protein L24
LIC13233,78.63,32.17,2.44,0.054662942,1,+,3969851,3970489,212,-,hypothetical protein
LIC11835,78.41,54.30,1.44,0.848117213,1,+,2231113,2231334,73,-,ferredoxin family protein
LIC2nc30,78.32,150.39,0.52,0.185479836,2,NA,246062,246477,416,,
LIC11156,78.32,123.85,0.63,0.523223731,1,-,1425855,1427324,489,-,hypothetical protein
LIC12034,78.25,20.44,3.83,0.000783702,1,+,2454821,2455258,145,-,Fur family transcriptional regulator
LIC12652,78.24,42.15,1.86,0.265330195,1,+,3216884,3217993,369,-,hypothetical protein
LIC12980,77.65,56.69,1.37,0.734680948,1,+,3617602,3618057,151,-,hypothetical protein
LIC11270,77.62,90.11,0.86,0.848117213,1,-,1570241,1571530,429,-,hypothetical protein
LIC11760,77.53,110.67,0.70,0.493411339,1,-,2152468,2152752,94,rpmB,50S ribosomal protein L28
LIC10858,77.23,127.84,0.60,0.341944451,1,+,1033820,1035550,576,proS,prolyl-tRNA synthetase
LIC10441,76.96,75.31,1.02,0.937840225,1,-,502731,504023,430,-,ammonium transporter
LIC12543,76.83,131.27,0.59,0.440437689,1,-,3081501,3082814,437,-,hypothetical protein
LIC10746,76.81,86.41,0.89,0.959432864,1,+,908943,909016,74,tRNA-Trp-CCA,Trp tRNA
LIC12186,76.77,50.04,1.53,0.483951952,1,-,2639681,2640607,308,-,methionyl-tRNA(fmet) n-formyltransferase
LIC11641,76.46,78.16,0.98,1,1,-,2006426,2007736,436,-,hypothetical protein
LIC11545,76.44,92.34,0.83,0.90318972,1,+,1907249,1908670,473,rpoN,RNA polymerase sigma-54 factor
LIC11599,76.39,67.88,1.13,0.946952964,1,+,1958542,1959540,332,xerC,integrase/recombinase protein
LIC10842,76.35,98.49,0.78,0.746773558,1,+,1021594,1022517,307,dapA,dihydrodipicolinate synthase
LIC11573,75.85,106.05,0.72,0.700782792,1,+,1934446,1934922,158,gspG,general secretory pathway protein G
LIC20130,75.76,72.16,1.05,0.846137378,2,-,153546,154781,411,cobL,precorrin-6y methylase
LIC10318,75.60,48.97,1.54,0.391722227,1,+,361750,363672,640,-,hypothetical protein
LIC12744,75.55,92.22,0.82,0.973117,1,+,3340013,3341230,405,nuoD2,NADH dehydrogenase subunit I D
LIC12258,75.49,57.51,1.31,0.844370789,1,-,2724988,2726439,483,-,hypothetical protein
LIC12190,75.39,48.41,1.56,0.658441543,1,-,2643960,2644535,191,-,SAM-dependent methyltransferase
LIC10593,75.37,22.69,3.32,0.003070153,1,+,724062,726671,869,-,hypothetical protein
LIC10900,75.21,36.16,2.08,0.159781352,1,+,1085410,1086813,467,-,adenylate/guanylate cyclase
LIC10411,75.20,55.04,1.37,0.900998715,1,-,468646,469119,157,-,hypothetical protein
LIC13435,75.12,43.59,1.72,0.235635362,1,+,4212704,4213276,190,-,hypothetical protein
LIC12886,75.03,82.16,0.91,0.823933035,1,-,3488641,3489390,249,-,hypothetical protein
LIC11484,74.87,45.95,1.63,0.369150073,1,-,1832834,1833529,231,-,Crp family transcriptional regulator
LIC11918,74.81,67.26,1.11,0.883795317,1,-,2315362,2316144,260,-,hypothetical protein
LIC13037,74.71,63.23,1.18,0.704295306,1,-,3708144,3709625,493,-,amino acid transporter
LIC11801,74.62,62.35,1.20,0.922789027,1,+,2194939,2195253,104,-,anti-sigma factor antagonist
LIC10207,74.61,99.79,0.75,0.804642127,1,+,236204,237043,279,-,SCO1/SenC family protein
LIC11233,74.58,89.90,0.83,0.771085404,1,+,1526494,1527495,333,-,signal peptidase I
LIC11541,74.56,87.30,0.85,0.848117213,1,+,1903682,1904551,289,kdsA,2-dehydro-3-deoxyphosphooctonate aldolase
LIC12811,74.38,129.91,0.57,0.321991116,1,-,3416206,3417231,341,ruvB,Holliday junction DNA helicase RuvB
LIC20037,73.78,87.25,0.85,0.692405248,2,+,37992,39065,357,moxR,methanol dehydrogenase regulator
LIC12537,73.70,100.23,0.74,0.774974031,1,-,3075766,3076734,322,secF,preprotein translocase subunit SecF
LIC12563,73.70,78.29,0.94,0.902469134,1,-,3107471,3109480,669,-,glycerol-3-phosphate dehydrogenase
LIC12145,73.66,45.48,1.62,0.378599523,1,-,2593916,2596045,709,-,glycosyltransferase
LIC12455,73.49,136.01,0.54,0.361391936,1,-,2971890,2972963,357,-,protein-glutamate methylesterase
LIC10548,73.43,75.66,0.97,0.964522513,1,-,670544,671200,218,-,uracil-DNA glycosylase
LIC12144,73.39,55.61,1.32,0.751021051,1,-,2591907,2593928,673,-,integral membrane protein
LIC11038,73.03,76.82,0.95,1,1,+,1277134,1278438,434,-,aminotransferase
LIC11676,72.76,53.29,1.37,0.728997884,1,-,2040366,2041019,217,-,TetR family transcriptional regulator
LIC11571,72.53,97.94,0.74,0.829999321,1,+,1931519,1933192,557,gspE,general secretory pathway protein E
LIC11847,72.16,85.10,0.85,0.887866199,1,+,2241351,2242637,428,-,ATPase AAA
LIC11026,72.06,85.97,0.84,0.939594161,1,+,1256897,1259905,"1,002",-,hypothetical protein
LIC12568,71.83,76.10,0.94,0.979752351,1,-,3113788,3114624,278,-,hypothetical protein
LIC10132,71.68,62.87,1.14,0.852829187,1,+,157135,159234,699,-,sigma 54 activator
LIC10131,71.58,20.97,3.41,0.000361814,1,-,155046,156347,433,mesJ,cell cycle protein
LIC10450,71.53,24.35,2.94,0.012105649,1,+,512791,513861,356,-,hypothetical protein
LIC12224,71.50,78.46,0.91,0.956647315,1,+,2684117,2687413,"1,098",-,heavy metal efflux pump
LIC11142,71.46,136.40,0.52,0.204984625,1,+,1408451,1409830,459,radA,DNA repair protein RadA
LIC12232,71.24,100.63,0.71,0.5931584,1,+,2695022,2696596,524,thyX,thymidylate synthase
LIC13137,71.15,45.18,1.57,0.407936223,1,+,3847833,3848816,327,-,cGMP-specific phosphodiesterase
LIC12704,71.04,82.61,0.86,0.991660653,1,-,3289710,3290063,117,rbfA,ribosomal-binding factor A
LIC13283,70.90,72.62,0.98,0.99888446,1,-,4027063,4028034,323,-,hypothetical protein
LIC11438,70.70,65.03,1.09,0.982949342,1,+,1772588,1773046,152,ppi,peptidyl-prolyl cis-trans isomerase
LIC11544,70.67,90.87,0.78,0.888059268,1,+,1906527,1907252,241,-,ABC transporter ATP-binding protein
LIC20270,70.64,74.36,0.95,1,2,-,343104,343490,128,-,hypothetical protein
LIC12171,70.41,60.58,1.16,0.880394323,1,-,2624077,2625132,351,-,nucleoside-diphosphate-sugar pyrophosphorylase
LIC10129,70.33,81.02,0.87,0.840857706,1,+,153505,154173,222,-,hypothetical protein
LIC10502,70.28,81.13,0.87,0.946952964,1,+,590325,598688,"2,787",-,hypothetical protein
LIC11658,70.27,66.03,1.06,0.905088242,1,+,2023216,2023644,142,-,hypothetical protein
LIC10984,70.12,60.18,1.17,0.936615403,1,+,1190243,1191211,322,-,hypothetical protein
LIC11518,70.09,116.18,0.60,0.502283216,1,+,1875946,1878690,914,-,biotin carboxylase subunit of acetyl CoA carboxylase
LIC12555,70.05,14.72,4.76,0.000529032,1,+,3095230,3096264,344,-,hypothetical protein
LIC11424,70.03,63.27,1.11,0.959236409,1,+,1750898,1751287,129,fkp,peptidyl-prolyl cis-trans isomerase
LIC12025,69.92,52.78,1.32,0.734680948,1,-,2442147,2443454,435,asnC,asparaginyl-tRNA synthetase
LIC10127,69.87,52.96,1.32,0.780653427,1,+,151976,152914,312,-,hypothetical protein
LIC10506,69.85,78.36,0.89,0.903210469,1,+,602964,605069,701,-,hypothetical protein
LIC20239,69.73,161.36,0.43,0.019939662,2,-,302749,303135,128,speD,S-adenosylmethionine decarboxylase proenzyme
LIC13353,69.47,51.98,1.34,0.704295306,1,-,4110495,4111838,447,lao,L-amino acid oxidase
LIC13275,69.35,61.81,1.12,0.700782792,1,-,4016190,4017314,374,-,hypothetical protein
LIC11329,69.24,69.37,1.00,1,1,-,1640135,1642384,749,-,ribonuclease BN transmembrane protein
LIC10253,69.20,96.84,0.71,0.588616458,1,+,289714,290967,417,-,alcohol dehydrogenase
LIC11655,69.18,70.96,0.97,0.925828767,1,-,2020188,2021723,511,purH,bifunctional phosphoribosylaminoimidazolecarboxamide formyltransferase/IMP cyclohydrolase
LIC11359,69.15,62.14,1.11,0.977157254,1,-,1674377,1675555,392,maoC,hypothetical protein
LIC10485,69.06,85.74,0.81,0.771055048,1,+,562549,563274,241,-,hypothetical protein
LIC10310,69.00,56.63,1.22,1,1,-,353608,354000,130,gcvH,glycine cleavage system protein H
LIC20174,68.99,67.65,1.02,1,2,-,211129,213228,699,-,hypothetical protein
LIC11300,68.99,69.20,1.00,0.993193386,1,-,1607602,1608831,409,-,GGDEF family protein
LIC12941,68.96,100.29,0.69,0.728997884,1,-,3570065,3572065,666,uvrB,excinuclease ABC subunit B
LIC11299,68.90,75.10,0.92,0.848117213,1,+,1607214,1607618,134,-,lipoprotein
LIC20048,68.75,51.04,1.35,0.771055048,2,-,49784,50128,114,-,anti-sigma factor antagonist
LIC11141,68.73,78.37,0.88,0.87565391,1,+,1407816,1408454,212,-,ribonuclease D
LIC11562,68.70,46.30,1.48,0.704295306,1,+,1922898,1923161,87,-,flagellar biosynthetic transmembrane protein
LIC11945,68.35,58.54,1.17,0.804293288,1,-,2355229,2355978,249,-,GMP synthase
LIC20135,68.19,62.31,1.09,0.839826481,2,-,157700,158869,389,-,ferredoxin
LIC12158,68.10,58.04,1.17,0.8960178,1,-,2608630,2609385,251,-,hydroxyacid aldolase
LIC10641,68.03,98.64,0.69,0.6904365,1,+,782652,783980,442,-,diguanylate phosphodiesterase
LIC12179,67.81,69.92,0.97,1,1,-,2633014,2633961,315,-,sugar transferase
LIC13144,67.73,62.65,1.08,0.882268794,1,-,3854208,3856793,861,-,hypothetical protein
LIC11101,67.67,66.07,1.02,0.927945446,1,+,1357501,1359183,560,ilvD,dihydroxy-acid dehydratase
LIC10955,67.65,57.96,1.17,0.887866199,1,-,1151785,1153776,663,gcpE,1-hydroxy-2-methyl-2-(E)-butenyl 4-diphosphate synthase
LIC13351,67.29,65.25,1.03,0.980279615,1,-,4108706,4109677,323,-,hypothetical protein
LIC11820,67.10,72.49,0.93,1,1,-,2214489,2215490,333,-,cysteine synthase
LIC12106,67.07,61.22,1.10,0.871528426,1,-,2546159,2548573,804,-,hypothetical protein
LIC13413,67.06,55.95,1.20,0.683994983,1,-,4186510,4187673,387,purT,phosphoribosylglycinamide formyltransferase 2
LIC11555,67.06,68.41,0.98,0.974886803,1,+,1919300,1919566,88,rpsP,30S ribosomal protein S16
LIC12462,66.92,95.33,0.70,0.621830944,1,-,2979247,2979450,67,rpmI,50S ribosomal protein L35
LIC10363,66.85,116.51,0.57,0.261550737,1,+,410178,411362,394,ivd,isovaleryl-CoA dehydrogenase
LIC12240,66.82,52.71,1.27,0.807681938,1,-,2705786,2706250,154,-,chemotaxis protein
LIC11061,66.69,37.19,1.79,0.265663047,1,+,1306896,1309742,948,ftsK,cell division protein
LIC11546,66.67,61.98,1.08,0.8974382,1,+,1908675,1909640,321,ptsK,HPr kinase/phosphorylase
LIC11827,66.67,68.04,0.98,1,1,-,2221285,2222157,290,-,lipopolysaccharide biosynthesis glycosyltransferase
LIC11935,66.66,76.86,0.87,0.834187215,1,+,2338759,2340417,552,-,hypothetical protein
LIC12703,66.58,93.78,0.71,0.73500712,1,-,3288824,3289753,309,truB,tRNA pseudouridine synthase B
LIC12111,66.57,113.84,0.58,0.298083182,1,-,2553212,2553523,103,rpsR,30S ribosomal protein S18
LIC12174,66.48,37.51,1.77,0.410487823,1,-,2627553,2628188,211,-,acetyl transferase
LIC10162,66.46,77.78,0.85,0.837615719,1,+,193574,194968,464,fumC,fumarate hydratase
LIC11271,66.40,108.71,0.61,0.414463053,1,-,1571527,1572345,272,-,hypothetical protein
LIC12742,66.33,67.46,0.98,0.993284244,1,+,3338918,3339478,186,nuoB,NADH dehydrogenase subunit B
LIC10632,66.27,104.07,0.64,0.517128082,1,+,771302,772525,407,-,hypothetical protein
LIC11176,66.20,27.19,2.44,0.064774009,1,+,1445966,1447033,355,-,hypothetical protein
LIC10843,66.19,57.97,1.14,0.89251306,1,+,1022521,1023333,270,dapB,dihydrodipicolinate reductase
LIC12855,66.12,108.40,0.61,0.219999253,1,-,3460824,3461003,59,rpmD,50S ribosomal protein L30
LIC12409,65.97,22.33,2.95,0.063417163,1,+,2921290,2921366,77,tRNA-Met-CAT-3,Met tRNA
LIC12860,65.64,93.69,0.70,0.698828807,1,-,3462883,3463068,61,rpsN,30S ribosomal protein S14
LIC11423,65.57,74.16,0.88,0.728997884,1,+,1750506,1750901,131,-,glycine rich RNA-binding protein
LIC11946,65.46,65.95,0.99,1,1,-,2355975,2356646,223,-,hypothetical protein
LIC20113,65.24,69.65,0.94,0.97193278,2,-,135874,136425,183,-,hypothetical protein
LIC11862,65.12,80.18,0.81,0.848117213,1,-,2256349,2257548,399,-,hypothetical protein
LIC13084,65.06,23.96,2.72,0.020251931,1,-,3769620,3770363,247,-,hypothetical protein
LIC11578,65.06,81.55,0.80,0.844358791,1,+,1938023,1939645,540,-,hypothetical protein
LIC13345,64.99,55.91,1.16,0.827205443,1,-,4100683,4102248,521,gltX,glutamyl-tRNA synthetase
LIC20020,64.98,43.52,1.49,0.728997884,2,+,20842,21759,305,-,hypothetical protein
LIC10547,64.96,40.84,1.59,0.508945176,1,+,669535,670578,347,-,lipoprotein
LIC12185,64.86,45.20,1.43,0.664343477,1,-,2639111,2639410,99,fcI,fucose synthetase
LIC11720,64.81,40.38,1.60,0.467595176,1,-,2095430,2097037,535,-,hypothetical protein
LIC10717,64.69,53.30,1.21,0.748189301,1,-,870588,872171,527,-,carbon-nitrogen hydrolase
LIC10916,64.65,88.65,0.73,0.837615719,1,+,1099592,1100551,319,ispB,octaprenyl diphosphate synthase
LIC14004,64.57,55.77,1.16,0.832503031,1,+,598786,599316,176,-,hypothetical protein
LIC12970,64.57,77.87,0.83,0.914430851,1,-,3607634,3608863,409,ftsA,hypothetical protein
LIC11110,64.55,49.92,1.29,0.700782792,1,-,1371949,1372863,304,-,histidine kinase response regulator hybrid protein
LIC12654,64.44,48.20,1.34,0.704295306,1,+,3218605,3219234,209,-,LexA family transcriptional repressor
LIC11488,64.28,82.56,0.78,0.936871247,1,-,1836551,1837015,154,cheX,chemotaxis protein
LIC11971,64.27,45.09,1.43,0.621830944,1,+,2376430,2377002,190,-,hypothetical protein
LIC12193,64.26,67.75,0.95,1,1,-,2645462,2646256,264,-,hypothetical protein
LIC11197,64.19,119.29,0.54,0.245322991,1,+,1473286,1473690,134,-,hypothetical protein
LIC11554,64.18,56.83,1.13,0.700782792,1,+,1917880,1918527,215,rpe,ribulose-5-phosphate 3-epimerase
LIC10431,64.02,70.79,0.90,0.997490807,1,+,491408,491971,187,-,peptidyl-tRNA hydrolase
LIC11247,63.88,47.48,1.35,0.523223731,1,+,1539649,1541805,718,-,cGMP-specific phosphodiesterase
LIC11318,63.70,75.94,0.84,0.837615719,1,-,1627295,1628476,393,amaA,N-acyl-L-amino acid amidohydrolase
LIC12164,63.64,64.81,0.98,1,1,-,2615181,2616044,287,-,hypothetical protein
LIC10786,63.50,42.11,1.51,0.324033529,1,+,954186,954380,64,-,hypothetical protein
LIC13092,63.42,83.32,0.76,0.611226625,1,+,3782690,3783562,290,pfaP,PfaP
LIC10879,63.27,81.81,0.77,0.731617711,1,+,1063032,1063511,159,-,lipoprotein
LIC10445,63.26,63.33,1.00,0.939013086,1,-,508027,509859,610,glmS,glucosamine--fructose-6-phosphate aminotransferase
LIC10269,63.17,87.41,0.72,0.700782792,1,-,305683,306738,351,-,cyclic nucleotide binding protein
LIC10452,63.13,50.40,1.25,0.704295306,1,+,514668,515363,231,-,glycosyltransferase
LIC10606,63.09,48.96,1.29,0.908662034,1,-,741539,742057,172,dps,DNA-binding stress protein
LIC13330,63.07,80.79,0.78,0.826940818,1,-,4086177,4086587,136,-,response regulator
LIC12863,62.99,109.54,0.58,0.409865607,1,-,3463999,3464391,130,rplN,50S ribosomal protein L14
LIC12097,62.83,43.15,1.46,0.589901823,1,+,2535790,2536923,377,-,histidine kinase sensor protein
LIC11741,62.68,73.33,0.85,0.771055048,1,-,2126077,2127462,461,tldD,hypothetical protein
LIC12076,62.51,42.08,1.49,0.562147754,1,-,2513704,2513967,87,-,hypothetical protein
LIC20062,62.39,43.67,1.43,0.852829187,2,+,67981,68259,92,hisE,phosphoribosyl-ATP pyrophosphatase
LIC12695,62.21,67.90,0.92,0.992532223,1,-,3280095,3281420,441,-,hypothetical protein
LIC12396,62.15,45.35,1.37,0.574233932,1,-,2902138,2902857,239,-,hypothetical protein
LIC20079,62.15,34.52,1.80,0.191737034,2,+,89587,90396,269,nagD,haloacid dehalogenase-like protein
LIC11607,62.07,108.94,0.57,0.235646352,1,+,1967615,1968658,347,mrp,cell division ATPase
LIC10740,62.00,50.44,1.23,0.804293288,1,+,902228,903019,263,-,hypothetical protein
LIC10237,61.98,58.74,1.06,0.85969172,1,+,272901,274118,405,-,cyclic nucleotide binding protein
LIC12072,61.89,56.90,1.09,1,1,-,2510737,2511387,216,lipB,lipoate protein ligase B
LIC12964,61.68,89.84,0.69,0.681167841,1,-,3601920,3602906,328,nadA,quinolinate synthetase
LIC10976,61.59,27.67,2.23,0.089777415,1,+,1182095,1183198,367,-,hypothetical protein
LIC10089,61.54,54.23,1.13,1,1,+,105286,106011,241,-,hypothetical protein
LIC13086,61.45,170.27,0.36,0.00211441,1,+,3772523,3773833,436,-,hypothetical protein
LIC11425,61.42,23.10,2.66,0.082197793,1,+,1751396,1752517,373,-,histidine kinase sensor protein
LIC13315,61.37,59.69,1.03,0.919383283,1,-,4063658,4064386,242,-,ABC transporter permease
LIC11514,61.30,56.10,1.09,0.968750525,1,+,1870683,1871051,122,-,hypothetical protein
LIC11261,61.20,68.31,0.90,0.941196745,1,+,1557030,1558973,647,-,penicillin-binding protein
LIC11024,61.20,94.95,0.64,0.517128082,1,-,1255359,1256354,331,-,glycosyltransferase
LIC12404,60.99,81.62,0.75,0.671499114,1,-,2913321,2914697,458,dsbD,disulfide interchange transmembrane protein
LIC11365,60.93,47.03,1.30,0.648614759,1,+,1681148,1682344,398,erg3,C-5 sterol desaturase
LIC12451,60.92,99.80,0.61,0.439225583,1,-,2969109,2970215,368,pheA,chorismate mutase and prephenate dehydratase
LIC13364,60.84,69.49,0.88,0.897017735,1,-,4126572,4127483,303,-,hypothetical protein
LIC10102,60.79,56.92,1.07,0.969278415,1,-,121705,122769,354,prfA,peptide chain release factor 1
LIC12151,60.74,59.44,1.02,1,1,-,2600054,2601145,363,rfbG,"CDP-glucose 4,6-dehydratase"
LIC11986,60.71,31.82,1.91,0.235749526,1,+,2392461,2394056,531,-,hypothetical protein
LIC12565,60.70,59.36,1.02,0.989812781,1,+,3110859,3112136,425,purA,adenylosuccinate synthetase
LIC13201,60.65,77.94,0.78,0.862038838,1,-,3924332,3928528,"1,398",-,adenylate/guanylate cyclase
LIC11105,60.52,64.01,0.95,1,1,-,1363559,1366936,"1,125",mcm1,methylmalonyl-CoA mutase
LIC11674,60.47,57.21,1.06,0.993048785,1,-,2036838,2038529,563,-,alkylglycerone-phosphate synthase
LIC10043,60.43,46.95,1.29,0.722254306,1,+,52070,53767,565,aer,Aer
LIC13111,60.36,50.82,1.19,0.834450188,1,-,3805797,3808106,769,-,histidine kinase sensor protein
LIC10969,60.28,46.32,1.30,0.930367289,1,+,1168252,1169424,390,-,alpha-methylacyl-CoA racemase
LIC20127,60.26,67.95,0.89,1,2,-,150151,151644,497,cobJ,precorrin-3 C-17 methylase
LIC10679,60.23,63.49,0.95,1,1,+,823415,824272,285,hemH,phosphoribosylaminoimidazole-succinocarboxamide synthase
LIC11747,60.00,74.26,0.81,0.833633828,1,+,2132880,2134817,645,ydiD,long-chain-fatty-acid CoA ligase
LIC12060,59.95,45.52,1.32,0.610807406,1,-,2493296,2496220,974,-,histidine kinase response regulator hybrid protein
LIC11196,59.94,102.53,0.58,0.518452344,1,+,1472822,1473289,155,-,hypothetical protein
LIC13311,59.73,92.13,0.65,0.574233932,1,-,4058545,4059942,465,mpl,UDP-n-acetylmuramate:l-alanyl-gamma-d-glutamyl-meso- diaminopimelate ligase
LIC10739,59.72,58.89,1.01,1,1,+,901162,902253,363,amiA,N-acetylmuramoyl-L-alanine amidase
LIC12155,59.72,46.34,1.29,0.752920893,1,-,2606023,2606796,257,-,inositol monophosphatase
LIC12750,59.70,71.89,0.83,1,1,+,3345130,3347079,649,nuoL,NADH dehydrogenase I subunit L
LIC12539,59.69,64.74,0.92,0.991660653,1,-,3078648,3079394,248,-,hypothetical protein
LIC11973,59.64,44.22,1.35,0.734680948,1,+,2377490,2378827,445,tetA,tetracycline resistance protein
LIC11371,59.58,44.51,1.34,0.758943963,1,+,1688165,1688986,273,fliO,hypothetical protein
LIC10239,59.52,38.14,1.56,0.410960108,1,+,275653,276423,256,-,hypothetical protein
LIC20102,59.39,124.68,0.48,0.054286492,2,+,118019,119245,408,traB,pheromone shutdown protein
LIC20025,59.35,24.62,2.41,0.047271577,2,+,25023,25382,119,-,cyclic nucleotide binding protein
LIC10206,59.34,61.66,0.96,0.87195047,1,+,235975,236178,67,-,hypothetical protein
LIC10158,59.29,81.65,0.73,0.744033226,1,+,187325,188035,236,-,hypothetical protein
LIC12490,59.18,88.36,0.67,0.563022521,1,-,3016639,3017259,206,-,RNA polymerase ECF-type sigma factor
LIC11394,59.16,48.97,1.21,0.751021051,1,+,1712314,1713237,307,fliH,flagellar assembly protein H
LIC10993,59.11,63.75,0.93,1,1,+,1207792,1210404,870,kdpD,histidine kinase sensor protein
LIC10079,58.98,39.62,1.49,0.634046274,1,-,97126,97659,177,-,hypothetical protein
LIC11952,58.94,61.03,0.97,0.993193386,1,-,2359936,2360436,166,-,hypothetical protein
LIC10690,58.93,74.65,0.79,0.848117213,1,+,834942,837164,740,-,hypothetical protein
LIC12569,58.90,68.74,0.86,0.893918946,1,-,3114656,3116551,631,-,hypothetical protein
LIC10868,58.87,40.24,1.46,0.822017048,1,+,1046489,1047883,464,-,hypothetical protein
LIC10251,58.63,18.19,3.22,0.004053578,1,-,285742,288057,771,-,Rad50-like protein
LIC11850,58.62,24.36,2.41,0.008142675,1,+,2244055,2244828,257,-,16S ribosomal RNA methyltransferase RsmE
LIC11402,58.59,65.02,0.90,0.941721053,1,-,1722708,1724813,701,feoB,ferrous iron transport protein b
LIC12536,58.42,85.65,0.68,0.728997884,1,-,3074366,3075766,466,ribD,hypothetical protein
LIC12957,58.35,53.06,1.10,0.848117213,1,-,3589319,3590479,386,-,hypothetical protein
LIC11780,58.35,92.74,0.63,0.46161212,1,-,2171924,2173054,376,bioF,8-amino-7-oxononanoate synthase
LIC20303,58.32,42.83,1.36,0.662101431,2,+,294542,294742,66,-,hypothetical protein
LIC11276,58.23,77.79,0.75,0.767325049,1,+,1575657,1576454,265,-,fatty acyltransferase
LIC10678,58.19,52.85,1.10,0.907471287,1,+,822285,823418,377,-,response regulator
LIC11794,58.15,62.85,0.93,1,1,+,2187301,2188722,473,-,alginate O-acetyltransferase protein
LIC12035,58.05,35.54,1.63,0.397235039,1,+,2456309,2457172,287,flhO,hook protein
LIC12864,57.89,69.42,0.83,0.906979471,1,-,3464393,3464662,89,rpsQ,30S ribosomal protein S17
LIC11444,57.85,77.29,0.75,0.719164003,1,+,1780063,1781055,330,-,response regulator
LIC13328,57.80,69.80,0.83,0.785396286,1,+,4083538,4085004,488,-,isocitrate dehydrogenase
LIC12320,57.77,49.82,1.16,0.912951202,1,-,2798006,2798776,256,-,3-oxoacyl-[acyl-carrier protein] reductase
LIC11928,57.73,66.57,0.87,0.959432864,1,-,2331150,2332652,500,-,FAD-binding oxidoreductase
LIC12246,57.61,74.61,0.77,0.636507589,1,-,2709428,2710321,297,miaA,tRNA delta(2)-isopentenylpyrophosphate transferase
LIC12759,57.61,31.33,1.84,0.523223731,1,-,3356953,3358224,423,-,hypothetical protein
LIC12102,57.58,57.45,1.00,0.973816149,1,-,2542518,2544308,596,argS,arginyl-tRNA synthetase
LIC10023,57.56,31.34,1.84,0.111824784,1,+,28185,29198,337,fliG,flagellar motor switch protein G
LIC12181,57.51,46.96,1.22,0.974334276,1,-,2634690,2635118,142,-,hypothetical protein
LIC10317,57.38,35.50,1.62,0.446557902,1,+,361249,361686,145,rpiB,ribose 5-phosphate isomerase B
LIC11266,57.35,44.85,1.28,0.645820574,1,+,1563574,1563984,136,-,6-pyruvoyl tetrahydrobiopterin synthase
LIC10475,57.23,84.51,0.68,0.758832032,1,-,550361,550621,86,-,RNA-binding protein
LIC11710,57.20,55.43,1.03,0.953945329,1,-,2079062,2081593,843,mgtB,ATPase P
LIC11046,57.20,64.30,0.89,0.836965101,1,+,1286646,1287848,400,-,hypothetical protein
LIC12591,57.18,52.25,1.09,0.936615403,1,+,3138750,3141404,884,pepN,aminopeptidase N
LIC13153,57.16,50.14,1.14,0.848117213,1,-,3865744,3866715,323,-,UDP-glucose 4-epimerase
LIC11393,57.14,43.62,1.31,0.612680964,1,+,1711339,1712310,323,-,hypothetical protein
LIC10245,57.06,44.57,1.28,0.740239958,1,-,280557,282458,633,-,adenylate/guanylate cyclase
LIC13096,57.04,36.95,1.54,0.473738362,1,+,3786601,3786675,75,tRNA-Pro-TGG,Pro tRNA
LIC11435,56.82,39.55,1.44,0.612680964,1,-,1766290,1767414,374,-,hypothetical protein
LIC11668,56.66,44.86,1.26,0.777490411,1,-,2030366,2031646,426,-,hypothetical protein
LIC11221,56.61,106.25,0.53,0.206772744,1,+,1506718,1510293,"1,191",-,histidine kinase sensor protein
LIC13168,56.48,74.65,0.76,0.836965101,1,-,3878864,3879886,340,gmd,"GDP-mannose 4,6-dehydratase"
LIC11064,56.36,42.27,1.33,0.719164003,1,-,1314005,1315021,338,-,membrane associated metalloendopeptidase
LIC13143,56.15,34.59,1.62,0.385290749,1,-,3852654,3853988,444,tlyC,hemolysin
LIC10144,56.15,71.64,0.78,0.844358791,1,+,173425,173949,174,-,RNA polymerase ECF-type sigma factor
LIC10301,56.13,36.75,1.53,0.204984625,1,+,342722,343063,113,-,lipoprotein
LIC12676,56.11,115.48,0.49,0.024231496,1,+,3239403,3241376,657,-,hypothetical protein
LIC10142,56.10,54.77,1.02,1,1,+,171882,172409,175,nuoI,NADH dehydrogenase II subunit
LIC12189,56.04,43.77,1.28,0.848117213,1,-,2642892,2643419,175,-,hypothetical protein
LIC12724,55.96,36.16,1.55,0.382676152,1,+,3316322,3316849,175,-,hypothetical protein
LIC12184,55.95,31.80,1.76,0.461480152,1,-,2638448,2638963,171,-,acetyl transferase
LIC11483,55.95,69.74,0.80,0.793546264,1,-,1830772,1832490,572,-,hypothetical protein
LIC20011,55.93,136.74,0.41,0.014931806,2,+,9785,11116,443,hemL,glutamate-1-semialdehyde aminotransferase
LIC12167,55.65,58.75,0.95,0.987027574,1,-,2618427,2619056,209,-,CMP-N-acetlyneuraminic acid synthetase
LIC11602,55.63,76.09,0.73,0.704295306,1,+,1962812,1964317,501,-,hypothetical protein
LIC12078,55.61,55.69,1.00,0.969234872,1,+,2514227,2515804,525,-,hypothetical protein
LIC12787,55.56,46.46,1.20,0.878048573,1,-,3392721,3393053,110,-,anti-sigma factor antagonist
LIC13412,55.51,54.43,1.02,1,1,+,4183043,4185472,809,plsB,glycerol-3-phosphate acyltransferase
LIC12392,55.50,65.21,0.85,0.907854507,1,-,2898330,2899832,500,nylA,6-aminohexanoate-cyclic-dimer hydrolase
LIC10429,55.38,54.00,1.03,0.848117213,1,+,489767,490705,312,prs,ribose-phosphate pyrophosphokinase
LIC11280,55.29,72.60,0.76,0.589645388,1,+,1579160,1580872,570,prfC,peptide chain release factor 3
LIC11652,55.23,56.66,0.97,0.985177549,1,-,2017973,2018617,214,tal,translaldolase
LIC11167,55.21,24.62,2.24,0.02034973,1,+,1436055,1437209,384,-,lipoprotein
LIC11070,55.19,40.67,1.36,0.636507589,1,-,1322318,1323484,388,-,alcohol dehydrogenase
LIC13147,55.18,54.76,1.01,0.977157254,1,+,3858733,3859734,333,-,hypothetical protein
LIC12149,55.16,42.66,1.29,0.789961851,1,-,2598646,2599608,320,galE,UDP-glucose 4-epimerase
LIC11132,55.13,55.65,0.99,1,1,-,1397604,1399031,475,pykA,pyruvate kinase
LIC20002,55.11,93.84,0.59,0.658695925,2,+,2491,3423,310,metF,"5,10 methylene tetrahydrofolate reductase"
LIC12925,55.10,60.28,0.91,1,1,+,3552803,3554083,426,-,citrate synthase
LIC10587,55.06,32.95,1.67,0.440458554,1,-,714312,715418,368,-,glycosyl transferase
LIC20144,55.05,82.89,0.66,0.617430837,2,+,171878,173461,527,-,HtrA1-like protein
LIC10472,55.04,34.89,1.58,0.388336219,1,-,544669,545949,426,purD,phosphoribosylamine--glycine ligase
LIC10909,54.97,29.11,1.89,0.235635362,1,-,1092721,1093137,138,-,hypothetical protein
LIC12958,54.96,54.03,1.02,0.998042048,1,-,3590486,3590767,93,-,hypothetical protein
LIC12708,54.96,81.44,0.67,0.539932184,1,+,3294811,3295989,392,-,hypothetical protein
LIC11533,54.91,63.33,0.87,0.933770306,1,+,1895975,1896286,103,-,hypothetical protein
LIC2nc40,54.85,23.52,2.33,0.080134126,2,NA,348946,349168,223,,
LIC12922,54.78,47.90,1.14,0.959432864,1,+,3547209,3548297,362,-,hypothetical protein
LIC13263,54.76,44.33,1.24,0.725572053,1,+,4001129,4002295,388,rnD,ribonuclease D
LIC12249,54.75,31.66,1.73,0.457536121,1,-,2711897,2712916,339,-,hypothetical protein
LIC11091,54.75,57.12,0.96,0.987153345,1,-,1346432,1346917,161,-,hypothetical protein
LIC11920,54.72,30.28,1.81,0.413555856,1,+,2317742,2318911,389,-,hypothetical protein
LIC11325,54.66,34.91,1.57,0.366457018,1,+,1636084,1636974,296,flgA,flagella basal body P-ring formation protein precursor
LIC12775,54.62,64.83,0.84,0.946952964,1,-,3380913,3381239,108,-,hypothetical protein
LIC13391,54.62,25.44,2.15,0.220032027,1,+,4155223,4155459,78,-,hypothetical protein
LIC11150,54.62,47.10,1.16,0.777794143,1,+,1418897,1419709,270,-,nonspecific acid phosphatase precursor
LIC20100,54.58,70.55,0.77,0.785396286,2,-,116484,117335,283,-,hypothetical protein
LIC11869,54.41,33.13,1.64,0.342575795,1,-,2264363,2265367,334,mraW,S-adenosyl-methyltransferase
LIC10528,54.41,22.08,2.46,0.019939662,1,+,637791,639599,602,pbpB,Pbp3
LIC11154,54.37,40.22,1.35,0.777490411,1,+,1423318,1423929,203,-,transcriptional regulator
LIC11375,54.36,46.89,1.16,0.846137378,1,+,1690856,1692805,649,flhB,flagellar biosynthesis protein FlhB
LIC10454,54.26,18.96,2.86,0.045331356,1,-,517537,518316,259,-,hypothetical protein
LIC11594,54.17,45.10,1.20,0.848117213,1,+,1953230,1953871,213,-,hypothetical protein
LIC11050,54.15,73.24,0.74,0.779551377,1,+,1291814,1293163,449,ank3,ankyrin
LIC12141,54.06,54.58,0.99,1,1,-,2587626,2588660,344,-,UDP-glucose 4-epimerase
LIC12100,54.01,42.32,1.28,0.668162315,1,-,2540186,2541265,359,-,hypothetical protein
LIC11691,53.97,50.34,1.07,0.942729818,1,-,2054053,2055561,502,mcp-2,methyl-accepting chemotaxis protein
LIC12796,53.97,46.01,1.17,0.853291088,1,-,3403660,3404520,286,-,hypothetical protein
LIC10140,53.88,65.93,0.82,0.895475524,1,+,168502,169644,380,aroC,chorismate synthase
LIC10241,53.79,24.58,2.19,0.151957875,1,+,277184,277879,231,-,hypothetical protein
LIC11312,53.77,52.71,1.02,0.956051834,1,+,1619480,1620511,343,rfaC2,lipopolysaccharide heptosyltransferase II
LIC11591,53.73,73.70,0.73,0.728997884,1,-,1950228,1951496,422,xseA,exodeoxyribonuclease VII large subunit
LIC20047,53.71,79.55,0.68,0.688288083,2,+,48178,49776,532,-,hypothetical protein
LIC20143,53.58,96.93,0.55,0.388336219,2,+,170349,171863,504,htrA1,HtrA1
LIC11702,53.54,106.29,0.50,0.299360398,1,-,2069283,2071079,598,dnaG,DNA primase
LIC12153,53.47,45.07,1.19,0.869687684,1,-,2603811,2604809,332,-,D-3-phosphoglycerate dehydrogenase
LIC11577,53.44,60.80,0.88,0.969266305,1,+,1936842,1938017,391,-,type II secretion pathway related protein etpK-like protein
LIC10623,53.38,35.36,1.51,0.457536121,1,+,761189,762016,275,motB,flagellar motor protein MotB
LIC20031,53.38,60.59,0.88,0.968061751,2,+,30234,31058,274,-,short-chain dehydrogenase
LIC10115,53.25,58.08,0.92,1,1,+,132061,133275,404,-,hypothetical protein
LIC11313,53.18,52.36,1.02,0.907891248,1,+,1620508,1621797,429,pepP,aminopeptidase P
LIC10572,53.12,57.87,0.92,0.879673026,1,+,697215,697826,203,-,hypothetical protein
LIC20185,53.06,41.05,1.29,0.874540274,2,-,235359,236060,233,-,hypothetical protein
LIC10128,53.05,76.68,0.69,0.577097006,1,+,153042,153389,115,-,hypothetical protein
LIC13152,53.02,28.69,1.85,0.322164829,1,+,3865009,3865743,244,dac,D-alanyl-D-alanine carboxypeptidase
LIC10165,52.91,57.70,0.92,0.844358791,1,-,196365,196787,140,-,hypothetical protein
LIC13480,52.87,48.32,1.09,0.90318972,1,-,4255880,4257133,417,serS,seryl-tRNA synthetase
LIC12648,52.75,20.79,2.54,0.086450117,1,-,3210464,3211033,189,btuE,glutathione peroxidase
LIC20032,52.61,38.00,1.38,0.648614759,2,+,31068,31490,140,-,hypothetical protein
LIC11897,52.53,60.43,0.87,0.939594161,1,+,2294415,2295398,327,acoA,pyruvate dehydrogenase alpha2 subunit protein
LIC12934,52.52,73.42,0.72,0.417673953,1,-,3565357,3566349,330,manA,mannose-6-phosphate isomerase
LIC11694,52.49,3.53,14.85,2.26E-13,1,+,2058318,2060726,802,-,TonB-dependent outer membrane receptor
LIC11350,52.39,49.85,1.05,0.996409467,1,-,1663262,1665022,586,-,acyl-CoA dehydrogenase
LIC20133,52.29,54.19,0.96,1,2,-,156553,157302,249,-,ferredoxin-like protein
LIC12263,52.26,19.58,2.67,0.008811801,1,-,2733833,2734828,331,-,hypothetical protein
LIC12438,52.26,38.60,1.35,0.836965101,1,+,2958782,2959333,183,-,transcriptional regulator
LIC11517,52.23,104.20,0.50,0.21450995,1,+,1874272,1875939,555,accA2,acetyl-CoA carboxylase subunit alpha
LIC11823,52.16,52.78,0.99,0.889888375,1,-,2217701,2219164,487,-,hypothetical protein
LIC11629,52.12,58.08,0.90,1,1,+,1994379,1994876,165,dsbA,thiol:disulfide interchange protein
LIC10602,51.99,72.22,0.72,0.583881669,1,-,734918,735847,309,pldB,lysophospholipase
LIC20115,51.98,76.03,0.68,0.443618101,2,-,137601,138122,173,-,RNA polymerase ECF-type sigma factor
LIC12504,51.97,24.17,2.15,0.204984625,1,-,3032482,3032871,129,-,response regulator
LIC11568,51.94,45.42,1.14,0.818603943,1,+,1927746,1928756,336,-,membrane peptidase
LIC20015,51.78,92.19,0.56,0.34148676,2,+,13749,15080,443,hemN,coproporphyrinogen III oxidase
LIC11189,51.62,28.36,1.82,0.21450995,1,+,1464048,1466030,660,-,hypothetical protein
LIC11006,51.51,41.53,1.24,0.822017048,1,-,1224172,1224654,160,-,Fur family transcriptional regulator
LIC10063,51.38,38.71,1.33,0.525199231,1,+,79879,83085,"1,068",-,histidine kinase sensor protein
LIC11836,51.37,43.30,1.19,0.806167735,1,-,2231806,2232831,341,fliM,flagellar motor switch protein FliM
LIC10074,51.22,78.92,0.65,0.645820574,1,+,92703,93548,281,dapF,diaminopimelate epimerase
LIC20191,51.15,79.73,0.64,0.407936223,2,-,243091,245055,654,-,hypothetical protein
LIC12618,51.07,60.14,0.85,0.859756555,1,-,3167254,3168522,422,lysA,diaminopimelate decarboxylase
LIC10428,50.88,80.95,0.63,0.634725516,1,+,489012,489770,252,glmU,UDP-N-acetylglucosamine pyrophosphorylase
LIC11382,50.87,32.26,1.58,0.658441543,1,+,1700635,1700988,117,-,hypothetical protein
LIC11950,50.79,50.77,1.00,1,1,-,2358962,2359318,118,-,hypothetical protein
LIC11433,50.71,42.32,1.20,0.846380331,1,+,1762262,1763731,489,-,histidine kinase sensor protein
LIC12725,50.67,43.08,1.18,0.728997884,1,+,3316849,3317649,266,-,3-hydroxybutyryl-CoA dehydratase
LIC11075,50.66,34.10,1.49,0.6209083,1,-,1327258,1329186,642,nadE,NH(3)-dependent NAD(+) synthetase
LIC11523,50.55,44.98,1.12,0.935400146,1,-,1881579,1884509,976,mcp,chemotaxis protein
LIC12157,50.52,51.14,0.99,0.919383283,1,-,2607840,2608595,251,-,3-deoxy-manno-octulosonate cytidylyltransferase
LIC13442,50.35,17.38,2.90,0.054286492,1,-,4218825,4219322,165,gpo,glutathione peroxidase
LIC10561,50.34,32.75,1.54,0.637005873,1,+,686735,687625,296,-,hypothetical protein
LIC10582,50.32,59.78,0.84,0.996409467,1,-,707696,709117,473,trpE,anthranilate synthase component I
LIC13414,50.20,23.73,2.12,0.097872161,1,-,4187830,4188873,347,-,hypothetical protein
LIC11774,50.15,48.36,1.04,0.910253321,1,+,2164144,2166690,848,mutS,DNA mismatch repair protein MutS
LIC13331,50.11,60.24,0.83,0.848117213,1,-,4086571,4088130,519,-,histidine kinase sensor protein
LIC20094,50.10,71.94,0.70,0.740239958,2,+,109614,111380,588,-,adenylate/guanylate cyclase
LIC12984,50.08,51.21,0.98,0.728997884,1,-,3622708,3623001,97,-,hypothetical protein
LIC13257,50.06,68.78,0.73,0.58679892,1,-,3994570,3995592,340,-,NADH oxidoreductase
LIC11327,50.04,30.87,1.62,0.485079469,1,+,1637969,1639069,366,flgI,flagellar basal body P-ring protein
LIC10519,50.02,83.85,0.60,0.339036709,1,+,624912,627449,845,-,hypothetical protein
LIC12321,49.95,34.98,1.43,0.56176024,1,-,2799131,2799994,287,-,hypothetical protein
LIC13371,49.90,56.63,0.88,0.858580296,1,-,4133958,4134875,305,cysD,sulfate adenylyltransferase subunit 2
LIC10766,49.87,62.49,0.80,0.740239958,1,-,931865,932299,144,-,hypothetical protein
LIC10532,49.81,30.40,1.64,0.327928442,1,-,644712,646592,626,-,ABC transporter ATP-binding protein
LIC20131,49.80,49.42,1.01,0.939594161,2,-,154778,155449,223,cobH,precorrin isomerase
LIC12074,49.77,43.62,1.14,0.959432864,1,+,2511945,2512295,116,panD,aspartate alpha-decarboxylase
LIC20124,49.67,36.36,1.37,0.562147754,2,-,147476,148840,454,cobB,"cobyrinic acid a,c-diamide synthase"
LIC10012,49.63,34.97,1.42,0.620373268,1,+,15855,17462,535,-,hypothetical protein
LIC11768,49.61,51.06,0.97,0.959432864,1,+,2160509,2161585,358,leuB,3-isopropylmalate dehydrogenase
LIC13176,49.60,31.20,1.59,0.443338548,1,-,3888014,3889081,355,tas,hypothetical protein
LIC12645,49.58,45.56,1.09,0.972872065,1,-,3204530,3206089,519,-,hypothetical protein
LIC12851,49.48,64.81,0.76,0.850960517,1,-,3458077,3458295,72,infA,translation initiation factor IF-1
LIC11663,49.46,76.05,0.65,0.538486229,1,+,2025936,2027081,381,dgt,deoxyguanosinetriphosphate triphosphohydrolase
LIC20092,49.43,59.08,0.84,0.902234546,2,-,106836,108578,580,-,hypothetical protein
LIC20043,49.41,48.25,1.02,1,2,+,43426,45069,547,batD,BatD
LIC10622,49.31,39.63,1.24,0.704295306,1,+,760391,761173,260,motA,motility protein A
LIC11736,49.21,36.40,1.35,0.734680948,1,-,2114536,2115723,395,-,hypothetical protein
LIC12142,49.20,27.06,1.82,0.327928442,1,-,2589178,2590323,381,-,glycosyl transferase
LIC12350,49.17,76.47,0.64,0.422395831,1,+,2844717,2846111,464,glyS,glycyl-tRNA synthetase
LIC11867,48.90,31.13,1.57,0.508945176,1,-,2262505,2264025,506,murE,"UDP-N-acetylmuramoylalanyl-D-glutamate--2,6-diaminopimelate ligase"
LIC10001,48.89,23.06,2.12,0.106881298,1,+,292,1623,443,dnaA,chromosomal replication initiator protein
LIC10968,48.87,14.21,3.44,0.002810248,1,-,1166708,1167784,358,-,lipoprotein
LIC11800,48.74,59.74,0.82,0.900998715,1,-,2193789,2194745,318,-,hypothetical protein
LIC20021,48.74,37.20,1.31,0.893918946,2,+,21752,22459,235,-,hypothetical protein
LIC13282,48.68,67.84,0.72,0.700782792,1,-,4024999,4027044,681,lig,NAD dependent DNA ligase
LIC10848,48.64,63.83,0.76,0.706383573,1,+,1025836,1026213,125,-,hypothetical protein
LIC20196,48.62,33.36,1.46,0.699521704,2,+,249924,250442,172,-,hypothetical protein
LIC13145,48.53,42.31,1.15,0.959236409,1,-,3856799,3857806,335,gpsA,NAD(P)H-dependent glycerol-3-phosphate dehydrogenase
LIC11979,48.39,41.27,1.17,0.834895048,1,-,2384769,2385578,269,-,hypothetical protein
LIC20098,48.36,72.79,0.66,0.440458554,2,-,114933,115832,299,-,phage-related integrase/recombinase
LIC13281,48.29,53.84,0.90,0.956051834,1,-,4022356,4023960,534,-,acyl-CoA dehydrogenase
LIC11898,48.25,45.64,1.06,0.968061751,1,+,2295398,2296372,324,acoB,pyruvate dehydrogenase subunit beta
LIC10845,48.20,53.44,0.90,0.977157254,1,+,1024170,1025225,351,-,hypothetical protein
LIC12751,48.18,43.20,1.12,0.736293111,1,+,3347081,3348769,562,nuoM,NADH dehydrogenase I subunit M
LIC20273,48.18,56.03,0.86,0.978723091,2,-,345602,346972,456,-,putative transcriptional regulator
LIC10773,48.09,59.22,0.81,0.8974382,1,+,938916,940325,469,-,hypothetical protein
LIC12810,48.07,78.01,0.62,0.400999543,1,-,3415314,3416231,305,-,hypothetical protein
LIC20275,48.06,33.47,1.44,0.757837736,2,+,347953,348798,281,-,hypothetical protein
LIC11662,47.99,67.85,0.71,0.746773558,1,-,2025207,2025812,201,-,hypothetical protein
LIC20088,47.98,43.37,1.11,1,2,+,100789,102084,431,pfp,diphosphate--fructose-6-phosphate 1-phosphotransferase
LIC13224,47.93,24.04,1.99,0.277102645,1,-,3957426,3958757,443,glpT,glycerol-3-phosphate Pi antiporter
LIC13136,47.89,46.70,1.03,0.977157254,1,+,3845185,3846972,595,acd,acyl-CoA dehydrogenase
LIC10105,47.79,27.08,1.76,0.315841494,1,-,125107,126129,340,-,hypothetical protein
LIC20212,47.75,44.87,1.06,0.987027574,2,+,272715,273404,229,-,hypothetical protein
LIC12971,47.71,53.42,0.89,0.974886803,1,-,3608865,3609614,249,ftsQ,hypothetical protein
LIC20217,47.64,43.94,1.08,0.980707913,2,+,277821,278225,134,exbD,hypothetical protein
LIC20016,47.62,54.69,0.87,0.754909097,2,+,15160,16143,327,-,hypothetical protein
LIC12896,47.44,38.77,1.22,0.813449227,1,-,3498112,3507534,"3,140",-,hypothetical protein
LIC12445,47.37,60.30,0.79,0.848117213,1,-,2963090,2963710,206,hisG,ATP phosphoribosyltransferase catalytic subunit
LIC20238,47.17,154.49,0.31,0.00119036,2,-,301783,302649,288,speH,S-adenosylmethionine decarboxylase like protein
LIC10583,47.11,84.63,0.56,0.346793468,1,-,709204,710517,437,-,acyl-CoA dehydrogenase
LIC10715,47.05,36.72,1.28,0.953945329,1,+,866582,868984,800,-,thermolysin
LIC10270,46.94,39.53,1.19,0.887866199,1,-,306749,307999,416,-,chlorohydrolase
LIC12295,46.89,88.14,0.53,0.174116391,1,-,2769716,2771014,432,-,ABC transporter ATP-binding protein
LIC10150,46.89,34.30,1.37,0.627301294,1,+,179798,181051,417,avtA,valine--pyruvate transaminase
LIC11975,46.88,66.54,0.70,0.629969571,1,-,2379952,2381034,360,-,outer membrane protein
LIC11390,46.86,30.57,1.53,0.688744682,1,-,1706442,1707008,188,fliJ,hypothetical protein
LIC10846,46.84,53.53,0.88,0.919383283,1,+,1025222,1025602,126,acps,ACP synthase
LIC10451,46.80,25.57,1.83,0.330688205,1,+,513874,514665,263,-,hypothetical protein
LIC10268,46.75,50.83,0.92,0.993284244,1,-,305018,305683,221,-,cyclic nucleotide binding protein
LIC11837,46.74,25.44,1.84,0.214295025,1,-,2232828,2233805,325,-,hypothetical protein
LIC20121,46.64,46.21,1.01,0.894788811,2,-,143645,146236,863,cbiP,histidinol-phosphate aminotransferase and cobyric acid synthase
LIC12101,46.60,48.56,0.96,0.982949342,1,-,2541262,2542518,418,-,hypothetical protein
LIC10425,46.58,41.57,1.12,0.922789027,1,+,486553,487497,314,-,hypothetical protein
LIC13491,46.49,34.33,1.35,0.728997884,1,-,4266394,4267842,482,-,metallopeptidase
LIC10985,46.41,34.11,1.36,0.731617711,1,+,1191213,1192274,353,-,hypothetical protein
LIC10075,46.41,41.08,1.13,0.822870799,1,-,93555,94265,236,-,hypothetical protein
LIC11308,46.39,30.37,1.53,0.391722227,1,-,1615359,1616471,370,-,acetylglutamate kinase
LIC12333,46.39,36.15,1.28,0.731617711,1,+,2816692,2817714,340,-,hypothetical protein
LIC11510,46.35,80.83,0.57,0.277220311,1,-,1865972,1869214,"1,080",-,heavy metal efflux pump
LIC13150,46.33,48.85,0.95,0.996409467,1,+,3860811,3862985,724,-,ATP-dependent DNA helicase RecG
LIC11550,46.29,47.90,0.97,1,1,+,1913026,1913877,283,-,hypothetical protein
LIC11712,46.28,76.85,0.60,0.462502076,1,-,2083177,2084568,463,mgtE,magnesium transporter
LIC12992,46.23,16.44,2.81,0.004047432,1,-,3636410,3638662,750,sulP,sulfate permease
LIC12334,46.19,59.43,0.78,0.704295306,1,+,2818377,2819363,328,lplA,lipoate-protein ligase a
LIC10883,46.06,95.70,0.48,0.246019697,1,+,1069164,1069778,204,-,hypothetical protein
LIC11844,46.06,70.07,0.66,0.5931584,1,+,2238360,2239307,315,-,hypothetical protein
LIC13130,46.00,89.80,0.51,0.208455961,1,+,3832946,3835576,876,glnD,protein-PII uridylyltransferase
LIC20142,45.97,75.27,0.61,0.42987832,2,+,169778,170311,177,apt,adenine phosphoribosyltransferase
LIC10235,45.87,47.26,0.97,0.982949342,1,+,271675,271959,94,-,hypothetical protein
LIC20093,45.85,52.29,0.88,0.851734998,2,-,108571,109062,163,bcp,bacterioferritin comigratory protein
LIC12466,45.85,58.85,0.78,0.686203284,1,+,2983819,2984910,363,carA,carbamoyl phosphate synthase small subunit
LIC12521,45.78,41.12,1.11,0.837615719,1,-,3050958,3056237,"1,759",-,serine/threonine kinase
LIC11109,45.75,34.30,1.33,0.700782792,1,+,1370257,1371969,570,-,hypothetical protein
LIC13231,45.66,25.74,1.77,0.369428487,1,+,3966708,3968021,437,-,hypothetical protein
LIC12798,45.66,8.10,5.64,3.65E-05,1,+,3404779,3405393,204,-,TetR family transcriptional regulator
LIC12170,45.51,37.30,1.22,0.846380331,1,-,2622555,2623703,382,-,hypothetical protein
LIC13370,45.49,49.65,0.92,1,1,-,4132708,4133958,416,cysN,sulfate adenylyltransferase subunit 1
LIC11058,45.47,7.26,6.27,8.69E-07,1,-,1303317,1303913,198,lemA,lipoprotein
LIC12377,45.45,29.38,1.55,0.686203284,1,-,2881036,2882064,342,capA,capsule biosynthesis protein
LIC13220,45.34,42.71,1.06,1,1,-,3951011,3953857,948,hepA,ATP-dependent RNA helicase
LIC10825,45.31,30.83,1.47,0.56176024,1,+,997162,1004301,"2,379",-,hypothetical protein
LIC12408,45.31,38.05,1.19,0.915690369,1,+,2919712,2921229,505,-,hypothetical protein
LIC14003,45.30,46.40,0.98,1,1,-,2168316,2168492,58,-,hypothetical protein
LIC20101,45.27,55.79,0.81,0.848117213,2,-,117341,117892,183,cheD,hypothetical protein
LIC11560,45.15,29.45,1.53,0.431140632,1,+,1921387,1922082,231,rnhB,ribonuclease HII
LIC20274,44.92,36.95,1.22,0.813449227,2,+,347217,347969,250,-,hypothetical protein
LIC11698,44.88,40.42,1.11,0.996409467,1,-,2063977,2065194,405,tyrS,tyrosyl-tRNA synthetase
LIC12909,44.85,43.13,1.04,0.993365398,1,+,3531712,3532929,405,lysC,aspartate kinase
LIC12659,44.82,15.45,2.90,0.026574431,1,+,3222663,3222893,76,vapB,virulence-associated protein
LIC12127,44.63,33.75,1.32,0.820203343,1,-,2569315,2571063,582,-,glycosyl transferase
LIC14002,44.63,28.35,1.57,0.431759951,1,-,2738689,2739762,357,-,hypothetical protein
LIC11861,44.60,60.81,0.73,0.8036958,1,-,2255804,2256352,182,-,hypothetical protein
LIC12008,44.57,56.16,0.79,0.668162315,1,-,2416786,2417511,241,-,hypothetical protein
LIC12259,44.54,75.35,0.59,0.409865607,1,+,2727318,2730992,"1,224",-,hypothetical protein
LIC12469,44.52,79.64,0.56,0.224198558,1,+,2989495,2991306,603,-,HSP90 family protein
LIC12827,44.51,35.49,1.25,0.811267273,1,-,3429078,3430391,437,-,hypothetical protein
LIC10922,44.47,66.04,0.67,0.608657316,1,+,1105524,1109021,"1,165",-,histidine kinase sensor protein
LIC10807,44.45,88.64,0.50,0.063276028,1,-,977875,978369,164,gst,glutathione S-transferase
LIC12976,44.45,49.17,0.90,1,1,-,3613989,3615245,418,-,lipoprotein
LIC10741,44.45,37.19,1.20,0.734761717,1,+,903042,904640,532,-,hypothetical protein
LIC11369,44.44,30.26,1.47,0.712085775,1,+,1686210,1686536,108,-,hypothetical protein
LIC11821,44.43,64.06,0.69,0.645820574,1,-,2215506,2216126,206,leuD,isopropylmalate isomerase small subunit
LIC10168,44.35,36.36,1.22,0.746698405,1,+,198377,198775,132,-,hypothetical protein
LIC11383,44.33,28.19,1.57,0.645820574,1,+,1701004,1702086,360,-,hypothetical protein
LIC10232,44.33,38.52,1.15,0.862480281,1,+,267347,268723,458,lolE,lipoprotein releasing system transmembrane protein
LIC11569,44.26,63.93,0.69,0.728997884,1,+,1928812,1929720,302,-,hypothetical protein
LIC12414,44.23,28.29,1.56,0.468398121,1,-,2929139,2929351,70,-,hypothetical protein
LIC20177,44.17,50.39,0.88,0.813990601,2,+,219425,219958,177,-,FimH-like protein
LIC12138,44.12,31.80,1.39,0.714128819,1,-,2584188,2585375,395,wcaI,colanic acid biosynthesis glycosyl-transferase
LIC10530,44.08,37.17,1.19,0.704295306,1,-,642231,642731,166,-,hypothetical protein
LIC11592,44.00,49.27,0.89,1,1,-,1951500,1952630,376,-,permease
LIC20077,43.83,44.47,0.99,1,2,-,86696,88126,476,-,polysaccharide deacetylase
LIC11262,43.78,29.69,1.47,0.56176024,1,+,1558942,1560465,507,rodA,RodA
LIC20240,43.77,34.40,1.27,0.920465568,2,-,303602,304144,180,-,hypothetical protein
LIC11434,43.75,52.67,0.83,0.916523093,1,+,1763774,1765645,623,-,ABC transporter ATP-binding protein
LIC10627,43.75,26.03,1.68,0.28945153,1,-,764654,764872,72,-,hypothetical protein
LIC13324,43.67,53.94,0.81,0.788008073,1,+,4079853,4081064,403,argG,argininosuccinate synthase
LIC20128,43.66,46.89,0.93,0.980707913,2,-,151641,152798,385,cbiG,precorrin methylase
LIC13212,43.63,16.69,2.61,0.037482455,1,-,3940560,3941396,278,-,hypothetical protein
LIC11453,43.30,36.32,1.19,0.919383283,1,+,1790240,1791523,427,hisD,histidinol dehydrogenase
LIC12752,43.28,37.95,1.14,0.731596393,1,+,3348766,3350304,512,nuoN,NADH dehydrogenase I subunit N
LIC11565,43.25,17.15,2.52,0.021050349,1,+,1925498,1925695,65,-,hypothetical protein
LIC12364,43.23,42.72,1.01,0.9972473,1,+,2864056,2866047,663,cagA,CagA
LIC11023,43.23,50.12,0.86,0.878048573,1,-,1253446,1255326,626,-,hypothetical protein
LIC11542,43.22,38.90,1.11,1,1,+,1904563,1905147,194,-,hypothetical protein
LIC11470,43.19,67.09,0.64,0.327928442,1,-,1817325,1818275,316,trxB,thioredoxin reductase
LIC11609,43.17,30.40,1.42,0.658441543,1,-,1969401,1970015,204,ubiX,3-octaprenyl-4-hydroxybenzoate carboxy-lyase
LIC11929,43.10,45.04,0.96,0.993631025,1,-,2332671,2333447,258,-,short-chain dehydrogenase
LIC13105,43.04,28.31,1.52,0.5931584,1,+,3798330,3799667,445,pgi,glucose-6-phosphate isomerase
LIC11625,43.02,37.88,1.14,0.8974382,1,+,1990429,1990869,146,-,hypothetical protein
LIC10856,43.00,56.89,0.76,0.783136302,1,+,1030924,1032093,389,dxr,1-deoxy-D-xylulose 5-phosphate reductoisomerase
LIC11913,42.95,47.12,0.91,0.892788737,1,+,2309760,2311247,495,lysS,lysyl-tRNA synthetase
LIC10166,42.88,49.94,0.86,0.719164003,1,-,196982,197449,155,-,hypothetical protein
LIC10167,42.80,50.80,0.84,0.6904365,1,-,197666,197971,101,-,hypothetical protein
LIC13362,42.77,22.74,1.88,0.158862272,1,-,4123169,4125016,615,eriL,chloride channel
LIC10737,42.75,34.16,1.25,0.80522168,1,+,898773,899576,267,-,3-demethylubiquinone-9 3-methyltransferase
LIC10624,42.74,19.28,2.22,0.077568336,1,+,762057,762581,174,fliL,flagellar protein
LIC12315,42.74,24.06,1.78,0.485911973,1,+,2791576,2792889,437,-,lipoprotein
LIC13154,42.64,45.72,0.93,0.87969694,1,-,3866712,3867491,259,lpxA,UDP-N-acetylglucosamine acyltransferase
LIC11410,42.60,25.33,1.68,0.384881339,1,+,1735548,1736033,161,ilvH,acetolactate synthase 3 regulatory subunit
LIC13223,42.40,24.60,1.72,0.518452344,1,-,3956832,3957368,178,ppa,inorganic pyrophosphatase
LIC12390,42.39,52.48,0.81,0.959432864,1,-,2894653,2896365,570,-,hypothetical protein
LIC11590,42.32,36.50,1.16,0.936615403,1,-,1949939,1950226,95,-,exodeoxyribonuclease VII small subunit
LIC12014,42.26,60.52,0.70,0.612680964,1,+,2423388,2423741,117,-,hypothetical protein
LIC12064,42.22,38.67,1.09,0.697802378,1,+,2499203,2500201,332,-,hypothetical protein
LIC11134,42.21,27.96,1.51,0.704295306,1,+,1399134,1400042,302,-,histone deacetylase
LIC10440,42.21,38.64,1.09,0.848117213,1,-,502348,502692,114,glnB,nitrogen regulatory protein PII
LIC11600,42.17,44.76,0.94,1,1,+,1959527,1960069,180,hslV,ATP-dependent protease peptidase subunit
LIC12024,42.15,20.89,2.02,0.214295025,1,-,2440956,2441747,263,-,hypothetical protein
LIC12747,42.13,49.37,0.85,1,1,+,3343053,3344093,346,nuoH,NADH dehydrogenase subunit I H
LIC10689,42.12,38.06,1.11,0.752395055,1,+,834084,834800,238,phoU,phosphate transport system protein
LIC12510,42.06,62.77,0.67,0.527018283,1,-,3039028,3040299,423,-,recombination factor protein RarA
LIC13026,41.96,44.38,0.95,1,1,-,3688698,3689402,234,-,ThiJ/PfpI family protein
LIC13483,41.83,29.89,1.40,0.499146549,1,+,4259075,4259422,115,-,hypothetical protein
LIC11813,41.83,60.69,0.69,0.728997884,1,-,2204854,2206587,577,ggt,gamma-glutamyltranspeptidase
LIC12551,41.82,48.86,0.86,0.867605412,1,+,3089357,3091057,566,acd3,acyl-CoA dehydrogenase
LIC12417,41.76,44.41,0.94,0.987027574,1,-,2930862,2932331,489,engA,GTP-binding protein EngA
LIC12301,41.76,31.63,1.32,0.8974382,1,-,2776085,2776849,254,pssA,phosphatidylserine synthase
LIC11566,41.75,19.14,2.18,0.099831215,1,-,1925715,1927244,509,-,Mg chelatase subunit ChII
LIC12820,41.73,70.24,0.59,0.457536121,1,-,3423358,3424416,352,pdxA,pyridoxal phosphate biosynthesis protein
LIC20095,41.72,25.50,1.64,0.532944635,2,+,112543,112911,122,-,hypothetical protein
LIC12307,41.69,45.14,0.92,0.946952964,1,-,2781437,2782897,486,-,TolC superfamily outer membrane protein
LIC10345,41.68,68.60,0.61,0.585457901,1,+,390182,391696,504,-,hypothetical protein
LIC12437,41.52,64.31,0.65,0.574233932,1,+,2957365,2957865,166,-,hypothetical protein
LIC12306,41.51,53.91,0.77,0.785396286,1,-,2780238,2781419,393,czcB,heavy metal efflux pump
LIC20218,41.44,55.70,0.74,0.787927589,2,+,278235,278885,216,-,hypothetical protein
LIC12841,41.33,46.98,0.88,0.886319629,1,+,3444916,3446142,408,ywfG,"L,L-diaminopimelate aminotransferase"
LIC10559,41.30,62.11,0.67,0.382676152,1,+,684522,685067,181,-,RNA polymerase ECF-type sigma factor
LIC12146,41.27,28.06,1.47,0.744033226,1,-,2596030,2596893,287,-,polysaccharide deacetylase family protein
LIC11275,41.17,15.50,2.66,0.033594849,1,-,1575267,1575449,60,-,hypothetical protein
LIC10231,41.11,42.04,0.98,0.987027574,1,-,266210,267223,337,-,hypothetical protein
LIC11947,41.06,27.27,1.51,0.650708796,1,-,2356810,2357385,191,-,lipoprotein
LIC12063,41.05,60.69,0.68,0.882067302,1,+,2498457,2499206,249,-,acyltransferase
LIC11159,40.95,47.34,0.86,0.817435222,1,-,1429100,1430572,490,-,dihydrolipoamide dehydrogenase
LIC12506,40.93,26.84,1.52,0.645820574,1,+,3034883,3036475,530,-,adenylate/guanylate cyclase
LIC10948,40.92,56.85,0.72,0.537158674,1,-,1141562,1143058,498,-,ABC transporter ATP-binding protein
LIC10383,40.91,70.10,0.58,0.222976361,1,-,434195,435853,552,yibO,phosphoglyceromutase
LIC12545,40.87,57.08,0.72,0.610807406,1,-,3083960,3084733,257,lolA,outer membrane lipoprotein carrier protein
LIC13494,40.86,23.96,1.71,0.410487823,1,+,4270542,4271372,276,-,hypothetical protein
LIC11740,40.79,36.63,1.11,0.88675648,1,-,2124746,2126080,444,pmbA,hypothetical protein
LIC11613,40.76,53.67,0.76,0.728997884,1,+,1974564,1975661,365,ychF,GTP-dependent nucleic acid-binding protein EngD
LIC12415,40.76,54.22,0.75,0.862038838,1,-,2929440,2930240,266,-,hypothetical protein
LIC13495,40.73,42.32,0.96,0.93503305,1,-,4273100,4275007,635,gidA,tRNA uridine 5-carboxymethylaminomethyl modification enzyme GidA
LIC11389,40.44,39.67,1.02,0.974886803,1,-,1705636,1706283,215,flbB,flagellar protein B
LIC10101,40.42,27.35,1.48,0.588616458,1,-,120143,121645,500,met-7,cystathionine gamma-synthase
LIC10417,40.39,18.49,2.18,0.326274253,1,+,475423,475668,81,-,hypothetical protein
LIC13082,40.36,45.30,0.89,1,1,+,3766557,3768233,558,-,histidine kinase response regulator hybrid protein
LIC10537,40.30,10.65,3.79,0.001004689,1,-,653295,655277,660,-,peptidoglycan associated periplasmic protein
LIC12828,40.27,29.36,1.37,0.627594134,1,+,3430449,3432698,749,-,soluble lytic transglycosylase
LIC10729,40.26,13.57,2.97,0.021205989,1,+,888807,889442,211,-,hypothetical protein
LIC12803,40.26,34.53,1.17,0.948962035,1,-,3409237,3409839,200,-,hypothetical protein
LIC11634,40.17,23.03,1.74,0.384881339,1,-,2001334,2002002,222,csgA,CsgA
LIC10069,40.12,23.63,1.70,0.54997177,1,-,87678,88076,132,glo1,glyoxylase I
LIC12245,40.11,66.09,0.61,0.440437689,1,-,2709154,2709411,85,hfq,host factor-1
LIC10813,40.09,53.55,0.75,0.785396286,1,-,983052,985241,729,ccmF,cytochrome C biogenesis protein
LIC20146,40.08,24.30,1.65,0.382676152,2,-,176051,177628,525,-,hypothetical protein
LIC12399,40.07,38.42,1.04,1,1,+,2905189,2905929,246,-,hypothetical protein
LIC12719,40.02,15.04,2.66,0.022417514,1,+,3310286,3311527,413,-,hypothetical protein
LIC10808,40.01,43.88,0.91,0.900998715,1,-,979168,979743,191,-,hypothetical protein
LIC20276,40.00,35.23,1.14,0.848117213,2,+,349231,350169,312,-,hypothetical protein
LIC13209,40.00,21.81,1.83,0.184959215,1,-,3937783,3938010,75,-,bacterioferritin-associated ferredoxin
LIC11440,39.92,11.90,3.36,0.001039251,1,+,1775899,1777350,483,-,histidine kinase response regulator hybrid protein
LIC12818,39.86,70.53,0.57,0.102836029,1,-,3422352,3422852,166,-,hypothetical protein
LIC12123,39.83,32.66,1.22,0.832321781,1,-,2565703,2566587,294,rfbA,glucose-1-phosphate thymidylyltransferase
LIC12540,39.82,46.85,0.85,0.836306881,1,-,3079391,3079717,108,yajC,hypothetical protein
LIC10134,39.80,35.61,1.12,0.80522168,1,+,159908,161134,408,-,hypothetical protein
LIC12743,39.80,35.71,1.11,0.836965101,1,+,3339475,3340011,178,nuoC,NADH dehydrogenase subunit I C
LIC12161,39.78,29.47,1.35,0.726153908,1,-,2610410,2611069,219,nagB,6-phosphogluconolactonase/glucosamine-6-phosphate isomerase/deaminase
LIC12877,39.70,59.60,0.67,0.684316706,1,-,3473251,3474477,408,-,hypothetical protein
LIC20149,39.67,14.07,2.82,0.042220563,2,+,180354,181562,402,-,multidrug-efflux transporter
LIC10274,39.57,58.54,0.68,0.714141011,1,+,311339,312958,539,-,potassium uptake protein
LIC10640,39.57,53.60,0.74,0.771055048,1,-,781584,782588,334,-,hypothetical protein
LIC12296,39.55,39.70,1.00,0.981852971,1,-,2771011,2771679,222,-,ABC transporter permease
LIC13452,39.52,30.18,1.31,0.839649958,1,-,4229360,4229887,175,-,hypothetical protein
LIC11943,39.45,63.10,0.63,0.704295306,1,-,2351931,2352368,145,-,hypothetical protein
LIC10520,39.42,37.45,1.05,1,1,-,627768,628052,94,-,hypothetical protein
LIC10045,39.35,36.26,1.09,0.848117213,1,+,55247,56185,312,-,dTDP-glucose 4-6-dehydratase
LIC12040,39.24,36.56,1.07,0.980228478,1,-,2460628,2461068,146,-,hypothetical protein
LIC12150,39.19,26.73,1.47,0.700782792,1,-,2599599,2600066,155,-,dTDP-4-dehydrorhamnose epimerase
LIC12137,39.09,32.47,1.20,0.848117213,1,-,2582919,2584184,421,-,UDP-glucose lipid carrier transferase
LIC11552,39.07,39.35,0.99,0.974886803,1,+,1915944,1916891,315,fmt,methionyl-tRNA formyltransferase
LIC10626,39.06,27.99,1.40,0.684906292,1,-,764267,764605,112,-,anti-sigma factor antagonist
LIC10920,39.06,54.35,0.72,0.645820574,1,-,1103428,1104183,251,-,lipoprotein
LIC20172,39.05,54.89,0.71,0.380083667,2,+,207557,209710,717,-,lipoprotein
LIC12154,39.01,32.24,1.21,0.90318972,1,-,2604853,2605815,320,-,3-demethylubiquinone-9 3-methyltransferase
LIC12388,39.00,41.43,0.94,1,1,-,2893576,2894103,175,-,cyclic nucleotide binding protein
LIC10326,39.00,21.44,1.82,0.184959215,1,-,370767,372341,524,-,hypothetical protein
LIC11759,39.00,56.14,0.69,0.728997884,1,-,2151822,2152520,232,nth,endonuclease III
LIC10130,38.96,17.65,2.21,0.077568336,1,-,154396,155049,217,engB,ribosome biogenesis GTP-binding protein YsxC
LIC11536,38.95,39.34,0.99,0.942729818,1,+,1898142,1899413,423,-,hypothetical protein
LIC10040,38.91,34.62,1.12,0.97755281,1,-,49034,50002,322,kpsF,polysialic acid capsule expression protein
LIC10844,38.90,31.84,1.22,0.953945329,1,+,1023346,1024167,273,-,hypothetical protein
LIC10057,38.87,43.59,0.89,0.919383283,1,+,70123,71331,402,-,hypothetical protein
LIC12248,38.79,24.65,1.57,0.528935878,1,+,2711173,2711925,250,pdxJ,pyridoxine 5'-phosphate synthase
LIC10035,38.76,36.54,1.06,0.953945329,1,+,41921,44176,751,rnR,ribonuclease R
LIC11855,38.72,40.39,0.96,0.996409467,1,-,2250057,2251112,351,ddlA,D-alanyl-alanine synthetase A
LIC10570,38.71,19.34,2.00,0.091729287,1,-,695312,695686,124,-,anti-sigma factor antagonist
LIC11626,38.66,43.78,0.88,0.971610563,1,+,1990894,1991739,281,-,inositol monophosphatase family protein
LIC20199,38.64,56.07,0.69,0.631871786,2,-,254973,256391,472,galU,UTP-glucose-1-phosphate uridyltransferase
LIC12535,38.63,42.11,0.92,0.933770306,1,-,3073779,3074381,200,risA,riboflavin synthase subunit alpha
LIC12619,38.59,30.04,1.28,0.731596393,1,+,3168598,3169674,358,-,hypothetical protein
LIC13436,38.52,18.57,2.07,0.213427821,1,-,4213755,4214429,224,-,hypothetical protein
LIC12541,38.48,56.53,0.68,0.704295306,1,-,3079773,3080783,336,trpD,anthranilate phosphoribosyltransferase
LIC10085,38.47,26.29,1.46,0.627594134,1,-,100517,100603,87,tRNA-Ser-TGA,Ser tRNA
LIC20061,38.44,44.66,0.86,0.993289437,2,-,66779,67852,357,-,thiol-disulfide interchange like protein
LIC10446,38.42,36.71,1.05,0.887866199,1,-,509862,511244,460,-,phosphomannomutase
LIC12734,38.30,29.03,1.32,0.706062914,1,+,3329702,3330496,264,-,hypothetical protein
LIC11777,38.29,67.12,0.57,0.28581848,1,-,2168865,2169971,368,bioB,biotin synthase
LIC11834,38.27,46.34,0.83,0.734727703,1,-,2229958,2230887,309,-,lipoprotein
LIC11572,38.24,53.62,0.71,0.832321781,1,+,1933198,1934424,408,gspF,general secretory pathway protein F
LIC10019,38.20,32.39,1.18,0.908051276,1,+,22359,23102,247,-,3-oxoacyl-ACP reductase
LIC12139,38.15,30.57,1.25,0.861682225,1,-,2585385,2586515,376,rffE,UDP-N-acetylglucosamine 2-epimerase
LIC11014,38.14,44.30,0.86,1,1,+,1237801,1238868,355,-,hypothetical protein
LIC12115,38.07,50.02,0.76,0.728997884,1,-,2555930,2557882,650,-,ankyrin
LIC10657,38.02,24.88,1.53,0.633105484,1,+,802139,803803,554,sphH,hemolysin
LIC10080,37.98,12.11,3.14,0.005989953,1,-,98030,98851,273,-,hypothetical protein
LIC10323,37.96,40.24,0.94,1,1,+,367989,368960,323,-,"2,3-bisphosphoglycerate-independent phosphoglycerate mutase gene"
LIC12346,37.95,67.73,0.56,0.21079679,1,-,2840289,2841275,328,-,ribokinase
LIC11826,37.95,42.04,0.90,1,1,-,2220522,2221298,258,-,hypothetical protein
LIC11257,37.94,38.80,0.98,0.959287798,1,-,1552572,1554134,520,ppx,exopolyphosphatase
LIC12302,37.89,53.33,0.71,0.846380331,1,-,2776846,2777862,338,-,DNA-binding/iron metalloprotein/AP endonuclease
LIC11948,37.83,39.36,0.96,0.974886803,1,-,2357360,2357917,185,-,hypothetical protein
LIC12124,37.82,39.06,0.97,0.981852971,1,-,2566588,2567637,349,rfbB,"dTDP-glucose 4,6-dehydratase"
LIC13277,37.80,38.83,0.97,1,1,+,4018500,4018796,98,-,hypothetical protein
LIC13236,37.76,16.90,2.23,0.075801746,1,+,3971598,3972752,384,arp,ankyrin
LIC13439,37.73,25.67,1.47,0.528935878,1,+,4215862,4217634,590,pa5518,potassium efflux transporter
LIC13496,37.69,33.14,1.14,0.887866199,1,+,4275118,4276074,318,ilvE,branched-chain amino acid aminotransferase
LIC11653,37.69,15.98,2.36,0.089368661,1,-,2018797,2019528,243,-,hypothetical protein
LIC11776,37.65,89.26,0.42,0.089368661,1,-,2167562,2168308,248,-,hypothetical protein
LIC11457,37.52,40.79,0.92,0.996409467,1,+,1796747,1797580,277,bacA,bacitracin resistance protein
LIC12342,37.49,46.87,0.80,0.875510762,1,+,2834668,2837622,984,-,export protein
LIC13165,37.47,40.66,0.92,0.996409467,1,-,3874453,3875310,285,dnaC,DNA replication protein DnaC
LIC11900,37.46,40.09,0.93,0.956051834,1,+,2297776,2298795,339,-,hypothetical protein
LIC10202,37.40,36.23,1.03,1,1,-,230880,231890,336,-,hypothetical protein
LIC11060,37.36,35.81,1.04,1,1,-,1305290,1306660,456,-,hypothetical protein
LIC10121,37.34,41.53,0.90,0.8974382,1,+,141874,142830,318,-,hypothetical protein
LIC11864,37.34,26.57,1.40,0.726790873,1,-,2259118,2260194,358,murG,UDP-N-acetylglucosamine:LPS N-acetylglucosamine transferase
LIC13079,37.29,34.82,1.07,0.959432864,1,-,3764569,3764988,139,-,hypothetical protein
LIC10728,37.28,32.37,1.15,0.991660653,1,-,887819,888775,318,ribF,riboflavin biosynthesis protein
LIC13398,37.22,22.46,1.66,0.330688205,1,+,4165941,4166762,273,-,hypothetical protein
LIC11845,37.18,45.83,0.81,0.739790104,1,+,2239309,2240241,310,-,hypothetical protein
LIC12316,37.15,27.41,1.36,0.831584477,1,+,2793177,2793599,140,-,response regulator
LIC12337,37.11,79.07,0.47,0.057546999,1,-,2823637,2824824,395,-,hypothetical protein
LIC12304,37.09,50.74,0.73,0.728997884,1,-,2779245,2779565,106,-,hypothetical protein
LIC10325,37.09,23.21,1.60,0.47186393,1,-,369634,370770,378,hlyX,hemolysin
LIC11025,37.04,58.01,0.64,0.744174552,1,+,1256532,1256873,113,-,anti-sigma factor antagonist
LIC11326,36.98,13.91,2.66,0.030271712,1,+,1636971,1637972,333,flgH,flagellar L-ring protein precursor
LIC10048,36.94,37.78,0.98,0.996409467,1,-,57920,59239,439,hisS,histidyl-tRNA synthetase
LIC10240,36.88,15.70,2.35,0.068413388,1,+,276427,277110,227,-,hypothetical protein
LIC10929,36.84,38.89,0.95,1,1,-,1118133,1121231,"1,032",-,type I restriction enzyme
LIC11875,36.81,23.78,1.55,0.456038498,1,-,2270623,2271861,412,-,hydrolase
LIC12554,36.74,26.32,1.40,0.842880269,1,-,3094124,3095143,339,-,D-3-phosphoglycerate dehydrogenase
LIC10405,36.73,41.90,0.88,0.987027574,1,+,460775,462841,688,-,hypothetical protein
LIC12051,36.72,41.45,0.89,1,1,-,2482018,2485746,"1,242",-,hypothetical protein
LIC11244,36.64,32.83,1.12,1,1,+,1535580,1535963,127,atpC,F0F1 ATP synthase subunit epsilon
LIC12501,36.64,46.09,0.79,0.906979471,1,-,3029437,3030378,313,-,hypothetical protein
LIC12658,36.55,41.93,0.87,0.864132758,1,+,3221940,3222371,143,-,hypothetical protein
LIC20084,36.54,31.11,1.17,0.997490807,2,+,94874,95173,99,-,ferredoxin
LIC12807,36.49,26.12,1.40,0.728997884,1,+,3412218,3412919,233,-,response regulator
LIC11345,36.45,26.09,1.40,0.700782792,1,-,1658322,1660562,746,-,ferrichrome-iron receptor
LIC13344,36.40,35.61,1.02,0.968061751,1,-,4100023,4100610,195,-,hypothetical protein
LIC10707,36.39,65.95,0.55,0.440437689,1,+,852933,854357,474,-,hypothetical protein
LIC10603,36.29,35.67,1.02,0.941721053,1,+,735961,738324,787,-,sulfatase family protein
LIC10859,36.28,74.94,0.48,0.142933193,1,+,1035553,1036746,397,trpB1,tryptophan synthase subunit beta
LIC13208,36.26,32.08,1.13,0.811267273,1,-,3937118,3937786,222,-,riboflavin-specific deaminase/reductase
LIC10117,36.23,32.43,1.12,0.887866199,1,+,134195,136045,616,-,hypothetical protein
LIC11749,36.20,32.91,1.10,0.927194427,1,-,2135434,2137215,593,-,hypothetical protein
LIC11379,36.18,36.97,0.98,0.962623013,1,+,1697211,1697687,158,-,hypothetical protein
LIC12888,36.17,40.18,0.90,0.942729818,1,-,3490741,3491295,184,-,hypothetical protein
LIC12125,36.13,29.56,1.22,0.901529834,1,-,2567634,2568554,306,rfbD,dTDP-4-dehydrorhamnose reductase
LIC12277,36.13,16.89,2.14,0.284774304,1,-,2749190,2749918,242,-,hypothetical protein
LIC11812,36.10,51.23,0.70,0.678611343,1,-,2203295,2204857,520,gshA,gamma-glutamylcysteine synthetase
LIC20075,36.07,61.00,0.59,0.388336219,2,+,82407,85346,979,-,adenylate/guanylate cyclase
LIC11737,36.07,35.05,1.03,0.959432864,1,-,2115725,2116522,265,-,hypothetical protein
LIC12458,36.06,42.20,0.85,0.922789027,1,-,2977283,2977813,176,-,5-formyltetrahydrofolate cyclo-ligase
LIC11298,36.01,42.19,0.85,0.922789027,1,+,1605283,1606386,367,-,hypothetical protein
LIC10389,36.00,65.11,0.55,0.499146549,1,+,445216,447156,646,-,ABC transporter ATP-binding protein
LIC10854,35.93,38.09,0.94,1,1,+,1029291,1030016,241,uppS,undecaprenyl pyrophosphate synthase
LIC10067,35.87,35.41,1.01,0.895318964,1,+,85681,86475,264,-,hypothetical protein
LIC10578,35.82,39.61,0.90,0.936871247,1,+,703367,704827,486,-,hypothetical protein
LIC12656,35.80,47.05,0.76,0.789961851,1,+,3220623,3221312,229,-,hypothetical protein
LIC10950,35.78,32.35,1.11,0.955519454,1,-,1145949,1147658,569,-,sigma factor regulatory protein
LIC12235,35.73,60.66,0.59,0.327928442,1,-,2700653,2702119,488,-,histidine kinase response regulator hybrid protein
LIC11005,35.69,49.87,0.72,0.73119565,1,-,1223051,1224175,374,tgt,queuine tRNA-ribosyltransferase
LIC20045,35.63,32.33,1.10,0.81767325,2,+,46907,47476,189,-,hypothetical protein
LIC13210,35.60,29.23,1.22,0.874526251,1,+,3938160,3939497,445,-,major facilitator superfamily permease
LIC11422,35.54,20.45,1.74,0.577097006,1,-,1749349,1750395,348,-,serine/threonine protein kinase
LIC13340,35.51,19.85,1.79,0.221800252,1,-,4096331,4096864,177,-,hypothetical protein
LIC12221,35.45,21.65,1.64,0.383867439,1,+,2679159,2681411,750,-,cation:proton antiporter
LIC10365,35.35,64.20,0.55,0.083269698,1,-,412116,413195,359,-,lipoprotein
LIC11474,35.21,46.69,0.75,0.778112748,1,+,1821684,1823024,446,-,hypothetical protein
LIC13250,35.07,35.70,0.98,0.987858854,1,-,3987104,3988933,609,-,apolipoprotein n-acyltransferase
LIC10671,35.03,40.44,0.87,0.869687684,1,+,816379,817143,254,mlr,ABC transporter ATP-binding protein
LIC11202,35.03,36.43,0.96,0.943764128,1,+,1481329,1482834,501,-,histidine kinase response regulator hybrid protein
LIC11852,35.01,33.98,1.03,1,1,+,2246768,2248072,434,-,O-acetylhomoserine (thiol) lyase
LIC10055,34.90,54.74,0.64,0.528935878,1,-,68117,68824,235,cysE,serine acetyltransferase
LIC12942,34.89,31.47,1.11,0.846137378,1,-,3572072,3572740,222,-,hypothetical protein
LIC13404,34.88,28.84,1.21,0.806167735,1,-,4173534,4175519,661,acsA,acetyl-CoA synthetase
LIC10044,34.87,21.38,1.63,0.440437689,1,+,54372,55250,292,-,hypothetical protein
LIC10983,34.85,15.56,2.24,0.1487232,1,-,1188652,1190172,506,cpt,carboxypeptidase T
LIC12107,34.84,53.42,0.65,0.589645388,1,-,2548578,2549459,293,-,phosphate starvation-inducible protein
LIC12096,34.84,26.31,1.32,0.857989685,1,+,2535127,2535783,218,-,hypothetical protein
LIC10104,34.84,30.72,1.13,0.848117213,1,+,123498,124757,419,-,hypothetical protein
LIC12688,34.81,24.72,1.41,0.567872036,1,-,3260005,3263403,"1,132",recC,exodeoxyribonuclease v subunit gamma
LIC11268,34.70,39.30,0.88,0.87565391,1,-,1566134,1567963,609,-,hypothetical protein
LIC11259,34.69,43.73,0.79,0.832321781,1,+,1555386,1556519,377,mreC,rod shape-determining protein MreC
LIC10014,34.68,17.41,1.99,0.235635362,1,-,18319,19407,362,-,hypothetical protein
LIC10353,34.64,33.01,1.05,0.969622165,1,+,398825,400336,503,-,hypothetical protein
LIC13110,34.58,42.30,0.82,0.831131408,1,-,3804228,3805751,507,-,histidine kinase response regulator hybrid protein
LIC11926,34.52,25.38,1.36,0.668162315,1,-,2328516,2329649,377,mdoH,dolichol-P-glucose synthetase
LIC11799,34.51,57.36,0.60,0.47186393,1,-,2192229,2193719,496,glpK,glycerol kinase
LIC20137,34.50,40.50,0.85,1,2,-,163355,163927,190,-,hypothetical protein
LIC10959,34.46,31.34,1.10,0.996409467,1,-,1156001,1157407,468,-,monooxygenase
LIC12000,34.43,33.85,1.02,0.968061751,1,-,2409199,2410725,508,-,hypothetical protein
LIC12627,34.43,39.13,0.88,0.892788737,1,+,3177509,3178888,459,-,histidine kinase response regulator hybrid protein
LIC11073,34.30,30.06,1.14,0.97264433,1,-,1324646,1325416,256,-,lipoprotein
LIC12309,34.29,46.44,0.74,0.842880269,1,-,2784690,2786249,519,-,hypothetical protein
LIC12254,34.18,64.27,0.53,0.296039913,1,-,2719647,2721215,522,-,outer membrane protein
LIC10700,34.10,28.35,1.20,0.919383283,1,+,847876,848655,259,-,3-oxoacyl-[ACP] reductase oxidoreductase
LIC11493,34.09,18.81,1.81,0.410487823,1,-,1841986,1843692,568,gldG,GldG
LIC11340,34.09,29.95,1.14,1,1,+,1653813,1654157,114,-,hypothetical protein
LIC12094,34.08,40.02,0.85,0.856988562,1,+,2533875,2534627,250,tpiA,triosephosphate isomerase
LIC20068,34.06,25.45,1.34,0.779788235,2,+,73911,74996,361,aroB,3-dehydroquinate synthase
LIC20206,34.03,22.87,1.49,0.804430309,2,-,264160,264786,208,-,cytoplasmic membrane protein
LIC13122,34.00,33.33,1.02,1,1,+,3821306,3821899,197,-,hypothetical protein
LIC10521,33.96,34.65,0.98,0.941721053,1,-,628614,629162,182,-,hypothetical protein
LIC10402,33.96,26.31,1.29,0.887866199,1,-,458994,459800,268,-,hypothetical protein
LIC12576,33.96,39.10,0.87,0.977157254,1,+,3124394,3125827,477,-,hypothetical protein
LIC12786,33.95,52.08,0.65,0.728997884,1,-,3391956,3392714,252,trpC,indole-3-glycerol-phosphate synthase
LIC12452,33.92,49.15,0.69,0.726583885,1,-,2970193,2970756,187,-,hypothetical protein
LIC12895,33.91,30.88,1.10,0.989003564,1,-,3497425,3498099,224,-,lipoprotein
LIC11792,33.85,38.49,0.88,0.883795317,1,-,2185232,2186137,301,-,hypothetical protein
LIC13101,33.84,26.02,1.30,0.67226726,1,-,3789417,3793196,"1,259",-,alpha integrin
LIC12348,33.83,33.85,1.00,0.982949342,1,-,2842179,2842931,250,-,hypothetical protein
LIC11660,33.82,25.82,1.31,0.771055048,1,-,2024107,2024604,165,-,lipoprotein
LIC11549,33.78,48.13,0.70,0.722084599,1,+,1911687,1913033,448,-,response regulator
LIC12794,33.75,34.37,0.98,1,1,-,3401687,3402214,175,-,hypothetical protein
LIC13312,33.69,39.83,0.85,0.853291088,1,-,4059939,4060556,205,-,hypothetical protein
LIC12741,33.64,51.57,0.65,0.728997884,1,+,3338493,3338927,144,nuoA,NADH dehydrogenase subunit I A
LIC20264,33.64,44.93,0.75,0.6209083,2,-,331662,333122,486,pykF,pyruvate kinase
LIC13274,33.61,22.05,1.52,0.526669994,1,-,4015299,4015985,228,-,hypothetical protein
LIC12027,33.57,36.55,0.92,0.99464837,1,+,2444406,2445371,321,-,hypothetical protein
LIC12657,33.52,39.82,0.84,0.853291088,1,+,3221299,3221844,181,-,hypothetical protein
LIC11980,33.50,33.65,1.00,0.97755281,1,+,2385967,2386239,90,tatA,sec-independent protein secretion pathway component
LIC11548,33.48,28.24,1.19,0.887866199,1,+,1909889,1911679,596,-,histidine kinase sensor protein
LIC12270,33.45,24.81,1.35,0.714141011,1,-,2743266,2744213,315,-,hypothetical protein
LIC13310,33.45,66.64,0.50,0.220911952,1,-,4057523,4058548,341,pheS,phenylalanyl-tRNA synthetase subunit alpha
LIC12901,33.42,45.28,0.74,0.658441543,1,+,3515383,3520233,"1,616",molR,molybdate metabolism regulator
LIC12243,33.40,47.72,0.70,0.892788737,1,-,2707221,2708282,353,manC,mannose-1-phosphate guanylyltransferase
LIC10078,33.28,21.90,1.52,0.49428312,1,-,96359,96934,191,-,hypothetical protein
LIC11135,33.23,46.14,0.72,0.775608226,1,+,1400045,1400860,271,-,hypothetical protein
LIC12500,33.15,44.69,0.74,0.752453036,1,+,3027333,3029408,691,mcpB,chemoreceptor (methyl-accepting chemotaxis) transmembrane protein
LIC13419,33.05,31.16,1.06,0.974197672,1,+,4194635,4196356,573,hycC,hydrogenase subunit
LIC11746,33.05,41.08,0.80,0.846380331,1,+,2131858,2132874,338,argC,N-acetyl-gamma-glutamyl-phosphate reductase
LIC11596,33.03,49.23,0.67,0.56176024,1,+,1955910,1956278,122,-,DNA mismatch repair protein
LIC20019,33.01,36.13,0.91,0.985745215,2,-,19541,20680,379,-,hypothetical protein
LIC11938,32.99,68.78,0.48,0.214295025,1,-,2344813,2348145,"1,110",-,heavy metal efflux pump
LIC12098,32.96,20.41,1.61,0.517128082,1,+,2536923,2537915,330,-,response regulator
LIC10901,32.95,15.23,2.16,0.187592283,1,+,1086791,1087210,139,-,adenylate/guanylate cyclase
LIC12945,32.84,37.79,0.87,1,1,+,3575772,3576539,255,-,hypothetical protein
LIC12667,32.77,45.78,0.72,0.589901823,1,-,3227070,3227930,286,-,lipoprotein
LIC10112,32.75,21.65,1.51,0.625421667,1,+,129999,130619,206,hisB,imidazoleglycerol-phosphate dehydratase
LIC13477,32.69,24.11,1.36,0.6202783,1,-,4251001,4252575,524,-,hypothetical protein
LIC10099,32.68,22.97,1.42,0.56176024,1,+,116680,118833,717,-,histidine kinase sensor protein
LIC12130,32.67,25.81,1.27,0.777490411,1,-,2574059,2575150,363,-,aminotransferase
LIC12755,32.66,42.87,0.76,0.748189301,1,+,3352896,3353366,156,-,hypothetical protein
LIC20164,32.63,28.19,1.16,0.87565391,2,+,198999,200411,470,-,alginate O-acetyltransferase
LIC11675,32.60,77.13,0.42,0.170150667,1,+,2038703,2040361,552,-,glycerol-3-phosphate dehydrogenase
LIC11937,32.56,50.67,0.64,0.58679892,1,-,2340958,2344278,"1,106",czcA,heavy metal efflux pump
LIC20242,32.51,28.08,1.16,0.844358791,2,+,305394,306539,381,-,putative acyltransferase
LIC10664,32.44,64.16,0.51,0.184959215,1,-,809534,810022,162,-,hypothetical protein
LIC12109,32.44,57.82,0.56,0.394376859,1,-,2551407,2552735,442,dnaB,replicative DNA helicase
LIC12894,32.44,37.01,0.88,0.914430851,1,-,3495061,3497235,724,-,hypothetical protein
LIC12579,32.40,25.11,1.29,0.721169343,1,+,3127022,3128218,398,lpxB,lipid-a-disaccharide synthase protein
LIC10806,32.39,49.77,0.65,0.501661947,1,+,975553,977691,712,-,histidine kinase sensor protein
LIC12700,32.39,52.36,0.62,0.722254306,1,-,3285093,3286379,428,pqqL,metalloprotease
LIC11915,32.32,58.26,0.55,0.300281986,1,-,2313166,2313810,214,thiE,thiamine phosphate pyrophosphorylase
LIC10252,32.30,9.75,3.31,0.0058581,1,-,288059,289144,361,-,exonuclease
LIC10670,32.23,17.48,1.84,0.261550737,1,-,814887,815462,191,-,hypothetical protein
LIC11210,32.20,27.78,1.16,0.883795317,1,+,1490648,1492678,676,-,hypothetical protein
LIC10009,32.12,27.89,1.15,0.959432864,1,+,12715,13452,245,-,lipoprotein
LIC12709,32.06,34.70,0.92,0.993365398,1,+,3295980,3297734,584,-,hypothetical protein
LIC20022,31.97,19.09,1.67,0.774213568,2,+,22559,23161,200,-,azoreductase
LIC13085,31.93,9.97,3.20,0.017870175,1,-,3770360,3770950,196,coaE,dephospho-CoA kinase
LIC10646,31.85,26.54,1.20,0.827205443,1,-,790129,791172,347,-,tRNA-dihydrouridine synthase A
LIC12993,31.85,9.01,3.53,0.00119036,1,-,3638677,3639126,149,-,hypothetical protein
LIC13386,31.84,26.62,1.20,0.64562626,1,+,4149522,4151603,693,-,hypothetical protein
LIC10550,31.79,32.74,0.97,0.87695331,1,-,673076,673543,155,-,anti-sigma factor antagonist
LIC10047,31.77,23.26,1.37,0.531961708,1,-,57387,57923,178,-,hypothetical protein
LIC10630,31.77,44.26,0.72,0.640134739,1,-,769429,769869,146,-,hypothetical protein
LIC13354,31.69,8.41,3.77,0.004526475,1,+,4112445,4113182,245,-,hypothetical protein
LIC10413,31.65,16.08,1.97,0.28945153,1,+,469881,471041,386,-,hypothetical protein
LIC13251,31.63,32.60,0.97,0.942729818,1,+,3989142,3990440,432,murA,UDP-N-acetylglucosamine 1-carboxyvinyltransferase
LIC20201,31.55,23.90,1.32,0.92352529,2,+,256838,257755,305,-,hypothetical protein
LIC11010,31.51,15.71,2.01,0.457228536,1,+,1230539,1232049,"1,511",rrs1,16S ribosomal RNA
LIC10347,31.50,16.22,1.94,0.093856453,1,-,392987,394048,353,-,paraoxonase
LIC10007,31.47,38.72,0.81,0.9357923,1,+,11133,12122,329,-,nifR3-like protein
LIC10855,31.38,43.22,0.73,0.789156851,1,+,1030009,1030917,302,cds,CDP-diglyceride synthetase
LIC11863,31.29,32.64,0.96,0.991660653,1,-,2257649,2259121,490,murC,UDP-N-acetylmuramate-alanine ligase
LIC11615,31.29,34.50,0.91,0.939978976,1,+,1976868,1978625,585,-,hypothetical protein
LIC13464,31.22,26.55,1.18,0.887866199,1,-,4238454,4240049,531,-,carboxypeptidase I
LIC12564,31.19,28.60,1.09,0.862038838,1,+,3109787,3110821,344,hisZ,ATP phosphoribosyltransferase regulatory subunit
LIC10076,31.19,37.88,0.82,0.907471287,1,-,94298,94582,94,-,hypothetical protein
LIC11201,31.14,26.84,1.16,0.746773558,1,+,1480899,1481357,152,-,response regulator
LIC12936,31.12,17.19,1.81,0.28945153,1,-,3567090,3567803,237,-,hypothetical protein
LIC11372,31.09,17.28,1.80,0.491947219,1,+,1689019,1689822,267,fliP,flagellar biosynthesis protein FliP
LIC10847,31.07,27.43,1.13,0.995433552,1,+,1025606,1025827,73,-,hypothetical protein
LIC13041,31.01,11.09,2.80,0.075801746,1,+,3712638,3713081,147,-,hypothetical protein
LIC10910,31.00,28.59,1.08,0.848117213,1,-,1095894,1095981,88,tRNA-Tyr-GTA,Tyr tRNA
LIC11486,31.00,23.95,1.29,0.80522168,1,+,1834300,1835295,331,-,hypothetical protein
LIC14005,30.96,33.01,0.94,0.804430309,1,+,445019,445144,41,-,hypothetical protein
LIC13163,30.95,38.05,0.81,0.836965101,1,-,3873226,3874023,265,panB,3-methyl-2-oxobutanoate hydroxymethyltransferase
LIC12222,30.87,21.22,1.45,0.634725516,1,+,2681540,2682634,364,-,DNA methyltransferase
LIC10633,30.87,34.24,0.90,0.918016128,1,+,772522,772833,103,bedB,"benzene 1,2-dioxygenase system ferredoxin component"
LIC11207,30.85,53.59,0.58,0.218703363,1,-,1487116,1488207,363,-,lipoprotein
LIC11778,30.84,47.32,0.65,0.636507589,1,-,2169961,2171262,433,bioA,adenosylmethionine-8-amino-7-oxononanoate aminotransferase
LIC13287,30.82,27.35,1.13,0.916523093,1,+,4029923,4030615,230,sanA,vancomycin resistance protein
LIC12028,30.82,36.07,0.85,1,1,+,2445368,2446783,471,cysS,cysteinyl-tRNA synthetase
LIC11661,30.81,25.70,1.20,0.806167735,1,-,2024601,2025155,184,-,HNH endonuclease family protein
LIC11884,30.80,48.76,0.63,0.457228536,1,-,2279518,2280816,432,-,hypothetical protein
LIC11871,30.79,55.84,0.55,0.469060064,1,-,2266661,2267572,303,cheR,chemotaxis protein methyltransferase
LIC13106,30.77,53.34,0.58,0.214295025,1,+,3799814,3800134,106,-,hypothetical protein
LIC12470,30.76,48.55,0.63,0.37567846,1,+,2991303,2992421,372,-,hypothetical protein
LIC11711,30.75,32.91,0.93,0.946952964,1,-,2082319,2082969,216,-,lipoprotein
LIC10321,30.68,16.84,1.82,0.354015824,1,-,364857,366947,696,-,hypothetical protein
LIC13172,30.65,14.82,2.07,0.449567426,1,+,3883164,3884423,419,-,hypothetical protein
LIC20159,30.63,31.00,0.99,0.902469134,2,-,192671,193729,352,queA,S-adenosylmethionine--tRNA ribosyltransferase-isomerase
LIC12140,30.62,41.38,0.74,0.721169343,1,-,2586519,2587619,366,-,nucleoside-diphosphate-sugar epimerase
LIC20009,30.60,114.52,0.27,0.000182001,2,+,7223,8866,547,hemC,porphobilinogen deaminase
LIC20230,30.60,13.13,2.33,0.163742647,2,+,292771,293868,365,kamA,"L-lysine 2, 3-aminomutase"
LIC20215,30.51,41.48,0.74,0.734680948,2,+,276524,277039,171,-,hypothetical protein
LIC10098,30.50,23.47,1.30,0.728997884,1,-,114882,116657,591,pabB,para-aminobenzoate synthase component I
LIC11618,30.50,17.24,1.77,0.301681457,1,-,1980115,1980885,256,fabG,3-ketoacyl-ACP reductase
LIC11092,30.49,43.44,0.70,0.627594134,1,+,1347036,1348934,632,-,hypothetical protein
LIC12279,30.47,23.58,1.29,0.752169776,1,-,2750718,2751359,213,-,haloacid dehalogenase-like hydrolase
LIC12600,30.45,33.36,0.91,0.752057073,1,-,3152254,3152985,243,-,hypothetical protein
LIC20198,30.39,16.61,1.83,0.528935878,2,-,253515,254867,450,-,hypothetical protein
LIC10285,30.35,16.60,1.83,0.492018169,1,+,324481,325707,408,-,acetyltransferase
LIC12422,30.35,25.57,1.19,0.956472856,1,+,2941571,2942671,366,aspB,aspartate aminotransferase a
LIC10767,30.33,21.51,1.41,0.760214551,1,-,932296,933078,260,-,hypothetical protein
LIC12505,30.32,49.16,0.62,0.445365854,1,-,3032992,3034701,569,-,response regulator
LIC11809,30.32,39.88,0.76,0.585560105,1,+,2201717,2202040,107,-,glutaredoxin-related protein
LIC12726,30.28,21.92,1.38,0.556345173,1,-,3318748,3319953,401,-,hypothetical protein
LIC11825,30.27,46.13,0.66,0.700782792,1,-,2219933,2220520,195,gmhA,phosphoheptose isomerase
LIC12733,30.27,32.10,0.94,0.906979471,1,-,3329123,3329569,148,mgsA,methylglyoxal synthase
LIC12067,30.26,24.65,1.23,0.928355905,1,-,2501511,2506127,"1,538",-,hypothetical protein
LIC10986,30.25,26.51,1.14,0.907471287,1,-,1193054,1193473,139,-,hypothetical protein
LIC12135,30.21,25.08,1.20,0.724245209,1,-,2579934,2581277,447,-,polysaccharide biosynthesis export protein
LIC13443,30.21,18.99,1.59,0.458403795,1,+,4219974,4220738,254,-,hypothetical protein
LIC13198,30.20,8.47,3.57,0.019939662,1,+,3920333,3922009,558,-,hemolysin/sphingomyelinase-like
LIC12937,30.12,36.50,0.83,0.864132758,1,+,3567911,3568243,110,-,anti-sigma factor antagonist
LIC20071,30.09,41.27,0.73,0.528935878,2,+,77095,78651,518,-,putative FAD-dependent dehydrogenase
LIC20008,30.07,189.75,0.16,2.78E-09,2,+,6384,7253,289,hemA,glutamyl-tRNA reductase
LIC12347,30.04,54.58,0.55,0.338622213,1,-,2841280,2842182,300,-,ribosomal protein l11 methyltransferase
LIC11538,30.04,29.01,1.04,1,1,+,1900380,1901393,337,rfaE2,ADP-heptose synthase
LIC11344,30.02,36.92,0.81,0.744033226,1,+,1657098,1657766,222,-,hypothetical protein
LIC11966,30.00,12.40,2.42,0.054662942,1,+,2370480,2370857,125,-,hypothetical protein
LIC10594,29.94,11.11,2.70,0.093856453,1,+,726776,727822,348,panE2,2-dehydropantoate 2-reductase
LIC13015,29.93,33.83,0.88,0.798125536,1,-,3670684,3671724,346,-,hypothetical protein
LIC13337,29.93,21.98,1.36,0.645820574,1,-,4094180,4095172,330,-,zinc carboxypeptidase-related protein
LIC11136,29.91,28.87,1.04,0.935087642,1,+,1400862,1401971,369,-,response regulator
LIC13157,29.88,26.86,1.11,0.891137983,1,+,3868354,3869286,310,-,hypothetical protein
LIC10965,29.81,3.06,9.73,8.94E-08,1,-,1164084,1164416,110,-,hypothetical protein
LIC10794,29.78,15.38,1.94,0.256474457,1,+,964700,964776,77,tRNA-Ile-GAT,Ile tRNA
LIC11879,29.76,20.55,1.45,0.570589243,1,-,2275169,2275867,232,-,hypothetical protein
LIC13090,29.70,53.10,0.56,0.436798761,1,-,3778842,3781994,"1,050",-,acriflavin resistance
LIC13444,29.69,20.63,1.44,0.556345173,1,+,4220749,4222545,598,vc2606,glutathione-regulated potassium-efflux system protein
LIC11328,29.65,7.62,3.89,0.007277558,1,+,1639066,1639539,157,flgJ,flagellum-specific muramidase
LIC12782,29.65,26.20,1.13,0.936615403,1,-,3385822,3386718,298,-,hydroxymethylglutaryl-CoA lyase
LIC13006,29.64,14.14,2.10,0.300281986,1,+,3658035,3659423,462,-,lipoprotein
LIC11718,29.56,30.49,0.97,0.93807341,1,+,2091080,2092819,579,-,protease IV
LIC10666,29.56,58.33,0.51,0.300281986,1,-,810487,810867,126,-,ArsR family transcriptional regulator
LIC12241,29.52,11.94,2.47,0.076102651,1,-,2706259,2706750,163,-,hypothetical protein
LIC11431,29.47,63.28,0.47,0.075801746,1,+,1758452,1758928,158,-,cyclic nucleotide binding protein
LIC20126,29.41,28.97,1.02,0.939978976,2,-,149373,150137,254,cobM,precorrin-4-methylase
LIC12671,29.39,12.64,2.33,0.208455961,1,+,3234020,3235030,336,-,small conductance mechanosensitive ion channel
LIC10677,29.38,27.93,1.05,0.919383283,1,+,821586,822278,230,-,heme exporter protein C
LIC12602,29.38,27.61,1.06,0.948962035,1,-,3154020,3154895,291,-,hypothetical protein
LIC12401,29.34,29.98,0.98,0.97193278,1,-,2909058,2909711,217,-,hypothetical protein
LIC12467,29.30,22.16,1.32,0.852829187,1,+,2984916,2985104,62,-,hypothetical protein
LIC12217,29.24,25.61,1.14,0.865027001,1,-,2674023,2676044,673,-,lipoprotein
LIC12478,29.22,38.56,0.76,0.688744682,1,-,3003061,3004017,318,-,hypothetical protein
LIC12379,29.20,20.33,1.44,0.577097006,1,+,2883898,2885286,462,-,histidine kinase sensor protein
LIC11123,29.16,36.45,0.80,0.704295306,1,+,1386807,1387808,333,purM,phosphoribosylaminoimidazole synthetase
LIC10481,29.15,15.67,1.86,0.249712707,1,-,557180,558775,531,-,hypothetical protein
LIC10073,29.11,29.75,0.98,0.837615719,1,-,91713,92564,283,-,3-demethylubiquinone-9 3-methyltransferase
LIC12771,29.09,43.85,0.66,0.6904365,1,-,3377351,3378601,416,proA,gamma-glutamyl phosphate reductase
LIC10013,29.08,18.56,1.57,0.46161212,1,+,17484,18377,297,-,sigma 54 activator
LIC10091,29.04,40.49,0.72,0.860559489,1,+,107605,108648,347,-,lipoprotein
LIC10815,28.94,27.03,1.07,1,1,-,985885,986661,258,-,hypothetical protein
LIC13473,28.93,16.39,1.76,0.558023374,1,+,4248140,4248226,87,tRNA-Ser-GGA,Ser tRNA
LIC11302,28.92,26.29,1.10,1,1,-,1609798,1610472,224,gph,phosphoglycolate phosphatase
LIC10277,28.90,22.86,1.26,0.744033226,1,+,315261,316160,299,-,phosphoribose diphosphate:decaprenyl-phosphate phosphoribosyltransferase
LIC11697,28.90,19.00,1.52,0.668162315,1,-,2062735,2063931,398,-,xylanase/chitin deacetylase
LIC13474,28.86,41.79,0.69,0.731775685,1,+,4248234,4249673,479,dnaX,DNA polymerase III subunit gamma
LIC11112,28.83,15.70,1.84,0.276569877,1,-,1374234,1375688,484,-,serine protease
LIC10387,28.81,30.98,0.93,1,1,+,440542,441621,359,-,hypothetical protein
LIC10066,28.81,21.86,1.32,0.63377509,1,-,84866,85648,260,-,enoyl-CoA hydratase/isomerase family protein
LIC13032,28.79,45.64,0.63,0.608878501,1,-,3697262,3698161,299,-,hypothetical protein
LIC11111,28.76,15.93,1.81,0.193706203,1,-,1372900,1374237,445,htrA2,HtrA2
LIC12978,28.75,25.92,1.11,0.827205443,1,+,3615979,3616572,197,msrA,peptide methionine sulfoxide reductase 2
LIC12805,28.73,37.77,0.76,0.629826891,1,+,3410105,3411112,335,-,hypothetical protein
LIC11789,28.69,37.13,0.77,0.804293288,1,-,2180320,2181246,308,-,hypothetical protein
LIC10084,28.61,19.07,1.50,0.4654802,1,-,100417,100506,90,tRNA-Ser-GCT,Ser tRNA
LIC12686,28.59,31.06,0.92,1,1,-,3256875,3259976,"1,033",recB,exodeoxyribonuclease V subunit beta
LIC10193,28.57,22.63,1.26,0.84590777,1,-,222390,223232,280,-,hypothetical protein
LIC12933,28.55,23.14,1.23,0.922789027,1,-,3565060,3565347,95,-,HNH endonuclease family protein
LIC10529,28.50,12.03,2.37,0.060090335,1,+,639618,641762,714,-,hypothetical protein
LIC20139,28.48,48.49,0.59,0.483975677,2,+,165851,166321,156,-,hypothetical protein
LIC20258,28.47,50.37,0.57,0.497000902,2,-,324821,325267,148,-,hypothetical protein
LIC20123,28.46,26.33,1.08,0.919383283,2,-,146796,147479,227,-,hypothetical protein
LIC1nc30,28.46,46.73,0.61,0.775608226,1,NA,849634,849900,267,,
LIC12788,28.45,27.82,1.02,0.887866199,1,+,3393136,3394527,463,murD,UDP-n-acetylmuramoylalanine--d-glutamate ligase
LIC11586,28.45,31.26,0.91,0.831131408,1,+,1944091,1945149,352,-,alcohol dehydrogenase
LIC20165,28.43,29.99,0.95,0.996409467,2,+,200426,201586,386,-,hypothetical protein
LIC12374,28.42,17.85,1.59,0.384170012,1,-,2876376,2878487,703,btuB,"outer membrane protein, TonB dependent"
LIC13265,28.35,47.03,0.60,0.648614759,1,+,4004897,4005292,131,-,hypothetical protein
LIC12850,28.28,43.12,0.66,0.704295306,1,-,3457955,3458068,37,rpmJ,50S ribosomal protein L36
LIC11414,28.25,28.43,0.99,1,1,+,1741195,1741827,210,tesA,acyl-CoA thioesterase
LIC10271,28.23,17.93,1.57,0.610807406,1,-,308018,308683,221,-,cell wall hydrolase
LIC11612,28.16,21.39,1.32,0.859756555,1,+,1973265,1974518,417,-,hypothetical protein
LIC12897,28.14,17.93,1.57,0.475833998,1,+,3508699,3509613,304,-,hypothetical protein
LIC10289,28.11,39.34,0.71,0.836965101,1,+,331331,331615,94,-,proton-translocating transhydrogenase subunit alpha 2
LIC13185,27.95,14.00,2.00,0.274273716,1,-,3897338,3898942,534,-,AraC family transcriptional regulator
LIC13394,27.95,20.70,1.35,0.528935878,1,-,4159953,4161545,530,dmcA,methyl-accepting chemotaxis transmembrane protein
LIC12238,27.93,21.78,1.28,0.90318972,1,+,2703303,2703818,171,-,hypothetical protein
LIC11208,27.92,10.64,2.62,0.182365839,1,-,1490026,1490112,87,tRNA-Leu-CAA,Leu tRNA
LIC10913,27.86,54.79,0.51,0.120395207,1,+,1096630,1097496,288,tktA,transketolase subunit alpha protein
LIC10032,27.85,23.91,1.16,0.846735731,1,+,39801,40658,285,-,hypothetical protein
LIC11462,27.80,32.43,0.86,0.942729818,1,+,1803771,1804541,256,hisF,imidazole glycerol phosphate synthase subunit HisF
LIC13411,27.77,27.63,1.00,1,1,-,4182149,4182937,262,-,lipoprotein
LIC13194,27.76,29.48,0.94,1,1,+,3912362,3915769,"1,135",choB,cholesterol oxidase
LIC13116,27.72,22.76,1.22,0.846380331,1,-,3811555,3811893,112,-,"transposase, ISlin1"
LIC10398,27.69,23.32,1.19,0.73119565,1,-,454818,456149,443,-,hypothetical protein
LIC12801,27.68,40.68,0.68,0.6209083,1,+,3407037,3407948,303,-,hypothetical protein
LIC12418,27.68,21.52,1.29,0.907854507,1,-,2932356,2932838,160,smpB,SsrA-binding protein
LIC11767,27.67,29.00,0.95,0.969234872,1,+,2159272,2160492,406,argD,acetylornithine aminotransferase
LIC11775,27.64,63.61,0.43,0.180932722,1,-,2166673,2167554,293,serB,phosphoserine phosphatase
LIC10966,27.63,37.25,0.74,0.728997884,1,-,1164893,1165756,287,-,hypothetical protein
LIC11769,27.61,24.15,1.14,0.900998715,1,+,2161602,2162009,135,-,response regulator
LIC12800,27.57,31.86,0.87,0.871054133,1,+,3406421,3406921,166,-,methionine sulfoxide reductase B
LIC11332,27.57,30.33,0.91,0.865774197,1,-,1643876,1645144,422,-,hypothetical protein
LIC11580,27.50,21.46,1.28,0.859756555,1,+,1940177,1941118,313,-,hypothetical protein
LIC12989,27.48,28.53,0.96,0.987153345,1,-,3630851,3633952,"1,033",helA,heavy metal efflux pump
LIC12717,27.40,17.60,1.56,0.736293111,1,+,3306857,3308254,465,proP,4-hydroxybenzoate transporter transmembrane protein
LIC13478,27.37,17.23,1.59,0.635060248,1,-,4252579,4253427,282,-,cystine-binding periplasmic protein precursor
LIC11362,27.35,26.29,1.04,0.848117213,1,-,1679203,1679448,81,-,hypothetical protein
LIC12487,27.33,34.90,0.78,0.832321781,1,-,3013440,3014834,464,-,hypothetical protein
LIC10017,27.31,14.19,1.92,0.346793468,1,+,20801,21706,301,-,hypothetical protein
LIC20038,27.29,29.33,0.93,0.880394323,2,+,39072,39902,276,-,hypothetical protein
LIC10770,27.25,33.56,0.81,0.968061751,1,+,936410,937237,275,-,hypothetical protein
LIC12635,27.20,17.57,1.55,0.58679892,1,+,3193696,3194859,387,-,hypothetical protein
LIC12159,27.15,17.32,1.57,0.704295306,1,-,2609534,2609806,90,-,hypothetical protein
LIC11147,27.14,23.51,1.15,1,1,+,1414978,1415457,159,ntaB,nitrilotriacetate monooxygenase component B
LIC11942,27.12,36.93,0.73,0.777078061,1,-,2351453,2351830,125,-,hypothetical protein
LIC13479,27.08,19.64,1.38,0.771085404,1,-,4253491,4254777,428,-,hypothetical protein
LIC12484,26.99,29.87,0.90,0.885987221,1,+,3011612,3012094,160,-,DNA binding protein
LIC20042,26.95,26.31,1.02,0.936615403,2,+,42740,43429,229,batC,BatC
LIC13259,26.94,26.55,1.01,0.936615403,1,+,3996309,3996803,164,-,lipoprotein
LIC20010,26.93,61.78,0.44,0.035738063,2,+,8835,9788,317,hemB,delta-aminolevulinic acid dehydratase
LIC11695,26.90,6.62,4.06,0.009652782,1,+,2060753,2061313,186,-,hypothetical protein
LIC11528,26.90,45.68,0.59,0.620373268,1,-,1888671,1890866,731,-,histidine kinase sensor protein
LIC10038,26.86,24.32,1.10,0.930786807,1,+,46607,48115,502,-,hypothetical protein
LIC12496,26.85,32.82,0.82,0.908160959,1,-,3021994,3023376,460,-,sigma factor regulatory protein
LIC12353,26.83,10.61,2.53,0.042753089,1,+,2848145,2849065,306,-,hypothetical protein
LIC20213,26.78,28.54,0.94,0.959236409,2,+,273406,273855,149,-,hypothetical protein
LIC13169,26.77,20.96,1.28,0.842958962,1,-,3879930,3881351,473,norM,hypothetical protein
LIC12242,26.75,18.96,1.41,0.650931187,1,+,2706939,2707178,79,-,hypothetical protein
LIC20125,26.73,23.93,1.12,0.848117213,2,-,148840,149376,178,cobO,corrinoid ATP adenosyltransferase
LIC10774,26.72,44.33,0.60,0.508945176,1,-,940698,941804,368,-,lipoprotein
LIC13235,26.72,19.33,1.38,0.6904365,1,+,3970729,3971652,307,-,malate permease
LIC11095,26.71,49.42,0.54,0.299360398,1,+,1351221,1352327,368,-,adenylate/guanylate cyclase
LIC13297,26.66,19.42,1.37,0.502283216,1,+,4045382,4045783,133,-,hypothetical protein
LIC13318,26.63,37.60,0.71,0.668346284,1,+,4066637,4067794,385,fas1,fatty acid synthase subunit beta
LIC11671,26.59,26.74,0.99,0.869930437,1,+,2033775,2034569,264,-,hypothetical protein
LIC10286,26.58,42.40,0.63,0.688744682,1,-,326098,328614,838,paC,penicillin G acylase precursor
LIC11972,26.56,28.85,0.92,0.935920823,1,+,2377046,2377447,133,-,hypothetical protein
LIC11673,26.51,28.25,0.94,1,1,-,2035699,2036841,380,ank2,ankyrin
LIC10510,26.45,20.91,1.27,0.869687684,1,+,607847,614539,"2,230",-,hypothetical protein
LIC11017,26.41,15.34,1.72,0.4597751,1,+,1240869,1241651,260,-,hypothetical protein
LIC11860,26.41,39.57,0.67,0.627594134,1,+,2254954,2255844,296,mmsB,3-hydroxyisobutyrate dehydrogenase
LIC11949,26.40,30.43,0.87,0.959873819,1,-,2357928,2358938,336,-,hypothetical protein
LIC12928,26.37,12.60,2.09,0.411561721,1,-,3557625,3558590,321,-,beta-lactamase related protein
LIC11773,26.35,28.47,0.93,0.942729818,1,+,2163491,2164147,218,trpF,N-(5'-phosphoribosyl)anthranilate isomerase
LIC20129,26.33,32.72,0.80,0.959432864,2,-,152785,153549,254,cobI,precorrin-2 C-20 methlytransferase
LIC10262,26.32,11.29,2.33,0.07922991,1,+,299476,300321,281,-,hypothetical protein
LIC12389,26.27,36.05,0.73,0.836965101,1,-,2894108,2894656,182,lspA,lipoprotein signal peptidase
LIC20245,26.22,9.85,2.66,0.040374099,2,-,309214,309873,219,-,hypothetical protein
LIC13339,26.21,22.45,1.17,0.786471035,1,-,4095606,4096334,242,-,hypothetical protein
LIC13338,26.21,16.47,1.59,0.410487823,1,-,4095181,4095594,137,-,lipoprotein
LIC11921,26.18,27.64,0.95,0.875510762,1,-,2320123,2321397,424,-,diguanylate phosphodiesterase
LIC10533,26.17,21.20,1.23,0.785396286,1,+,646592,648151,519,dbp,peptide ABC transporter substrate-binding protein
LIC11454,26.15,18.24,1.43,0.706383573,1,+,1791554,1792411,285,panC,pantoate--beta-alanine ligase
LIC20017,26.12,37.71,0.69,0.611226625,2,+,16251,17534,427,hemG,protoporphyrinogen oxidase
LIC11199,26.12,20.53,1.27,0.728997884,1,+,1475885,1478155,756,-,cyclic nucleotide binding patatin-like phospholipase
LIC11124,26.11,34.07,0.77,0.733970479,1,+,1387819,1389069,416,-,chloride channel
LIC10444,26.09,25.84,1.01,0.866404533,1,-,506975,508021,348,-,glucose-1-phosphate thymidylyltransferase
LIC10453,26.07,11.03,2.36,0.217213845,1,-,516363,517454,363,-,hypothetical protein
LIC10635,26.06,34.78,0.75,0.878048573,1,+,774064,774498,144,nifU,hypothetical protein
LIC20180,26.01,29.03,0.90,1,2,-,226084,227802,572,-,response regulator
LIC20029,26.00,49.94,0.52,0.209671588,2,+,28376,28813,145,-,hypothetical protein
LIC10095,25.96,21.95,1.18,0.986393008,1,-,113248,113604,118,-,hypothetical protein
LIC10283,25.93,21.59,1.20,0.794298923,1,+,322520,323518,332,ispA,farnesyl-diphosphate synthase
LIC10113,25.93,17.55,1.48,0.456654708,1,+,130616,131248,210,hisH,imidazole glycerol phosphate synthase subunit HisH
LIC10470,25.92,33.34,0.78,0.704295306,1,-,541840,542943,367,prfB,peptide chain release factor 2
LIC12267,25.87,20.74,1.25,0.927194427,1,-,2737583,2738767,394,rluC,ribosomal large subunit pseudouridine synthase C
LIC11509,25.80,17.53,1.47,0.645820574,1,+,1864812,1865894,360,-,hypothetical protein
LIC10364,25.77,42.28,0.61,0.749666508,1,+,411359,412054,231,-,hypothetical protein
LIC12128,25.76,17.40,1.48,0.443338548,1,-,2571788,2572609,273,-,glycosyl transferase
LIC10143,25.75,37.82,0.68,0.585457901,1,-,172832,173080,82,-,hypothetical protein
LIC11727,25.74,30.94,0.83,0.95944855,1,+,2102484,2102669,61,-,hypothetical protein
LIC11567,25.70,26.92,0.95,0.928113821,1,+,1927403,1927777,124,-,lipoprotein
LIC11158,25.70,33.77,0.76,0.712085775,1,+,1428666,1429103,145,-,Fur family transcriptional regulator
LIC10994,25.67,27.53,0.93,1,1,+,1210408,1211091,227,kdpE,response regulator
LIC12271,25.66,12.90,1.99,0.462502076,1,-,2744192,2744422,76,-,hypothetical protein
LIC11263,25.58,15.55,1.65,0.587555285,1,+,1560904,1561686,260,-,hypothetical protein
LIC11751,25.53,38.17,0.67,0.728997884,1,+,2137927,2138988,353,rfaQ,lipopolysaccharide core biosynthesis protein
LIC11063,25.50,21.22,1.20,0.785396286,1,-,1312650,1313606,318,lgt,prolipoprotein diacylglyceryl transferase
LIC11485,25.45,15.41,1.65,0.502283216,1,+,1833692,1834303,203,-,hypothetical protein
LIC10077,25.45,21.41,1.19,0.955519454,1,+,96008,96355,115,-,hypothetical protein
LIC11766,25.45,25.40,1.00,0.959432864,1,+,2157512,2159275,587,manB,phosphomannomutase
LIC11501,25.44,37.92,0.67,0.563022521,1,+,1851482,1852399,305,-,hypothetical protein
LIC13118,25.43,14.86,1.71,0.421156668,1,+,3814758,3815966,402,wlbF,amino-sugar biosynthesis protein
LIC12073,25.33,28.49,0.89,0.906979471,1,+,2511400,2511933,177,-,hypothetical protein
LIC10964,25.33,7.33,3.46,0.022331682,1,-,1161704,1164037,777,phuR,TonB-dependent outer membrane hemin receptor
LIC12974,25.32,37.26,0.68,0.728997884,1,-,3611773,3612336,187,-,hypothetical protein
LIC12192,25.28,19.50,1.30,0.900998715,1,-,2645070,2645465,131,-,hypothetical protein
LIC11934,25.24,17.57,1.44,0.728997884,1,+,2336072,2337370,432,-,polynucleotide adenyltransferase-like protein
LIC12739,25.19,26.67,0.94,0.980707913,1,-,3337050,3337514,154,-,MaoC family protein
LIC11707,25.18,26.70,0.94,0.848117213,1,+,2072824,2073948,374,fbp,"fructose-1,6-bisphosphatase"
LIC11289,25.16,36.30,0.69,0.771949693,1,+,1589281,1591587,768,-,hypothetical protein
LIC10621,25.15,12.94,1.94,0.225537619,1,+,760161,760385,74,flbD,flagellar protein
LIC12134,25.10,25.74,0.98,0.991660653,1,-,2578989,2579930,313,hlpA,sugar transferase
LIC12118,25.08,13.75,1.82,0.342759119,1,-,2559991,2561385,464,-,divalent anion Na+ symporter
LIC10083,25.06,15.18,1.65,0.523223731,1,-,99931,100377,148,-,hypothetical protein
LIC13127,25.06,37.34,0.67,0.746773558,1,-,3828113,3829138,341,-,hypothetical protein
LIC11784,25.05,12.09,2.07,0.21450995,1,+,2175698,2176339,213,-,hypothetical protein
LIC11866,25.03,16.96,1.48,0.58679892,1,-,2261342,2262448,368,mraY,phospho-N-acetylmuramoyl-pentapeptide-transferase
LIC12244,25.03,36.37,0.69,0.771949693,1,-,2708279,2709154,291,-,hypothetical protein
LIC20041,25.03,32.68,0.77,0.8974382,2,+,41700,42743,347,batB,BatB
LIC12804,25.01,13.70,1.83,0.479108689,1,-,3409809,3410009,66,-,hypothetical protein
LIC11816,24.97,34.48,0.72,0.779788235,1,-,2209170,2210390,406,-,hypothetical protein
LIC10120,24.95,20.23,1.23,0.775608226,1,-,140027,141856,609,-,histidine kinase sensor protein
LIC13481,24.93,25.96,0.96,1,1,-,4257126,4257935,269,-,hypothetical protein
LIC11738,24.93,22.58,1.10,0.959236409,1,-,2116575,2118704,709,pbp2,penicillin binding protein
LIC11356,24.91,25.29,0.99,0.935920823,1,+,1670167,1670487,106,-,hypothetical protein
LIC11854,24.84,20.96,1.19,0.985745215,1,+,2249435,2250052,205,-,methyltransferase
LIC10259,24.83,22.50,1.10,0.969234872,1,+,297478,298209,243,-,hypothetical protein
LIC12360,24.83,70.28,0.35,0.00660078,1,-,2859408,2860415,335,pirin,pirin
LIC10219,24.82,19.87,1.25,0.936615403,1,-,248443,249258,271,-,hypothetical protein
LIC12692,24.65,117.44,0.21,2.40E-05,1,-,3270352,3272502,716,-,hypothetical protein
LIC13155,24.64,22.39,1.10,0.942729818,1,+,3867637,3867984,115,-,hypothetical protein
LIC12503,24.63,27.47,0.90,1,1,-,3030882,3031331,149,-,hypothetical protein
LIC12391,24.62,23.92,1.03,0.867285057,1,-,2896377,2897546,389,-,oxidoreductase
LIC10087,24.62,27.54,0.89,0.939594161,1,+,102232,102891,219,-,hypothetical protein
LIC1nc55,24.54,25.47,1.04,1,1,NA,2878556,2878746,191,sRNA,Cobalamin
LIC13080,24.52,34.89,0.70,0.771055048,1,-,3765061,3765930,289,-,pirin
LIC10471,24.48,22.09,1.11,0.90318972,1,-,543822,544667,281,-,hypothetical protein
LIC12026,24.47,25.04,0.98,1,1,+,2443536,2444390,284,folD,"bifunctional 5,10-methylene-tetrahydrofolate dehydrogenase/ 5,10-methylene-tetrahydrofolate cyclohydrolase"
LIC10382,24.47,24.92,0.98,0.941057548,1,-,431902,433599,565,-,acyl-CoA dehydrogenase
LIC13468,24.45,17.16,1.42,0.706383573,1,-,4243697,4243894,65,-,hypothetical protein
LIC20112,24.44,38.68,0.63,0.457536121,2,-,134914,135621,235,-,"periplasmic protein, LipL45 homologue"
LIC20036,24.35,17.03,1.43,0.710749902,2,+,37317,37931,204,-,hypothetical protein
LIC20023,24.33,12.27,1.98,0.245322991,2,-,23764,24927,387,-,intercellular adhesion protein C
LIC12748,24.32,30.24,0.80,0.969622165,1,+,3344107,3344808,233,nuoJ,NADH dehydrogenase I subunit J
LIC10204,24.18,26.18,0.92,1,1,-,233941,234810,289,cyoE,cytochrome C oxidase assembly protein
LIC11840,24.17,27.44,0.88,0.862038838,1,-,2235872,2237284,470,argH,argininosuccinate lyase
LIC10662,24.15,47.73,0.51,0.054286492,1,-,808205,808753,182,-,hypothetical protein
LIC11495,24.14,13.28,1.82,0.385454181,1,-,1844416,1845354,312,gldA,ABC transporter ATP-binding protein
LIC10598,24.12,22.31,1.08,1,1,+,730692,732746,684,-,hypothetical protein
LIC10958,24.10,13.86,1.74,0.332088034,1,+,1154563,1155576,337,-,alcohol dehydrogenase
LIC20099,24.10,30.71,0.78,0.869687684,2,-,115948,116487,179,aroK,shikimate kinase
LIC10198,24.06,28.42,0.85,0.869930437,1,+,226336,227151,271,suhB,inositol monophosphatase
LIC10765,24.03,30.06,0.80,0.562147754,1,+,930462,930902,146,-,hypothetical protein
LIC14000,24.00,28.74,0.84,0.746773558,1,-,197456,197635,59,-,hypothetical protein
LIC11646,23.99,36.33,0.66,0.694666611,1,-,2012170,2013075,301,lipA,lipoyl synthase
LIC11551,23.96,35.04,0.68,0.774545353,1,+,1913874,1915817,647,priA,primosomal protein N'
LIC20006,23.96,16.75,1.43,0.804642127,2,+,5214,6086,290,cof,haloacid dehalogenase-like protein
LIC13093,23.95,27.39,0.87,0.974886803,1,+,3783569,3784168,199,-,hypothetical protein
LIC11366,23.95,21.65,1.11,0.959236409,1,-,1682693,1683559,288,-,hypothetical protein
LIC11496,23.93,11.76,2.03,0.446767644,1,-,1845414,1845710,98,-,hypothetical protein
LIC13349,23.92,24.92,0.96,1,1,+,4106944,4107423,159,-,hypothetical protein
LIC12762,23.92,35.95,0.67,0.457536121,1,+,3365976,3367502,508,-,hypothetical protein
LIC11278,23.90,36.55,0.65,0.666607317,1,+,1577911,1578411,166,-,acetyl-coa carboxylase/pyruvate carboxylase
LIC10655,23.90,15.63,1.53,0.738619125,1,+,798516,798965,149,-,hypothetical protein
LIC12433,23.87,32.94,0.72,0.688710373,1,+,2951737,2953725,662,mdoB,phosphoglycerol transferase
LIC10647,23.85,14.98,1.59,0.528182463,1,+,791334,792350,338,-,hypothetical protein
LIC10437,23.84,30.41,0.78,0.996409467,1,-,497527,499023,498,-,spermidine synthase
LIC11107,23.82,15.07,1.58,0.598612386,1,+,1368007,1368972,321,pgpB,phosphatidylglycerophosphatase B
LIC10665,23.76,47.98,0.50,0.128666542,1,-,810114,810506,130,-,hypothetical protein
LIC10149,23.76,4.86,4.89,0.010774839,1,+,177952,178608,218,frnE,polyketide synthase
LIC10778,23.69,12.07,1.96,0.457536121,1,-,946836,948731,631,-,hypothetical protein
LIC11636,23.68,19.57,1.21,0.712038854,1,+,2002766,2003440,224,-,hypothetical protein
LIC11752,23.56,24.48,0.96,0.933770306,1,-,2139426,2140736,436,-,glycosyl transferase
LIC20247,23.52,15.52,1.52,0.6904365,2,+,312245,312862,205,slt,soluble lytic murein transglycosylase
LIC13001,23.50,20.97,1.12,1,1,-,3648329,3650545,738,-,hypothetical protein
LIC11473,23.49,9.90,2.37,0.235635362,1,-,1820719,1821027,102,-,"transposase, ISlin1"
LIC10103,23.45,10.13,2.31,0.112470845,1,+,122810,123415,201,-,hypothetical protein
LIC10029,23.40,39.14,0.60,0.490301496,1,-,35248,36096,282,-,inositol monophosphatase
LIC10732,23.34,29.89,0.78,0.629065281,1,+,893083,893562,159,-,bacterioferritin comigratory protein
LIC13389,23.33,9.13,2.56,0.03804048,1,-,4153049,4154881,610,-,DNA mismatch repair protein
LIC13363,23.32,16.89,1.38,0.804642127,1,-,4125799,4126575,258,-,hypothetical protein
LIC12380,23.31,14.90,1.56,0.704295306,1,+,2885270,2885734,154,-,response regulator
LIC10668,23.30,18.71,1.25,0.868815971,1,+,813011,813916,301,mrr,Mrr
LIC10220,23.28,23.22,1.00,0.946952964,1,-,249230,250006,258,-,hypothetical protein
LIC10636,23.23,39.65,0.59,0.399761828,1,+,774826,775149,107,-,hypothetical protein
LIC13094,23.20,22.55,1.03,1,1,+,3784165,3784917,250,surE,survival protein
LIC12955,23.18,21.22,1.09,0.974886803,1,-,3587895,3588362,155,ptsN,nitrogen regulatory IIA protein
LIC10681,23.07,31.43,0.73,0.896373009,1,+,824493,825152,219,purL,phosphoribosylformylglycinamidine synthase I
LIC12572,23.06,19.81,1.16,0.848230229,1,+,3118595,3119239,214,-,hypothetical protein
LIC11195,23.04,24.09,0.96,0.959432864,1,-,1471083,1472018,311,argF,ornithine carbamoyltransferase
LIC12251,23.03,33.43,0.69,0.862038838,1,+,2714683,2716281,532,nadB,L-aspartate oxidase
LIC20210,23.03,32.25,0.71,0.614971701,2,+,270034,271089,351,-,arginine/ornithine transport system ATPase
LIC11756,23.00,50.95,0.45,0.107182063,1,-,2148564,2150393,609,uvrC,excinuclease ABC subunit C
LIC12893,23.00,21.64,1.06,0.984412213,1,-,3494291,3495052,253,-,hypothetical protein
LIC12482,22.99,27.83,0.83,0.848117213,1,-,3007589,3009391,600,-,methyl-accepting chemotaxis I
LIC12429,22.94,30.24,0.76,0.670624835,1,-,2948277,2949515,412,-,"lipoprotein releasing system, permease component"
LIC10991,22.94,46.18,0.50,0.388336219,1,+,1205134,1207212,692,kdpB,potassium-transporting ATPase subunit B
LIC13449,22.91,17.85,1.28,0.862038838,1,-,4225618,4226070,150,-,flagellar assembly protein FliW
LIC13088,22.87,22.39,1.02,0.996409467,1,+,3774974,3775645,223,-,response regulator
LIC11230,22.84,35.17,0.65,0.488397189,1,+,1521989,1524178,729,-,lipoprotein
LIC12693,22.83,76.65,0.30,0.002651493,1,+,3272518,3274191,557,-,hypothetical protein
LIC10160,22.76,54.77,0.42,0.204984625,1,+,189395,190708,437,maeB,malic enzyme
LIC12878,22.74,35.45,0.64,0.608657316,1,-,3474482,3475033,183,-,hypothetical protein
LIC10860,22.73,38.86,0.58,0.721169343,1,+,1036743,1037537,264,trpA,tryptophan synthase subunit alpha
LIC11824,22.71,27.46,0.83,0.974186835,1,-,2219161,2219922,253,oppD,ABC transporter ATP-binding protein
LIC13360,22.66,29.23,0.78,0.789156851,1,-,4118270,4120105,611,-,hypothetical protein
LIC12444,22.60,47.56,0.48,0.184959215,1,-,2962593,2962793,66,rpmF,50S ribosomal protein L32
LIC13142,22.60,24.68,0.92,1,1,-,3852096,3852638,180,-,phosphopantothenoylcysteine decarboxylase
LIC11245,22.58,22.22,1.02,0.977157254,1,+,1536022,1536327,101,-,hypothetical protein
LIC12459,22.55,42.77,0.53,0.408360854,1,-,2977843,2978184,113,-,hypothetical protein
LIC10293,22.51,14.01,1.61,0.778668979,1,-,335804,336799,331,glpQ,glycerophosphoryl diester phosphodiesterase
LIC10764,22.51,24.38,0.92,0.991660653,1,+,929731,930222,163,-,nucleotide-binding protein
LIC13296,22.49,8.87,2.54,0.149308058,1,-,4041434,4044022,862,-,lipoprotein
LIC12783,22.49,26.77,0.84,0.836965101,1,-,3387738,3389474,578,-,dolichyl-phosphate-mannose-protein mannosyltransferase
LIC13097,22.47,8.56,2.63,0.084452667,1,+,3786690,3786769,80,tRNA-Arg-TCT,Arg tRNA
LIC12641,22.47,47.28,0.48,0.08591618,1,+,3198856,3201024,722,-,hypothetical protein
LIC11231,22.46,9.37,2.40,0.069902316,1,-,1525050,1525601,183,-,TetR family transcriptional regulator
LIC10498,22.40,12.49,1.79,0.488397189,1,+,583441,586308,955,-,lipoprotein
LIC11923,22.39,18.97,1.18,0.971062933,1,+,2323973,2325292,439,-,hypothetical protein
LIC12406,22.38,30.29,0.74,0.795426437,1,-,2916833,2917390,185,-,hypothetical protein
LIC13276,22.38,16.40,1.36,0.6904365,1,-,4017311,4017565,84,-,hypothetical protein
LIC13405,22.37,13.53,1.65,0.574233932,1,-,4175598,4176149,183,folE,GTP cyclohydrolase I
LIC10122,22.37,19.38,1.15,0.840857706,1,+,142827,144128,433,-,hypothetical protein
LIC11203,22.37,27.28,0.82,0.977157254,1,+,1482846,1484060,404,-,response regulator
LIC13248,22.36,16.23,1.38,0.874526251,1,-,3983966,3985360,464,-,lipoprotein
LIC20111,22.32,24.43,0.91,0.989812781,2,-,131807,133300,497,-,sigma factor regulatory protein
LIC11846,22.32,20.26,1.10,1,1,-,2240718,2241254,178,-,flagellar motor switch protein
LIC12513,22.26,22.84,0.97,0.922789027,1,-,3041218,3041838,206,-,hypothetical protein
LIC11117,22.26,22.75,0.98,1,1,+,1378405,1380564,719,malZ,alpha-glucosidase
LIC13326,22.26,30.10,0.74,0.836046171,1,+,4081553,4081966,137,ndk,nucleoside diphosphate kinase
LIC10791,22.24,27.43,0.81,0.941154694,1,+,961450,962082,210,-,cyclic nucleotide binding protein
LIC11160,22.22,21.41,1.04,1,1,+,1430923,1431480,185,-,hypothetical protein
LIC10406,22.21,21.38,1.04,0.714141011,1,+,462862,464178,438,-,hypothetical protein
LIC13070,22.20,23.27,0.95,0.956647315,1,-,3746896,3748236,446,-,hypothetical protein
LIC12122,22.16,17.41,1.27,0.901529834,1,-,2563748,2564722,324,-,glycosyltransferase
LIC10615,22.15,13.44,1.65,0.485911973,1,+,753194,754192,332,-,lipoprotein
LIC10699,22.15,19.69,1.12,0.848117213,1,-,847018,847725,235,-,hypothetical protein
LIC11874,22.08,14.53,1.52,0.714141011,1,-,2269680,2270348,222,-,hypothetical protein
LIC13239,22.08,27.26,0.81,0.798797848,1,-,3976430,3976951,173,-,hypothetical protein
LIC11817,22.05,25.04,0.88,1,1,-,2210424,2210978,184,-,RNA polymerase ECF-type sigma factor
LIC11730,22.04,15.36,1.43,0.611226625,1,+,2108170,2109081,303,-,hypothetical protein
LIC10053,22.04,7.86,2.81,0.012269107,1,-,65480,66382,300,-,hypothetical protein
LIC20156,22.03,19.59,1.12,0.848515413,2,-,189000,189305,101,-,hypothetical protein
LIC10817,22.02,32.84,0.67,0.827316248,1,+,988881,989531,216,-,hypothetical protein
LIC10703,22.02,21.43,1.03,0.836046171,1,+,850343,851068,241,-,hypothetical protein
LIC12923,21.95,12.14,1.81,0.410487823,1,+,3548347,3549891,514,-,hypothetical protein
LIC10433,21.90,37.13,0.59,0.444197013,1,+,494095,494565,156,-,hypothetical protein
LIC12647,21.89,14.72,1.49,0.577097006,1,-,3208872,3209768,298,-,hypothetical protein
LIC14006,21.89,33.94,0.64,0.502283216,1,-,623663,623830,55,-,hypothetical protein
LIC10793,21.89,24.92,0.88,1,1,+,963262,964632,456,orfC,surface antigen
LIC11183,21.87,16.93,1.29,0.900998715,1,-,1455096,1456142,348,-,hypothetical protein
LIC13410,21.87,29.52,0.74,0.700782792,1,+,4181366,4181770,134,-,hypothetical protein
LIC10589,21.85,16.05,1.36,0.528935878,1,+,717451,719907,818,amt3,ammonium transporter
LIC10543,21.85,25.77,0.85,0.982949342,1,-,663201,664916,571,-,acyl-CoA dehydrogenase
LIC12132,21.84,10.31,2.12,0.254201665,1,-,2575733,2576755,340,-,glycosyltransferase
LIC11069,21.79,22.18,0.98,0.946952964,1,+,1321902,1322321,139,-,hypothetical protein
LIC10351,21.74,35.70,0.61,0.464116306,1,+,397010,397924,304,nosF,ABC transporter ATP-binding protein
LIC13369,21.70,23.52,0.92,1,1,-,4131865,4132704,279,cobA,uroporphyrinogen-III C-methyltransferase
LIC13173,21.70,15.54,1.40,0.712085775,1,+,3884590,3885507,305,-,hypothetical protein
LIC20134,21.68,22.82,0.95,0.969234872,2,-,157308,157679,123,-,hypothetical protein
LIC12013,21.62,19.66,1.10,0.935920823,1,+,2422729,2423391,220,-,hypothetical protein
LIC11459,21.59,28.55,0.76,0.853627668,1,+,1800576,1801997,473,wcaJ,UDP-glucosyltransferase
LIC10327,21.57,19.77,1.09,0.995737091,1,+,372539,373333,264,-,hypothetical protein
LIC12148,21.53,17.38,1.24,0.887866199,1,-,2597742,2598638,298,-,glycosyltransferase
LIC12266,21.51,24.93,0.86,0.901529834,1,-,2736180,2737586,468,-,Na+/H+ antiporter
LIC12365,21.47,21.70,0.99,1,1,-,2866628,2867797,389,-,hypothetical protein
LIC10230,21.46,14.73,1.46,0.548480269,1,-,265193,266197,334,-,hypothetical protein
LIC10663,21.44,56.76,0.38,0.016906404,1,-,808775,809254,159,-,hypothetical protein
LIC10864,21.43,19.77,1.08,0.823933035,1,+,1042484,1042960,158,-,hypothetical protein
LIC12729,21.41,8.10,2.64,0.093532619,1,+,3322857,3323060,67,-,hypothetical protein
LIC13462,21.40,18.15,1.18,0.906979471,1,+,4237740,4238126,128,-,hypothetical protein
LIC11917,21.39,29.35,0.73,0.784348029,1,-,2314660,2315352,230,-,16S ribosomal RNA methyltransferase RsmE
LIC12070,21.37,17.64,1.21,0.538641477,1,-,2507972,2508904,310,-,hypothetical protein
LIC11628,21.37,21.93,0.97,0.974197672,1,-,1993856,1994380,174,-,hypothetical protein
LIC10759,21.36,31.06,0.69,0.777490411,1,-,923278,924201,307,thiL,thiamine-monophosphate kinase protein
LIC11146,21.36,4.83,4.42,0.003081592,1,+,1413750,1414703,317,-,DeoR family transcriptional regulator
LIC20211,21.34,21.53,0.99,0.960396781,2,+,272181,272558,125,-,hypothetical protein
LIC10211,21.33,35.77,0.60,0.462707455,1,+,241835,242134,99,-,hypothetical protein
LIC12092,21.31,35.25,0.60,0.684316706,1,-,2531379,2531747,122,-,hypothetical protein
LIC13372,21.30,37.83,0.56,0.405979613,1,-,4134872,4135612,246,cysH,phosphoadenosine phosphosulphate reductase
LIC11072,21.27,24.13,0.88,1,1,-,1323897,1324649,250,-,tetrapyrrole (corrin/porphyrin) methylase
LIC10056,21.25,16.56,1.28,0.658441543,1,+,69026,69952,308,-,hypothetical protein
LIC11084,21.25,22.98,0.92,0.953945329,1,+,1338573,1339718,381,-,hypothetical protein
LIC10982,21.15,9.90,2.14,0.265330195,1,-,1187747,1188652,301,-,DMT family permease
LIC10414,21.14,15.38,1.37,0.73500712,1,+,472108,473565,485,-,hypothetical protein
LIC11614,21.14,21.97,0.96,1,1,+,1975744,1976871,375,mutY,A/G specific adenine glycosylase
LIC12677,21.13,36.41,0.58,0.135598217,1,+,3241479,3242984,501,-,ATP-dependent DNA ligase
LIC11162,21.12,18.99,1.11,0.993193386,1,+,1433123,1433656,177,-,hypothetical protein
LIC12058,21.10,22.03,0.96,0.996409467,1,-,2491480,2492595,371,-,histidine kinase response regulator hybrid protein
LIC11779,21.10,42.02,0.50,0.354015824,1,-,2171259,2171924,221,bioD,dethiobiotin synthetase
LIC11137,21.10,16.06,1.31,0.912951202,1,+,1402166,1403341,391,-,hypothetical protein
LIC10018,21.00,16.50,1.27,0.866044857,1,+,21851,22354,167,-,lipoprotein
LIC12252,20.96,25.50,0.82,0.971663586,1,-,2716820,2718424,534,-,hypothetical protein
LIC11672,20.94,23.11,0.91,0.937147265,1,+,2034761,2035528,255,-,enoyl-CoA hydratase
LIC11539,20.94,13.67,1.53,0.67226726,1,+,1901394,1901870,158,tagD,glycerol-3-phosphate cytidyltransferase
LIC12556,20.93,12.43,1.68,0.635060248,1,+,3096271,3098001,576,lnt,apolipoprotein n-acyltransferase
LIC11516,20.91,22.39,0.93,0.936615403,1,+,1873866,1874195,109,-,anti-sigma factor antagonist
LIC10978,20.90,10.47,2.00,0.585006911,1,-,1184095,1184883,262,-,syringomycin channel-forming protein
LIC10282,20.87,19.76,1.06,0.848836589,1,+,321233,322255,340,-,zinc-binding dehydrogenase family protein
LIC11419,20.86,20.43,1.02,0.962623013,1,-,1745229,1745714,161,-,hypothetical protein
LIC12548,20.80,11.14,1.87,0.528182463,1,+,3088101,3088343,80,-,hypothetical protein
LIC13390,20.80,3.15,6.60,0.000274278,1,-,4154878,4155114,78,-,hypothetical protein
LIC12956,20.77,15.94,1.30,0.699544794,1,-,3588436,3589326,296,-,hypothetical protein
LIC12566,20.75,10.76,1.93,0.339837762,1,+,3112210,3112285,76,tRNA-Lys-TTT,Lys tRNA
LIC10287,20.75,13.01,1.60,0.436923295,1,+,330129,330515,128,ptpS,6-pyruvoyl tetrahydrobiopterin synthase
LIC10503,20.74,22.47,0.92,1,1,-,599481,600833,450,-,"transposase, IS3"
LIC12290,20.71,28.12,0.74,0.732608726,1,-,2761992,2763626,544,malL,"oligo-1,6- glucosidase"
LIC10059,20.70,11.61,1.78,0.502283216,1,-,73514,74797,427,-,proton glutamate symport protein
LIC13322,20.66,16.47,1.25,0.775608226,1,-,4076605,4078989,794,nprT,thermolysin precursor
LIC11206,20.63,16.03,1.29,0.974135655,1,+,1486484,1486882,132,-,hypothetical protein
LIC10218,20.60,18.24,1.13,0.959287798,1,-,247666,248406,246,-,hypothetical protein
LIC12560,20.59,23.55,0.87,0.717155331,1,-,3102519,3102956,145,dut,deoxyuridine 5'triphosphate nucleotidohydrolase
LIC11267,20.59,22.46,0.92,0.953945329,1,-,1565101,1566105,334,sbp,periplasmic sulfate-binding protein
LIC12093,20.58,7.01,2.94,0.063417163,1,-,2532428,2533252,274,-,hypothetical protein
LIC20166,20.53,18.53,1.11,0.80522168,2,+,201583,202980,465,-,alginate O-acetyltransferase
LIC11579,20.51,24.57,0.83,1,1,+,1939653,1940180,175,-,hypothetical protein
LIC11787,20.49,25.51,0.80,0.844358791,1,+,2177920,2179542,540,-,sodium:solute symporter
LIC12011,20.48,17.27,1.19,0.875496759,1,-,2421603,2422361,252,-,hypothetical protein
LIC13361,20.42,18.04,1.13,1,1,-,4120107,4122194,695,-,hypothetical protein
LIC11584,20.40,17.79,1.15,0.757837736,1,-,1942994,1943596,200,-,TetR family transcriptional regulator
LIC11229,20.40,10.17,2.01,0.227025509,1,-,1520105,1521124,339,yfjQ,divalent cation transport-related protein
LIC13471,20.39,9.54,2.14,0.388336219,1,+,4246767,4246982,71,-,transcriptional coactivator
LIC11858,20.39,17.38,1.17,0.97755281,1,+,2253302,2254069,255,-,ABC transporter ATP-binding protein
LIC10953,20.38,25.84,0.79,0.739790104,1,+,1149409,1150074,221,-,hypothetical protein
LIC12492,20.38,18.75,1.09,1,1,-,3017815,3019218,467,algI,alginate O-acetyltransferase
LIC12310,20.33,17.67,1.15,0.922789027,1,+,2786364,2786888,174,-,hypothetical protein
LIC11611,20.30,30.88,0.66,0.492018169,1,+,1972611,1973258,215,-,hypothetical protein
LIC13320,20.27,12.91,1.57,0.734680948,1,-,4069685,4072060,791,-,thermolysin precursor
LIC10401,20.26,13.07,1.55,0.384881339,1,+,458140,458859,239,-,hypothetical protein
LIC13243,20.26,19.92,1.02,0.980707913,1,-,3979060,3979602,180,-,hypothetical protein
LIC11988,20.25,25.08,0.81,0.991349265,1,-,2394704,2395441,245,-,hypothetical protein
LIC10711,20.19,23.82,0.85,0.785396286,1,-,858185,859399,404,-,hypothetical protein
LIC13047,20.15,14.16,1.42,0.722254306,1,-,3719569,3719865,98,-,hypothetical protein
LIC12126,20.14,19.05,1.06,0.959432864,1,-,2568558,2569118,186,rfbC,"dTDP-4-dehydrorhamnose 3,5-epimerase"
LIC10476,20.13,27.93,0.72,0.897765591,1,-,550654,550899,81,-,hypothetical protein
LIC12793,20.12,20.23,0.99,1,1,-,3399829,3400593,254,-,hypothetical protein
LIC12416,20.10,21.88,0.92,0.946952964,1,-,2930215,2930865,216,-,membrane protein
LIC10702,20.06,27.06,0.74,0.982949342,1,+,850026,850352,108,-,hypothetical protein
LIC11108,20.01,16.63,1.20,0.740239958,1,+,1368974,1370260,428,-,polysaccharide exporter
LIC11627,19.99,20.43,0.98,0.922789027,1,+,1991768,1993000,410,mtf,mannosyltransferase
LIC10512,19.99,8.49,2.36,0.206772744,1,+,615803,616642,279,-,hypothetical protein
LIC11853,19.98,21.32,0.94,1,1,+,2248331,2249431,366,metX,homoserine O-acetyltransferase
LIC10228,19.98,24.85,0.80,1,1,+,261972,262658,228,-,hypothetical protein
LIC10065,19.96,15.36,1.30,0.728997884,1,-,84344,84865,173,dcd,deoxycytidine triphosphate deaminase
LIC10203,19.95,20.68,0.96,1,1,+,231970,232935,321,rmd,oxidoreductase
LIC10625,19.93,12.26,1.63,0.523223731,1,+,762578,763324,248,kdsB,3-deoxy-manno-octulosonate cytidylyltransferase
LIC11368,19.92,36.57,0.54,0.53037871,1,+,1683706,1685847,713,-,sodium/alanine symporter family protein
LIC10771,19.92,15.42,1.29,0.667318301,1,+,937234,937911,225,-,hypothetical protein
LIC12756,19.91,27.27,0.73,0.645820574,1,-,3353542,3354594,350,dshA,DshA
LIC12665,19.90,12.94,1.54,0.667318301,1,+,3225318,3226394,358,-,hypothetical protein
LIC10423,19.88,21.75,0.91,0.996409467,1,-,483153,483767,204,-,hypothetical protein
LIC13399,19.87,23.19,0.86,0.785396286,1,-,4167417,4168280,287,mtaP,5'-methylthioadenosine phosphorylase
LIC12226,19.87,18.87,1.05,0.886211893,1,+,2689926,2690768,280,-,hypothetical protein
LIC10704,19.84,33.79,0.59,0.468398121,1,+,851080,851748,222,-,lipoprotein
LIC12682,19.81,18.33,1.08,0.969234872,1,-,3252109,3252972,287,-,3-oxoacyl-ACP
LIC10322,19.77,9.41,2.10,0.180932722,1,-,366944,367876,310,-,hypothetical protein
LIC12398,19.76,18.23,1.08,0.993289437,1,+,2904788,2905192,134,-,anti-sigma factor antagonist
LIC13249,19.72,9.69,2.03,0.354015824,1,-,3986467,3986955,162,-,hypothetical protein
LIC11475,19.70,19.48,1.01,0.918016128,1,+,1823014,1824450,478,-,alginate o-acetyltransferase
LIC20220,19.70,34.82,0.57,0.317301572,2,+,280864,282516,550,gltB,glutamate synthase
LIC13174,19.69,10.39,1.90,0.388336219,1,+,3885507,3887306,599,ktrB,KtrB
LIC12685,19.69,19.77,1.00,1,1,-,3255040,3256893,617,recD,exodeoxyribonuclease v subunit alpha
LIC20059,19.69,18.05,1.09,0.785396286,2,+,62996,64333,445,-,hypothetical protein
LIC13321,19.69,23.83,0.83,0.922789027,1,-,4073098,4075476,792,-,thermolysin homolog precursor
LIC10236,19.68,13.69,1.44,0.614971701,1,+,272177,272815,212,-,hypothetical protein
LIC10028,19.67,18.28,1.08,0.959305846,1,+,34892,35251,119,-,lipoprotein
LIC11575,19.65,22.24,0.88,0.996409467,1,+,1935488,1936024,178,-,hypothetical protein
LIC12084,19.64,25.20,0.78,0.648614759,1,-,2522775,2523848,357,-,hypothetical protein
LIC20073,19.60,37.90,0.52,0.212723509,2,-,79841,80251,136,-,hypothetical protein
LIC12387,19.55,19.45,1.01,0.87565391,1,-,2892516,2893583,355,yljI,permease
LIC10545,19.55,11.73,1.67,0.457536121,1,+,667284,667847,187,-,peptide methionine sulfoxide reductase
LIC11374,19.52,23.59,0.83,0.922789027,1,+,1690089,1690868,259,fliR,flagellar biosynthetic protein
LIC13415,19.52,19.77,0.99,0.920160204,1,-,4189213,4190844,543,-,AraC family transcriptional regulator
LIC10419,19.47,25.42,0.77,0.73500712,1,+,475870,476916,348,-,hypothetical protein
LIC10508,19.45,16.79,1.16,0.844358791,1,+,605726,606337,203,-,lipoprotein
LIC10923,19.37,23.40,0.83,1,1,+,1109018,1109425,135,-,response regulator
LIC20106,19.37,13.65,1.42,0.704295306,2,+,125109,126713,534,-,putative diguanylate phosphodiesterase
LIC12436,19.35,18.14,1.07,0.806364331,1,-,2954854,2956767,637,-,hypothetical protein
LIC12253,19.34,26.79,0.72,0.684906292,1,-,2718956,2719639,227,-,lipoprotein
LIC12983,19.34,17.74,1.09,0.965950204,1,-,3622490,3622690,66,-,hypothetical protein
LIC11303,19.33,14.73,1.31,0.806364331,1,+,1610517,1611806,429,-,"L-lysine 2,3-aminomutase"
LIC12395,19.30,11.63,1.66,0.495576356,1,-,2901671,2902141,156,-,hypothetical protein
LIC11857,19.22,16.72,1.15,0.832321781,1,+,2252519,2253298,259,-,ABC transporter permease
LIC12834,19.20,23.66,0.81,0.828043372,1,-,3438843,3439886,347,-,hypothetical protein
LIC12745,19.20,38.18,0.50,0.375332174,1,+,3341224,3341709,161,nuoE,NADH dehydrogenase subunit I E
LIC11987,19.17,20.85,0.92,0.985177549,1,-,2394230,2394499,89,-,hypothetical protein
LIC10971,19.17,4.40,4.35,0.008700478,1,+,1170840,1171037,65,-,hypothetical protein
LIC12684,19.15,20.16,0.95,0.996409467,1,-,3253734,3254726,330,-,ABC transporter ATP-binding protein
LIC12275,19.13,23.17,0.83,0.977157254,1,-,2747745,2748518,257,proC,pyrroline-5-carboxylate reductase
LIC12625,19.11,13.38,1.43,0.844358791,1,+,3175940,3176614,224,-,hypothetical protein
LIC13365,19.10,11.30,1.69,0.47186393,1,+,4127456,4128466,336,-,hypothetical protein
LIC11873,19.09,28.59,0.67,0.692405248,1,+,2267994,2268743,249,-,hypothetical protein
LIC12047,19.08,13.20,1.45,0.440437689,1,-,2466521,2474185,"2,554",-,hypothetical protein
LIC12413,19.08,16.31,1.17,0.746990351,1,+,2925753,2927582,609,-,hypothetical protein
LIC13268,19.07,10.46,1.82,0.282474229,1,+,4006222,4006668,148,-,hypothetical protein
LIC11598,19.05,15.11,1.26,0.941721053,1,+,1957813,1958385,190,pth,peptidyl-tRNA hydrolase
LIC10612,19.05,29.71,0.64,0.658441543,1,-,750258,750707,149,-,ribosomal protein S18 acetyltransferase
LIC12561,19.03,40.52,0.47,0.086726971,1,+,3103359,3104309,316,-,hypothetical protein
LIC10592,19.02,27.69,0.69,0.670624835,1,+,722430,723857,475,-,hypothetical protein
LIC20013,18.99,42.57,0.45,0.097872161,2,+,12030,12722,230,-,response regulator
LIC12293,18.92,17.07,1.11,0.966626908,1,+,2765841,2766971,376,purK,phosphoribosylaminoimidazole carboxylase ATPase subunit protein
LIC11384,18.88,15.83,1.19,0.989313061,1,+,1702086,1702367,93,-,hypothetical protein
LIC12160,18.88,25.88,0.73,0.74443614,1,-,2610083,2610358,91,-,hypothetical protein
LIC20173,18.86,11.13,1.69,0.41121879,2,+,209755,211146,463,-,hypothetical protein
LIC11343,18.83,30.97,0.61,0.728997884,1,-,1655628,1656965,445,-,adenylate/guanylate cyclase
LIC13366,18.80,13.88,1.35,0.706519245,1,+,4128459,4129535,358,-,strictosidine synthase
LIC11400,18.80,21.31,0.88,0.797763567,1,-,1719727,1720725,332,-,N-acetylneuraminate synthase
LIC13317,18.80,24.45,0.77,0.753913262,1,-,4065708,4066490,260,-,hypothetical protein
LIC11637,18.76,21.45,0.87,1,1,+,2003453,2004133,226,-,hypothetical protein
LIC11301,18.75,7.23,2.59,0.263714311,1,-,1608945,1609754,269,-,hypothetical protein
LIC11055,18.71,21.37,0.88,0.848117213,1,-,1300352,1301146,264,-,hypothetical protein
LIC11093,18.67,22.93,0.81,0.888871279,1,+,1349308,1350201,297,-,glycosyl transferase
LIC11716,18.65,25.72,0.73,0.574233932,1,-,2087058,2088107,349,-,hypothetical protein
LIC11467,18.64,2.39,7.80,0.001919579,1,-,1811649,1813145,498,-,regulator of chromosome condensation
LIC10352,18.56,14.06,1.32,0.836965101,1,+,397917,398741,274,-,hypothetical protein
LIC13461,18.52,11.24,1.65,0.47186393,1,+,4237134,4237721,195,-,lipoprotein
LIC12292,18.49,18.54,1.00,0.969867314,1,+,2765356,2765844,162,purE,phosphoribosylaminoimidazole carboxylase catalytic subunit protein
LIC12367,18.47,14.17,1.30,0.836965101,1,-,2869379,2869750,123,-,hypothetical protein
LIC12085,18.46,20.40,0.90,0.768333194,1,-,2524132,2524677,181,paaY,carbonic anhydrase
LIC12785,18.44,38.71,0.48,0.104412696,1,-,3389804,3390865,353,-,ribosomal RNA large subunit methyltransferase N
LIC12018,18.44,24.86,0.74,0.827316248,1,+,2431140,2432747,535,-,sodium-dependent transporter
LIC13187,18.43,31.17,0.59,0.47186393,1,-,3900969,3902438,489,nhaP,potassium/proton antiporter
LIC10114,18.43,23.07,0.80,0.922789027,1,+,131245,131970,241,hisA,phosphoribosylformimino-5-aminoimidazole carboxamide ribotide isomerase protein
LIC12943,18.42,26.59,0.69,0.788008073,1,-,3572786,3573247,153,-,tRNA/rRNA methyltransferase
LIC11085,18.39,9.16,2.01,0.407936223,1,-,1340307,1341671,454,-,RNA methyltransferase
LIC20178,18.39,19.29,0.95,0.848117213,2,+,221026,222297,423,-,DNA binding protein
LIC10020,18.39,23.00,0.80,1,1,+,23118,23726,202,-,hypothetical protein
LIC11030,18.37,1.64,11.18,0.000178139,1,-,1269359,1270393,344,-,lipoprotein
LIC12086,18.36,12.58,1.46,0.818603943,1,+,2524784,2525344,186,sipA,signal peptidase I
LIC11654,18.34,9.03,2.03,0.251288917,1,-,2019559,2020185,208,-,hypothetical protein
LIC12952,18.34,33.03,0.56,0.469060064,1,-,3584661,3586244,527,-,S-layer-like protein
LIC11388,18.34,8.17,2.24,0.380134605,1,-,1705231,1705623,130,-,hypothetical protein
LIC10205,18.33,19.35,0.95,0.980707913,1,-,234829,235776,315,ctaA,cytochrome oxidase assembly protein
LIC11856,18.29,16.70,1.10,0.900998715,1,+,2251203,2252522,439,-,hypothetical protein
LIC10031,18.23,15.96,1.14,0.880351998,1,-,37639,39615,658,lacZ,beta-galactosidase
LIC12546,18.22,21.80,0.84,0.948962035,1,-,3085192,3086367,391,-,hypothetical protein
LIC11750,18.20,21.86,0.83,0.782892123,1,+,2137283,2137930,215,-,hypothetical protein
LIC10509,18.11,18.75,0.97,0.969234872,1,+,606359,606967,202,-,lipoprotein
LIC12718,18.10,8.58,2.11,0.400999543,1,+,3308260,3308964,234,-,enolase-phosphatase E-1
LIC12508,18.07,21.79,0.83,0.710749902,1,+,3036789,3037901,370,hisC,histidinol-phosphate aminotransferase
LIC10648,18.07,25.87,0.70,0.732070391,1,+,792350,794293,647,-,hypothetical protein
LIC10213,18.06,8.82,2.05,0.180932722,1,+,243009,243473,154,-,hypothetical protein
LIC10975,18.06,11.24,1.61,0.722254306,1,-,1178726,1179907,393,-,AraC family transcriptional regulator
LIC12994,18.04,20.23,0.89,1,1,+,3639848,3640987,379,-,hypothetical protein
LIC13055,18.01,10.82,1.66,0.604637759,1,-,3728504,3729181,225,-,hypothetical protein
LIC11138,18.00,21.84,0.82,0.900998715,1,-,1403382,1404887,501,-,hypothetical protein
LIC10400,17.96,7.75,2.32,0.124021977,1,+,457309,458136,275,-,hypothetical protein
LIC12542,17.93,24.29,0.74,0.822017048,1,-,3080758,3081510,250,pgsA,phosphatidylglycerophosphate synthase
LIC10731,17.93,20.51,0.87,0.740239958,1,+,890787,892046,419,-,lipoprotein
LIC12366,17.86,13.06,1.37,0.757837736,1,-,2867811,2869343,510,-,alginate O-acetyltransferase
LIC20051,17.82,23.57,0.76,0.804430309,2,+,52134,52613,159,-,hypothetical protein
LIC20012,17.78,44.86,0.40,0.040275192,2,+,11116,12033,305,-,histidine kinase sensor protein
LIC10159,17.77,43.50,0.41,0.180932722,1,+,188028,189398,456,trmE,tRNA modification GTPase TrmE
LIC10574,17.77,27.98,0.64,0.637005873,1,+,699396,700670,424,pyrC,dihydroorotase
LIC13476,17.77,18.97,0.94,1,1,+,4250006,4250611,201,recR,recombination protein RecR
LIC12468,17.74,19.49,0.91,0.887866199,1,+,2986975,2988528,517,-,hypothetical protein
LIC13271,17.73,10.75,1.65,0.700782792,1,+,4010128,4011285,385,argJ,bifunctional ornithine acetyltransferase/N-acetylglutamate synthase protein
LIC10833,17.69,25.55,0.69,0.700782792,1,+,1012299,1012811,170,-,hypothetical protein
LIC20188,17.67,14.44,1.22,0.827205443,2,-,238678,240066,462,-,sodium/solute symporter family protein
LIC11859,17.67,13.38,1.32,0.846137378,1,+,2254093,2254848,251,-,hypothetical protein
LIC10233,17.65,10.66,1.66,0.380430224,1,+,268725,269402,225,lolD,ABC transporter ATP-binding protein
LIC20269,17.49,16.77,1.04,0.887866199,2,-,339914,341377,487,-,alginate O-acetyltransferase
LIC13138,17.47,12.68,1.38,0.824340883,1,-,3849035,3850027,330,murB,UDP-N-acetylenolpyruvoylglucosamine reductase
LIC10022,17.46,13.85,1.26,0.859756555,1,-,26728,27090,120,-,arsenate reductase
LIC10156,17.44,23.99,0.73,0.883795317,1,+,185176,185400,74,-,hypothetical protein
LIC10279,17.41,10.28,1.69,0.662101431,1,+,318164,318934,256,-,hypothetical protein
LIC11037,17.41,20.21,0.86,1,1,+,1275996,1277093,365,htrA,periplasmic trypsin-like serine protease
LIC12498,17.41,22.20,0.78,0.728997884,1,+,3023844,3024869,341,-,hypothetical protein
LIC20192,17.40,34.72,0.50,0.226054497,2,-,245183,246061,292,-,hypothetical protein
LIC20040,17.36,25.53,0.68,0.732319944,2,+,40741,41703,320,batA,BatA
LIC10403,17.34,49.63,0.35,0.030600314,1,+,459910,460365,151,ribH,"6,7-dimethyl-8-ribityllumazine synthase"
LIC11811,17.34,22.40,0.77,0.887866199,1,-,2202276,2203307,343,-,hypothetical protein
LIC13484,17.29,9.74,1.77,0.319297449,1,+,4259419,4259916,165,-,hypothetical protein
LIC13467,17.26,18.24,0.95,1,1,+,4242196,4243614,472,-,hypothetical protein
LIC20231,17.26,9.64,1.79,0.528935878,2,+,293843,294481,212,-,hypothetical protein
LIC20054,17.26,23.53,0.73,0.505793126,2,+,57065,57715,216,-,hypothetical protein
LIC10661,17.19,25.18,0.68,0.644213155,1,-,807474,807941,155,-,hypothetical protein
LIC20046,17.19,16.72,1.03,0.900998715,2,-,47457,47948,163,-,hypothetical protein
LIC11659,17.18,17.29,0.99,1,1,+,2023623,2024120,165,-,hypothetical protein
LIC13269,17.15,29.77,0.58,0.621830944,1,+,4007977,4008678,233,-,response regulator
LIC11993,17.14,17.45,0.98,1,1,+,2402824,2403129,101,-,hypothetical protein
LIC12715,17.14,9.85,1.74,0.519010683,1,-,3302048,3303964,638,-,hypothetical protein
LIC12581,17.10,9.65,1.77,0.57031315,1,-,3129050,3129532,160,-,hypothetical protein
LIC12919,17.09,23.48,0.73,0.728997884,1,-,3544098,3544508,136,-,hypothetical protein
LIC11460,17.09,19.81,0.86,0.80522168,1,+,1802024,1802314,96,gatC,aspartyl/glutamyl-tRNA amidotransferase subunit C
LIC11927,17.06,16.95,1.01,0.74279722,1,-,2329668,2331149,493,-,hypothetical protein
LIC20225,17.06,25.07,0.68,0.785396286,2,-,287357,288055,232,-,3-oxoacyl-[acyl-carrier protein] reductase
LIC10404,17.04,17.17,0.99,0.956051834,1,+,460402,460782,126,nusB,transcription antitermination protein NusB
LIC12479,17.01,14.67,1.16,0.827205443,1,+,3004088,3004942,284,-,hypothetical protein
LIC12087,17.01,23.03,0.74,0.93711052,1,+,2525511,2526965,484,-,histidine kinase sensor protein
LIC10192,16.95,13.62,1.24,0.848117213,1,+,221483,222421,312,-,hypothetical protein
LIC12590,16.95,22.75,0.75,0.848117213,1,+,3137354,3138610,418,-,drug proton antiporter
LIC11995,16.91,12.65,1.34,0.740239958,1,-,2404804,2405019,71,-,hypothetical protein
LIC12995,16.90,17.19,0.98,0.991660653,1,-,3641262,3642269,335,-,hypothetical protein
LIC20186,16.89,16.68,1.01,1,2,-,236103,236510,135,-,hypothetical protein
LIC10458,16.89,16.91,1.00,1,1,-,520953,521804,283,-,hypothetical protein
LIC11642,16.87,27.00,0.62,0.558023374,1,+,2007962,2009311,449,-,hypothetical protein
LIC12012,16.85,17.32,0.97,0.922789027,1,-,2422373,2422723,116,-,anti-sigma factor antagonist
LIC11808,16.84,19.58,0.86,0.822749527,1,+,2201469,2201720,83,bolA,BolA-like protein
LIC10378,16.82,12.46,1.35,0.920160204,1,+,429051,429401,116,-,ParR family transcriptional regulator
LIC10256,16.81,25.87,0.65,0.692861894,1,+,292745,294850,701,-,carbon starvation protein A
LIC10106,16.75,11.05,1.52,0.637729953,1,-,126141,126476,111,-,hypothetical protein
LIC11911,16.75,44.36,0.38,0.040374099,1,+,2306871,2309051,726,-,glycosyltransferase
LIC12624,16.71,8.83,1.89,0.615576028,1,+,3174754,3175836,360,-,hypothetical protein
LIC20090,16.68,14.41,1.16,0.845279091,2,-,104206,105090,294,argB,acetylglutamate kinase
LIC11524,16.67,21.01,0.79,0.97193278,1,-,1884554,1886695,713,-,chemotaxis protein histidine kinase
LIC11956,16.65,19.50,0.85,0.969234872,1,+,2363671,2364603,310,-,hypothetical protein
LIC11357,16.65,8.59,1.94,0.273207924,1,-,1671042,1672070,342,-,alcohol dehydrogenase
LIC13334,16.65,19.15,0.87,0.936615403,1,+,4089512,4091068,518,-,GMC oxidoreductase
LIC11647,16.64,11.51,1.45,0.740239958,1,+,2013175,2013915,246,-,pseudouridylate synthase
LIC12262,16.60,8.45,1.96,0.215154709,1,-,2733195,2733803,202,-,hypothetical protein
LIC12634,16.59,26.08,0.64,0.620373268,1,-,3189821,3193198,"1,125",-,hypothetical protein
LIC10776,16.55,6.31,2.62,0.078355966,1,+,944446,945276,276,-,hypothetical protein
LIC11895,16.54,10.14,1.63,0.558023374,1,-,2292172,2293497,441,-,sensory histidine kinase CreC
LIC10507,16.53,20.96,0.79,0.942729818,1,+,605069,605704,211,-,lipoprotein
LIC10021,16.51,18.25,0.90,1,1,+,24216,25898,560,-,lipoprotein
LIC11639,16.48,12.52,1.32,0.740239958,1,-,2004459,2005568,369,-,hypothetical protein
LIC20145,16.47,14.07,1.17,0.726790873,2,-,174822,176054,410,-,hypothetical protein
LIC11588,16.44,7.27,2.26,0.235635362,1,+,1949132,1949210,79,tRNA-Asn-GTT,Asn tRNA
LIC11478,16.43,13.71,1.20,0.87565391,1,-,1826786,1827661,291,-,hypothetical protein
LIC10799,16.43,7.58,2.17,0.213427821,1,-,967220,967966,248,-,enoyl-CoA hydratase
LIC10010,16.42,12.87,1.28,0.726153908,1,-,13804,14805,333,-,hypothetical protein
LIC12041,16.38,18.71,0.88,0.87565391,1,-,2461194,2462456,420,-,hypothetical protein
LIC11320,16.36,28.10,0.58,0.645820574,1,-,1629596,1630612,338,-,hypothetical protein
LIC11994,16.34,16.91,0.97,0.959432864,1,+,2403973,2404419,148,-,hypothetical protein
LIC13221,16.34,18.55,0.88,0.87565391,1,-,3953858,3954589,243,-,Fe-S oxidoreductase
LIC10680,16.34,22.73,0.72,0.804642127,1,+,824248,824496,82,-,hypothetical protein
LIC10016,16.32,7.94,2.06,0.383867439,1,-,20186,20749,187,maf,Maf-like protein
LIC12965,16.32,21.91,0.74,0.728997884,1,-,3602891,3603460,189,-,lipoprotein
LIC13441,16.31,8.93,1.83,0.53344002,1,-,4218355,4218801,148,-,MarR family transcriptional regulator
LIC11604,16.29,18.79,0.87,0.732608726,1,-,1965580,1966410,276,-,hypothetical protein
LIC12673,16.29,13.64,1.19,1,1,-,3235908,3236606,232,-,hypothetical protein
LIC11128,16.29,11.83,1.38,0.6904365,1,-,1392236,1393162,308,-,GGDEF family protein
LIC11693,16.27,16.35,0.99,0.936871247,1,+,2056599,2057099,166,-,hypothetical protein
LIC12104,16.20,27.08,0.60,0.739418788,1,-,2544910,2545692,260,recO,hypothetical protein
LIC10015,16.18,8.48,1.91,0.410487823,1,+,19980,20195,71,-,hypothetical protein
LIC10977,16.17,7.63,2.12,0.459271518,1,-,1183182,1184090,302,-,sodium bile acid symporter family protein
LIC10024,16.10,8.46,1.90,0.235635362,1,+,29263,31539,758,-,adenylate/guanylate cyclase
LIC12891,16.10,13.53,1.19,0.982416661,1,-,3492528,3493094,188,-,lipoprotein
LIC12765,16.07,23.17,0.69,0.699544794,1,+,3371458,3371973,171,tpx,thiol peroxidase
LIC11705,16.06,5.12,3.14,0.035484266,1,+,2072013,2072306,97,-,hypothetical protein
LIC11491,16.06,15.63,1.03,1,1,-,1839796,1840548,250,-,hypothetical protein
LIC20067,16.05,13.26,1.21,0.769070746,2,+,73327,73914,195,-,MutT-like protein
LIC11119,16.02,13.79,1.16,0.969234872,1,-,1381452,1382687,411,-,hypothetical protein
LIC12215,16.00,17.20,0.93,0.942729818,1,-,2672650,2673681,343,-,hypothetical protein
LIC11080,15.97,11.43,1.40,0.617430837,1,-,1333110,1335584,824,-,ABC transporter
LIC11916,15.95,24.30,0.66,0.52812003,1,+,2314386,2314670,94,-,lipoprotein
LIC12029,15.93,13.59,1.17,0.913251293,1,+,2446873,2447535,220,-,tRNA/rRNA methyltransferase
LIC12963,15.92,11.07,1.44,0.617430837,1,+,3598814,3600727,637,-,hypothetical protein
LIC20268,15.92,11.36,1.40,0.645820574,2,+,338378,339943,521,-,hypothetical protein
LIC20086,15.88,12.88,1.23,0.887866199,2,+,99071,99409,112,-,hypothetical protein
LIC10967,15.85,10.58,1.50,0.752453036,1,+,1165804,1166190,128,-,small multidrug resistance protein
LIC11290,15.82,16.32,0.97,0.933770306,1,+,1591584,1592729,381,-,hypothetical protein
LIC20018,15.81,10.11,1.56,0.496709637,2,-,18373,19281,302,hemH,ferrochelatase
LIC11922,15.78,8.17,1.93,0.449567426,1,+,2321379,2323196,605,-,hypothetical protein
LIC11399,15.77,16.19,0.97,1,1,-,1718592,1719734,380,-,membrane metalloendopeptidase
LIC13003,15.75,17.61,0.89,0.887866199,1,-,3653236,3654825,529,-,short-chain dehydrogenase
LIC13135,15.74,16.77,0.94,1,1,+,3843112,3845142,676,tolC,outer membrane protein
LIC13383,15.74,11.42,1.38,0.56176024,1,+,4146552,4147595,347,-,dipeptide ABC transporter permease
LIC10562,15.73,12.84,1.22,0.906979471,1,+,687612,688169,185,-,lipoprotein
LIC13182,15.68,11.77,1.33,0.752453036,1,-,3893751,3894539,262,ugpQ,glycerophosphoryl diester phosphodiesterase
LIC20187,15.68,13.68,1.15,0.894788811,2,-,236793,237797,334,-,hypothetical protein
LIC11113,15.67,7.55,2.08,0.256474457,1,-,1375681,1376544,287,-,hypothetical protein
LIC11193,15.66,13.57,1.15,0.997490807,1,+,1468631,1468951,106,chpK,ChpK
LIC12738,15.63,14.48,1.08,0.868103111,1,-,3336564,3337019,151,-,MarR family transcriptional regulator
LIC13211,15.61,13.69,1.14,0.908628531,1,+,3939613,3939822,69,-,hypothetical protein
LIC20005,15.60,11.35,1.37,0.728997884,2,-,4064,4888,274,-,hypothetical protein
LIC10620,15.59,10.57,1.48,0.509530638,1,+,759056,760156,366,-,glycosyl transferase
LIC12601,15.59,33.92,0.46,0.171530042,1,-,3152985,3153905,306,-,hypothetical protein
LIC11989,15.58,13.28,1.17,0.894788811,1,-,2395488,2396396,302,-,hypothetical protein
LIC12780,15.58,24.20,0.64,0.457536121,1,-,3383986,3384846,286,-,hypothetical protein
LIC12672,15.57,8.44,1.85,0.710749902,1,+,3235079,3235915,278,-,hypothetical protein
LIC11819,15.52,26.70,0.58,0.517128082,1,-,2212588,2214492,634,-,hypothetical protein
LIC11795,15.50,9.81,1.58,0.631106663,1,+,2188892,2189533,213,-,hypothetical protein
LIC12485,15.50,21.80,0.71,0.73500712,1,-,3012095,3012658,187,-,hypothetical protein
LIC11439,15.49,9.34,1.66,0.410960108,1,+,1774839,1775876,345,-,histidine kinase sensor protein
LIC11097,15.49,8.80,1.76,0.617430837,1,-,1352635,1353876,413,-,hypothetical protein
LIC20171,15.40,9.98,1.54,0.706383573,2,+,206725,207474,249,ubiE,ubiquinone/menaquinone biosynthesis methyltransferase
LIC13240,15.40,25.81,0.60,0.700782792,1,+,3977113,3977919,268,mazG,nucleoside triphosphate pyrophosphohydrolase
LIC12766,15.39,17.93,0.86,0.97755281,1,-,3372331,3372735,134,-,anti-sigma factor antagonist
LIC13125,15.38,23.90,0.64,0.662101431,1,-,3823468,3824034,188,-,hypothetical protein
LIC12973,15.37,12.99,1.18,1,1,+,3611147,3611755,202,-,hypothetical protein
LIC11283,15.32,12.34,1.24,0.963073865,1,-,1583910,1584329,139,-,hypothetical protein
LIC10698,15.31,12.31,1.24,0.81767325,1,-,846347,847021,224,-,hypothetical protein
LIC12830,15.28,12.16,1.26,0.739466177,1,+,3434138,3435757,539,-,hypothetical protein
LIC11815,15.27,15.00,1.02,0.97193278,1,-,2208838,2209173,111,-,hypothetical protein
LIC13355,15.25,4.10,3.72,0.012549213,1,+,4113249,4114076,275,-,lipoprotein
LIC10288,15.22,14.93,1.02,0.959432864,1,+,330525,331253,242,-,hypothetical protein
LIC12019,15.20,21.03,0.72,0.804293288,1,+,2432866,2434842,658,yoaA,ATP-dependent helicase
LIC12773,15.20,39.52,0.38,0.084732957,1,-,3379484,3380554,356,obgE,GTPase ObgE
LIC11178,15.17,12.10,1.25,0.832321781,1,-,1447934,1448836,300,-,hypothetical protein
LIC11685,15.17,15.15,1.00,0.970097205,1,-,2047568,2048113,181,-,hypothetical protein
LIC10418,15.12,13.48,1.12,1,1,-,475685,475915,76,-,hypothetical protein
LIC10097,15.10,10.76,1.40,0.704295306,1,-,114286,114834,182,ligT,2'-5' RNA ligase
LIC10343,15.10,7.93,1.91,0.426296107,1,+,389169,389771,200,-,integrase/recombinase
LIC10409,15.10,50.48,0.30,0.001928956,1,+,466921,468207,428,-,2-isopropylmalate synthase
LIC10995,15.10,15.67,0.96,0.909888147,1,-,1211402,1212526,374,-,hypothetical protein
LIC11096,15.10,18.97,0.80,0.73349633,1,-,1352324,1352638,104,-,hypothetical protein
LIC12291,15.10,10.74,1.41,0.888059268,1,+,2763905,2765305,466,murF,UDP-N-acetylmuramyl pentapeptide synthase
LIC13402,15.09,23.46,0.64,0.608657316,1,-,4171728,4172558,276,ada,methylated-DNA--protein-cysteine methyltransferase transcription regulator
LIC10821,15.05,18.49,0.81,0.829999321,1,-,991916,992989,357,-,lipoprotein
LIC10551,15.05,26.65,0.56,0.612680964,1,+,674264,675379,371,-,hypothetical protein
LIC10255,15.02,17.24,0.87,0.848117213,1,-,291725,292657,310,-,hypothetical protein
LIC10790,15.00,3.61,4.15,0.008979171,1,-,959135,959386,83,-,hypothetical protein
LIC10580,14.98,18.20,0.82,0.948962035,1,-,705226,707121,631,-,ABC transporter ATP-binding protein
LIC11535,14.98,18.06,0.83,0.875496759,1,+,1896788,1898092,434,-,di-tripeptide proton symporter
LIC11843,14.97,16.68,0.90,0.987749976,1,+,2238149,2238328,59,-,hypothetical protein
LIC12526,14.93,15.88,0.94,0.97193278,1,-,3062915,3063985,356,cysA,ABC transporter ATP-binding protein
LIC11036,14.90,11.15,1.34,0.936615403,1,-,1274891,1275997,368,-,hypothetical protein
LIC12615,14.89,126.02,0.12,2.01E-12,1,-,3163081,3164460,459,-,hypothetical protein
LIC12931,14.88,19.39,0.77,0.848515413,1,+,3562202,3562960,252,-,chemotaxis motility protein A
LIC10284,14.86,7.33,2.03,0.385454181,1,+,323499,324278,259,tlyA,hemolysin A
LIC11753,14.86,5.63,2.64,0.111678257,1,+,2140856,2142175,439,-,exopolysaccharide production protein
LIC11090,14.85,17.05,0.87,1,1,-,1345998,1346435,145,-,lipoprotein
LIC11610,14.81,14.73,1.01,1,1,-,1971616,1972548,310,ubiA,prenyltransferase
LIC20030,14.80,24.83,0.60,0.774974031,2,-,29256,29864,202,-,hypothetical protein
LIC13273,14.78,20.49,0.72,0.862480281,1,+,4012567,4014945,792,-,sigma factor regulatory protein
LIC11445,14.74,11.16,1.32,0.773165276,1,-,1781344,1782687,447,-,hydroxypyruvate reductase
LIC11076,14.72,14.47,1.02,1,1,+,1329282,1329866,194,pyrE,uridine 5-monophosphate synthase
LIC10315,14.70,30.10,0.49,0.245322991,1,+,359072,360163,363,serC,phosphoserine aminotransferase
LIC13356,14.66,8.64,1.70,0.539289938,1,+,4114237,4115271,344,cobT,nicotinate-nucleotide--dimethylbenzimidazole phosphoribosyltransferase
LIC10736,14.66,12.06,1.21,0.962623013,1,-,898187,898654,155,-,hypothetical protein
LIC13407,14.66,11.38,1.29,0.869687684,1,-,4178276,4178764,162,-,hypothetical protein
LIC12384,14.65,8.54,1.72,0.836965101,1,+,2889605,2890549,314,alr5254,sodium bile acid symporter family protein
LIC20200,14.59,8.54,1.71,0.609909921,2,-,256379,256828,149,-,hypothetical protein
LIC12808,14.52,11.94,1.22,0.82979709,1,+,3412920,3414755,611,-,histidine kinase sensor protein
LIC20014,14.48,48.16,0.30,0.003406343,2,+,12712,13734,340,hemE,uroporphyrinogen decarboxylase
LIC13303,14.46,11.08,1.31,1,1,-,4050713,4051627,304,-,hypothetical protein
LIC12312,14.45,10.23,1.41,0.728997884,1,+,2787547,2788443,298,glcK,glucokinase
LIC11556,14.44,23.29,0.62,0.731617711,1,+,1919566,1919796,76,-,RNA-binding protein
LIC10710,14.42,24.69,0.58,0.5555831,1,+,857174,857536,120,-,hypothetical protein
LIC12714,14.42,12.29,1.17,0.864132758,1,+,3299735,3300841,368,-,hypothetical protein
LIC11904,14.39,14.20,1.01,0.848117213,1,-,2300794,2302038,414,-,hypothetical protein
LIC13004,14.38,12.81,1.12,0.946952964,1,+,3655614,3656858,414,-,adenylate/guanylate cyclase
LIC13395,14.38,10.55,1.36,0.706519245,1,+,4162224,4162694,156,-,hypothetical protein
LIC11688,14.35,20.46,0.70,0.872409577,1,-,2051385,2051894,169,-,hypothetical protein
LIC11051,14.35,10.74,1.34,0.866044857,1,-,1293343,1295400,685,-,hypothetical protein
LIC12005,14.28,32.63,0.44,0.080024133,1,-,2414744,2415193,149,-,hypothetical protein
LIC13475,14.27,22.10,0.65,0.614971701,1,+,4249678,4250025,115,-,hypothetical protein
LIC11363,14.27,9.50,1.50,0.640134739,1,-,1679513,1680169,218,-,glutathione-S-transferase
LIC13381,14.27,21.25,0.67,0.721169343,1,+,4144322,4145443,373,-,hypothetical protein
LIC13057,14.24,17.79,0.80,0.75739574,1,-,3730663,3731019,118,-,hypothetical protein
LIC20151,14.22,27.36,0.52,0.269495295,2,-,183184,185316,710,-,tonB-dependent outer membrane receptor
LIC11714,14.21,16.60,0.86,1,1,+,2085715,2086668,317,czcD,heavy metal efflux pump
LIC13279,14.20,19.12,0.74,0.764785423,1,-,4019277,4020800,507,-,acetyl CoA acetyltransferase
LIC10003,14.13,26.14,0.54,0.392824488,1,+,5062,6159,365,recF,DNA repair and genetic recombination protein
LIC10350,14.12,21.52,0.66,0.740239958,1,-,396320,396802,160,-,hypothetical protein
LIC10722,14.12,14.35,0.98,0.953214014,1,-,879309,880025,238,glpF,glycerol uptake facilitator protein
LIC13272,14.12,7.62,1.85,0.523223731,1,+,4011266,4012570,434,-,hypothetical protein
LIC11487,14.11,13.64,1.03,1,1,-,1835557,1836108,183,-,hypothetical protein
LIC11401,14.10,24.56,0.57,0.5555831,1,-,1720741,1722726,661,-,phosphoglycerol transferase related protein
LIC13175,14.08,9.54,1.48,0.721169343,1,+,3887319,3888029,236,trkA,potassium uptake system protein
LIC10294,14.08,9.56,1.47,0.806167735,1,+,338060,338548,162,glcG,GlcG
LIC12048,14.07,10.48,1.34,0.974334276,1,-,2474367,2478875,"1,502",-,hypothetical protein
LIC11872,14.00,25.38,0.55,0.657818386,1,+,2267722,2267997,91,-,hypothetical protein
LIC10654,13.96,9.90,1.41,0.900998715,1,+,797781,798167,128,-,hypothetical protein
LIC10695,13.93,8.15,1.71,0.553099866,1,-,841805,843724,639,-,hypothetical protein
LIC11323,13.92,11.11,1.25,0.766428843,1,+,1632977,1634128,383,-,methyltransferase DNA modification enzyme
LIC10362,13.92,16.14,0.86,0.919383283,1,-,409698,410120,140,-,hypothetical protein
LIC11998,13.91,13.04,1.07,0.846137378,1,-,2407627,2408502,291,-,hydrolase
LIC11048,13.91,29.94,0.46,0.104218327,1,-,1289141,1289971,276,-,molybdate metabolism regulator
LIC10692,13.91,25.82,0.54,0.714141011,1,-,839330,840223,297,-,hypothetical protein
LIC10280,13.91,32.64,0.43,0.15326248,1,-,319105,319524,139,-,hypothetical protein
LIC11959,13.88,7.79,1.78,0.531838623,1,+,2366392,2366901,169,-,hypothetical protein
LIC20255,13.88,23.74,0.58,0.468398121,2,-,322355,322933,192,-,hypothetical protein
LIC11148,13.86,9.24,1.50,0.658441543,1,+,1416118,1416756,212,ruvA,DNA helicase subunit A
LIC11664,13.85,11.12,1.25,0.888871279,1,-,2027173,2027904,243,-,hypothetical protein
LIC10618,13.84,12.59,1.10,1,1,-,756959,757732,257,-,hypothetical protein
LIC13180,13.83,14.29,0.97,1,1,-,3891862,3892350,162,nudH,(di)nucleoside polyphosphate hydrolase
LIC12231,13.83,12.15,1.14,1,1,-,2693920,2694477,185,-,hypothetical protein
LIC13417,13.81,91.06,0.15,2.38E-08,1,+,4192664,4193515,283,-,hypothetical protein
LIC12668,13.80,19.26,0.72,0.704295306,1,-,3228471,3229238,255,-,hypothetical protein
LIC13445,13.79,0.79,17.46,6.13E-06,1,+,4222702,4222905,67,-,hypothetical protein
LIC13266,13.75,17.05,0.81,0.960740829,1,+,4005292,4005870,192,-,RNA polymerase ECF-type sigma factor
LIC13049,13.72,12.95,1.06,1,1,-,3721704,3722381,225,-,hypothetical protein
LIC13012,13.71,45.87,0.30,0.008209778,1,+,3665759,3668782,"1,007",-,hypothetical protein
LIC11606,13.66,17.15,0.80,0.777794143,1,+,1966735,1967613,292,-,hypothetical protein
LIC13376,13.65,28.96,0.47,0.224452894,1,+,4138479,4139837,452,-,FAD-dependent oxiredutase
LIC12585,13.65,9.62,1.42,0.650813888,1,-,3131007,3131411,134,-,hypothetical protein
LIC12727,13.65,13.77,0.99,0.984256541,1,+,3320385,3321326,313,-,acetoin-histone deacetylase
LIC10918,13.65,14.93,0.91,0.826940818,1,+,1101767,1102270,167,-,hypothetical protein
LIC12237,13.63,9.51,1.43,0.558023374,1,+,2703112,2703306,64,-,hypothetical protein
LIC12880,13.63,9.33,1.46,0.829999321,1,-,3476204,3477070,288,-,lipoprotein
LIC12276,13.63,19.26,0.71,0.674660069,1,-,2748520,2749188,222,-,hypothetical protein
LIC10932,13.63,16.09,0.85,0.959432864,1,-,1123575,1125116,513,-,type I restriction enzyme
LIC13064,13.63,24.17,0.56,0.531838623,1,-,3739853,3740446,197,tag,3-methyl-adenine DNA glycosylase I
LIC13133,13.62,16.52,0.82,1,1,-,3837388,3838353,321,nsdHL,NAD(P)H steroid dehydrogenase
LIC11788,13.61,13.05,1.04,1,1,-,2179499,2180332,277,-,alpha/beta hydrolase
LIC12710,13.61,15.07,0.90,0.982949342,1,+,3297736,3298347,203,-,hypothetical protein
LIC12486,13.57,17.18,0.79,0.81414396,1,+,3012734,3013453,239,-,integral membrane protein
LIC11696,13.56,4.39,3.09,0.214295025,1,+,2061749,2062327,192,-,hypothetical protein
LIC10390,13.56,7.87,1.72,0.431811109,1,+,447654,447995,113,-,hypothetical protein
LIC12666,13.55,15.70,0.86,0.936871247,1,+,3226395,3226853,152,-,acetyltransferase
LIC10577,13.53,12.10,1.12,0.901498876,1,+,703094,703324,76,-,hypothetical protein
LIC13018,13.51,18.01,0.75,0.871190707,1,-,3678352,3678879,175,-,hypothetical protein
LIC11876,13.50,8.94,1.51,0.832321781,1,+,2271845,2272381,178,-,hypothetical protein
LIC13010,13.50,14.67,0.92,0.885987221,1,+,3663228,3664301,357,-,ankyrin
LIC11175,13.45,17.25,0.78,0.822017048,1,-,1444815,1445909,364,eif,translation initiation factor
LIC13190,13.43,17.47,0.77,0.73500712,1,-,3904276,3905562,428,-,hypothetical protein
LIC12511,13.43,22.87,0.59,0.467595176,1,-,3040296,3040523,75,-,hypothetical protein
LIC20252,13.43,14.10,0.95,0.980707913,2,+,319708,320037,109,-,hypothetical protein
LIC13148,13.42,15.41,0.87,1,1,+,3859737,3860414,225,-,hypothetical protein
LIC20154,13.40,19.50,0.69,0.728997884,2,+,187071,187796,241,-,lipoprotein
LIC10374,13.39,4.33,3.09,0.021205989,1,-,423893,424612,239,-,hypothetical protein
LIC12689,13.38,6.71,1.99,0.457228536,1,+,3263508,3264956,482,-,ATP-dependent DNA helicase
LIC12814,13.30,12.73,1.04,0.996409467,1,+,3419353,3419967,204,tmk,thymidylate kinase
LIC12491,13.29,16.90,0.79,0.832321781,1,-,3017323,3017682,119,-,hypothetical protein
LIC10266,13.26,16.47,0.81,0.829999321,1,-,302883,303743,286,hemK,protoporphyrinogen oxidase
LIC12691,13.25,6.14,2.16,0.31293672,1,+,3268533,3269075,180,-,hypothetical protein
LIC20167,13.25,16.91,0.78,0.989590424,2,+,202987,204057,356,-,hypothetical protein
LIC13095,13.22,15.12,0.87,0.826940818,1,+,3785858,3786565,235,-,hypothetical protein
LIC11248,13.22,7.46,1.77,0.427211923,1,+,1541817,1543241,474,-,alginate o-acetyltransferase
LIC10814,13.20,19.54,0.68,0.626079128,1,-,985264,985659,131,ccmE,cytochrome c-type biogenesis protein
LIC12516,13.19,17.68,0.75,0.871190707,1,-,3045302,3047284,660,-,acetoacetyl-CoA synthetase
LIC12578,13.19,20.34,0.65,0.73500712,1,+,3126121,3126969,282,-,hypothetical protein
LIC13463,13.18,12.75,1.03,1,1,-,4238123,4238473,116,-,hypothetical protein
LIC12884,13.18,18.61,0.71,0.935920823,1,-,3482892,3484490,532,aslA,arylsulfatase
LIC12975,13.17,16.35,0.81,0.877743707,1,+,3613159,3613992,277,-,phospholipid synthase
LIC11165,13.16,10.66,1.24,0.908048823,1,-,1434838,1435164,108,-,nucleotidyltransferase
LIC11412,13.16,16.77,0.78,0.974197672,1,-,1738228,1739394,388,-,coproporphyrinogen III oxidase
LIC12598,13.16,11.61,1.13,0.827316248,1,+,3148923,3150257,444,-,adenylate/guanylate cyclase
LIC20190,13.16,20.78,0.63,0.767325049,2,+,241108,242565,485,-,hypothetical protein
LIC13164,13.16,12.60,1.04,0.977157254,1,-,3874007,3874456,149,folK,2-amino-4-hydroxy-6-hydroxymethyldihydropteridine pyrophosphokinase
LIC11106,13.12,17.17,0.76,0.836046171,1,-,1366973,1367770,265,plsC,acyltransferase
LIC20080,13.11,8.17,1.60,0.708383666,2,-,90403,90831,142,-,4-hydroxybenzoyl-CoA thioesterase
LIC10234,13.08,16.15,0.81,0.893201688,1,-,270472,271200,242,-,hypothetical protein
LIC12669,13.07,15.17,0.86,0.866044857,1,-,3229238,3230053,271,-,hypothetical protein
LIC13179,13.03,15.18,0.86,0.985177549,1,-,3891425,3891862,145,-,globin
LIC12792,13.03,27.45,0.47,0.321991116,1,-,3399054,3399827,257,-,pantothenate kinase
LIC11757,13.02,24.72,0.53,0.295382366,1,-,2150919,2151386,155,prfH,peptide chain release factor 2-like protein
LIC10549,13.01,28.51,0.46,0.201946203,1,-,672486,673079,197,-,deoxyribonucleotide triphosphate pyrophosphatase
LIC13229,13.00,3.94,3.30,0.054286492,1,+,3962606,3964414,602,-,hypothetical protein
LIC11865,12.95,10.40,1.24,0.658441543,1,-,2260191,2261345,384,ftsW,cell division protein
LIC12280,12.92,10.70,1.21,0.81432456,1,+,2751342,2752598,418,kdtA,3-deoxy-d-manno-octulosonic acid transferase
LIC11870,12.91,6.74,1.91,0.546043659,1,+,2265648,2266178,176,-,hydrolase
LIC13056,12.91,7.77,1.66,0.804293288,1,+,3729312,3729983,223,-,flagellar motor protein
LIC10801,12.90,6.59,1.96,0.517128082,1,+,970275,971450,391,-,acyl-CoA dehydrogenase
LIC20110,12.88,18.90,0.68,0.561183201,2,-,130347,131804,485,-,hypothetical protein
LIC12143,12.88,15.24,0.85,0.907471287,1,-,2590413,2591702,429,-,integral membrane protein
LIC10911,12.87,12.28,1.05,0.722254306,1,-,1095989,1096064,76,tRNA-Thr-TGT,Thr tRNA
LIC10071,12.87,10.35,1.24,0.836046171,1,-,89241,90881,546,-,hypothetical protein
LIC10086,12.85,5.98,2.15,0.256474457,1,+,100706,101953,415,-,RNA methyltransferase
LIC13260,12.85,24.95,0.52,0.391105912,1,+,3996782,3997771,329,-,hypothetical protein
LIC12363,12.84,16.72,0.77,0.6904365,1,-,2863315,2863866,183,-,hypothetical protein
LIC10579,12.82,15.95,0.80,0.959236409,1,-,704816,705229,137,-,response regulator
LIC12311,12.82,21.20,0.60,0.728997884,1,+,2786885,2787550,221,-,ABC transporter ATP-binding protein
LIC12946,12.80,13.40,0.95,0.969234872,1,+,3576540,3577301,253,-,glycosyl transferase
LIC11395,12.78,7.57,1.69,0.468398121,1,+,1713244,1713606,120,-,hypothetical protein
LIC12723,12.78,7.69,1.66,0.409568615,1,-,3314402,3315688,428,-,hypothetical protein
LIC11619,12.74,8.93,1.43,0.704295306,1,-,1980875,1981579,234,-,hypothetical protein
LIC11882,12.73,20.09,0.63,0.759680494,1,-,2278039,2278890,283,-,hypothetical protein
LIC12802,12.73,16.69,0.76,0.704295306,1,-,3408674,3409240,188,-,hypothetical protein
LIC20155,12.71,13.05,0.97,1,2,-,187809,188582,257,-,hypothetical protein
LIC12136,12.70,3.92,3.24,0.090649673,1,-,2581601,2582869,422,-,hypothetical protein
LIC11039,12.69,12.07,1.05,1,1,+,1278471,1279241,256,murI,glutamate racemase
LIC10443,12.68,28.86,0.44,0.300281986,1,-,505348,506958,536,mccB,3-methylcrotonoyl-CoA carboxylase subunit beta
LIC13103,12.68,6.82,1.86,0.295536178,1,-,3795332,3795775,147,-,anti-sigma factor antagonist
LIC10061,12.68,11.35,1.12,0.798797848,1,+,78115,79005,296,-,hypothetical protein
LIC10246,12.67,7.30,1.74,0.528935878,1,-,282553,282738,61,-,hypothetical protein
LIC13292,12.64,5.61,2.25,0.518616492,1,+,4036193,4036720,175,-,hypothetical protein
LIC11849,12.63,11.11,1.14,0.846137378,1,+,2243599,2244042,147,-,hypothetical protein
LIC10701,12.61,10.23,1.23,0.6904365,1,+,849438,849635,65,-,hypothetical protein
LIC12079,12.61,7.65,1.65,0.445155884,1,+,2515813,2516613,266,-,ABC transporter ATP-binding protein
LIC13044,12.59,15.50,0.81,1,1,-,3714629,3715867,412,-,hypothetical protein
LIC12308,12.59,11.28,1.12,1,1,-,2782873,2783481,202,-,hypothetical protein
LIC10041,12.56,16.80,0.75,0.704295306,1,-,49986,50525,179,-,transcription activator or transcription antitermination factor
LIC11234,12.55,18.18,0.69,0.719164003,1,+,1527465,1527764,99,-,hypothetical protein
LIC11306,12.52,10.14,1.23,0.971663586,1,-,1613599,1613943,114,-,hypothetical protein
LIC11334,12.45,21.14,0.59,0.492018169,1,-,1646210,1646881,223,-,hypothetical protein
LIC12449,12.44,31.36,0.40,0.097872161,1,-,2966892,2968214,440,aroA,3-phosphoshikimate 1-carboxyvinyltransferase
LIC12806,12.44,10.16,1.22,0.862038838,1,+,3411136,3411558,140,-,hypothetical protein
LIC11764,12.40,8.83,1.40,0.704295306,1,-,2155938,2157044,368,-,aspartate aminotransferase
LIC20202,12.38,11.23,1.10,1,2,+,258538,259656,372,-,hypothetical protein
LIC12314,12.37,11.84,1.04,0.961187917,1,+,2788801,2789817,338,-,hypothetical protein
LIC12972,12.37,13.02,0.95,1,1,+,3610297,3611097,266,-,hypothetical protein
LIC11296,12.35,11.09,1.11,0.891425508,1,+,1602751,1603806,351,dpm,dolichyl-phosphate mannose synthase
LIC10645,12.35,10.54,1.17,0.969867314,1,-,787762,789036,424,-,lipoprotein
LIC13141,12.34,11.43,1.08,0.897017735,1,-,3851393,3852079,228,dfp,panthotenate metabolism flavoprotein
LIC13490,12.33,11.90,1.04,1,1,-,4264601,4265365,254,gidB,glucose inhibited division protein B
LIC13368,12.32,17.63,0.70,0.871190707,1,-,4131267,4131875,202,cysG,siroheme synthetase
LIC12373,12.28,7.46,1.65,0.714141011,1,-,2875211,2876374,387,-,hypothetical protein
LIC10838,12.28,23.73,0.52,0.462707455,1,+,1018214,1018639,141,gloA,glyoxalase
LIC11027,12.26,18.29,0.67,0.684906292,1,+,1259919,1260515,198,-,hypothetical protein
LIC11415,12.26,10.89,1.13,0.993631025,1,+,1741890,1741964,75,tRNA-Gly-GCC,Gly tRNA
LIC12531,12.26,12.18,1.01,0.996409467,1,-,3068677,3069363,228,-,hypothetical protein
LIC20034,12.25,11.61,1.05,0.974886803,2,+,32250,33320,356,-,hypothetical protein
LIC13302,12.24,18.58,0.66,0.627301294,1,+,4049545,4049982,145,-,hypothetical protein
LIC12007,12.24,10.61,1.15,0.936615403,1,+,2416422,2416685,87,-,hypothetical protein
LIC13022,12.24,13.98,0.88,0.946952964,1,+,3683396,3684571,391,-,hypothetical protein
LIC10449,12.23,3.49,3.50,0.090649673,1,+,512321,512791,156,-,hypothetical protein
LIC11679,12.22,14.51,0.84,0.933104013,1,+,2042711,2043214,167,-,hypothetical protein
LIC20160,12.21,7.01,1.74,0.722254306,2,+,193976,195370,464,-,hypothetical protein
LIC12450,12.18,24.01,0.51,0.589645388,1,-,2968195,2969112,305,tyrA,prephenate (chorismate) dehydrogenase
LIC11678,12.17,12.22,1.00,1,1,-,2041811,2042638,275,-,hypothetical protein
LIC12133,12.16,7.94,1.53,0.722254306,1,-,2577396,2578289,297,-,hypothetical protein
LIC13245,12.15,13.77,0.88,0.997490807,1,-,3981094,3981747,217,-,hypothetical protein
LIC11116,12.14,9.15,1.33,0.832321781,1,+,1377814,1378308,164,-,hypothetical protein
LIC12558,12.14,8.86,1.37,0.832321781,1,+,3099262,3099993,243,-,hypothetical protein
LIC13359,12.12,7.91,1.53,0.684906292,1,+,4117133,4118266,377,-,hypothetical protein
LIC13465,12.12,2.59,4.69,0.016906404,1,+,4240074,4240148,75,tRNA-Gly-TCC,Gly tRNA
LIC11982,12.12,12.71,0.95,0.996933547,1,+,2387038,2388132,364,-,hypothetical protein
LIC12649,12.11,6.31,1.92,0.180932722,1,-,3211812,3213356,514,-,hypothetical protein
LIC12523,12.11,15.54,0.78,0.806167735,1,-,3056917,3058035,372,-,hypothetical protein
LIC20243,12.09,7.18,1.68,0.700782792,2,+,306560,307471,303,-,hypothetical protein
LIC10947,12.07,7.99,1.51,0.811572426,1,-,1139869,1140420,183,-,hypothetical protein
LIC12382,12.06,19.87,0.61,0.473738362,1,-,2888165,2888881,238,-,hypothetical protein
LIC20066,12.06,24.95,0.48,0.321715579,2,+,72207,72950,247,rnC,dsRNase III
LIC12670,12.05,17.55,0.69,0.702253574,1,-,3231623,3233872,749,cyaA,adenylate/guanylate cyclase
LIC11477,12.05,11.19,1.08,0.895812436,1,-,1825627,1826655,342,-,hypothetical protein
LIC10346,12.03,21.79,0.55,0.608657316,1,+,391693,392343,216,-,esterase
LIC11452,12.01,22.30,0.54,0.433497266,1,-,1789376,1790140,254,-,exodeoxyribonuclease
LIC10163,12.00,21.46,0.56,0.47212258,1,-,195475,195915,146,-,hypothetical protein
LIC11492,12.00,2.97,4.03,0.045595025,1,-,1840979,1841989,336,-,hypothetical protein
LIC11906,11.99,8.75,1.37,0.700782792,1,+,2303688,2304362,224,-,phosphatidylglycerophosphate synthase-like protein
LIC10581,11.97,11.56,1.04,0.897017735,1,-,707118,707696,192,trpG,anthranilate synthase component II
LIC10673,11.97,12.49,0.96,0.959432864,1,-,817830,818966,378,-,hypothetical protein
LIC20105,11.97,14.14,0.85,0.852829187,2,-,122757,123866,369,-,DNA binding protein
LIC10447,11.96,10.59,1.13,0.848117213,1,-,511272,511347,76,tRNA-Val-TAC,Val tRNA
LIC11041,11.95,16.42,0.73,0.726790873,1,-,1280406,1280828,140,-,hypothetical protein
LIC11576,11.87,12.62,0.94,1,1,+,1936034,1936678,214,-,hypothetical protein
LIC13270,11.85,12.68,0.93,1,1,+,4008668,4010059,463,-,histidine kinase sensor protein
LIC13078,11.85,15.04,0.79,0.983700717,1,+,3762760,3763629,289,-,hypothetical protein
LIC10609,11.84,8.79,1.35,0.740239958,1,+,747407,747886,159,-,hypothetical protein
LIC11999,11.84,8.37,1.42,0.721169343,1,-,2408745,2409209,154,-,hypothetical protein
LIC10637,11.82,28.13,0.42,0.188404394,1,+,775627,776418,263,-,ribosomal protein serine acetyltransferase
LIC12908,11.82,9.46,1.25,0.87695331,1,-,3529726,3531531,601,sglT,sodium/glucose cotransport protein
LIC10026,11.76,8.11,1.45,0.704295306,1,+,32934,33959,341,-,hypothetical protein
LIC10802,11.76,9.89,1.19,0.90318972,1,+,971471,972511,346,-,hypothetical protein
LIC13346,11.74,12.95,0.91,0.996409467,1,-,4102245,4103159,304,-,hypothetical protein
LIC11534,11.73,10.66,1.10,1,1,+,1896261,1896812,183,-,hypothetical protein
LIC11682,11.71,12.04,0.97,1,1,+,2044713,2045783,356,-,hypothetical protein
LIC11724,11.70,9.31,1.26,0.919383283,1,+,2099731,2100237,168,-,hypothetical protein
LIC12683,11.70,6.49,1.80,0.645820574,1,-,3252976,3253737,253,-,ABC transporter
LIC11796,11.68,20.61,0.57,0.650813888,1,+,2189530,2190510,326,-,sigma factor regulatory protein
LIC10686,11.68,30.30,0.39,0.098078341,1,-,830602,831873,423,-,lipoprotein
LIC10564,11.67,6.45,1.81,0.491947219,1,+,690659,691012,117,-,single-strand DNA-binding protein
LIC11068,11.66,5.92,1.97,0.327928442,1,-,1320583,1321314,243,-,lysozyme precursor
LIC13456,11.65,8.37,1.39,0.862038838,1,-,4233823,4234818,331,-,hypothetical protein
LIC13036,11.63,7.86,1.48,0.603669547,1,-,3707737,3708120,127,-,lipoprotein
LIC11295,11.61,14.61,0.79,0.719164003,1,+,1600588,1602522,644,-,hypothetical protein
LIC12369,11.61,5.84,1.99,0.719164003,1,-,2871127,2871642,171,-,hypothetical protein
LIC13075,11.61,15.68,0.74,0.97193278,1,-,3759682,3760398,238,-,lipoprotein
LIC12443,11.59,30.83,0.38,0.111662295,1,-,2961580,2962587,335,plsX,glycerol-3-phosphate acyltransferase
LIC10998,11.59,10.86,1.07,0.848117213,1,+,1215388,1216986,532,-,hypothetical protein
LIC11192,11.58,17.45,0.66,0.666607317,1,+,1468396,1468644,82,chpI,ChpI
LIC13196,11.58,9.94,1.16,0.97193278,1,+,3917675,3918415,246,encK,O-methyl transferase
LIC12257,11.57,8.26,1.40,0.785396286,1,+,2723491,2724003,170,-,hypothetical protein
LIC10399,11.54,6.94,1.66,0.424284399,1,-,456146,456727,193,-,hypothetical protein
LIC12006,11.52,12.41,0.93,0.959432864,1,+,2415334,2416026,230,-,hypothetical protein
LIC12105,11.50,16.30,0.71,0.857824316,1,-,2545665,2546090,141,-,hypothetical protein
LIC11903,11.50,11.45,1.00,0.974197672,1,-,2299937,2300797,286,-,lipoprotein
LIC13083,11.45,9.51,1.20,0.822749527,1,-,3768919,3769566,215,-,hypothetical protein
LIC10610,11.44,8.14,1.41,0.836965101,1,+,748327,748812,161,ispF,"2-C-methyl-D-erythritol 2,4-cyclodiphosphate synthase"
LIC13384,11.43,6.47,1.77,0.364752571,1,+,4147592,4148593,333,-,ABC transporter ATP-binding protein
LIC10107,11.43,4.73,2.42,0.375483796,1,-,127043,127711,222,-,hypothetical protein
LIC10557,11.42,6.99,1.63,0.671499114,1,+,681980,682663,227,-,response regulator
LIC13149,11.41,10.41,1.10,0.974197672,1,+,3860411,3860830,139,-,hypothetical protein
LIC12362,11.40,14.02,0.81,0.731617711,1,+,2862671,2863312,213,alkA,3-methyladenine DNA glycosylase
LIC10438,11.39,9.67,1.18,0.930367289,1,-,499031,499225,64,-,hypothetical protein
LIC10491,11.39,5.80,1.97,0.392824488,1,-,569594,572674,"1,026",acrB,acriflavin resistance
LIC11887,11.37,6.74,1.69,0.774545353,1,+,2283387,2283878,163,-,lipoprotein
LIC11426,11.35,6.11,1.86,0.635060248,1,+,1752578,1753834,418,-,sigma factor regulatory protein
LIC12361,11.33,14.20,0.80,0.785396286,1,-,2861270,2862499,409,-,permease
LIC13423,11.30,15.51,0.73,0.782892123,1,+,4199055,4200455,466,hycE,hydrogenase subunit
LIC12022,11.27,23.99,0.47,0.190918518,1,-,2437364,2438137,257,-,hypothetical protein
LIC11171,11.24,12.51,0.90,0.862038838,1,+,1439445,1440713,422,-,hypothetical protein
LIC13448,11.23,6.31,1.78,0.493411339,1,-,4225364,4225618,84,csrA,carbon storage regulator
LIC12940,11.21,17.28,0.65,0.722254306,1,-,3569454,3570050,198,-,hypothetical protein
LIC20069,11.20,7.84,1.43,0.706613619,2,+,74996,75877,293,-,small conductance mechanosensitive ion channel
LIC13252,11.20,5.33,2.10,0.256474457,1,+,3990437,3991093,218,mauM,methylamine utilization ferredoxin-type protein
LIC10667,11.19,19.69,0.57,0.462431005,1,+,812419,812886,155,-,thioesterase
LIC13453,11.19,5.94,1.88,0.56176024,1,+,4231045,4232151,368,-,hypothetical protein
LIC12425,11.18,7.73,1.45,0.645820574,1,+,2944331,2944999,222,-,hypothetical protein
LIC13325,11.17,10.59,1.05,1,1,+,4081061,4081543,160,coaD,phosphopantetheine adenylyltransferase
LIC10837,11.16,12.84,0.87,0.996409467,1,+,1016075,1016977,300,sulA,cell division inhibitor
LIC11574,11.16,20.11,0.55,0.684906292,1,+,1934944,1935513,189,-,hypothetical protein
LIC12840,11.05,11.86,0.93,1,1,+,3444534,3444932,132,-,hypothetical protein
LIC11179,11.04,8.56,1.29,1,1,+,1450318,1450851,177,-,rhodanese-related thiosulfate sulfurtransferase
LIC12550,11.04,14.87,0.74,0.983725986,1,+,3088522,3089187,221,pcm,protein-L-isoaspartate O-methyltransferase
LIC12887,11.03,11.01,1.00,1,1,+,3489577,3490188,203,-,hypothetical protein
LIC10184,11.01,18.00,0.61,0.563022521,1,+,211136,212266,376,-,hypothetical protein
LIC20153,11.01,31.94,0.34,0.022695551,2,-,186021,186599,192,-,lipoprotein
LIC10518,10.98,30.59,0.36,0.050588883,1,+,624124,624915,263,-,ABC transporter ATP-binding protein
LIC12721,10.96,4.34,2.53,0.28945153,1,+,3312554,3312733,59,-,IS1533 transposase
LIC13418,10.95,22.57,0.49,0.380134605,1,+,4193591,4194616,341,-,hypothetical protein
LIC10187,10.91,36.94,0.30,0.02034973,1,+,213705,215216,503,-,hypothetical protein
LIC20229,10.91,9.97,1.09,0.973816149,2,+,291797,292696,299,pstS,phosphate ABC transporter periplasmic phosphate-binding protein
LIC11832,10.91,9.84,1.11,0.956472856,1,+,2228867,2229268,133,-,7-cyano-7-deazaguanine reductase
LIC13159,10.90,8.95,1.22,0.968061751,1,+,3870289,3870597,102,-,"transposase, ISlin1"
LIC13428,10.89,16.32,0.67,0.846380331,1,-,4203265,4204680,471,-,hypothetical protein
LIC12675,10.87,13.01,0.84,0.894788811,1,+,3237880,3239025,381,-,hypothetical protein
LIC13206,10.86,15.59,0.70,0.500480211,1,-,3935031,3935498,155,-,hypothetical protein
LIC13184,10.85,10.25,1.06,0.969234872,1,-,3896135,3897235,366,mltA,membrane-bound lytic murein transglycosylase A transmembrane protein
LIC13306,10.82,11.13,0.97,0.995433552,1,-,4053145,4053687,180,-,hypothetical protein
LIC12985,10.82,7.55,1.43,0.734680948,1,-,3623374,3624315,313,-,hypothetical protein
LIC20057,10.80,18.51,0.58,0.558023374,2,-,59901,60869,322,argK,LAO/AO transport system kinase
LIC12732,10.80,8.48,1.27,0.886319629,1,-,3327573,3328199,208,-,hypothetical protein
LIC20120,10.79,9.52,1.13,0.875496759,2,-,142694,143641,315,cobD,cobalamin biosynthesis protein
LIC20207,10.76,6.48,1.66,0.775608226,2,+,264874,265854,326,-,major facilitator superfamily permease
LIC10135,10.76,9.78,1.10,0.97193278,1,-,161123,161521,132,-,SET domain-containing protein
LIC13205,10.76,22.08,0.49,0.26319847,1,+,3933618,3934544,308,-,heavy metal efflux pump
LIC11007,10.76,18.16,0.59,0.424025347,1,-,1224685,1225245,186,-,hypothetical protein
LIC12529,10.75,16.47,0.65,0.67226726,1,-,3065687,3066694,335,-,sulfate ABC transporter substrate-binding protein
LIC11403,10.75,19.52,0.55,0.440437689,1,-,1724800,1725045,81,-,hypothetical protein
LIC10468,10.75,10.38,1.04,0.908048823,1,-,540177,540950,257,-,hypothetical protein
LIC11656,10.75,10.07,1.07,0.861398601,1,-,2021727,2022353,208,purN,phosphoribosylglycinamide formyltransferase
LIC10197,10.73,13.92,0.77,0.700782792,1,+,225977,226339,120,-,hypothetical protein
LIC11122,10.72,12.34,0.87,1,1,+,1386042,1386650,202,-,lipoprotein
LIC10194,10.72,4.91,2.18,0.378599523,1,-,223315,224067,250,-,short-chain dehydrogenase
LIC20161,10.70,9.97,1.07,0.968061751,2,+,195390,196532,380,-,mannosyltransferase
LIC10865,10.67,9.21,1.16,1,1,+,1044058,1044879,273,-,hypothetical protein
LIC10841,10.63,10.14,1.05,0.989003564,1,-,1020492,1021406,304,rfe,undecaprenyl-phosphate alpha-N-acetylglucosaminyltransferase
LIC10072,10.61,7.81,1.36,0.704295306,1,+,90975,91724,249,-,hypothetical protein
LIC10455,10.57,1.62,6.54,0.010370382,1,+,518601,518852,83,-,hypothetical protein
LIC20222,10.57,11.71,0.90,1,2,+,283577,284017,146,-,hypothetical protein
LIC10725,10.57,5.92,1.78,0.336154365,1,+,883520,883807,95,-,hypothetical protein
LIC10599,10.54,10.30,1.02,0.887866199,1,-,732816,733493,225,-,hypothetical protein
LIC12207,10.54,9.80,1.07,1,1,+,2662267,2662839,190,-,hypothetical protein
LIC11054,10.52,8.86,1.19,0.831131408,1,+,1299824,1300234,136,-,hypothetical protein
LIC13076,10.51,14.84,0.71,0.688710373,1,-,3760408,3761142,244,-,lipoprotein
LIC10565,10.51,34.46,0.30,0.022581478,1,+,691320,692123,267,hbd1,enoyl-CoA hydratase
LIC20063,10.50,8.96,1.17,0.804430309,2,+,68263,70194,643,-,hypothetical protein
LIC10972,10.47,9.42,1.11,0.987027574,1,+,1172279,1173238,319,-,cytochrome c peroxidase
LIC13027,10.47,5.18,2.02,0.223529347,1,+,3689502,3690191,229,-,hypothetical protein
LIC20302,10.47,8.62,1.21,1,2,-,79548,79757,69,-,hypothetical protein
LIC11288,10.46,11.77,0.89,1,1,+,1587923,1588345,140,-,hypothetical protein
LIC10039,10.46,5.77,1.81,0.493411339,1,-,48326,49030,234,aroD,3-dehydroquinate dehydratase
LIC13005,10.45,0.49,21.12,0.000275232,1,-,3657241,3657747,168,-,hypothetical protein
LIC11505,10.42,15.38,0.68,0.684055422,1,+,1856137,1857855,572,-,hypothetical protein
LIC12278,10.41,7.95,1.31,0.856022558,1,+,2749988,2750746,252,-,hypothetical protein
LIC10497,10.39,5.07,2.05,0.433200149,1,+,579686,582883,"1,065",-,hypothetical protein
LIC13200,10.38,6.76,1.54,0.528935878,1,+,3923118,3923492,124,-,hypothetical protein
LIC20195,10.38,21.14,0.49,0.490301496,2,+,248366,249655,429,-,4-hydroxybutyrate CoA transferase
LIC12116,10.36,5.97,1.74,0.52870586,1,-,2558167,2558601,144,-,hypothetical protein
LIC11152,10.36,8.70,1.19,0.777078061,1,-,1421846,1422724,292,-,"pseudouridylate synthase, 23S RNA-specific"
LIC12597,10.34,10.54,0.98,0.959236409,1,+,3147209,3148294,361,-,hypothetical protein
LIC11905,10.33,6.21,1.66,1,1,-,2303466,2303542,77,tRNA-Asp-GTC,Asp tRNA
LIC11742,10.32,4.01,2.58,0.491947219,1,-,2127511,2127888,125,-,hypothetical protein
LIC12948,10.32,12.81,0.81,0.919383283,1,-,3579573,3579974,133,-,hypothetical protein
LIC11883,10.30,10.72,0.96,1,1,-,2278887,2279549,220,-,hypothetical protein
LIC12494,10.27,8.24,1.25,0.908662034,1,-,3020152,3020640,162,-,hypothetical protein
LIC10716,10.27,10.95,0.94,0.959432864,1,-,870259,870606,115,-,hypothetical protein
LIC10092,10.27,5.41,1.90,0.421156668,1,+,108645,109502,285,-,metallo-beta-lactamase
LIC11803,10.26,19.10,0.54,0.224198558,1,+,2196195,2197577,460,-,dihydrolipoamide dehydrogenase
LIC10919,10.25,17.30,0.59,0.658441543,1,+,1102312,1102986,224,-,hypothetical protein
LIC11180,10.24,19.18,0.53,0.317301572,1,+,1450848,1451714,288,lrr,hypothetical protein
LIC12223,10.22,6.57,1.56,0.6209083,1,-,2683272,2683796,174,-,hypothetical protein
LIC13146,10.20,9.51,1.07,0.928113821,1,+,3857935,3858621,228,-,hypothetical protein
LIC12758,10.17,15.47,0.66,0.554953939,1,+,3355124,3356104,326,hsa,hypothetical protein
LIC12981,10.16,2.54,4.00,0.025870734,1,+,3618952,3619578,208,-,glutathione S-transferase
LIC20219,10.15,15.08,0.67,0.80522168,2,+,280058,280852,264,-,hypothetical protein
LIC12300,10.15,6.70,1.51,0.740239958,1,+,2774047,2775927,626,-,hypothetical protein
LIC13305,10.15,9.33,1.09,1,1,+,4052203,4053078,291,-,lipoprotein
LIC10861,10.14,9.90,1.02,1,1,-,1037572,1038132,186,-,hypothetical protein
LIC10376,10.12,1.65,6.14,0.020735483,1,-,425325,426215,296,-,hypothetical protein
LIC11684,10.11,13.18,0.77,0.963605732,1,-,2046831,2047571,246,-,Sir2 transcriptional regulator
LIC13234,10.10,4.06,2.48,0.313430723,1,+,3970609,3970683,75,tRNA-Thr-CGT,Thr tRNA
LIC11000,10.09,13.05,0.77,0.940315185,1,+,1218493,1219404,303,-,short-chain dehydrogenase
LIC20060,10.09,9.99,1.01,0.955416644,2,+,65464,66156,230,-,hypothetical protein
LIC10033,10.08,6.22,1.62,0.640134739,1,+,40666,41238,190,-,hypothetical protein
LIC12381,10.07,10.55,0.96,0.970097205,1,+,2886112,2887833,573,-,hypothetical protein
LIC10938,10.07,6.46,1.56,0.653420555,1,-,1130506,1132758,750,-,ATP-dependent RNA helicase
LIC20253,10.06,10.02,1.00,0.99023144,2,-,320357,320767,136,-,hypothetical protein
LIC12036,10.05,6.27,1.60,0.834895048,1,-,2457205,2458611,468,-,hypothetical protein
LIC11589,10.04,3.68,2.73,0.388336219,1,-,1949389,1949622,77,-,hypothetical protein
LIC11285,10.03,17.08,0.59,0.565334483,1,+,1585013,1585960,315,-,hypothetical protein
LIC10931,10.02,5.73,1.75,0.846137378,1,-,1122397,1123578,393,-,type I restriction enzyme
LIC11765,10.00,4.77,2.10,0.346793468,1,-,2157044,2157409,121,-,hypothetical protein
LIC11522,10.00,9.44,1.06,0.837615719,1,-,1881051,1881566,171,cheW,chemotaxis protein
LIC12817,9.99,6.35,1.57,0.834895048,1,+,3421811,3421885,75,tRNA-Arg-CCG,Arg tRNA
LIC12736,9.96,20.32,0.49,0.357267762,1,-,3331889,3332683,264,-,lipoprotein
LIC12577,9.95,10.72,0.93,0.846380331,1,+,3125866,3126108,80,-,hypothetical protein
LIC11224,9.94,12.84,0.77,0.826940818,1,+,1513727,1514878,383,-,hypothetical protein
LIC11520,9.94,6.64,1.50,0.775608226,1,-,1879514,1880557,347,cheB,protein-glutamate methylesterase
LIC12083,9.93,8.80,1.13,0.869930437,1,-,2522315,2522482,55,-,hypothetical protein
LIC12515,9.91,13.16,0.75,0.848117213,1,-,3043801,3044793,330,-,cystine-binding periplasmic protein precursor
LIC11521,9.90,8.34,1.19,0.965322998,1,-,1880554,1881054,166,-,chemotaxis protein
LIC10809,9.88,19.43,0.51,0.531838623,1,+,980016,981062,348,adh,zinc binding dehydrogenase
LIC11804,9.88,9.66,1.02,0.928229086,1,+,2197596,2198513,305,yadG,ABC transporter ATP-binding protein
LIC12328,9.87,11.85,0.83,0.933770306,1,-,2811889,2812347,152,-,lactoylglutathione lyase
LIC10709,9.85,26.11,0.38,0.064039001,1,+,855055,855705,216,-,hypothetical protein
LIC11480,9.84,9.97,0.99,0.991660653,1,+,1829149,1829577,142,-,anti-sigma factor antagonist
LIC11547,9.84,6.89,1.43,0.700782792,1,+,1909654,1909875,73,ptsH,phosphocarrier protein HPr
LIC12405,9.82,3.99,2.46,0.201946203,1,+,2915803,2916516,237,-,hypothetical protein
LIC10552,9.80,8.68,1.13,0.942729818,1,-,675814,677904,696,-,histidine kinase
LIC12938,9.79,6.07,1.61,0.848117213,1,+,3568247,3568762,171,-,hypothetical protein
LIC10375,9.78,6.77,1.44,0.775608226,1,-,424630,425316,228,-,TetR family transcriptional regulator
LIC10296,9.75,1.55,6.30,0.0646515,1,+,340411,340596,61,-,hypothetical protein
LIC11264,9.75,14.95,0.65,0.728997884,1,-,1562177,1562920,247,-,hypothetical protein
LIC11339,9.71,11.19,0.87,0.86921033,1,+,1651973,1653523,516,phr,deoxyribodipyrimidine photolyase
LIC12655,9.71,7.74,1.25,0.982949342,1,+,3219441,3220364,307,-,hypothetical protein
LIC13237,9.71,19.01,0.51,0.366457018,1,-,3973786,3974343,185,-,hypothetical protein
LIC10304,9.71,3.03,3.21,0.054286492,1,-,345674,346156,160,-,hypothetical protein
LIC13289,9.71,6.66,1.46,0.637005873,1,-,4033278,4034408,376,-,histidine kinase sensor protein
LIC11397,9.70,7.38,1.31,0.794298923,1,-,1715977,1716528,183,-,hypothetical protein
LIC12781,9.69,12.93,0.75,0.996409467,1,-,3384911,3385825,304,-,hypothetical protein
LIC11052,9.69,7.57,1.28,0.901529834,1,+,1296350,1297447,365,-,hypothetical protein
LIC11163,9.68,13.12,0.74,0.870439126,1,+,1433679,1434266,195,-,hypothetical protein
LIC20163,9.68,7.09,1.37,0.728997884,2,+,197539,198927,462,-,hypothetical protein
LIC20262,9.68,3.96,2.44,0.531838623,2,+,328768,329208,146,-,hypothetical protein
LIC10596,9.67,10.71,0.90,0.991660653,1,-,728943,729707,254,-,lipoprotein
LIC10937,9.67,8.01,1.21,0.907471287,1,-,1128612,1130498,628,-,hypothetical protein
LIC13117,9.66,17.88,0.54,0.577097006,1,-,3812885,3813751,288,-,metallo-beta-lactamase
LIC10730,9.59,8.23,1.17,0.962623013,1,-,890170,890649,159,-,lipoprotein
LIC11880,9.56,15.28,0.63,0.746990351,1,-,2275907,2276758,283,-,lipoprotein
LIC10870,9.56,5.89,1.62,0.629826891,1,-,1050515,1052425,636,-,hypothetical protein
LIC11909,9.56,15.83,0.60,0.440458554,1,+,2305267,2305737,156,-,hypothetical protein
LIC10190,9.56,13.74,0.70,0.87565391,1,+,218744,220423,559,-,hypothetical protein
LIC12905,9.55,4.05,2.36,0.457536121,1,+,3525532,3527466,644,-,hypothetical protein
LIC12605,9.54,29.94,0.32,0.008384519,1,-,3156135,3157352,405,-,hypothetical protein
LIC11810,9.51,9.28,1.02,1,1,+,2202037,2202279,80,-,hypothetical protein
LIC13406,9.49,3.83,2.48,0.086450117,1,+,4176543,4177754,403,-,mannosyltransferase
LIC10705,9.49,15.44,0.61,0.684316706,1,+,851803,852345,180,-,hypothetical protein
LIC10535,9.48,1.69,5.61,0.02646185,1,-,650889,651689,266,-,hypothetical protein
LIC10427,9.48,12.58,0.75,0.907854507,1,+,488911,488989,79,tRNA-Gln-TTG,Gln tRNA
LIC11996,9.47,8.63,1.10,0.889068899,1,-,2405104,2406441,445,-,hypothetical protein
LIC11411,9.47,5.91,1.60,0.848117213,1,-,1737172,1737579,135,-,hypothetical protein
LIC12239,9.46,8.34,1.13,0.965541116,1,-,2703834,2704103,89,-,hypothetical protein
LIC13382,9.45,10.37,0.91,1,1,+,4145545,4146555,336,-,dipeptide ABC transporter permease
LIC12520,9.43,13.09,0.72,0.867605412,1,-,3049893,3050537,214,pdxH,pyridoxamine 5'-phosphate oxidase
LIC11635,9.41,18.66,0.50,0.467595176,1,+,2002085,2002750,221,-,hypothetical protein
LIC20103,9.41,9.62,0.98,1,2,+,119569,120132,187,-,hypothetical protein
LIC12935,9.40,6.89,1.37,0.706383573,1,-,3566355,3567080,241,-,DnaJ-like protein
LIC12499,9.39,22.73,0.41,0.189999439,1,+,3025736,3027307,523,-,hypothetical protein
LIC11166,9.38,9.92,0.95,0.928355905,1,-,1435252,1435995,247,smtA,SAM-dependent methyltransferase
LIC20007,9.37,9.97,0.94,0.969234872,2,-,6057,6347,96,-,hypothetical protein
LIC13333,9.33,9.06,1.03,1,1,+,4088949,4089515,188,-,hypothetical protein
LIC13460,9.32,11.97,0.78,0.905680613,1,+,4236751,4237125,124,-,lipoprotein
LIC20224,9.32,7.96,1.17,0.858439769,2,+,285266,287353,695,-,histidine kinase sensor protein
LIC12996,9.30,10.14,0.92,0.990409526,1,-,3642311,3642955,214,-,hypothetical protein
LIC10912,9.30,13.05,0.71,0.870873153,1,+,1096223,1096609,128,-,hypothetical protein
LIC10480,9.29,12.73,0.73,0.859756555,1,-,555303,556838,511,-,hypothetical protein
LIC11497,9.29,7.48,1.24,0.87565391,1,-,1845791,1846570,259,-,methyltransferase
LIC10708,9.26,35.03,0.26,0.054662942,1,+,854348,855073,241,-,hypothetical protein
LIC11118,9.26,10.86,0.85,0.921491665,1,+,1380629,1381045,138,-,hypothetical protein
LIC12791,9.26,3.72,2.49,0.360500727,1,+,3396530,3398425,631,-,hypothetical protein
LIC11317,9.25,12.64,0.73,0.890698878,1,+,1624216,1626504,762,-,hypothetical protein
LIC11924,9.24,14.49,0.64,0.906979471,1,+,2325296,2326918,540,-,hypothetical protein
LIC10490,9.23,5.39,1.71,0.604635794,1,-,566667,569582,971,-,acriflavine resistance
LIC12757,9.23,14.51,0.64,0.668162315,1,-,3354605,3355147,180,-,RNA polymerase ECF-type sigma factor
LIC12991,9.22,5.99,1.54,0.785396286,1,-,3635436,3635813,125,-,hypothetical protein
LIC10037,9.19,20.41,0.45,0.106428156,1,+,44852,46465,537,-,GMC oxidoreductase
LIC12497,9.17,5.75,1.60,0.620373268,1,-,3023351,3023761,136,-,hypothetical protein
LIC11669,9.16,9.94,0.92,0.969234872,1,-,2031621,2031875,84,-,hypothetical protein
LIC12713,9.11,6.91,1.32,0.741173315,1,+,3299221,3299619,132,-,hypothetical protein
LIC10949,9.10,8.91,1.02,1,1,-,1143623,1144459,278,dkgA,aldo/keto reductase
LIC13193,9.09,5.76,1.58,0.728997884,1,-,3910317,3911396,359,-,hypothetical protein
LIC13100,9.07,9.82,0.92,0.940590052,1,+,3788026,3788940,304,-,sugar nucleotide epimerase
LIC12225,9.07,12.24,0.74,0.977157254,1,+,2687885,2689903,672,-,hypothetical protein
LIC11045,9.05,13.20,0.69,0.80522168,1,-,1284628,1285884,418,-,adenylate or guanylate cyclase
LIC13256,9.04,15.51,0.58,0.6904365,1,-,3994014,3994586,190,-,lipoprotein
LIC12274,9.04,4.07,2.22,0.655068755,1,+,2747134,2747209,76,tRNA-Met-CAT-2,Met tRNA
LIC12121,9.02,6.25,1.44,0.832321781,1,-,2562832,2563743,303,rfbF,dTDP-rhamnosyl transferase
LIC10034,9.00,9.69,0.93,0.968061751,1,+,41220,41915,231,-,hypothetical protein
LIC12839,9.00,14.31,0.63,0.612680964,1,+,3443599,3444561,320,pyrB,aspartate carbamoyltransferase catalytic subunit
LIC20147,9.00,5.75,1.57,0.739466177,2,-,177625,178017,130,-,FUR family transcriptional regulator
LIC13308,9.00,12.96,0.69,0.862480281,1,+,4054667,4055545,292,-,hypothetical protein
LIC12355,8.99,13.51,0.67,0.834450188,1,-,2851409,2852620,403,yrhL,cell surface saccharide acetylase protein
LIC11748,8.96,12.27,0.73,0.844358791,1,+,2134804,2135451,215,-,hypothetical protein
LIC13126,8.96,9.11,0.98,1,1,+,3825437,3826597,386,-,AraC family transcriptional regulator
LIC12080,8.95,13.25,0.68,0.80522168,1,-,2517693,2519534,613,topA,DNA topoisomerase I protein
LIC12824,8.94,6.17,1.45,0.832321781,1,-,3426586,3427281,231,-,hypothetical protein
LIC13408,8.89,9.60,0.93,0.987153345,1,-,4178745,4179098,117,-,ArsR family transcriptional regulator
LIC12932,8.89,7.84,1.13,0.880394323,1,-,3563707,3564042,111,-,hypothetical protein
LIC13267,8.89,3.31,2.69,0.153126932,1,+,4005854,4006225,123,-,hypothetical protein
LIC10735,8.88,2.38,3.73,0.098829827,1,-,897691,898203,170,-,hypothetical protein
LIC13002,8.88,12.51,0.71,0.71540649,1,+,3650826,3652247,473,-,hypothetical protein
LIC13409,8.88,4.31,2.06,0.654660298,1,-,4180311,4181270,319,-,"dTDP-4-dehydrorhamnose 3,5-epimerase"
LIC12371,8.87,9.03,0.98,1,1,-,2873000,2873452,150,-,hypothetical protein
LIC11250,8.86,4.25,2.08,0.454508341,1,-,1544712,1545146,144,-,hypothetical protein
LIC12772,8.83,35.06,0.25,0.025306646,1,-,3378598,3379470,290,proB,gamma-glutamyl kinase
LIC11249,8.82,5.22,1.69,0.727024878,1,+,1543439,1544575,378,-,hypothetical protein
LIC10281,8.80,5.58,1.58,0.731310294,1,+,320113,320553,146,-,hypothetical protein
LIC13197,8.80,8.59,1.02,0.968061751,1,-,3919201,3919869,222,-,hypothetical protein
LIC11527,8.79,10.00,0.88,0.991660653,1,-,1887446,1888708,420,-,histidine kinase response regulator hybrid protein
LIC10804,8.77,11.10,0.79,0.8960178,1,+,972901,973635,244,-,hypothetical protein
LIC12030,8.77,25.14,0.35,0.060931718,1,+,2448327,2449457,376,-,hypothetical protein
LIC10531,8.77,8.08,1.08,0.915690369,1,-,643645,644688,347,lpxK,tetraacyldisaccharide 4'-kinase
LIC12213,8.76,24.26,0.36,0.294354284,1,-,2670779,2671555,258,-,hypothetical protein
LIC11353,8.75,2.63,3.33,0.407922327,1,-,1667349,1667747,132,-,ParB family protein
LIC11446,8.73,17.76,0.49,0.32502334,1,+,1783392,1784282,296,-,hydrolase
LIC13108,8.73,7.98,1.09,0.908628531,1,-,3802503,3803231,242,-,sugar-phosphate nucleotidyl transferase
LIC10685,8.72,12.97,0.67,0.848117213,1,+,828048,829760,570,-,methyl-accepting chemotaxis transducer transmembrane protein
LIC11896,8.71,5.79,1.51,0.876992494,1,-,2293595,2294317,240,-,response regulator
LIC12986,8.70,2.16,4.03,0.025306646,1,-,3624980,3626878,632,-,hypothetical protein
LIC10260,8.69,4.48,1.94,0.635060248,1,-,298484,298837,117,-,lipoprotein
LIC10539,8.69,5.93,1.47,0.827316248,1,+,658301,659638,445,-,hypothetical protein
LIC11481,8.69,5.72,1.52,0.827316248,1,+,1829574,1829972,132,-,hypothetical protein
LIC11490,8.68,6.31,1.38,0.73500712,1,+,1838353,1839102,249,-,hypothetical protein
LIC12842,8.68,7.18,1.21,0.829999321,1,+,3448625,3449770,381,-,hypothetical protein
LIC13202,8.66,18.23,0.47,0.475833998,1,-,3928836,3930560,574,choD,cholesterol oxidase precursor
LIC10617,8.64,7.63,1.13,1,1,+,755192,756640,482,-,gamma-glutamyl carboxylase-like protein
LIC10052,8.63,4.62,1.87,0.342759119,1,-,64172,65422,416,-,hypothetical protein
LIC11304,8.59,13.66,0.63,0.726153908,1,+,1611799,1612923,374,ddl,d-alanine--d-alanine ligase
LIC11941,8.58,22.70,0.38,0.075801746,1,-,2349899,2351353,484,czcC,heavy metal efflux pump
LIC13469,8.57,7.59,1.13,0.959432864,1,-,4243955,4245070,371,lpxD,UDP-3-O-[3-hydroxymyristoyl] glucosamine N-acyltransferase
LIC12661,8.56,9.82,0.87,0.989003564,1,+,3223389,3223691,100,-,hypothetical protein
LIC10058,8.54,8.23,1.04,0.964723725,1,-,72115,73497,460,-,drug:Na+ antiporter
LIC13222,8.54,11.43,0.75,0.87565391,1,+,3954997,3955968,323,htrB,lauroyl/myristoyl acyltransferase
LIC12286,8.54,13.22,0.65,0.848117213,1,+,2758013,2759197,394,-,hypothetical protein
LIC10175,8.53,108.49,0.08,4.24E-15,1,+,203246,204733,495,-,hypothetical protein
LIC10300,8.53,4.03,2.11,0.502283216,1,+,342035,342325,96,-,anti-sigma factor antagonist
LIC11305,8.49,14.50,0.59,0.726153908,1,+,1612936,1613622,228,-,hypothetical protein
LIC13387,8.47,6.96,1.22,1,1,+,4151627,4152049,140,-,hypothetical protein
LIC11512,8.46,11.00,0.77,0.869687684,1,-,1869773,1870453,226,-,hypothetical protein
LIC10867,8.44,5.09,1.66,0.752453036,1,-,1045737,1045955,72,-,hypothetical protein
LIC13072,8.44,7.23,1.17,1,1,+,3751557,3753464,635,-,adenylate/guanylate cyclase
LIC13099,8.43,9.71,0.87,1,1,-,3787335,3787955,206,-,hypothetical protein
LIC12988,8.41,12.68,0.66,0.722254306,1,+,3628817,3629737,306,-,lipase
LIC20183,8.40,8.13,1.03,0.908662034,2,+,232351,234876,841,-,histidine kinase sensor protein
LIC10082,8.40,8.45,0.99,0.933770306,1,-,99567,99887,106,-,hypothetical protein
LIC12341,8.39,16.41,0.51,0.28945153,1,+,2834005,2834661,218,-,hypothetical protein
LIC12680,8.39,11.94,0.70,0.688686264,1,-,3248599,3250026,475,-,FimH-like protein
LIC12813,8.38,7.20,1.16,0.980707913,1,-,3418620,3419243,207,-,serine protease
LIC10070,8.38,5.76,1.45,0.728997884,1,-,88156,89244,362,-,hypothetical protein
LIC11469,8.38,19.58,0.43,0.431759951,1,+,1814833,1815426,197,-,hypothetical protein
LIC13189,8.36,5.33,1.57,0.732319944,1,-,3903152,3903607,151,wecD,acetyltransferase
LIC11130,8.36,8.53,0.98,0.968061751,1,-,1394159,1395106,315,-,GGDEF family protein
LIC12120,8.36,1.35,6.20,0.019319671,1,+,2562183,2562401,72,-,hypothetical protein
LIC11868,8.33,8.00,1.04,0.965256389,1,-,2263994,2264356,120,-,hypothetical protein
LIC10588,8.32,5.80,1.44,0.820544429,1,+,716324,717100,258,yafJ,glutamine amidotransferase
LIC12103,8.32,10.42,0.80,0.840857706,1,-,2544275,2544694,139,-,hypothetical protein
LIC11504,8.32,10.05,0.83,0.99023144,1,+,1855127,1855927,266,-,hypothetical protein
LIC12967,8.30,12.37,0.67,0.704295306,1,+,3604620,3605003,127,-,hypothetical protein
LIC10907,8.29,14.42,0.58,0.612680964,1,+,1091629,1091955,108,-,hypothetical protein
LIC20055,8.27,6.18,1.34,0.766428843,2,-,58042,58917,291,-,hypothetical protein
LIC11557,8.26,15.27,0.54,0.714141011,1,+,1919789,1920319,176,rimM,16S rRNA-processing protein RimM
LIC12089,8.26,7.68,1.07,0.980707913,1,-,2527873,2528295,140,-,hypothetical protein
LIC13447,8.26,3.70,2.23,0.619372478,1,-,4224336,4225145,269,-,lipoprotein
LIC10386,8.25,5.43,1.52,0.732319944,1,+,439864,440412,182,-,RNA polymerase ECF-type sigma factor
LIC11511,8.25,16.76,0.49,0.352023142,1,-,1869234,1869770,178,def,peptide deformylase
LIC12147,8.24,6.13,1.35,0.834187215,1,-,2596904,2597272,122,-,hypothetical protein
LIC13216,8.22,2.72,3.03,0.15815825,1,+,3945735,3946337,200,-,hypothetical protein
LIC10201,8.22,9.81,0.84,1,1,-,229825,230883,352,-,glycosyl transferase
LIC12904,8.20,9.80,0.84,0.94106704,1,+,3524400,3525524,374,-,hypothetical protein
LIC11700,8.19,9.72,0.84,0.968061751,1,+,2066939,2067136,65,-,hypothetical protein
LIC11770,8.19,8.35,0.98,0.866044857,1,-,2162006,2162551,181,-,hypothetical protein
LIC13422,8.18,8.74,0.94,1,1,+,4197846,4199054,402,-,hydrogenase subunit
LIC11181,8.18,16.92,0.48,0.244419908,1,+,1452607,1453743,378,-,hypothetical protein
LIC12603,8.18,11.79,0.69,0.531838623,1,-,3154892,3155167,91,-,hypothetical protein
LIC20122,8.17,6.61,1.23,0.953945329,2,-,146236,146820,194,cobU,cobinamide kinase
LIC11062,8.16,17.69,0.46,0.392824488,1,+,1311361,1311984,207,-,hypothetical protein
LIC10675,8.13,10.05,0.81,1,1,+,820165,820887,240,sp,ABC transporter ATP-binding protein
LIC13034,8.12,4.90,1.66,0.464457743,1,+,3702104,3702346,80,-,hypothetical protein
LIC13178,8.12,11.24,0.72,0.728997884,1,-,3891148,3891435,95,acyP,acylphosphatase
LIC12282,8.11,8.57,0.95,1,1,-,2753721,2754803,360,-,hypothetical protein
LIC20168,8.11,8.15,1.00,0.985177549,2,+,204054,204398,114,-,hypothetical protein
LIC10812,8.11,12.18,0.67,0.714141011,1,-,982456,983055,199,ccmH,cytochrome c-type biogenesis precursor
LIC12044,8.11,8.61,0.94,1,1,-,2464340,2464882,180,-,hypothetical protein
LIC10629,8.08,14.01,0.58,0.731617711,1,-,766917,768464,515,glpK2,glycerol kinase
LIC11725,8.07,12.16,0.66,0.644424576,1,-,2100357,2100689,110,-,hypothetical protein
LIC11650,8.06,11.29,0.71,0.993193386,1,+,2015341,2016366,341,-,hypothetical protein
LIC11585,8.05,5.62,1.43,0.771055048,1,+,1943843,1944067,74,-,tautomerase
LIC12119,8.00,5.61,1.43,0.822017048,1,-,2561426,2562133,235,-,glycosyl transferase
LIC10242,7.99,4.25,1.88,0.457536121,1,+,278177,278527,116,-,hypothetical protein
LIC10568,7.98,11.96,0.67,0.558023374,1,+,693096,693839,247,-,hypothetical protein
LIC10903,7.97,5.11,1.56,0.837615719,1,-,1088388,1088576,62,-,hypothetical protein
LIC11912,7.97,12.05,0.66,0.775608226,1,+,2309101,2309751,216,-,hypothetical protein
LIC20267,7.95,8.07,0.98,0.962623013,2,-,336236,336691,151,-,hypothetical protein
LIC13401,7.94,7.28,1.09,0.97755281,1,-,4169584,4171152,522,-,methyl-accepting chemotaxis protein
LIC10457,7.92,4.04,1.96,0.364752571,1,-,519798,520592,264,-,hypothetical protein
LIC11494,7.91,4.25,1.86,0.528935878,1,-,1843689,1844435,248,gldF,GldF
LIC10866,7.90,6.30,1.25,0.804293288,1,-,1045304,1045747,147,-,hypothetical protein
LIC11358,7.89,3.17,2.49,0.393709716,1,+,1672320,1674236,638,-,hypothetical protein
LIC11503,7.88,16.82,0.47,0.379223775,1,+,1853859,1854797,312,-,iron-sulfur cluster-binding protein
LIC12229,7.86,7.56,1.04,0.959687312,1,-,2692676,2693158,160,-,hypothetical protein
LIC11721,7.84,7.48,1.05,1,1,+,2097132,2097908,258,-,hypothetical protein
LIC13403,7.84,7.87,1.00,1,1,-,4172739,4173512,257,-,YvrC
LIC10273,7.83,6.63,1.18,1,1,+,311079,311270,63,-,hypothetical protein
LIC10829,7.82,3.10,2.52,0.394376859,1,-,1007309,1008517,402,-,hypothetical protein
LIC11464,7.82,3.36,2.32,0.523223731,1,+,1807019,1807210,63,-,hypothetical protein
LIC12716,7.82,5.54,1.41,0.906979471,1,-,3305680,3306618,312,-,hypothetical protein
LIC12797,7.82,1.72,4.54,0.105961678,1,+,3404598,3404798,66,-,hypothetical protein
LIC11476,7.80,7.52,1.04,1,1,-,1824497,1825036,179,-,hypothetical protein
LIC13077,7.80,10.57,0.74,0.771055048,1,+,3761565,3762572,335,-,hypothetical protein
LIC10478,7.79,7.67,1.02,0.962623013,1,-,552136,552732,198,lepB,signal peptidase I
LIC12020,7.79,4.36,1.79,0.557728772,1,+,2434877,2435740,287,-,hypothetical protein
LIC13336,7.78,5.55,1.40,0.528935878,1,+,4091956,4093134,392,-,aminotransferase
LIC12660,7.78,7.46,1.04,0.97755281,1,+,3222893,3223291,132,vapC,DNA binding domain-containing protein
LIC10643,7.77,8.14,0.95,1,1,-,785645,786946,433,-,hypothetical protein
LIC12740,7.76,7.92,0.98,0.907471287,1,-,3337527,3337928,133,-,hypothetical protein
LIC11049,7.75,9.85,0.79,0.832321781,1,-,1290179,1291135,318,-,hypothetical protein
LIC12678,7.74,25.53,0.30,0.047500307,1,+,3243113,3245239,708,-,hypothetical protein
LIC12990,7.73,11.79,0.66,0.936055598,1,-,3633933,3635312,459,-,hypothetical protein
LIC10042,7.73,6.75,1.15,0.979561304,1,-,50509,50988,159,-,hypothetical protein
LIC10139,7.72,3.37,2.29,0.465639361,1,+,166929,168440,503,-,hypothetical protein
LIC13350,7.72,6.91,1.12,0.871190707,1,+,4107707,4108558,283,-,hypothetical protein
LIC12524,7.71,4.77,1.62,0.832321781,1,+,3058082,3059539,485,salD,fatty acid transport protein
LIC14001,7.71,8.04,0.96,0.959287798,1,-,1952637,1952930,97,-,hypothetical protein
LIC10639,7.70,5.45,1.41,0.782892123,1,-,778736,780658,640,-,hypothetical protein
LIC11256,7.70,2.62,2.94,0.327928442,1,-,1551872,1552120,82,-,hypothetical protein
LIC12066,7.68,2.16,3.56,0.190154301,1,+,2500970,2501446,158,-,MarR family transcriptional regulator
LIC12471,7.66,2.16,3.54,0.254322846,1,-,2993162,2993734,190,-,hypothetical protein
LIC13052,7.65,3.41,2.24,0.35885866,1,+,3724436,3725530,364,dinP,DNA polymerase IV
LIC11930,7.65,4.48,1.71,0.481113506,1,-,2333472,2334245,257,-,arginyl-tRNA-protein transferase
LIC13497,7.64,6.98,1.09,1,1,+,4276081,4277013,310,-,DNA polymerase III subunit-like protein
LIC20109,7.64,8.85,0.86,0.933770306,2,-,129352,130350,332,-,hypothetical protein
LIC10930,7.63,7.15,1.07,0.930367289,1,-,1121249,1122400,383,prrC,anticodon nuclease
LIC11373,7.63,4.21,1.81,0.662101431,1,+,1689819,1690082,87,fliQ,flagellar biosynthetic protein fliQ
LIC13033,7.63,6.24,1.22,0.804430309,1,+,3699894,3701174,426,cht,chitinase
LIC10653,7.61,9.25,0.82,0.937939246,1,+,797586,797774,62,-,hypothetical protein
LIC12265,7.60,5.38,1.41,0.734680948,1,-,2735463,2735984,173,-,hypothetical protein
LIC11222,7.60,6.97,1.09,1,1,+,1510799,1511737,312,-,hypothetical protein
LIC11603,7.59,12.42,0.61,0.725572053,1,-,1964537,1965055,172,-,hypothetical protein
LIC13431,7.59,5.12,1.48,0.729561365,1,+,4207964,4208911,315,pab1703,ABC transporter ATP-binding protein
LIC13457,7.58,8.19,0.93,1,1,+,4234880,4235515,211,-,hypothetical protein
LIC12815,7.58,5.70,1.33,0.848117213,1,+,3420440,3421159,239,-,hypothetical protein
LIC12580,7.57,8.31,0.91,0.887866199,1,+,3128806,3129012,68,-,hypothetical protein
LIC10999,7.56,13.25,0.57,0.725572053,1,-,1217077,1218069,330,-,hypothetical protein
LIC11981,7.56,13.02,0.58,0.735561409,1,+,2386236,2387036,266,tatC,sec-independent protein translocase
LIC10368,7.55,11.85,0.64,0.538551499,1,-,414377,414925,182,-,lipoprotein
LIC11786,7.54,11.18,0.67,0.795275009,1,-,2176817,2177779,320,thrB,homoserine kinase
LIC12604,7.53,37.22,0.20,0.002020162,1,-,3155164,3156138,324,-,hypothetical protein
LIC13195,7.53,16.29,0.46,0.111901357,1,+,3915816,3917384,522,-,cholesterol oxidase precursor
LIC10380,7.53,7.89,0.95,1,1,+,429918,430463,181,-,hypothetical protein
LIC13020,7.52,15.61,0.48,0.363078632,1,+,3679503,3680189,228,-,hypothetical protein
LIC10990,7.51,12.71,0.59,0.782892123,1,+,1203450,1205123,557,kdpA,potassium-transporting ATPase subunit A
LIC11077,7.49,6.24,1.20,0.854255459,1,+,1329838,1330566,242,-,hypothetical protein
LIC11686,7.49,4.89,1.53,0.699692118,1,+,2048212,2049390,392,-,hypothetical protein
LIC13132,7.49,11.41,0.66,0.87969694,1,-,3836181,3836915,244,-,hypothetical protein
LIC10254,7.48,12.87,0.58,0.502283216,1,-,291103,291723,206,-,hypothetical protein
LIC10744,7.48,7.04,1.06,1,1,-,908317,908541,74,-,hypothetical protein
LIC12892,7.47,10.38,0.72,0.891837171,1,-,3493390,3494199,269,-,lipoprotein
LIC13385,7.47,5.95,1.26,0.793151601,1,+,4148590,4149543,317,-,ABC transporter ATP-binding protein
LIC12613,7.47,40.75,0.18,1.09E-05,1,-,3162277,3162660,127,-,hypothetical protein
LIC10495,7.45,4.81,1.55,0.726153908,1,-,575873,577699,608,-,hypothetical protein
LIC11079,7.45,10.00,0.74,0.886211893,1,-,1332138,1333049,303,-,hypothetical protein
LIC13058,7.44,17.87,0.42,0.508515422,1,-,3731549,3731941,130,-,hypothetical protein
LIC10925,7.43,13.72,0.54,0.422395831,1,+,1109692,1110714,340,-,metallo-beta-lactamase
LIC13438,7.43,1.92,3.88,0.084452667,1,+,4215019,4215570,183,hpt,hypoxanthine-guanine-xanthine phosphoribosyltransferase
LIC12059,7.42,6.79,1.09,0.894571548,1,-,2492609,2493214,201,-,response regulator
LIC20203,7.42,7.28,1.02,0.832321781,2,-,260224,261174,316,yocS,bile acid Na+ symporter
LIC12690,7.41,12.14,0.61,0.464457743,1,+,3265665,3268190,841,-,lipoprotein
LIC10333,7.40,7.69,0.96,0.936615403,1,+,378327,380516,729,-,histidine kinase
LIC10238,7.38,8.35,0.88,1,1,+,274139,274825,228,-,3-methyladenine DNA glycosylase
LIC10795,7.37,1.84,4.00,0.184959215,1,+,964788,964863,76,tRNA-Ala-TGC,Ala tRNA
LIC11798,7.36,8.94,0.82,0.901498876,1,+,2190940,2192235,431,-,hypothetical protein
LIC11581,7.36,11.25,0.65,0.728997884,1,+,1941231,1941974,247,-,hypothetical protein
LIC13089,7.35,23.26,0.32,0.095659121,1,+,3776571,3778235,554,-,hypothetical protein
LIC10385,7.35,5.04,1.46,0.936615403,1,-,438915,439781,288,-,hypothetical protein
LIC10199,7.33,8.08,0.91,1,1,-,227461,228795,444,-,glycosyltransferase
LIC11235,7.33,13.87,0.53,0.562003571,1,+,1527974,1528639,221,-,hypothetical protein
LIC12287,7.32,10.93,0.67,0.6904365,1,+,2759898,2760341,147,-,lipoprotein
LIC12553,7.31,5.33,1.37,0.871190707,1,+,3091895,3092797,300,-,hypothetical protein
LIC11169,7.29,7.75,0.94,1,1,-,1437785,1438438,217,-,hypothetical protein
LIC12043,7.29,3.80,1.92,0.52870586,1,-,2463978,2464343,121,-,hypothetical protein
LIC12628,7.29,4.45,1.64,0.826940818,1,-,3180523,3180753,76,-,hypothetical protein
LIC10377,7.29,17.15,0.42,0.224198558,1,+,427241,427999,252,-,lipoprotein
LIC12430,7.29,25.60,0.28,0.019939662,1,-,2949515,2950330,271,-,hypothetical protein
LIC11211,7.27,6.82,1.07,1,1,-,1493811,1494875,354,-,hypothetical protein
LIC10051,7.27,5.81,1.25,0.831392233,1,+,62561,63403,280,folP,"7,8-dihydropteroate synthase protein"
LIC12592,7.26,5.67,1.28,0.744033226,1,+,3141401,3142132,243,-,hypothetical protein
LIC11706,7.26,4.05,1.79,0.336154365,1,-,2072313,2072756,147,-,hypothetical protein
LIC10904,7.25,7.64,0.95,1,1,-,1089574,1089978,134,-,hypothetical protein
LIC13218,7.25,9.12,0.80,0.875496759,1,-,3947330,3947899,189,-,carbonic anhydrase/acetyltransferase
LIC10320,7.23,5.36,1.35,0.692861894,1,-,364235,364837,200,-,hypothetical protein
LIC10196,7.22,5.92,1.22,0.946350301,1,-,225073,225948,291,-,hypothetical protein
LIC10721,7.22,2.16,3.34,0.134525171,1,-,876991,878184,397,-,hypothetical protein
LIC11719,7.20,6.64,1.09,1,1,-,2094502,2095449,315,-,hypothetical protein
LIC11217,7.19,5.38,1.34,0.936615403,1,+,1499810,1500778,322,-,hypothetical protein
LIC13253,7.18,6.48,1.11,1,1,+,3991135,3991506,123,-,hypothetical protein
LIC13343,7.18,8.20,0.88,0.922789027,1,-,4099161,4100021,286,-,hypothetical protein
LIC12749,7.17,9.75,0.74,1,1,+,3344805,3345125,106,nuoK,NADH dehydrogenase I subunit K
LIC12065,7.17,2.36,3.04,0.392824488,1,-,2500518,2500883,121,-,hypothetical protein
LIC12431,7.16,20.54,0.35,0.014931806,1,-,2950361,2951116,251,-,TetR family transcriptional regulator
LIC12754,7.16,7.39,0.97,0.980707913,1,-,3351610,3351960,116,-,hypothetical protein
LIC12313,7.16,6.95,1.03,0.959432864,1,+,2788440,2788790,116,-,HIT family hydrolase
LIC13207,7.15,10.89,0.66,0.891672138,1,-,3936070,3936702,210,-,membrane carboxypeptidase
LIC11754,7.14,4.84,1.47,0.892788737,1,-,2142315,2144096,593,-,lipoprotein
LIC12696,7.13,5.16,1.38,0.80522168,1,-,3282304,3283023,239,-,hypothetical protein
LIC11081,7.13,6.73,1.06,1,1,-,1335590,1336285,231,-,ABC transporter ATP-binding protein
LIC13295,7.12,4.53,1.57,0.96559737,1,+,4040189,4040716,175,-,hypothetical protein
LIC10004,7.11,12.28,0.58,0.739466177,1,+,6156,6620,154,-,hypothetical protein
LIC11155,7.11,5.54,1.28,0.785396286,1,+,1424320,1425306,328,-,hypothetical protein
LIC10397,7.09,12.24,0.58,0.574233932,1,+,454287,454577,96,-,hypothetical protein
LIC13016,7.09,7.91,0.90,1,1,-,3671749,3672312,187,hisI,phosphoribosyl-AMP cyclohydrolase protein
LIC10884,7.07,6.41,1.10,1,1,+,1070404,1070799,131,-,"transposase, ISlin1"
LIC11227,7.06,4.64,1.52,0.686203284,1,-,1516730,1517458,242,-,hypothetical protein
LIC12885,7.06,10.55,0.67,0.864132758,1,-,3487108,3487680,190,ruvC,holliday junction endodeoxyribonuclease protein
LIC11466,7.05,3.46,2.04,0.71938096,1,-,1810131,1811633,500,-,hypothetical protein
LIC12947,7.04,3.47,2.03,0.558023374,1,+,3578456,3579079,207,-,flagellin protein
LIC10008,7.02,7.28,0.96,0.97762625,1,+,12129,12473,114,-,hypothetical protein
LIC11151,7.01,10.34,0.68,0.844358791,1,+,1420318,1421043,241,-,hypothetical protein
LIC13107,7.01,5.81,1.21,0.700782792,1,+,3801209,3802087,292,-,hypothetical protein
LIC12954,6.96,6.33,1.10,0.662101431,1,-,3586999,3587892,297,-,oligopeptide ABC transporter permease
LIC10030,6.92,10.35,0.67,0.89251306,1,-,36116,37027,303,-,hypothetical protein
LIC10354,6.92,8.65,0.80,0.936615403,1,-,400333,401238,301,ksgA,dimethyladenosine transferase
LIC13288,6.91,2.76,2.51,0.464490091,1,-,4031940,4033073,377,-,histidine kinase sensor protein
LIC10181,6.91,21.64,0.32,0.045208719,1,+,208928,209959,343,-,hypothetical protein
LIC11482,6.90,2.52,2.74,0.191737034,1,+,1830045,1830410,121,-,hypothetical protein
LIC12049,6.89,3.90,1.77,0.87565391,1,+,2479593,2480417,274,-,hypothetical protein
LIC10329,6.89,4.13,1.67,0.6904365,1,-,374075,374977,300,-,hypothetical protein
LIC10488,6.87,2.21,3.11,0.400254574,1,-,565275,565970,231,-,hypothetical protein
LIC13109,6.82,14.83,0.46,0.52870586,1,-,3803228,3804223,331,-,hypothetical protein
LIC10936,6.79,4.70,1.45,0.827205443,1,-,1127708,1128547,279,devR,fruiting body developmental protein
LIC12639,6.79,11.93,0.57,0.485273898,1,+,3197526,3197714,62,-,hypothetical protein
LIC11841,6.79,4.87,1.40,0.727024878,1,-,2237311,2237754,147,-,hypothetical protein
LIC11805,6.77,8.61,0.79,0.8974382,1,+,2198510,2199283,257,yadH,ABC transporter permease
LIC10511,6.77,5.46,1.24,1,1,+,614543,615793,416,-,hypothetical protein
LIC11723,6.77,8.41,0.80,0.959432864,1,+,2098598,2099164,188,-,lipoprotein
LIC13424,6.77,9.56,0.71,0.848117213,1,+,4200452,4201273,273,hycG,hydrogenase subunit
LIC10267,6.75,2.73,2.47,0.296039913,1,-,304939,305015,77,tRNA-Arg-CCT,Arg tRNA
LIC11940,6.73,17.18,0.39,0.059083323,1,-,2348887,2349888,333,-,heavy metal efflux pump
LIC13472,6.72,4.06,1.65,0.728997884,1,+,4247499,4248104,201,cdd,cytidine deaminase
LIC13258,6.71,9.96,0.67,0.645820574,1,-,3995589,3995915,108,fdx,ferredoxin
LIC12131,6.70,11.56,0.58,0.561183201,1,-,2575164,2575583,139,-,hypothetical protein
LIC12562,6.69,16.54,0.40,0.28945153,1,-,3105732,3106865,377,-,ring hydroxylating dioxygenase alpha-subunit
LIC10388,6.69,3.93,1.70,0.918410052,1,-,443205,443669,154,-,hypothetical protein
LIC13204,6.68,12.59,0.53,0.457536121,1,-,3931020,3932033,337,-,hypothetical protein
LIC20170,6.68,5.13,1.30,0.900998715,2,-,205585,206112,175,-,MotA/TolQ/ExbB proton channel family protein
LIC10434,6.68,6.74,0.99,0.959236409,1,-,495350,495715,121,-,hypothetical protein
LIC20261,6.67,12.95,0.52,0.47107579,2,+,327025,327492,155,-,hypothetical protein
LIC12640,6.67,20.71,0.32,0.118666917,1,+,3198026,3198859,277,-,hypothetical protein
LIC12650,6.66,1.82,3.66,0.310460097,1,+,3215164,3215691,175,-,hypothetical protein
LIC20108,6.65,18.94,0.35,0.142363882,2,-,128943,129341,132,-,anti-sigma factor antagonist
LIC12844,6.63,5.16,1.28,0.941154694,1,+,3451803,3453722,639,-,hypothetical protein
LIC10946,6.61,5.10,1.30,0.867062078,1,-,1139140,1139526,128,-,hypothetical protein
LIC12926,6.60,9.53,0.69,0.848117213,1,+,3554139,3554825,228,-,hypothetical protein
LIC11157,6.60,1.92,3.44,0.075801746,1,-,1427596,1427841,81,-,hypothetical protein
LIC11761,6.60,11.19,0.59,0.47186393,1,+,2152898,2153941,347,-,hypothetical protein
LIC10492,6.58,7.08,0.93,0.980707913,1,-,572671,574164,497,-,heavy metal efflux pump
LIC10823,6.57,1.80,3.65,0.220281365,1,-,994371,996125,584,-,hypothetical protein
LIC10119,6.54,3.29,1.99,0.634046274,1,-,138884,139297,137,-,methylated-DNA--protein-cysteine methyltransferase
LIC13038,6.54,15.21,0.43,0.360500727,1,-,3710444,3711577,377,-,hypothetical protein
LIC12427,6.52,6.76,0.96,1,1,-,2946281,2947513,410,-,hypothetical protein
LIC10335,6.51,6.39,1.02,0.891137983,1,+,380913,381161,82,-,hypothetical protein
LIC12464,6.49,12.17,0.53,0.614971701,1,+,2980926,2981564,212,-,hypothetical protein
LIC12527,6.47,9.09,0.71,0.87969694,1,-,3063987,3064826,279,cysW,sulfate ABC transporter permease
LIC11047,6.47,16.39,0.39,0.382150014,1,+,1288058,1288627,189,-,hypothetical protein
LIC11960,6.45,4.44,1.45,0.73119565,1,+,2366885,2367451,188,-,hypothetical protein
LIC13227,6.45,3.08,2.09,0.528935878,1,+,3959718,3960410,230,-,hypothetical protein
LIC12825,6.43,4.62,1.39,0.887866199,1,-,3427474,3428019,181,-,hypothetical protein
LIC11537,6.43,5.21,1.23,0.972204467,1,-,1899705,1900358,217,-,ATP-dependent protease-like La
LIC12354,6.41,18.80,0.34,0.082197793,1,-,2849874,2851055,393,-,transcriptional regulator
LIC10553,6.40,8.67,0.74,0.700782792,1,-,677905,678705,266,-,hydrolase
LIC10541,6.40,3.20,2.00,0.528935878,1,-,660943,661599,218,vatB,acetyltransferase
LIC11530,6.39,6.33,1.01,0.973816149,1,-,1892571,1893185,204,-,hypothetical protein
LIC13045,6.33,6.15,1.03,0.977157254,1,-,3716132,3717022,296,-,hypothetical protein
LIC12898,6.32,7.85,0.80,0.887866199,1,-,3509830,3512742,970,-,hypothetical protein
LIC10081,6.30,3.71,1.70,0.392824488,1,-,99482,99561,80,tRNA-Arg-ACG,Arg tRNA
LIC13437,6.29,1.63,3.87,0.118507096,1,+,4214459,4215019,186,-,hypothetical protein
LIC11164,6.28,4.02,1.56,0.700782792,1,-,1434458,1434742,94,-,hypothetical protein
LIC12411,6.28,9.00,0.70,0.901529834,1,+,2922235,2922765,176,-,hypothetical protein
LIC10997,6.27,4.40,1.43,0.848117213,1,+,1214849,1215319,156,-,hypothetical protein
LIC12055,6.25,5.80,1.08,0.971663586,1,+,2488589,2489470,293,-,hypothetical protein
LIC11034,6.24,5.20,1.20,0.867605412,1,-,1273560,1274459,299,-,hypothetical protein
LIC10369,6.22,6.74,0.92,0.974886803,1,-,415699,416244,181,-,hypothetical protein
LIC12557,6.22,6.67,0.93,0.974886803,1,+,3098004,3098771,255,-,hypothetical protein
LIC13102,6.19,3.00,2.07,0.339036709,1,-,3794701,3795318,205,-,uracil DNA glycosylase
LIC10513,6.18,6.66,0.93,0.906979471,1,-,617188,618138,316,-,"transposase, IS3"
LIC10185,6.15,18.77,0.33,0.080216892,1,+,212250,212924,224,-,hypothetical protein
LIC10658,6.13,10.85,0.56,0.6904365,1,-,804145,805668,507,-,proton antiporter efflux pump
LIC10110,6.11,6.24,0.98,1,1,+,128306,128755,149,-,hypothetical protein
LIC10614,6.11,1.80,3.39,0.317301572,1,+,752971,753189,72,-,hypothetical protein
LIC10391,6.10,3.79,1.61,0.744033226,1,+,448480,449316,278,-,hypothetical protein
LIC13329,6.10,5.30,1.15,0.848117213,1,+,4085217,4085648,143,-,hypothetical protein
LIC12519,6.09,2.23,2.73,0.567773222,1,-,3049306,3049740,144,-,hypothetical protein
LIC10834,6.08,13.00,0.47,0.404601625,1,+,1013489,1014082,197,-,hypothetical protein
LIC11965,6.08,4.59,1.32,0.785396286,1,+,2369276,2369698,140,-,hypothetical protein
LIC11057,6.07,4.45,1.36,0.968061751,1,-,1301784,1303154,456,-,hypothetical protein
LIC20039,6.06,9.26,0.65,0.87565391,2,+,39899,40768,289,-,hypothetical protein
LIC20300,6.06,11.24,0.54,0.678535708,2,+,326774,326920,48,-,hypothetical protein
LIC11690,6.04,13.58,0.44,0.330688205,1,-,2053166,2053492,108,-,hypothetical protein
LIC13181,6.03,13.61,0.44,0.352023142,1,+,3892897,3893328,143,-,SET domain-containing protein
LIC13213,6.03,5.88,1.03,1,1,+,3941399,3942667,422,-,hypothetical protein
LIC11961,6.01,2.46,2.44,0.360500727,1,+,2367510,2367586,77,tRNA-Met-CAT-1,Met tRNA
LIC11743,6.01,4.17,1.44,1,1,+,2129481,2129900,139,-,hypothetical protein
LIC12611,6.00,66.52,0.09,2.02E-11,1,-,3160149,3161969,606,-,hypothetical protein
LIC11228,5.99,8.09,0.74,0.982949342,1,-,1517473,1518942,489,-,hypothetical protein
LIC12949,5.97,12.34,0.48,0.485911973,1,+,3580082,3581023,313,aroE,shikimate 5-dehydrogenase
LIC20104,5.97,2.88,2.07,0.713368889,2,-,121327,122511,394,-,DNA binding protein
LIC11513,5.94,4.22,1.41,0.806935652,1,-,1870605,1870680,76,tRNA-Ala-GGC,Ala tRNA
LIC12681,5.93,5.73,1.03,0.936615403,1,+,3250392,3250712,106,-,hypothetical protein
LIC11126,5.92,9.74,0.61,0.728997884,1,-,1390199,1391134,311,-,GGDEF family protein
LIC11886,5.92,8.97,0.66,0.846137378,1,+,2282735,2283301,188,-,lipoprotein
LIC13432,5.91,6.37,0.93,0.942729818,1,+,4208908,4209990,360,-,hypothetical protein
LIC10295,5.90,3.20,1.84,0.531838623,1,-,339340,339747,135,-,hypothetical protein
LIC10424,5.90,8.00,0.74,0.930339578,1,-,483777,485222,481,-,hypothetical protein
LIC12833,5.89,9.07,0.65,0.87565391,1,+,3437554,3438624,356,-,arabinose kinase
LIC12129,5.89,11.87,0.50,0.80522168,1,-,2573119,2573916,265,-,glycosyltransferase
LIC11035,5.88,9.05,0.65,0.73510247,1,-,1274487,1274864,125,-,hypothetical protein
LIC13121,5.87,4.91,1.20,0.862038838,1,-,3820390,3821262,290,-,hypothetical protein
LIC12607,5.86,18.79,0.31,0.03494662,1,-,3157690,3158403,237,-,hypothetical protein
LIC10182,5.84,10.01,0.58,0.706519245,1,+,209971,210543,190,-,hypothetical protein
LIC12930,5.84,3.40,1.72,0.732608726,1,-,3559425,3560750,441,-,hypothetical protein
LIC12998,5.84,4.71,1.24,0.933770306,1,-,3643668,3646193,841,-,TonB-dependent outer membrane receptor
LIC12009,5.83,6.88,0.85,0.980707913,1,-,2418403,2419344,313,-,1-aminocyclopropane-1-carboxylate deaminase
LIC12426,5.81,3.00,1.94,0.74672297,1,-,2945439,2945852,137,-,hypothetical protein
LIC12950,5.81,3.32,1.75,0.762002059,1,+,3581020,3582312,430,folC,dihydrofolate synthase
LIC10836,5.81,12.59,0.46,0.485911973,1,+,1015159,1015905,248,rimL,ribosomal-protein-serine-acetyltransferase
LIC10831,5.79,5.25,1.10,1,1,-,1010539,1011672,377,-,hypothetical protein
LIC10189,5.78,27.91,0.21,0.009230716,1,+,216137,217693,518,-,hypothetical protein
LIC10195,5.78,6.57,0.88,1,1,-,224064,225101,345,splB,photoproduct lyase
LIC10803,5.76,5.88,0.98,1,1,+,972501,972896,131,-,hypothetical protein
LIC10456,5.74,0.54,10.59,0.041194145,1,-,519271,519720,149,-,hypothetical protein
LIC10792,5.74,7.55,0.76,0.826940818,1,+,962079,963251,390,-,hypothetical protein
LIC12525,5.74,6.74,0.85,0.906979471,1,+,3061176,3062384,402,-,lipoprotein
LIC13043,5.74,6.27,0.92,0.973816149,1,+,3714059,3714394,111,-,hypothetical protein
LIC13429,5.74,1.86,3.08,0.373139262,1,-,4205723,4206652,309,-,hypothetical protein
LIC11089,5.73,4.25,1.35,1,1,-,1344935,1345882,315,-,hypothetical protein
LIC10784,5.72,6.04,0.95,1,1,-,952496,952834,112,-,"transposase, IS1501"
LIC11015,5.72,3.17,1.80,0.819525703,1,+,1239389,1239592,67,-,hypothetical protein
LIC10324,5.72,2.39,2.40,0.456038498,1,+,369133,369561,142,-,hypothetical protein
LIC11735,5.70,4.62,1.23,0.996692471,1,+,2113252,2114049,265,apbA,2-dehydropantoate 2-reductase
LIC10734,5.70,4.45,1.28,0.857824316,1,+,896198,896992,264,-,lipoprotein
LIC10177,5.69,34.16,0.17,4.11E-06,1,+,205214,205633,139,-,hypothetical protein
LIC10489,5.67,6.45,0.88,0.974886803,1,-,565967,566692,241,-,hypothetical protein
LIC13280,5.67,4.99,1.14,0.844358791,1,-,4021077,4021526,149,-,MaoC family protein
LIC11284,5.66,6.09,0.93,0.897017735,1,-,1584662,1585024,120,-,hypothetical protein
LIC12386,5.65,6.70,0.84,0.869687684,1,+,2890858,2891787,309,-,drug/metabolite exporter
LIC13242,5.65,6.73,0.84,1,1,+,3978293,3979063,256,-,response regulator
LIC12596,5.61,4.02,1.40,0.959432864,1,+,3146570,3147097,175,-,hypothetical protein
LIC11040,5.58,7.94,0.70,0.826940818,1,+,1279584,1280303,239,-,hemolysin
LIC12712,5.58,6.29,0.89,0.973816149,1,+,3298986,3299219,77,-,hypothetical protein
LIC12997,5.58,3.29,1.70,0.726790873,1,-,3643208,3643561,117,-,hypothetical protein
LIC10828,5.55,9.66,0.57,0.853627668,1,-,1005970,1007106,378,-,hypothetical protein
LIC11098,5.54,4.51,1.23,0.996725529,1,-,1353873,1355153,426,-,hypothetical protein
LIC11145,5.52,2.36,2.34,0.766582178,1,-,1412482,1413405,307,-,short chain dehydrogenase
LIC10992,5.52,8.61,0.64,0.746592223,1,+,1207223,1207795,190,kdpC,potassium-transporting ATPase subunit C
LIC13151,5.52,11.16,0.49,0.459271518,1,-,3864461,3864808,115,-,lipoprotein
LIC10118,5.50,6.10,0.90,0.897017735,1,-,137048,137869,273,thiD,phoshomethylpyrimidine kinase protein
LIC10785,5.50,0.99,5.55,0.214295025,1,-,952875,953138,87,-,"transposase, IS1501"
LIC12722,5.50,6.55,0.84,0.836965101,1,+,3312795,3313166,123,-,IS1533 transposase
LIC10688,5.49,14.75,0.37,0.214295025,1,+,833472,833894,140,-,hypothetical protein
LIC11333,5.49,3.58,1.53,0.664076637,1,+,1645307,1645531,74,-,hypothetical protein
LIC11953,5.49,8.97,0.61,0.844358791,1,-,2360418,2360612,64,-,hypothetical protein
LIC12589,5.47,8.73,0.63,0.700782792,1,+,3136774,3137352,192,-,hypothetical protein
LIC20072,5.47,7.83,0.70,0.785396286,2,+,78701,79240,179,-,hypothetical protein
LIC13199,5.46,0.79,6.92,0.054286492,1,+,3922370,3923020,216,-,hypothetical protein
LIC12831,5.46,7.61,0.72,1,1,+,3435735,3436682,315,-,SAM dependent methyltransferase
LIC11172,5.44,10.48,0.52,0.63377509,1,+,1440744,1441859,371,-,hypothetical protein
LIC12599,5.44,7.09,0.77,0.977157254,1,+,3150383,3151246,287,-,alpha/beta fold family hydrolase
LIC13203,5.43,5.02,1.08,0.874526251,1,-,3930589,3931035,148,-,hypothetical protein
LIC11129,5.43,8.28,0.66,0.714141011,1,-,1393186,1394139,317,-,GGDEF family protein
LIC11964,5.43,2.39,2.28,0.617430837,1,+,2368610,2368954,114,-,hypothetical protein
LIC13255,5.41,4.33,1.25,1,1,-,3993212,3993547,111,-,lipoprotein
LIC12549,5.40,2.59,2.09,0.592301249,1,-,3088355,3088430,76,tRNA-Phe-GAA,Phe tRNA
LIC13238,5.40,9.38,0.58,0.645820574,1,+,3974609,3975766,385,-,hypothetical protein
LIC11144,5.40,7.16,0.75,1,1,-,1411750,1412139,129,-,lipoprotein
LIC20181,5.38,3.00,1.79,0.746773558,2,-,228268,229953,561,-,GGDEF family protein
LIC11605,5.36,9.81,0.55,0.556345173,1,+,1966478,1966738,86,-,dihydrolipoamide acetyltransferase
LIC11143,5.36,8.48,0.63,0.614971701,1,+,1410203,1410793,196,-,metal dependent phosphohydrolase
LIC13014,5.34,2.99,1.79,0.848117213,1,-,3669253,3669510,85,-,hypothetical protein
LIC11910,5.29,9.12,0.58,0.706383573,1,+,2305758,2306660,300,-,polysaccharide deacetylase
LIC10126,5.27,5.83,0.90,0.97193278,1,-,151273,151926,217,-,hypothetical protein
LIC11396,5.27,9.79,0.54,0.53037871,1,-,1714747,1715667,306,-,hypothetical protein
LIC12394,5.27,2.73,1.93,0.700782792,1,-,2901353,2901541,62,-,hypothetical protein
LIC11168,5.25,3.67,1.43,0.515090893,1,+,1437284,1437712,142,-,hypothetical protein
LIC12023,5.25,2.97,1.77,0.714731205,1,-,2438676,2439680,334,-,hypothetical protein
LIC10651,5.24,11.59,0.45,0.475662067,1,+,795248,796225,325,-,hypothetical protein
LIC13430,5.24,5.48,0.96,1,1,+,4206766,4207656,296,-,hypothetical protein
LIC10395,5.22,7.77,0.67,0.728997884,1,-,451514,452125,203,-,TetR family transcriptional regulator
LIC13039,5.22,5.36,0.97,1,1,+,3711765,3712214,149,-,MarR family transcriptional regulator
LIC13104,5.20,6.96,0.75,0.87565391,1,-,3795772,3796926,384,galK,galactokinase
LIC13309,5.19,5.30,0.98,0.930367289,1,-,4057108,4057521,137,-,4-hydroxybenzoyl-CoA thioesterase
LIC10116,5.18,5.36,0.97,0.87565391,1,+,133299,133823,174,-,hypothetical protein
LIC10096,5.17,4.78,1.08,0.936615403,1,-,113577,114236,219,aat,leucyl/phenylalanyl-tRNA--protein transferase
LIC11907,5.15,1.06,4.87,0.180501614,1,+,2304416,2304501,86,tRNA-Leu-GAG,Leu tRNA
LIC11127,5.15,5.30,0.97,1,1,-,1391208,1392149,313,-,GGDEF family protein
LIC10544,5.14,5.71,0.90,0.946350301,1,+,665500,666870,456,-,outer membrane protein
LIC10963,5.13,0.76,6.72,0.158862272,1,-,1161319,1161693,124,-,hypothetical protein
LIC11254,5.13,8.00,0.64,0.832321781,1,-,1547869,1549134,421,-,lipoprotein
LIC10638,5.11,2.14,2.39,0.577097006,1,-,776975,777502,175,-,hypothetical protein
LIC12644,5.10,3.21,1.59,0.826718947,1,-,3202494,3203498,334,-,hypothetical protein
LIC10835,5.10,16.20,0.31,0.185479836,1,+,1014154,1015041,295,-,hypothetical protein
LIC12481,5.10,2.10,2.43,0.742422151,1,+,3005783,3006388,201,-,amino-acid acetyltransferase
LIC10036,5.06,9.38,0.54,0.517128082,1,+,44336,44848,170,-,hypothetical protein
LIC10616,5.06,4.92,1.03,0.997490807,1,+,754189,755172,327,-,DNA processing chain A
LIC13327,5.06,2.40,2.11,0.458403795,1,+,4082435,4082623,62,-,hypothetical protein
LIC11984,5.05,3.20,1.58,0.650813888,1,+,2390223,2390423,66,-,hypothetical protein
LIC10340,5.03,6.09,0.83,0.977157254,1,-,386773,387573,266,-,hypothetical protein
LIC13487,5.03,3.56,1.41,0.621830944,1,-,4262110,4262922,270,-,hypothetical protein
LIC11322,5.02,6.21,0.81,0.854255459,1,-,1632269,1632460,63,-,hypothetical protein
LIC13091,5.01,6.52,0.77,0.862480281,1,-,3782527,3782724,65,-,hypothetical protein
LIC11427,5.01,5.07,0.99,0.97193278,1,+,1753836,1755059,407,capB,capsule biosynthesis protein
LIC11387,4.99,6.24,0.80,0.939594161,1,-,1704590,1705183,197,-,hypothetical protein
LIC13459,4.99,6.99,0.71,0.846137378,1,-,4236084,4236416,110,-,hypothetical protein
LIC12626,4.97,5.61,0.89,0.888059268,1,-,3176681,3176881,66,-,hypothetical protein
LIC12664,4.96,5.13,0.97,1,1,+,3224948,3225175,75,-,hypothetical protein
LIC20070,4.96,3.50,1.42,0.73500712,2,+,76088,76579,163,-,hypothetical protein
LIC12214,4.95,4.05,1.22,0.960374702,1,-,2671711,2672304,197,-,cytochrome oxidase assembly factor
LIC10951,4.94,4.33,1.14,0.965256389,1,-,1147639,1147851,70,-,hypothetical protein
LIC11293,4.94,5.18,0.95,1,1,+,1596373,1596822,149,-,hypothetical protein
LIC11223,4.92,4.54,1.08,0.968061751,1,-,1511824,1513389,521,-,hypothetical protein
LIC12488,4.91,12.21,0.40,0.619131904,1,-,3014958,3015380,140,-,hypothetical protein
LIC10694,4.88,1.85,2.64,0.728997884,1,+,841248,841433,61,-,hypothetical protein
LIC10898,4.88,3.96,1.23,0.920240373,1,-,1082177,1083709,510,lipL48,hypothetical protein
LIC10693,4.86,3.44,1.41,0.991660653,1,-,840974,841258,94,-,hypothetical protein
LIC12617,4.86,8.31,0.58,0.617430837,1,-,3166560,3167276,238,ispD,4-diphosphocytidyl-2-methyl-D-erithritol synthase
LIC11033,4.84,1.35,3.57,0.336154365,1,+,1272711,1272899,62,-,hypothetical protein
LIC12608,4.84,26.82,0.18,0.000850294,1,-,3158370,3159188,272,-,hypothetical protein
LIC12332,4.83,10.49,0.46,0.684316706,1,-,2815497,2816579,360,-,hypothetical protein
LIC12378,4.81,1.78,2.70,0.621830944,1,+,2882151,2883014,287,ubiG,3-demethylubiquinone-9 3-O-methyltransferase
LIC20169,4.80,3.19,1.50,0.728997884,2,-,205175,205588,137,-,ExbD/TolR biopolymer transport protein
LIC10186,4.79,20.42,0.23,0.011719673,1,+,212990,213712,240,-,hypothetical protein
LIC12832,4.79,5.67,0.84,0.936615403,1,+,3436679,3437503,274,yjfH,rRNA methylase
LIC20117,4.78,2.87,1.67,0.700782792,2,+,140003,140650,215,-,hypothetical protein
LIC12216,4.77,4.61,1.04,0.959432864,1,-,2673668,2674048,126,-,hypothetical protein
LIC12045,4.74,4.10,1.16,0.960396781,1,-,2465274,2465525,83,-,hypothetical protein
LIC12230,4.73,7.82,0.60,0.888059268,1,-,2693159,2693806,215,-,hypothetical protein
LIC11997,4.72,7.12,0.66,0.81432456,1,-,2406451,2407299,282,-,hypothetical protein
LIC11640,4.70,6.40,0.73,0.854255459,1,-,2006124,2006384,86,-,hypothetical protein
LIC11104,4.69,4.58,1.02,0.93503305,1,-,1362607,1363278,223,-,aminopeptidase
LIC12212,4.69,8.65,0.54,0.762595398,1,+,2670397,2670744,115,-,hypothetical protein
LIC12953,4.69,6.15,0.76,1,1,-,3586241,3587002,253,-,dipeptide/oligopeptide ABC transporter permease
LIC13254,4.69,8.66,0.54,0.762595398,1,-,3992714,3993202,162,-,hypothetical protein
LIC12610,4.68,32.72,0.14,2.07E-06,1,-,3159541,3160152,203,-,hypothetical protein
LIC11338,4.67,5.01,0.93,1,1,-,1650635,1651045,136,-,hypothetical protein
LIC11665,4.67,5.86,0.80,0.97193278,1,-,2027972,2028526,184,-,hypothetical protein
LIC13177,4.65,3.00,1.55,0.89251306,1,+,3889551,3891122,523,-,exonuclease
LIC11360,4.65,10.88,0.43,0.462707455,1,-,1675783,1676421,212,-,lipoprotein
LIC12643,4.65,9.57,0.49,0.63377509,1,+,3201895,3202320,141,-,hypothetical protein
LIC10223,4.65,7.87,0.59,0.648199544,1,-,256512,256715,67,-,hypothetical protein
LIC20244,4.65,2.16,2.15,0.645820574,2,+,307468,308259,263,-,hypothetical protein
LIC11342,4.63,2.09,2.21,0.58679892,1,+,1654955,1655437,160,-,hypothetical protein
LIC13030,4.63,9.67,0.48,0.517128082,1,-,3693380,3693970,196,-,hypothetical protein
LIC10642,4.58,2.76,1.66,0.788732391,1,-,784668,785627,319,-,hypothetical protein
LIC10316,4.56,4.40,1.04,0.965541116,1,+,360160,360762,200,-,hypothetical protein
LIC12819,4.56,4.19,1.09,0.96559737,1,-,3422871,3423314,147,-,hypothetical protein
LIC10093,4.55,5.66,0.80,0.974886803,1,-,109973,110899,308,-,hypothetical protein
LIC10590,4.53,7.63,0.59,0.832321781,1,-,721185,722018,277,-,hypothetical protein
LIC11931,4.53,6.77,0.67,0.946952964,1,+,2334629,2334946,105,-,hypothetical protein
LIC13113,4.51,2.95,1.53,0.810170455,1,+,3808942,3809847,301,-,acyltransferase
LIC13098,4.49,2.14,2.10,0.704295306,1,+,3786783,3786861,79,tRNA-His-GTG,His tRNA
LIC11715,4.49,3.42,1.31,0.836965101,1,-,2086747,2087001,84,-,hypothetical protein
LIC13191,4.49,13.63,0.33,0.220839033,1,+,3905670,3907367,565,-,hypothetical protein
LIC12630,4.47,3.75,1.19,0.99464837,1,+,3181948,3182796,282,-,hypothetical protein
LIC10880,4.46,20.01,0.22,0.038947081,1,+,1063672,1064139,155,-,hypothetical protein
LIC11564,4.43,6.68,0.66,0.733970479,1,+,1925052,1925402,116,-,hypothetical protein
LIC10278,4.42,3.09,1.43,0.848117213,1,+,316875,317378,167,-,thioredoxin-like protein
LIC10303,4.42,0.52,8.57,0.104218327,1,+,344343,345584,413,-,hypothetical protein
LIC12069,4.42,4.45,0.99,1,1,-,2506373,2507968,531,mviN,hypothetical protein
LIC10881,4.40,2.12,2.07,0.822017048,1,+,1064898,1066571,557,-,"outer membrane protein, TonB dependent"
LIC12651,4.39,5.38,0.82,1,1,+,3215932,3216666,244,-,hypothetical protein
LIC11321,4.38,5.23,0.84,0.922789027,1,+,1631184,1631450,88,-,hypothetical protein
LIC10334,4.37,3.37,1.30,0.836965101,1,+,380519,380842,107,-,hypothetical protein
LIC12532,4.37,4.19,1.04,0.887866199,1,-,3069587,3069904,105,-,hypothetical protein
LIC10869,4.35,2.07,2.10,0.589645388,1,+,1048107,1048919,270,-,hypothetical protein
LIC11893,4.35,27.04,0.16,0.000489357,1,-,2290323,2291669,448,-,hypothetical protein
LIC12061,4.35,4.51,0.97,1,1,-,2496223,2496804,193,-,protein-glutamate methylesterase
LIC10025,4.34,4.61,0.94,0.959432864,1,+,32228,32785,185,-,hypothetical protein
LIC12052,4.34,4.52,0.96,0.959432864,1,+,2486324,2486788,154,-,hypothetical protein
LIC10407,4.32,4.15,1.04,0.880686555,1,-,464770,465624,284,-,hypothetical protein
LIC11349,4.32,2.70,1.60,0.653809755,1,-,1662904,1663194,96,-,hypothetical protein
LIC12567,4.32,0.78,5.51,0.108999279,1,+,3112300,3112377,78,tRNA-Glu-TTC,Glu tRNA
LIC12914,4.31,2.68,1.61,0.791454511,1,+,3539984,3540904,306,-,hypothetical protein
LIC11631,4.30,3.15,1.36,0.703071893,1,+,1997433,1998113,226,-,hypothetical protein
LIC13019,4.30,7.77,0.55,0.837615719,1,-,3678879,3679343,154,-,hypothetical protein
LIC12419,4.28,4.54,0.94,0.997490807,1,+,2933588,2935846,752,-,ankyrin
LIC20076,4.26,7.37,0.58,0.85164282,2,-,85904,86656,250,-,putative S-adenosyl methionine dependent methyltransferase like protein
LIC11771,4.24,6.37,0.67,0.864132758,1,-,2162548,2163057,169,-,hypothetical protein
LIC20233,4.23,5.59,0.76,0.971844456,2,-,296538,297032,164,-,cytoplasmic membrane protein
LIC11991,4.22,5.49,0.77,0.848117213,1,-,2400688,2401224,178,-,outer membrane protein
LIC12220,4.21,3.45,1.22,0.836965101,1,+,2678288,2679139,283,blaR1,beta-lactamase regulatory protein 1
LIC12299,4.17,1.90,2.20,0.731596393,1,+,2772974,2774050,358,-,hypothetical protein
LIC12424,4.17,2.88,1.45,0.942729818,1,+,2943864,2944343,159,-,hypothetical protein
LIC13008,4.17,7.57,0.55,0.56176024,1,-,3660678,3661076,132,-,hypothetical protein
LIC12004,4.17,9.88,0.42,0.502283216,1,-,2414539,2414769,76,-,hypothetical protein
LIC13087,4.17,18.99,0.22,0.02152705,1,+,3773916,3774977,353,-,histidine kinase sensor protein
LIC11881,4.15,2.91,1.43,0.848117213,1,-,2276977,2277723,248,-,hypothetical protein
LIC11969,4.15,2.68,1.55,0.793151601,1,+,2372686,2373153,155,-,hypothetical protein
LIC10935,4.12,11.87,0.35,0.327928442,1,-,1127064,1127687,207,devS,fruiting body developmental protein
LIC10111,4.10,1.05,3.90,0.34148676,1,-,129839,129925,87,tRNA-Leu-CAG,Leu tRNA
LIC20119,4.09,5.48,0.75,1,2,-,142054,142677,207,pgmA,phosphoglycerate mutase
LIC12770,4.08,4.24,0.96,0.996409467,1,-,3376748,3377347,199,nadD,nicotinate-nucleotide adenylyltransferase
LIC10501,4.05,2.79,1.45,0.894788811,1,+,588652,590184,510,-,lipoprotein
LIC13029,4.05,9.80,0.41,0.37567846,1,+,3691869,3692822,317,-,hypothetical protein
LIC12289,4.03,4.47,0.90,1,1,+,2760662,2761030,122,-,lipoprotein
LIC11519,4.03,4.42,0.91,0.996409467,1,-,1878764,1879102,112,-,lipoprotein
LIC10575,3.99,1.55,2.57,0.517128082,1,-,700823,701017,64,-,hypothetical protein
LIC12552,3.99,6.73,0.59,0.788889299,1,+,3091198,3091917,239,-,hypothetical protein
LIC12913,3.99,2.11,1.89,0.713157981,1,+,3538266,3539981,571,-,hypothetical protein
LIC11755,3.94,3.83,1.03,1,1,-,2145488,2148514,"1,008",-,hypothetical protein
LIC12614,3.94,32.07,0.12,1.59E-05,1,-,3162657,3163067,136,-,hypothetical protein
LIC13023,3.94,12.39,0.32,0.160558728,1,+,3685040,3686362,440,-,hypothetical protein
LIC12046,3.93,4.73,0.83,0.825815492,1,-,2465784,2466524,246,-,hypothetical protein
LIC11465,3.92,9.03,0.43,0.558023374,1,-,1807593,1808486,297,-,hypothetical protein
LIC11733,3.92,5.87,0.67,0.936615403,1,+,2112236,2113003,255,-,hypothetical protein
LIC13131,3.90,4.26,0.92,0.959432864,1,-,3835620,3836165,181,-,hypothetical protein
LIC11507,3.89,11.00,0.35,0.400999543,1,+,1859433,1860935,500,-,hypothetical protein
LIC12423,3.89,2.51,1.55,0.56833973,1,+,2942655,2943506,283,pilD,prepilin leader peptidase
LIC10605,3.87,3.96,0.98,1,1,+,740627,741025,132,-,hypothetical protein
LIC11161,3.87,5.26,0.74,0.967429268,1,+,1431985,1432797,270,-,phenazine biosynthesis-like protein
LIC12784,3.85,3.67,1.05,1,1,-,3389489,3389773,94,-,lipoprotein
LIC11131,3.85,7.05,0.55,0.846380331,1,-,1395227,1396186,319,-,GGDEF family protein
LIC11291,3.83,3.88,0.99,1,1,+,1593266,1594375,369,-,histidine kinase sensor protein
LIC10332,3.81,3.72,1.02,0.991660653,1,+,377576,378337,253,-,response regulator
LIC10200,3.80,3.12,1.22,0.813449227,1,-,228779,229828,349,-,glycosyltransferase
LIC11939,3.78,8.97,0.42,0.436923295,1,-,2348151,2348849,232,-,hypothetical protein
LIC12281,3.78,1.66,2.27,0.580624469,1,-,2752934,2753290,118,-,hypothetical protein
LIC12711,3.78,6.90,0.55,0.734680948,1,+,3298350,3298778,142,argA,N-acetylglutamate synthase/acetyltransferase
LIC10811,3.78,7.92,0.48,0.746773558,1,-,982058,982456,132,-,hypothetical protein
LIC11286,3.76,4.77,0.79,0.996409467,1,-,1586398,1586667,89,-,hypothetical protein
LIC11341,3.76,3.81,0.99,0.995133749,1,+,1654489,1654719,76,-,hypothetical protein
LIC13215,3.76,4.20,0.90,1,1,+,3944351,3945034,227,-,lipoprotein
LIC11185,3.75,10.30,0.36,0.420440824,1,+,1458232,1458942,236,-,hypothetical protein
LIC12062,3.73,7.73,0.48,0.775608226,1,-,2496827,2497651,274,-,chemotaxis protein
LIC10152,3.71,5.36,0.69,0.932562874,1,+,183950,184201,83,-,hypothetical protein
LIC12779,3.71,5.10,0.73,0.967765647,1,-,3383423,3383722,99,-,hypothetical protein
LIC12507,3.70,6.55,0.56,0.574233932,1,-,3036477,3036659,60,-,hypothetical protein
LIC13264,3.68,6.38,0.58,0.869930437,1,+,4002327,4002998,223,-,MutT nudix family protein
LIC20091,3.67,4.96,0.74,0.922789027,2,+,105080,105898,272,-,short-chain dehydrogenase
LIC13261,3.65,9.24,0.40,0.214295025,1,-,3997780,3998604,274,-,hypothetical protein
LIC13228,3.65,0.56,6.47,0.247030635,1,+,3961608,3961820,70,-,hypothetical protein
LIC10697,3.64,1.28,2.85,0.354015824,1,-,845862,846212,116,-,hypothetical protein
LIC12338,3.64,17.29,0.21,0.033143825,1,-,2824821,2825141,106,-,hypothetical protein
LIC12838,3.64,6.70,0.54,0.837615719,1,+,3442504,3443598,364,-,hypothetical protein
LIC11430,3.63,3.34,1.09,0.991349265,1,-,1756884,1757873,329,-,alpha/beta fold family hydrolase
LIC12331,3.63,7.17,0.51,0.614971701,1,-,2813956,2814801,281,-,hypothetical protein
LIC12359,3.63,3.88,0.93,1,1,+,2857824,2859146,440,-,hypothetical protein
LIC20162,3.62,4.39,0.83,0.996409467,2,+,196537,197109,190,-,hypothetical protein
LIC20221,3.62,4.94,0.73,0.922789027,2,+,282852,283580,242,-,hypothetical protein
LIC10505,3.60,2.51,1.44,0.728997884,1,+,601854,602831,325,-,nuclease-like protein
LIC12375,3.60,2.84,1.27,0.848117213,1,-,2879082,2879987,301,-,hypothetical protein
LIC11205,3.58,6.20,0.58,0.671499114,1,+,1484930,1485697,255,-,hypothetical protein
LIC11638,3.58,1.82,1.96,0.733970479,1,-,2004163,2004357,64,-,hypothetical protein
LIC10595,3.57,2.70,1.32,0.706383573,1,+,727898,728116,72,-,hypothetical protein
LIC13028,3.56,7.30,0.49,0.678676887,1,-,3690802,3691821,339,-,hypothetical protein
LIC12547,3.52,1.84,1.91,0.974886803,1,-,3087570,3088001,143,-,hypothetical protein
LIC10669,3.51,5.09,0.69,0.962623013,1,+,813922,814209,95,-,hypothetical protein
LIC11892,3.51,5.91,0.59,0.820544429,1,-,2289674,2290144,156,-,hypothetical protein
LIC10370,3.48,7.21,0.48,0.729729196,1,-,416322,416864,180,-,hypothetical protein
LIC10584,3.48,2.14,1.62,0.668162315,1,+,710535,710783,82,-,hypothetical protein
LIC13156,3.48,3.79,0.92,0.812233428,1,-,3868165,3868362,65,-,hypothetical protein
LIC11121,3.46,7.94,0.44,0.48384766,1,+,1383576,1384616,346,-,hypothetical protein
LIC12512,3.46,4.82,0.72,0.918016128,1,+,3040727,3041095,122,-,hypothetical protein
LIC12528,3.46,7.34,0.47,0.563022521,1,-,3064823,3065668,281,cysT,sulfate ABC transporter permease
LIC13278,3.45,5.72,0.60,0.562147754,1,-,4018901,4019257,118,-,hypothetical protein
LIC10540,3.44,5.51,0.62,0.728997884,1,-,659620,659940,106,-,hypothetical protein
LIC13188,3.44,2.36,1.46,0.982949342,1,-,3902915,3903130,71,-,hypothetical protein
LIC11734,3.44,2.97,1.16,0.848117213,1,+,2113053,2113250,65,-,hypothetical protein
LIC12256,3.44,6.44,0.53,0.785515634,1,-,2722188,2722847,219,-,membrane metalloendopeptidase
LIC12372,3.44,3.79,0.91,0.995433552,1,-,2873930,2874586,218,-,ankyrin
LIC12753,3.44,10.67,0.32,0.305001322,1,-,3351116,3351556,146,-,hypothetical protein
LIC10164,3.42,7.48,0.46,0.528935878,1,-,195938,196135,65,-,hypothetical protein
LIC11260,3.41,8.09,0.42,0.48322805,1,+,1556516,1557028,170,mreD,hypothetical protein
LIC11645,3.39,2.97,1.14,0.8960178,1,-,2011883,2012182,99,-,hypothetical protein
LIC11797,3.39,3.13,1.08,0.953945329,1,+,2190507,2190806,99,-,hypothetical protein
LIC11830,3.39,2.43,1.40,0.837615719,1,+,2225611,2226054,147,-,hypothetical protein
LIC12288,3.39,4.80,0.71,0.963073865,1,+,2760363,2760686,107,-,lipoprotein
LIC10706,3.38,6.53,0.52,0.502283216,1,+,852379,852915,178,-,hypothetical protein
LIC11099,3.37,5.14,0.66,0.836046171,1,-,1355515,1356066,183,-,hypothetical protein
LIC11100,3.37,3.87,0.87,0.956051834,1,+,1357320,1357508,62,-,hypothetical protein
LIC10882,3.37,4.18,0.81,0.996409467,1,+,1066668,1067723,351,-,hypothetical protein
LIC11744,3.37,2.51,1.34,0.73119565,1,+,2130007,2130285,92,-,hypothetical protein
LIC10477,3.36,4.78,0.70,0.634349695,1,+,550946,551551,201,-,hypothetical protein
LIC12522,3.35,4.43,0.76,0.959432864,1,-,3056247,3056912,221,-,hypothetical protein
LIC12633,3.35,7.87,0.43,0.562147754,1,-,3188787,3189812,341,-,hypothetical protein
LIC11042,3.34,1.33,2.52,0.469060064,1,-,1282369,1282917,182,-,hypothetical protein
LIC10319,3.33,0.00,,0.057385734,1,-,364047,364235,62,-,hypothetical protein
LIC10954,3.33,0.84,3.98,0.493411339,1,+,1151204,1151587,127,-,hypothetical protein
LIC10560,3.30,8.41,0.39,0.38198611,1,+,685057,685320,87,-,hypothetical protein
LIC12021,3.30,5.56,0.59,0.97193278,1,+,2436799,2437329,176,-,hypothetical protein
LIC10956,3.28,1.87,1.75,0.634349695,1,+,1153886,1154125,79,-,hypothetical protein
LIC10379,3.26,3.61,0.90,1,1,+,429398,429910,170,-,hypothetical protein
LIC11282,3.26,1.87,1.74,0.804293288,1,+,1582600,1583118,172,-,hypothetical protein
LIC20152,3.26,11.90,0.27,0.084949696,2,-,185295,185996,233,-,hypothetical protein
LIC10979,3.23,1.89,1.71,0.698374989,1,-,1186051,1186350,99,-,hypothetical protein
LIC11762,3.21,1.90,1.69,0.567261923,1,-,2154719,2155102,127,-,hypothetical protein
LIC10644,3.17,1.51,2.10,0.775608226,1,-,786949,787473,174,-,RNA polymerase ECF-type sigma factor
LIC11018,3.17,5.90,0.54,0.699500096,1,+,1243849,1244667,272,pio75,sterol desaturase
LIC10179,3.16,21.53,0.15,0.005268041,1,+,208015,208560,181,-,hypothetical protein
LIC10827,3.15,4.82,0.65,0.832321781,1,+,1005052,1005903,283,-,hypothetical protein
LIC10896,3.15,6.49,0.48,0.627594134,1,-,1078721,1081378,885,fecA,TonB-dependent outer membrane receptor
LIC10312,3.14,2.16,1.45,0.826940818,1,+,355898,356158,86,-,hypothetical protein
LIC20256,3.10,7.20,0.43,0.528935878,2,-,322936,323346,136,phs,pterin-4-alpha-carbinolamine dehydratase
LIC12906,3.08,1.60,1.93,0.900998715,1,-,3527534,3528256,240,-,lipoprotein
LIC13120,3.08,1.99,1.55,0.974886803,1,+,3818128,3819795,555,-,diguanylate phosphodiesterase
LIC13319,3.07,6.59,0.47,0.87565391,1,+,4068133,4069356,407,-,hypothetical protein
LIC10308,3.06,2.59,1.18,1,1,+,348837,349532,231,-,hypothetical protein
LIC13013,3.04,1.06,2.87,0.869930437,1,-,3668834,3669022,62,-,hypothetical protein
LIC11828,3.03,3.22,0.94,0.991660653,1,-,2225381,2225469,89,tRNA-Leu-TAA,Leu tRNA
LIC11925,3.03,4.25,0.71,0.959432864,1,-,2327498,2328172,224,-,hypothetical protein
LIC11933,3.03,4.30,0.70,0.959432864,1,+,2335678,2336079,133,-,hypothetical protein
LIC10313,3.01,5.23,0.57,0.692861894,1,+,356592,356969,125,-,hypothetical protein
LIC12903,3.01,6.71,0.45,0.502283216,1,+,3521950,3524247,765,-,hypothetical protein
LIC10889,2.99,1.04,2.88,0.56833973,1,-,1073955,1074545,196,tonB,TonB
LIC11191,2.99,1.64,1.82,0.719164003,1,+,1467284,1467580,98,-,transcriptional regulator
LIC11722,2.99,4.01,0.74,0.956051834,1,+,2098067,2098585,172,-,hypothetical protein
LIC10554,2.97,7.76,0.38,0.205127895,1,-,678930,679424,164,-,hypothetical protein
LIC12219,2.97,1.55,1.91,0.901498876,1,+,2677754,2678287,177,-,hypothetical protein
LIC12902,2.94,5.44,0.54,0.788008073,1,+,3520640,3521752,370,-,hypothetical protein
LIC10924,2.93,3.27,0.90,0.862480281,1,-,1109497,1109703,68,-,hypothetical protein
LIC20053,2.93,4.93,0.59,0.997490807,2,+,55114,55788,224,-,hypothetical protein
LIC12480,2.92,0.54,5.43,0.206772744,1,-,3005142,3005546,134,-,hypothetical protein
LIC10469,2.89,6.64,0.44,0.502283216,1,-,541013,541723,236,-,hypothetical protein
LIC13400,2.89,4.71,0.61,0.769070746,1,-,4168449,4169264,271,-,hypothetical protein
LIC10899,2.87,0.27,10.68,0.413555856,1,-,1083716,1084030,104,-,hypothetical protein
LIC11818,2.82,2.17,1.30,0.869687684,1,+,2211063,2211767,234,-,hypothetical protein
LIC12835,2.82,1.28,2.21,0.6209083,1,-,3440299,3440817,172,-,hypothetical protein
LIC12582,2.81,0.81,3.46,0.684906292,1,+,3129565,3129915,116,-,ArsR family transcriptional regulator
LIC12674,2.81,1.15,2.44,0.799237771,1,+,3236672,3237136,154,-,hypothetical protein
LIC10944,2.80,4.96,0.56,0.922789027,1,-,1137595,1138482,295,-,hypothetical protein
LIC12042,2.80,2.22,1.26,0.76338584,1,-,2462493,2463176,227,-,hypothetical protein
LIC10830,2.78,3.45,0.81,0.989590424,1,-,1008772,1010337,521,-,lipoprotein
LIC11226,2.78,1.62,1.72,0.777078061,1,-,1515532,1515972,146,-,hypothetical protein
LIC13388,2.78,0.84,3.32,0.499146549,1,+,4152430,4152960,176,-,hypothetical protein
LIC12117,2.76,4.09,0.68,0.778112748,1,-,2558602,2558901,99,-,hypothetical protein
LIC10172,2.75,5.97,0.46,0.80522168,1,+,200616,201197,193,-,hypothetical protein
LIC11758,2.75,15.31,0.18,0.022265418,1,-,2151393,2151815,140,-,acyl-CoA hydrolase
LIC13357,2.75,2.19,1.26,0.827205443,1,+,4115268,4116065,265,cobS,cobalamin 5'-phosphate synthase
LIC12899,2.74,3.44,0.80,0.941196745,1,-,3513922,3514740,272,-,hypothetical protein
LIC10619,2.68,1.82,1.47,0.700782792,1,+,758373,758891,172,-,hypothetical protein
LIC11218,2.68,2.72,0.99,0.891137983,1,+,1500989,1501762,257,-,hypothetical protein
LIC13011,2.68,9.65,0.28,0.339036709,1,-,3664522,3665274,250,-,lipoprotein
LIC13167,2.66,3.46,0.77,1,1,+,3877772,3878170,132,-,hypothetical protein
LIC13358,2.66,0.52,5.16,0.261473815,1,+,4116050,4116634,194,gpmB,phosphoglycerate mutase
LIC10573,2.65,3.79,0.70,0.836965101,1,+,699190,699399,69,-,IS1533 transposase
LIC10585,2.62,3.80,0.69,0.946952964,1,-,710820,711059,79,-,hypothetical protein
LIC11307,2.62,4.31,0.61,0.853291088,1,+,1614917,1615321,134,-,hypothetical protein
LIC11506,2.62,3.92,0.67,0.946952964,1,+,1858282,1859268,328,-,outer membrane protein
LIC11020,2.60,0.49,5.25,0.502283216,1,-,1245217,1245603,128,-,hypothetical protein
LIC11833,2.60,4.23,0.61,0.728997884,1,+,2229286,2229576,96,-,hypothetical protein
LIC10687,2.59,2.73,0.95,0.942583675,1,+,832500,833078,192,-,hypothetical protein
LIC11429,2.59,4.81,0.54,0.875496759,1,+,1755504,1756601,365,-,hypothetical protein
LIC10257,2.55,3.71,0.69,0.991660653,1,+,294847,295395,182,-,MutT/nudix family protein
LIC10798,2.55,3.63,0.70,1,1,+,966692,967123,143,-,hypothetical protein
LIC11936,2.55,1.55,1.64,0.722254306,1,-,2340447,2340641,64,-,hypothetical protein
LIC13332,2.55,7.97,0.32,0.382676152,1,-,4088626,4088868,80,-,ferredoxin
LIC10504,2.53,3.73,0.68,0.836965101,1,+,600973,601719,248,-,hypothetical protein
LIC10832,2.53,4.77,0.53,0.6904365,1,+,1011880,1012251,123,-,hypothetical protein
LIC11120,2.53,2.93,0.86,0.933770306,1,+,1383277,1383579,100,-,hypothetical protein
LIC11763,2.53,1.80,1.41,0.974886803,1,+,2155377,2155811,144,-,hypothetical protein
LIC12699,2.53,2.48,1.02,1,1,-,3283987,3284325,112,-,hypothetical protein
LIC12977,2.53,1.67,1.51,0.846380331,1,-,3615242,3615487,81,-,hypothetical protein
LIC10797,2.51,1.72,1.46,0.777490411,1,+,966402,966626,74,-,lipoprotein
LIC10249,2.48,2.27,1.09,1,1,+,283507,284688,393,-,RNA methyltransferase
LIC12068,2.48,5.04,0.49,0.576887441,1,-,2506139,2506360,73,-,hypothetical protein
LIC13051,2.48,2.65,0.93,0.880686555,1,+,3723659,3724414,251,-,ComFC-like protein
LIC11125,2.46,4.94,0.50,0.728997884,1,-,1389130,1390092,320,-,GGDEF family protein
LIC12764,2.46,2.48,0.99,0.982949342,1,-,3369098,3370780,560,ilvB,acetolactate synthase I large subunit
LIC10355,2.44,1.85,1.32,1,1,-,401201,403510,769,-,hypothetical protein
LIC10676,2.44,1.89,1.29,1,1,+,820859,821530,223,-,heme exporter protein B
LIC12612,2.44,15.11,0.16,0.002498257,1,-,3162015,3162233,72,-,hypothetical protein
LIC10684,2.42,3.94,0.61,0.848117213,1,+,827655,828014,119,-,cytochrome c
LIC10839,2.42,0.27,8.99,0.327928442,1,+,1018975,1019382,135,-,hypothetical protein
LIC11053,2.42,1.30,1.86,0.832321781,1,-,1298134,1298796,220,-,hypothetical protein
LIC12809,2.42,2.36,1.02,1,1,-,3414935,3415180,81,-,hypothetical protein
LIC10652,2.37,2.48,0.95,1,1,+,796409,797101,230,-,ubiquinone/menaquinone methyltransferase
LIC12609,2.37,8.00,0.30,0.227025509,1,-,3159185,3159523,112,-,hypothetical protein
LIC10466,2.35,1.06,2.22,0.657818386,1,-,537545,537928,127,-,hypothetical protein
LIC13247,2.35,14.10,0.17,0.017851757,1,+,3982409,3983524,371,-,hypothetical protein
LIC11842,2.32,4.08,0.57,0.779788235,1,+,2237730,2237930,66,-,hypothetical protein
LIC10420,2.30,2.07,1.11,0.980228478,1,-,478459,479760,433,-,DNA helicase II
LIC13054,2.30,1.07,2.14,0.726790873,1,+,3728126,3728344,72,-,hypothetical protein
LIC10109,2.28,0.25,9.22,0.517128082,1,-,128049,128318,89,-,hypothetical protein
LIC11056,2.28,2.48,0.92,0.977157254,1,-,1301205,1301768,187,-,hypothetical protein
LIC11094,2.28,0.00,,0.215447322,1,+,1350697,1350882,61,-,hypothetical protein
LIC10527,2.28,0.25,9.20,0.118507096,1,-,636772,637398,208,arsC,arsenate reductase
LIC10822,2.28,0.00,,0.040009703,1,-,993739,994362,207,-,hypothetical protein
LIC12939,2.25,2.48,0.91,1,1,-,3568947,3569243,98,-,hypothetical protein
LIC10331,2.21,1.40,1.58,0.8892324,1,-,376109,377497,462,-,sugar transferase
LIC10820,2.21,1.92,1.15,0.974886803,1,+,991747,991935,62,-,hypothetical protein
LIC12959,2.21,3.83,0.58,0.775608226,1,+,3591208,3591420,70,-,hypothetical protein
LIC10416,2.18,1.40,1.56,0.752169776,1,+,474831,475049,72,-,hypothetical protein
LIC10720,2.18,0.29,7.41,0.243918822,1,+,875998,876240,80,-,hypothetical protein
LIC10872,2.17,2.35,0.92,0.977157254,1,-,1055116,1055328,70,-,hypothetical protein
LIC13420,2.17,5.67,0.38,0.388336219,1,+,4196323,4197210,295,hycD,hydrogenase subunit
LIC10810,2.14,3.78,0.57,0.8892324,1,-,981378,982091,237,-,hypothetical protein
LIC11174,2.14,2.95,0.73,0.985177549,1,-,1443941,1444138,65,-,hypothetical protein
LIC12594,2.13,1.37,1.55,1,1,+,3143092,3143379,95,-,hypothetical protein
LIC10796,2.11,3.88,0.55,0.991660653,1,+,966137,966400,87,-,hypothetical protein
LIC11002,2.11,2.41,0.88,0.936615403,1,+,1219982,1220170,62,-,IS1533 transposase
LIC11526,2.11,2.55,0.83,0.936615403,1,-,1887070,1887432,120,cheY,chemotaxis response regulator
LIC13124,2.11,1.05,2.01,0.574233932,1,-,3823170,3823249,80,tRNA-Val-GAC,Val tRNA
LIC10146,2.10,4.22,0.50,0.728997884,1,+,176195,176380,61,-,hypothetical protein
LIC10479,2.10,1.99,1.06,0.974886803,1,-,552776,554374,532,-,hypothetical protein
LIC10563,2.10,5.82,0.36,0.47186393,1,+,689171,689947,258,senC,SenC
LIC12595,2.10,2.61,0.80,0.980707913,1,+,3144882,3145832,316,-,fumarylacetoacetate hydrolase family protein
LIC10435,2.07,3.55,0.58,0.8974382,1,+,496279,496782,167,-,hypothetical protein
LIC12890,2.07,2.88,0.72,1,1,+,3491722,3492231,169,-,hypothetical protein
LIC11019,2.05,4.21,0.49,0.729231544,1,-,1244705,1245229,174,-,lipoprotein
LIC13304,2.05,0.76,2.68,0.688744682,1,-,4051956,4052141,61,-,hypothetical protein
LIC12420,2.01,3.35,0.60,0.746698405,1,-,2936234,2936812,192,-,hypothetical protein
LIC12911,2.01,1.32,1.52,0.966614011,1,+,3536462,3537565,367,-,hypothetical protein
LIC12917,1.98,1.30,1.52,0.832503031,1,+,3542494,3542766,90,-,hypothetical protein
LIC20081,1.98,1.87,1.06,0.918016128,2,-,91097,91675,192,-,TetR family transcriptional regulator
LIC11087,1.96,1.53,1.29,1,1,-,1342839,1343717,292,-,lipoprotein
LIC13171,1.96,1.80,1.09,0.970097205,1,+,3882926,3883150,74,-,hypothetical protein
LIC10436,1.94,2.44,0.79,1,1,+,497272,497490,72,-,hypothetical protein
LIC12530,1.94,0.76,2.54,0.688744682,1,+,3068122,3068466,114,-,hypothetical protein
LIC10908,1.91,1.67,1.15,1,1,+,1092059,1092268,69,-,hypothetical protein
LIC11114,1.91,1.28,1.49,1,1,+,1376518,1376712,64,-,hypothetical protein
LIC10183,1.91,9.96,0.19,0.174116391,1,+,210543,210905,120,-,hypothetical protein
LIC10487,1.91,1.40,1.36,0.752453036,1,+,564763,565245,160,-,hypothetical protein
LIC11297,1.91,1.67,1.14,0.848117213,1,+,1604098,1604478,126,-,cyclopropane-fatty-acyl-phospholipid synthase/methyltransferase
LIC11651,1.91,2.38,0.80,0.983072934,1,-,2017543,2017818,91,-,hypothetical protein
LIC12999,1.91,3.55,0.54,0.8974382,1,-,3646206,3647414,402,-,hypothetical protein
LIC13226,1.91,0.81,2.37,0.502283216,1,-,3959068,3959382,104,-,hypothetical protein
LIC20263,1.91,3.20,0.60,0.989003564,2,-,331031,331408,125,-,hypothetical protein
LIC10248,1.89,0.81,2.34,0.755187957,1,+,283000,283446,148,-,ankyrin
LIC10892,1.89,1.87,1.01,1,1,-,1075408,1076220,270,-,biopolymer transport exbB-like protein
LIC11225,1.87,1.80,1.04,0.918016128,1,-,1514927,1515190,87,-,hypothetical protein
LIC11502,1.87,5.31,0.35,0.668162315,1,-,1853404,1853844,146,-,hypothetical protein
LIC13042,1.87,4.73,0.39,0.712436446,1,+,3713784,3714062,92,-,hypothetical protein
LIC12472,1.84,3.00,0.61,0.862038838,1,-,2994211,2994567,118,-,acetyltransferase
LIC12518,1.84,3.78,0.49,0.706383573,1,-,3048890,3049309,139,-,hypothetical protein
LIC13241,1.84,6.45,0.29,0.634349695,1,+,3977889,3978296,135,-,hypothetical protein
LIC10291,1.80,0.84,2.15,0.848117213,1,+,334521,335024,167,-,hypothetical protein
LIC10328,1.80,0.81,2.22,0.848117213,1,-,373574,373873,99,-,hypothetical protein
LIC12351,1.80,0.83,2.16,0.848117213,1,+,2846481,2846669,62,-,hypothetical protein
LIC20234,1.80,1.84,0.98,0.970097205,2,-,297462,297920,152,-,cytoplasmic membrane protein
LIC10100,1.77,3.00,0.59,0.933770306,1,-,119602,119805,67,-,hypothetical protein
LIC10341,1.77,2.23,0.80,1,1,-,387955,388140,61,-,hypothetical protein
LIC10604,1.77,5.44,0.33,0.52812003,1,+,739456,739959,167,-,hypothetical protein
LIC12559,1.77,2.74,0.65,0.933957847,1,-,3100454,3100975,173,-,hypothetical protein
LIC13000,1.77,2.93,0.61,0.933770306,1,-,3647411,3648292,293,-,hypothetical protein
LIC13186,1.77,1.87,0.95,1,1,-,3899524,3900024,166,-,hypothetical protein
LIC11829,1.73,1.35,1.28,0.966614011,1,-,2225486,2225559,74,tRNA-Cys-GCA,Cys tRNA
LIC11908,1.73,6.48,0.27,0.256474457,1,+,2305031,2305282,83,-,hypothetical protein
LIC12088,1.73,4.66,0.37,0.608657316,1,+,2526970,2527392,140,-,response regulator
LIC12343,1.73,2.19,0.79,1,1,+,2837681,2838214,177,-,hypothetical protein
LIC12439,1.73,1.65,1.05,1,1,-,2959469,2959735,88,-,hypothetical protein
LIC12920,1.73,3.42,0.51,0.746773558,1,+,3544609,3544797,62,-,hypothetical protein
LIC20150,1.73,3.27,0.53,0.817435222,2,-,181966,182283,105,-,hypothetical protein
LIC10188,1.71,3.22,0.53,0.985177549,1,+,215772,215960,62,-,hypothetical protein
LIC10611,1.69,2.61,0.65,0.848117213,1,+,749410,749661,83,-,hypothetical protein
LIC10674,1.69,1.35,1.25,1,1,-,819364,819795,143,-,hypothetical protein
LIC11692,1.69,1.62,1.04,1,1,+,2055610,2055840,76,-,hypothetical protein
LIC12642,1.69,2.19,0.77,0.901719621,1,+,3201187,3201645,152,-,hypothetical protein
LIC13158,1.69,1.58,1.07,1,1,+,3869552,3869740,62,-,hypothetical protein
LIC13380,1.69,2.59,0.65,0.848117213,1,+,4143842,4144060,72,-,hypothetical protein
LIC10169,1.66,5.23,0.32,0.637729953,1,+,199526,199828,100,-,hypothetical protein
LIC10591,1.64,2.93,0.56,0.785396286,1,-,722043,722363,106,cutA,periplasmic divalent cation tolerance
LIC10943,1.64,3.55,0.46,0.678951284,1,-,1135774,1136403,209,-,hypothetical protein
LIC10261,1.64,2.19,0.75,0.930367289,1,-,298834,299175,113,-,hypothetical protein
LIC12584,1.60,0.74,2.15,0.942729818,1,-,3130224,3130478,84,-,hypothetical protein
LIC10493,1.57,0.49,3.17,0.6202783,1,-,574511,575152,213,-,hypothetical protein
LIC10683,1.57,1.43,1.10,0.966614011,1,+,827338,827655,105,mauL,methylamine utilization protein
LIC10890,1.57,1.05,1.49,0.87195047,1,-,1074549,1074959,136,-,hypothetical protein
LIC12218,1.57,4.55,0.35,0.528935878,1,+,2676330,2677589,419,-,histidine kinase sensor protein
LIC12483,1.57,1.57,1.00,1,1,-,3010671,3011501,276,-,hypothetical protein
LIC12697,1.57,1.43,1.10,0.966614011,1,-,3283080,3283268,62,-,hypothetical protein
LIC10496,1.53,1.66,0.92,1,1,-,577711,579240,509,-,hypothetical protein
LIC11252,1.53,3.72,0.41,0.614971701,1,-,1545848,1546555,235,-,hypothetical protein
LIC13119,1.53,3.56,0.43,0.679439503,1,-,3817224,3817625,133,-,hypothetical protein
LIC10243,1.50,2.55,0.59,1,1,-,278562,278795,77,-,hypothetical protein
LIC10499,1.50,3.76,0.40,0.777078061,1,+,586849,587388,179,-,outer membrane protein
LIC10826,1.50,1.92,0.78,1,1,+,1004318,1004920,200,-,lipoprotein
LIC13455,1.50,1.89,0.80,1,1,-,4233256,4233609,117,-,hypothetical protein
LIC11088,1.49,2.41,0.62,0.740239958,1,-,1343689,1344888,399,-,cytochrome c peroxidase
LIC10170,1.46,9.45,0.15,0.073469178,1,+,200018,200251,77,-,hypothetical protein
LIC11044,1.46,2.73,0.53,0.920160204,1,-,1283897,1284412,171,-,hypothetical protein
LIC11785,1.43,2.13,0.67,0.980707913,1,-,2176526,2176750,74,-,hypothetical protein
LIC11891,1.43,2.32,0.62,1,1,-,2289309,2289683,124,-,hypothetical protein
LIC12376,1.43,2.48,0.58,1,1,-,2880647,2880949,100,-,hypothetical protein
LIC12593,1.43,3.32,0.43,0.887866199,1,-,3142461,3142545,85,tRNA-Leu-TAG,Leu tRNA
LIC10819,1.37,2.48,0.55,0.846380331,1,-,991122,991310,62,-,hypothetical protein
LIC11878,1.37,0.29,4.63,0.636507589,1,+,2274255,2274722,155,-,hypothetical protein
LIC12583,1.37,0.54,2.52,0.827205443,1,-,3130033,3130221,62,-,hypothetical protein
LIC13140,1.37,1.77,0.77,0.970097205,1,+,3851000,3851257,85,-,hypothetical protein
LIC13373,1.37,2.65,0.51,0.848117213,1,-,4136249,4136449,66,-,hypothetical protein
LIC10306,1.32,0.76,1.73,1,1,-,346549,346929,126,-,hypothetical protein
LIC10556,1.32,0.52,2.56,0.922789027,1,+,680157,680447,96,-,hypothetical protein
LIC10871,1.32,2.93,0.45,0.702402272,1,-,1054511,1055119,202,-,hypothetical protein
LIC11029,1.32,0.81,1.63,1,1,-,1268775,1269086,103,-,hypothetical protein
LIC11772,1.32,0.25,5.35,0.748189301,1,-,2163130,2163405,91,-,hypothetical protein
LIC12473,1.32,2.21,0.60,0.826681974,1,-,2994600,2994875,91,-,hypothetical protein
LIC13069,1.32,1.11,1.20,1,1,-,3745261,3745533,90,-,"transposase, ISlin1"
LIC10555,1.30,3.27,0.40,0.818531415,1,+,679732,680166,144,-,hypothetical protein
LIC11086,1.30,2.95,0.44,0.862038838,1,-,1341853,1342839,328,-,hypothetical protein
LIC12509,1.30,2.90,0.45,0.862038838,1,+,3038710,3039027,105,-,hypothetical protein
LIC12879,1.28,2.28,0.56,0.706383573,1,+,3475407,3475670,87,-,hypothetical protein
LIC10176,1.25,20.18,0.06,1.52E-05,1,+,204743,205177,144,-,hypothetical protein
LIC10696,1.25,2.34,0.54,0.846380331,1,-,844221,845051,276,-,hypothetical protein
LIC10945,1.25,1.18,1.06,0.959236409,1,+,1138702,1138956,84,-,hypothetical protein
LIC11184,1.25,3.51,0.36,0.681167841,1,+,1457272,1457871,199,-,lipoprotein
LIC11525,1.25,2.53,0.50,0.846380331,1,-,1886699,1887073,124,-,anti-sigma factor antagonist
LIC12054,1.25,2.85,0.44,0.848117213,1,+,2488124,2488459,111,-,hypothetical protein
LIC12428,1.25,9.98,0.13,0.02034973,1,-,2947562,2948287,241,phnL,ABC transporter ATP-binding protein
LIC13024,1.25,1.35,0.93,1,1,+,3686669,3687037,122,-,hypothetical protein
LIC10171,1.23,3.73,0.33,0.834895048,1,+,200248,200574,108,-,hypothetical protein
LIC13440,1.23,0.56,2.18,0.491947219,1,+,4217640,4217825,61,-,hypothetical protein
LIC10133,1.16,0.25,4.69,0.746773558,1,-,159692,159928,78,-,hypothetical protein
LIC10781,1.16,0.29,3.94,0.746773558,1,-,949924,950229,101,-,transposase
LIC20257,1.16,0.99,1.17,1,2,+,323845,324417,190,-,hypothetical protein
LIC10893,1.12,0.25,4.52,0.887866199,1,-,1076584,1077120,178,-,hypothetical protein
LIC10939,1.12,1.67,0.67,0.857824316,1,-,1132755,1133387,210,-,hypothetical protein
LIC12272,1.12,1.88,0.59,0.777794143,1,+,2744396,2744602,68,-,hypothetical protein
LIC12616,1.12,10.31,0.11,0.003543008,1,-,3164457,3164981,174,-,hypothetical protein
LIC12962,1.12,0.59,1.90,1,1,+,3598226,3598489,87,-,hypothetical protein
LIC13007,1.12,0.78,1.43,1,1,-,3659609,3660091,160,-,hypothetical protein
LIC10494,1.09,2.16,0.51,0.901529834,1,-,575154,575849,231,-,lipoprotein
LIC10682,1.09,2.75,0.40,0.848117213,1,+,826217,827305,362,mauG,methylamine utilization protein/cytochrome c peroxidase
LIC11236,1.09,3.40,0.32,0.683662267,1,+,1528869,1529198,109,-,hypothetical protein
LIC12050,1.09,1.28,0.85,1,1,+,2480537,2481712,391,-,hypothetical protein
LIC12767,1.09,1.65,0.66,1,1,-,3372725,3372964,79,-,hypothetical protein
LIC12799,1.09,0.54,2.01,0.823842964,1,-,3405758,3406156,132,-,hypothetical protein
LIC12910,1.09,0.25,4.41,0.627594134,1,+,3535328,3536461,377,-,hypothetical protein
LIC13454,1.09,0.00,,0.319297449,1,-,4232730,4233032,100,-,hypothetical protein
LIC10412,1.05,2.19,0.48,0.826167946,1,+,469667,469864,65,-,hypothetical protein
LIC10422,1.05,2.19,0.48,0.826167946,1,-,482399,482668,89,-,hypothetical protein
LIC11337,1.05,0.25,4.24,0.746698405,1,-,1649307,1649513,68,-,hypothetical protein
LIC12735,1.05,1.91,0.55,0.883795317,1,+,3330895,3331314,139,-,hypothetical protein
LIC13081,1.05,2.75,0.38,0.694404166,1,+,3766017,3766490,157,-,hypothetical protein
LIC13170,1.05,0.29,3.56,0.746698405,1,-,3881790,3882317,175,-,hypothetical protein
LIC13352,1.05,1.08,0.97,1,1,+,4109993,4110196,67,-,hypothetical protein
LIC10691,1.02,0.00,,0.195616125,1,+,837891,838385,164,-,hypothetical protein
LIC12081,1.02,0.00,,0.195616125,1,-,2520023,2520208,61,-,hypothetical protein
LIC20189,1.02,0.54,1.89,0.5931584,2,+,240473,240844,123,-,hypothetical protein
LIC10597,0.96,1.57,0.61,0.856988562,1,-,730390,730692,100,-,hypothetical protein
LIC11190,0.96,0.00,,0.645820574,1,-,1466672,1467145,157,-,hypothetical protein
LIC11582,0.96,0.00,,0.645820574,1,+,1942088,1942315,75,-,hypothetical protein
LIC13291,0.96,0.25,3.87,0.887866199,1,-,4035142,4035654,170,-,ankyrin
LIC10758,0.89,1.06,0.84,1,1,-,922306,922518,70,-,hypothetical protein
LIC10777,0.89,0.54,1.65,0.919383283,1,+,946524,946721,65,-,hypothetical protein
LIC10824,0.89,0.79,1.12,1,1,-,996107,996991,294,-,hypothetical protein
LIC10840,0.89,0.00,,0.460079465,1,+,1019932,1020165,77,-,hypothetical protein
LIC11043,0.89,0.83,1.07,1,1,-,1282914,1283306,130,-,hypothetical protein
LIC11078,0.89,1.11,0.80,1,1,-,1330614,1331306,230,-,hypothetical protein
LIC11269,0.89,0.54,1.65,0.919383283,1,-,1568439,1568624,61,-,hypothetical protein
LIC11314,0.89,2.75,0.32,0.694404166,1,+,1622149,1622712,187,-,hypothetical protein
LIC11316,0.89,1.08,0.82,1,1,+,1623615,1623974,119,-,hypothetical protein
LIC12261,0.89,0.52,1.72,0.919383283,1,+,2731927,2732334,135,-,hypothetical protein
LIC12517,0.89,4.39,0.20,0.327928442,1,+,3047417,3047821,134,-,hypothetical protein
LIC12889,0.89,1.13,0.78,1,1,-,3491355,3491678,107,-,hypothetical protein
LIC13290,0.89,1.35,0.66,1,1,-,4034804,4035145,113,-,hypothetical protein
LIC13421,0.89,2.43,0.37,0.740239958,1,+,4197229,4197849,206,-,hypothetical protein
LIC10173,0.84,26.48,0.03,2.28E-09,1,+,202322,202936,204,-,hypothetical protein
LIC10305,0.84,0.29,2.87,0.887866199,1,-,346176,346370,64,-,hypothetical protein
LIC10392,0.84,0.00,,0.645820574,1,-,450508,450702,64,-,hypothetical protein
LIC10410,0.84,4.15,0.20,0.310831231,1,-,468215,468400,61,-,hypothetical protein
LIC10660,0.84,2.09,0.41,0.706383573,1,-,806241,806981,246,-,hypothetical protein
LIC11449,0.84,0.54,1.57,1,1,-,1787130,1787717,195,-,"transposase, ISlin1"
LIC11902,0.84,0.29,2.87,0.887866199,1,-,2299384,2299662,92,-,hypothetical protein
LIC12053,0.84,1.15,0.73,0.942583675,1,+,2487595,2488140,181,-,hypothetical protein
LIC12836,0.84,6.26,0.13,0.057385734,1,+,3441458,3441778,106,-,hypothetical protein
LIC13335,0.84,1.92,0.44,0.777490411,1,+,4091720,4091959,79,-,hypothetical protein
LIC10307,0.82,2.48,0.33,0.846380331,1,-,347214,348191,325,-,lipoprotein
LIC10886,0.82,0.27,3.04,0.624896072,1,+,1071340,1071720,126,-,"transposase, ISlin1"
LIC11103,0.82,1.67,0.49,1,1,-,1360478,1361611,377,-,alpha/beta fold family hydrolase
LIC11170,0.82,0.84,0.98,0.848117213,1,-,1438469,1438762,97,-,hypothetical protein
LIC12283,0.82,1.06,0.77,0.956717011,1,+,2754933,2755475,180,-,hypothetical protein
LIC12606,0.82,7.93,0.10,0.086450117,1,-,3157349,3157693,114,-,hypothetical protein
LIC12882,0.82,1.01,0.81,0.956472856,1,+,3479111,3479299,62,-,hypothetical protein
LIC10292,0.68,1.40,0.49,0.945916649,1,+,335410,335682,90,-,hypothetical protein
LIC10569,0.68,3.78,0.18,0.375332174,1,-,693905,694444,179,-,hypothetical protein
LIC10891,0.68,0.00,,0.643501591,1,-,1074962,1075399,145,-,hypothetical protein
LIC10942,0.68,0.52,1.32,1,1,-,1134751,1135605,284,-,hypothetical protein
LIC10981,0.68,0.29,2.32,0.887866199,1,-,1187339,1187644,101,-,"transposase, IS1501"
LIC11428,0.68,0.54,1.27,1,1,+,1755100,1755507,135,capC,capsule biosynthesis protein
LIC11471,0.68,2.14,0.32,0.706383573,1,-,1819711,1820070,119,-,"transposase, ISlin1"
LIC13446,0.68,0.56,1.21,1,1,+,4223540,4224046,168,-,hypothetical protein
LIC10276,0.64,0.25,2.59,1,1,-,314020,314226,68,-,hypothetical protein
LIC10536,0.64,0.29,2.17,1,1,+,651919,652131,70,-,hypothetical protein
LIC10782,0.64,0.59,1.09,1,1,+,950943,951356,137,-,hypothetical protein
LIC10914,0.64,1.07,0.60,0.80522168,1,-,1097742,1098002,86,-,hypothetical protein
LIC10940,0.64,0.00,,0.829832831,1,+,1134138,1134350,70,-,hypothetical protein
LIC10980,0.64,0.78,0.82,0.906979471,1,-,1186497,1187342,281,-,"transposase, IS1501"
LIC11346,0.64,0.27,2.38,1,1,-,1661149,1661775,208,-,"transposase, IS1501"
LIC11683,0.64,0.54,1.19,1,1,-,2046178,2046630,150,-,hypothetical protein
LIC12344,0.64,0.52,1.24,1,1,+,2838619,2838834,71,-,hypothetical protein
LIC12383,0.64,0.49,1.29,1,1,-,2889207,2889416,69,-,hypothetical protein
LIC12912,0.64,0.83,0.77,0.906979471,1,+,3537565,3538269,234,-,hypothetical protein
LIC13040,0.64,0.00,,0.829832831,1,+,3712279,3712551,90,-,hypothetical protein
LIC13323,0.64,0.27,2.38,1,1,-,4079670,4079861,63,-,hypothetical protein
LIC20179,0.64,1.08,0.59,0.80522168,2,-,224207,224608,133,-,hypothetical protein
LIC10212,0.61,1.91,0.32,0.882819246,1,-,242628,242831,67,-,hypothetical protein
LIC10275,0.61,1.45,0.42,1,1,-,313254,313568,104,-,hypothetical protein
LIC10349,0.61,0.00,,0.456038498,1,-,395988,396062,75,tRNA-Pro-GGG,Pro tRNA
LIC10566,0.61,1.06,0.58,1,1,-,692332,692526,64,-,hypothetical protein
LIC10656,0.61,1.11,0.55,1,1,+,800133,801206,357,-,"transposase, ISlin1"
LIC11213,0.61,1.08,0.57,1,1,-,1495441,1495866,141,-,hypothetical protein
LIC11420,0.61,2.13,0.29,0.824624053,1,-,1745801,1746289,162,-,GNAT family acetyltransferase
LIC11807,0.61,0.81,0.76,1,1,-,2199528,2199722,64,-,hypothetical protein
LIC11877,0.61,0.00,,0.456038498,1,-,2272884,2273096,70,-,hypothetical protein
LIC12260,0.61,1.62,0.38,0.959432864,1,+,2731061,2731903,280,-,hypothetical protein
LIC12358,0.61,1.30,0.47,1,1,+,2856367,2856942,191,-,hypothetical protein
LIC12434,0.61,1.64,0.37,0.959432864,1,-,2953836,2954042,68,-,hypothetical protein
LIC12623,0.61,0.25,2.48,0.74279722,1,+,3174227,3174433,68,-,hypothetical protein
LIC12826,0.61,0.81,0.76,1,1,+,3428215,3428748,177,-,hypothetical protein
LIC13246,0.61,0.81,0.76,1,1,+,3981958,3982377,139,-,hypothetical protein
LIC13294,0.61,0.54,1.13,0.919383283,1,+,4039295,4039495,66,-,hypothetical protein
LIC10062,0.48,0.56,0.85,1,1,+,79606,79833,75,-,hypothetical protein
LIC10108,0.48,0.25,1.93,1,1,-,127689,127910,73,-,hypothetical protein
LIC10393,0.48,0.52,0.93,1,1,-,450744,451022,92,-,hypothetical protein
LIC10650,0.48,0.00,,0.827316248,1,+,794894,795097,67,-,hypothetical protein
LIC10921,0.48,0.79,0.61,0.906979471,1,-,1104225,1104452,75,-,hypothetical protein
LIC10934,0.48,1.30,0.37,0.706383573,1,+,1126319,1126627,102,-,hypothetical protein
LIC10957,0.48,0.86,0.56,0.906979471,1,+,1154115,1154348,77,-,hypothetical protein
LIC11153,0.48,0.54,0.89,1,1,-,1422708,1422911,67,-,hypothetical protein
LIC11315,0.48,0.59,0.81,1,1,-,1623242,1623493,83,-,hypothetical protein
LIC11689,0.48,0.00,,0.827316248,1,-,2051891,2052265,124,-,hypothetical protein
LIC12769,0.48,0.29,1.62,1,1,-,3375244,3375432,62,-,hypothetical protein
LIC12823,0.48,0.81,0.59,0.906979471,1,-,3426119,3426301,60,-,hypothetical protein
LIC12907,0.48,0.00,,0.827316248,1,+,3528387,3528581,64,-,hypothetical protein
LIC13114,0.48,0.27,1.78,1,1,-,3810555,3810902,115,-,"transposase, ISlin1"
LIC13139,0.48,0.00,,0.827316248,1,-,3850719,3850919,66,-,hypothetical protein
LIC13466,0.48,0.49,0.97,1,1,-,4240294,4240503,69,-,hypothetical protein
LIC10247,0.41,1.37,0.30,0.942729818,1,-,282813,283028,71,-,hypothetical protein
LIC10442,0.41,0.84,0.49,1,1,-,504073,504279,68,-,hypothetical protein
LIC10500,0.41,0.54,0.75,1,1,+,587952,588434,160,-,hypothetical protein
LIC10659,0.41,1.82,0.22,0.775608226,1,-,805680,806228,182,-,hypothetical protein
LIC10780,0.41,1.35,0.30,0.942729818,1,-,949354,949638,94,-,transposase
LIC11204,0.41,0.49,0.83,1,1,-,1484279,1484545,88,-,hypothetical protein
LIC11279,0.41,1.13,0.36,0.939594161,1,+,1578412,1578609,65,-,hypothetical protein
LIC11348,0.41,0.25,1.65,0.886319629,1,-,1662530,1662826,98,-,hypothetical protein
LIC11806,0.41,1.89,0.22,0.775608226,1,+,2199287,2199550,87,-,BolA-like protein
LIC11901,0.41,1.53,0.27,0.851734998,1,+,2299067,2299294,75,-,hypothetical protein
LIC12440,0.41,1.48,0.28,0.850977555,1,-,2960433,2960711,92,-,hypothetical protein
LIC12441,0.41,0.49,0.83,1,1,-,2960716,2960907,63,-,hypothetical protein
LIC12698,0.41,0.49,0.83,1,1,-,3283504,3283815,103,-,hypothetical protein
LIC12728,0.41,0.76,0.54,1,1,+,3322228,3322812,194,-,hypothetical protein
LIC13342,0.41,1.35,0.30,0.942729818,1,-,4098497,4099024,175,-,hypothetical protein
LIC20056,0.41,1.62,0.25,0.852829187,2,+,59235,59771,178,-,hypothetical protein
LIC10174,0.20,6.01,0.03,0.041164513,1,+,202933,203169,78,-,hypothetical protein
LIC10180,0.20,5.43,0.04,0.069660671,1,+,208557,208928,123,-,hypothetical protein
LIC10217,0.20,0.25,0.83,1,1,-,247431,247658,75,-,hypothetical protein
LIC10330,0.20,0.56,0.36,1,1,-,375054,375635,193,-,hypothetical protein
LIC10342,0.20,0.00,,0.837615719,1,-,388796,389014,72,-,hypothetical protein
LIC10381,0.20,0.00,,0.837615719,1,-,430830,431036,68,-,hypothetical protein
LIC10394,0.20,0.29,0.69,1,1,+,451103,451288,61,-,hypothetical protein
LIC10467,0.20,1.60,0.13,0.721169343,1,-,539373,539564,63,-,hypothetical protein
LIC10514,0.20,1.60,0.13,0.721169343,1,+,618386,618586,66,-,hypothetical protein
LIC10515,0.20,0.59,0.35,1,1,+,618721,619155,144,-,hypothetical protein
LIC10567,0.20,0.00,,0.837615719,1,+,692685,692873,62,-,hypothetical protein
LIC10649,0.20,1.03,0.20,0.804293288,1,+,794491,794676,61,-,hypothetical protein
LIC10757,0.20,2.43,0.08,0.457228536,1,-,921542,921763,73,-,hypothetical protein
LIC10895,0.20,0.54,0.38,1,1,-,1078404,1078715,103,-,hypothetical protein
LIC10926,0.20,1.35,0.15,0.704295306,1,-,1110807,1110998,63,-,hypothetical protein
LIC10933,0.20,0.54,0.38,1,1,-,1125582,1125983,133,-,hypothetical protein
LIC10962,0.20,0.79,0.26,0.907471287,1,+,1160309,1160776,155,-,hypothetical protein
LIC11212,0.20,2.19,0.09,0.53037871,1,-,1494872,1495471,199,-,hypothetical protein
LIC11251,0.20,0.78,0.26,0.907471287,1,-,1545597,1545779,60,-,hypothetical protein
LIC11319,0.20,0.25,0.83,1,1,+,1629285,1629479,64,-,hypothetical protein
LIC11386,0.20,0.59,0.35,1,1,-,1703845,1704039,64,-,hypothetical protein
LIC11472,0.20,0.81,0.25,0.907471287,1,-,1820076,1820681,201,-,"transposase, ISlin1"
LIC11583,0.20,0.59,0.35,1,1,+,1942479,1942745,88,-,hypothetical protein
LIC12255,0.20,0.29,0.69,1,1,+,2721246,2721521,91,-,hypothetical protein
LIC12284,0.20,1.87,0.11,0.63377509,1,+,2755560,2755832,90,-,hypothetical protein
LIC12370,0.20,0.00,,0.837615719,1,+,2871848,2872306,152,-,hypothetical protein
LIC12403,0.20,0.27,0.76,1,1,-,2911940,2912173,77,-,hypothetical protein
LIC12837,0.20,1.60,0.13,0.721169343,1,+,3441839,3442147,102,-,hypothetical protein
LIC12918,0.20,0.00,,0.837615719,1,+,3542998,3543204,68,-,hypothetical protein
LIC13225,0.20,1.05,0.19,0.804293288,1,-,3958852,3959049,65,-,hypothetical protein
LIC13307,0.20,0.29,0.69,1,1,-,4053841,4054050,69,-,hypothetical protein
LIC13425,0.20,0.00,,0.837615719,1,+,4201451,4202239,262,-,hypothetical protein
LIC10250,0.00,0.81,0.00,0.706383573,1,+,284666,284893,75,-,hypothetical protein
LIC10263,0.00,0.00,,,1,+,301007,301402,131,-,"transposase, ISlin1"
LIC10264,0.00,0.00,,,1,+,301371,301958,195,-,"transposase, ISlin1"
LIC10265,0.00,0.00,,,1,+,301964,302323,119,-,"transposase, ISlin1"
LIC10356,0.00,0.59,0.00,0.848117213,1,-,403566,403763,65,-,hypothetical protein
LIC10408,0.00,0.78,0.00,0.706383573,1,-,466325,466507,60,-,hypothetical protein
LIC10516,0.00,0.00,,,1,-,619250,619579,109,-,hypothetical protein
LIC10542,0.00,0.00,,,1,+,661832,662026,64,-,hypothetical protein
LIC10742,0.00,0.27,0.00,1,1,-,906892,907251,119,-,"transposase, ISlin1"
LIC10743,0.00,3.64,0.00,0.080134126,1,-,907257,908003,248,-,"transposase, ISlin1"
LIC10779,0.00,0.00,,,1,-,948917,949171,84,-,hypothetical protein
LIC10805,0.00,0.27,0.00,1,1,+,974378,974845,155,-,hypothetical protein
LIC10818,0.00,2.51,0.00,0.172020904,1,-,989991,990233,80,-,hypothetical protein
LIC10885,0.00,0.59,0.00,0.848117213,1,+,1070768,1071355,195,-,"transposase, ISlin1"
LIC10887,0.00,0.00,,,1,-,1072177,1072626,149,-,"transposase, ISlin1"
LIC10888,0.00,0.00,,,1,-,1072657,1073286,209,-,"transposase, ISlin1"
LIC10894,0.00,0.00,,,1,-,1077790,1077978,62,-,hypothetical protein
LIC10897,0.00,0.27,0.00,1,1,-,1081360,1082103,247,-,hypothetical protein
LIC10917,0.00,0.52,0.00,0.848117213,1,-,1100960,1101148,62,-,hypothetical protein
LIC10928,0.00,0.00,,,1,+,1114815,1117775,"2,961",rrl1,23S ribosomal RNA
LIC10941,0.00,0.29,0.00,1,1,-,1134467,1134751,94,-,hypothetical protein
LIC10960,0.00,0.78,0.00,0.706383573,1,+,1157894,1158247,117,-,hypothetical protein
LIC10961,0.00,0.27,0.00,1,1,-,1158237,1158482,81,-,transposase
LIC11031,0.00,0.29,0.00,1,1,+,1271385,1271780,131,-,"transposase, ISlin1"
LIC11032,0.00,0.25,0.00,1,1,+,1271749,1272663,304,-,"transposase, ISlin1"
LIC11083,0.00,0.00,,,1,-,1338127,1338399,90,-,hypothetical protein
LIC11102,0.00,0.52,0.00,0.848117213,1,-,1359655,1359855,66,-,hypothetical protein
LIC11214,0.00,0.00,,,1,+,1495839,1496024,61,-,hypothetical protein
LIC11215,0.00,0.54,0.00,0.848117213,1,-,1497517,1497780,87,-,hypothetical protein
LIC11253,0.00,0.74,0.00,0.706519245,1,+,1547237,1547458,73,-,hypothetical protein
LIC11255,0.00,0.00,,,1,-,1550012,1550200,62,-,hypothetical protein
LIC11281,0.00,1.63,0.00,0.346793468,1,+,1582046,1582423,125,-,hypothetical protein
LIC11347,0.00,0.00,,,1,-,1661993,1662298,101,-,"transposase, IS1501"
LIC11351,0.00,0.25,0.00,1,1,+,1665692,1665889,65,-,hypothetical protein
LIC11367,0.00,1.33,0.00,0.440437689,1,+,1683543,1683737,64,-,hypothetical protein
LIC11448,0.00,1.60,0.00,0.346793468,1,-,1786765,1787145,126,-,"transposase, ISlin1"
LIC11450,0.00,0.00,,,1,-,1787773,1788018,81,-,"transposase, ISlin1"
LIC11644,0.00,0.52,0.00,0.848117213,1,+,2011426,2011755,109,-,hypothetical protein
LIC11894,0.00,3.93,0.00,0.060090335,1,-,2291687,2291902,71,-,hypothetical protein
LIC12056,0.00,0.29,0.00,1,1,-,2489416,2490264,282,-,IS1500 transposase
LIC12234,0.00,0.25,0.00,1,1,+,2699585,2700088,167,-,hypothetical protein
LIC12264,0.00,0.00,,,1,-,2735071,2735304,77,-,hypothetical protein
LIC12345,0.00,0.54,0.00,0.848117213,1,+,2838831,2839202,123,-,hypothetical protein
LIC12352,0.00,0.00,,,1,+,2847527,2847985,152,-,hypothetical protein
LIC12356,0.00,0.00,,,1,-,2853010,2853192,60,-,hypothetical protein
LIC12385,0.00,0.27,0.00,1,1,-,2890689,2890886,65,-,hypothetical protein
LIC12432,0.00,0.29,0.00,1,1,-,2951350,2951559,69,-,hypothetical protein
LIC12435,0.00,0.25,0.00,1,1,-,2954260,2954478,72,-,hypothetical protein
LIC12533,0.00,0.00,,,1,-,3070129,3070329,66,-,hypothetical protein
LIC12662,0.00,0.00,,,1,+,3223746,3224045,99,-,IS1500 transposase
LIC12763,0.00,0.59,0.00,0.848117213,1,-,3368749,3369063,104,-,hypothetical protein
LIC12789,0.00,0.49,0.00,0.848117213,1,+,3395105,3395323,72,-,hypothetical protein
LIC12790,0.00,0.00,,,1,+,3396090,3396344,84,-,hypothetical protein
LIC12843,0.00,0.00,,,1,+,3451125,3451370,81,-,hypothetical protein
LIC12881,0.00,0.86,0.00,0.706383573,1,-,3477827,3478387,186,-,hypothetical protein
LIC12900,0.00,0.00,,,1,+,3514712,3514918,68,-,hypothetical protein
LIC12915,0.00,1.06,0.00,0.56176024,1,+,3541044,3541472,142,-,hypothetical protein
LIC12929,0.00,0.00,,,1,+,3559253,3559441,62,-,hypothetical protein
LIC12968,0.00,0.29,0.00,1,1,+,3605596,3605808,70,-,hypothetical protein
LIC12987,0.00,0.00,,,1,-,3627060,3627314,84,-,hypothetical protein
LIC13025,0.00,0.00,,,1,+,3687142,3687573,143,-,hypothetical protein
LIC13035,0.00,0.00,,,1,-,3702666,3705626,"2,961",rrl2,23S ribosomal RNA
LIC13048,0.00,1.30,0.00,0.440437689,1,-,3721189,3721371,60,-,hypothetical protein
LIC13061,0.00,0.00,,,1,+,3738039,3738347,102,-,"transposase, ISlin1"
LIC13062,0.00,0.00,,,1,+,3738385,3738990,201,-,"transposase, ISlin1"
LIC13063,0.00,0.00,,,1,+,3738996,3739355,119,-,"transposase, ISlin1"
LIC13067,0.00,0.00,,,1,-,3744253,3744612,119,-,"transposase, ISlin1"
LIC13068,0.00,0.27,0.00,1,1,-,3744618,3745223,201,-,"transposase, ISlin1"
LIC13112,0.00,0.81,0.00,0.706383573,1,-,3808142,3808345,67,-,hypothetical protein
LIC13115,0.00,0.52,0.00,0.848117213,1,-,3810912,3811517,201,-,"transposase, ISlin1"
LIC13160,0.00,0.25,0.00,1,1,+,3870611,3871216,201,-,"transposase, ISlin1"
LIC13161,0.00,0.00,,,1,+,3871222,3871581,119,-,"transposase, ISlin1"
LIC13217,0.00,0.00,,,1,-,3946638,3946943,101,-,hypothetical protein
LIC13374,0.00,0.00,,,1,+,4137038,4137343,101,-,IS1500 transposase
LIC13377,0.00,0.52,0.00,0.848117213,1,-,4140791,4141627,278,-,"transposase, IS1501"
LIC13426,0.00,0.00,,,1,+,4202236,4202781,181,-,hypothetical protein
LIC13427,0.00,0.00,,,1,-,4202746,4203153,135,-,response regulator
LIC13458,0.00,0.78,0.00,0.706383573,1,+,4235627,4235818,63,-,hypothetical protein
LIC20107,0.00,0.00,,,2,+,127559,128008,149,-,hypothetical protein