"PATRIC","ut30","to30","ut37","to37"
"fig|214675.23.peg.1",2.24295,5.03301,3.016998,8.063359
"fig|214675.23.peg.2",215.330154,12.824504,174.591095,31.281885
"fig|214675.23.peg.38",18.217485,2.001579,28.156317,4.445723
"fig|214675.23.peg.39",38.739429,1.746126,53.329533,4.706084
"fig|214675.23.peg.41",18.659924,5.17458,11.08902,5.897152
"fig|214675.23.peg.42",2.14197,1.80578,1.622727,1.855493
"fig|214675.23.peg.43",1.858078,0.418989,1.437694,0.509046
"fig|214675.23.peg.3",6.58464,0.904134,9.175342,2.352326
"fig|214675.23.peg.4",54.592457,7.64858,21.285297,6.193572
"fig|214675.23.peg.5",4.229708,4.200894,2.69909,4.720356
"fig|214675.23.peg.6",4.55116,1.824695,6.335269,3.190878
"fig|214675.23.peg.7",35.3284,1.907262,30.508886,3.710814
"fig|214675.23.peg.8",5.065449,4.084101,2.835015,5.225909
"fig|214675.23.peg.9",10.061389,1.255186,8.977935,3.114074
"fig|214675.23.peg.10",99.150787,80.982094,34.781574,42.94907
"fig|214675.23.peg.11",18.828732,21.039888,6.280973,12.09726
"fig|214675.23.peg.12",9.846443,0.978074,7.304677,1.649315
"fig|214675.23.peg.13",75.861618,7.500353,62.877876,7.376722
"fig|214675.23.peg.14",7.967834,2.380566,6.219055,3.96662
"fig|214675.23.peg.15",82.060074,10.764753,45.10976,12.01989
"fig|214675.23.peg.16",18.503647,5.015359,12.596155,7.196707
"fig|214675.23.peg.17",66.004112,4.718446,30.837572,7.718271
"fig|214675.23.peg.18",25.422003,4.078978,21.649761,5.717184
"fig|214675.23.peg.19",11.092856,3.147475,7.738284,3.968703
"fig|214675.23.peg.20",4.745677,NA,2.349319,NA
"fig|214675.23.peg.21",11.813756,1.642522,10.479255,3.986536
"fig|214675.23.peg.22",88.781448,5.371611,53.835526,7.466415
"fig|214675.23.peg.23",32.222721,4.386433,16.705927,6.093131
"fig|214675.23.peg.24",34.59697,4.892136,28.365366,11.233532
"fig|214675.23.peg.25",19.48218,9.231036,4.347669,7.149951
"fig|214675.23.peg.26",12.017427,4.629593,NA,7.619546
"fig|214675.23.peg.27",6.962671,8.164464,2.267219,9.449776
"fig|214675.23.peg.28",54.080402,37.945221,13.328689,28.565163
"fig|214675.23.peg.29",43.112808,21.332378,29.168497,22.10788
"fig|214675.23.peg.30",11.721543,1.719224,13.995995,3.147822
"fig|214675.23.peg.31",20.699789,4.015525,18.127739,11.573692
"fig|214675.23.peg.32",10.241467,1.24373,20.530848,4.522054
"fig|214675.23.peg.33",187.51915,8.674388,58.727524,7.182572
"fig|214675.23.peg.34",387.854645,21.242914,327.638885,32.49007
"fig|214675.23.peg.36",1.145981,NA,NA,0.719535
"fig|214675.23.peg.71",3.217137,0.83996,3.485567,1.098512
"fig|214675.23.peg.72",3.397195,NA,2.886561,NA
"fig|214675.23.peg.73",7.14737,1.254851,8.588055,3.318992
"fig|214675.23.peg.74",8.997123,6.159952,4.801758,6.366321
"fig|214675.23.peg.46",2.55491,1.127365,2.229268,2.084183
"fig|214675.23.peg.47",1.904925,0.719797,3.939991,2.983672
"fig|214675.23.peg.48",50.306465,22.189398,22.210428,17.209913
"fig|214675.23.peg.49",243.491196,13.166423,115.107559,16.625385
"fig|214675.23.peg.50",37.277744,8.822426,34.291374,14.995144
"fig|214675.23.peg.51",34.583904,7.197021,13.440554,8.337795
"fig|214675.23.peg.52",379.067413,70.166168,29.327955,13.261783
"fig|214675.23.peg.53",29.054792,3.756934,20.28784,7.138225
"fig|214675.23.peg.54",18.489225,3.690868,9.102983,5.933803
"fig|214675.23.peg.55",21.686586,6.421308,12.670145,6.132532
"fig|214675.23.peg.56",44.369385,6.495481,25.572611,7.977001
"fig|214675.23.peg.57",5.721745,2.373636,3.5171,2.718942
"fig|214675.23.peg.58",111.476883,10.349151,43.768135,9.921089
"fig|214675.23.peg.60",41.435352,5.484179,31.90873,8.982869
"fig|214675.23.peg.61",34.389347,5.007533,36.915848,10.094691
"fig|214675.23.peg.63",5.62942,1.169517,3.856538,1.77359
"fig|214675.23.peg.64",0.842066,NA,NA,0.359767
"fig|214675.23.peg.65",14.234842,24.952406,NA,9.8365
"fig|214675.23.peg.66",13.899999,1.196629,12.861304,1.804852
"fig|214675.23.peg.67",42.314457,11.150196,13.909822,8.98907
"fig|214675.23.peg.69",1.909216,1.880759,0.715725,1.166246
"fig|214675.23.peg.70",98.048889,18.2103,26.038982,8.024796
"fig|214675.23.peg.75",15.243955,2.271696,4.497617,1.313763
"fig|214675.23.peg.76",17.496233,4.284717,NA,2.454458
"fig|214675.23.peg.77",11.420119,4.199852,6.686362,5.120705
"fig|214675.23.peg.78",6.369553,7.952594,11.172856,11.002121
"fig|214675.23.peg.79",41.055748,6.943399,26.26403,11.364835
"fig|214675.23.peg.80",230.064926,60.279228,43.10955,38.255985
"fig|214675.23.peg.81",6.69963,2.702802,5.985595,4.577042
"fig|214675.23.peg.84",1.526146,0.471321,2.960921,1.659291
"fig|214675.23.peg.86",8.398006,3.422076,3.973337,4.074193
"fig|214675.23.rna.1",262.353485,4.971031,263.869904,7.98497
"fig|214675.23.peg.87",50.969471,26.339931,15.053604,15.699992
"fig|214675.23.peg.88",84.46183,10.924844,42.269554,14.76714
"fig|214675.23.peg.89",85.551643,1.433051,13.901367,1.035619
"fig|214675.23.peg.90",0.98231,0.458956,NA,NA
"fig|214675.23.peg.91",1.173449,0.385543,NA,0.996073
"fig|214675.23.peg.93",8.659427,1.475105,NA,2.096362
"fig|214675.23.peg.94",0.908129,0.381183,NA,NA
"fig|214675.23.peg.95",49.127445,7.395913,15.549251,5.614172
"fig|214675.23.peg.97",7.370347,0.974132,5.503589,1.150383
"fig|214675.23.peg.98",1.309195,1.551934,1.498577,2.252074
"fig|214675.23.peg.99",16.537863,2.428584,10.005488,3.206496
"fig|214675.23.peg.100",96.354179,3.75447,66.658394,5.302289
"fig|214675.23.peg.101",8.844838,1.603088,10.323874,3.420041
"fig|214675.23.peg.102",19.671509,1.538708,10.97221,2.654961
"fig|214675.23.peg.103",2.170079,1.017526,1.236748,0.991714
"fig|214675.23.peg.104",1.787655,0.896025,1.098549,NA
"fig|214675.23.peg.105",304.801361,3.741102,45.577206,3.355762
"fig|214675.23.peg.106",190.490524,35.742458,25.689573,28.648027
"fig|214675.23.peg.107",5.563054,2.407305,6.257011,2.660344
"fig|214675.23.peg.108",0.753431,0.427574,NA,NA
"fig|214675.23.peg.109",9.529558,2.50875,2.580047,1.240751
"fig|214675.23.peg.110",8.867116,6.973665,1.66835,3.582304
"fig|214675.23.peg.111",25.739111,2.284729,10.255049,2.050908
"fig|214675.23.peg.112",24.7836,2.725279,14.034138,2.981947
"fig|214675.23.peg.113",3.804364,3.494307,0.960973,2.116141
"fig|214675.23.peg.114",16.0091,1.983732,9.312816,2.383967
"fig|214675.23.rna.2",49.917919,42.129192,77.091255,38.55666
"fig|214675.23.rna.3",374.139954,148.11319,191.968491,120.554825
"fig|214675.23.rna.4",147.651382,9.210303,153.355347,20.191952
"fig|214675.23.peg.115",4.224017,0.8599,5.567504,2.623559
"fig|214675.23.peg.116",0.883701,4.54789,1.853298,4.432908
"fig|214675.23.peg.117",1.225821,1.476081,NA,1.867365
"fig|214675.23.peg.118",48.799938,7.09148,34.182491,10.352492
"fig|214675.23.peg.119",39.015652,6.156135,37.338249,13.213085
"fig|214675.23.peg.120",330.807251,16.073856,34.318558,26.250584
"fig|214675.23.peg.121",4.225465,0.64223,7.227493,2.537542
"fig|214675.23.peg.122",60.139038,8.816622,63.090935,16.261925
"fig|214675.23.peg.123",2.189929,0.435072,0.939778,NA
"fig|214675.23.peg.126",69.95224,6.871514,42.069061,8.698513
"fig|214675.23.peg.127",55.669121,6.399266,42.348339,9.217196
"fig|214675.23.peg.128",27.129055,6.687412,24.035147,11.294894
"fig|214675.23.peg.129",22.778992,3.965405,31.849617,12.258889
"fig|214675.23.rna.5",1374.529541,156.176498,1711.380005,212.198746
"fig|214675.23.peg.130",70.270508,171.952896,42.458744,194.750107
"fig|214675.23.peg.131",11.391219,1.503636,18.069704,4.245177
"fig|214675.23.peg.132",21.344976,4.484055,23.978792,10.341314
"fig|214675.23.peg.133",38.400455,4.802164,21.193438,6.519877
"fig|214675.23.peg.134",162.753052,17.423447,84.180969,20.134575
"fig|214675.23.peg.135",4.163075,2.146824,16.037674,8.977057
"fig|214675.23.peg.136",58.292133,24.102028,54.382011,49.444511
"fig|214675.23.peg.138",3.033252,0.966513,1.266055,0.908234
"fig|214675.23.peg.139",1.666047,1.275697,1.502095,1.659105
"fig|214675.23.peg.140",3.848965,0.972534,2.994107,1.943981
"fig|214675.23.peg.141",0.722113,1.569097,0.635652,1.529065
"fig|214675.23.peg.142",16.950611,4.64394,5.560913,2.813438
"fig|214675.23.peg.143",84.110596,4.355238,23.250206,3.81801
"fig|214675.23.peg.244",1.88563,0.965972,2.927828,1.720656
"fig|214675.23.peg.245",11.4262,6.593145,9.257189,7.767613
"fig|214675.23.peg.250",102.065178,2.005212,169.957764,5.553833
"fig|214675.23.peg.251",1.107252,1.023201,1.426035,1.930349
"fig|214675.23.peg.252",1.572917,0.510601,2.48029,1.214669
"fig|214675.23.peg.253",1.638165,0.507425,1.649588,0.624284
"fig|214675.23.peg.254",4.157259,1.128033,3.399571,2.559817
"fig|214675.23.peg.256",47.687141,2.109394,25.763193,3.42843
"fig|214675.23.peg.257",2.607527,1.44318,1.505635,2.512178
"fig|214675.23.peg.258",19.922983,3.794614,NA,7.788956
"fig|214675.23.peg.259",50.040157,5.314354,19.798086,6.912058
"fig|214675.23.peg.260",11.74902,7.823102,5.266874,5.946926
"fig|214675.23.peg.261",77.122993,3.39266,44.107159,4.714787
"fig|214675.23.peg.262",20.015778,6.647181,8.852019,5.571292
"fig|214675.23.peg.265",60.252796,9.051236,15.98199,4.902287
"fig|214675.23.peg.266",26.230824,4.491365,23.615564,6.845964
"fig|214675.23.peg.267",29.552794,7.452487,25.235027,8.900165
"fig|214675.23.peg.268",67.138237,4.750567,53.864609,9.581493
"fig|214675.23.peg.269",61.234627,4.239568,71.452911,8.358492
"fig|214675.23.peg.271",48.919819,3.60624,15.976898,4.093426
"fig|214675.23.peg.146",1.637666,NA,1.162153,1.436145
"fig|214675.23.peg.147",351.774658,10.751351,74.259872,9.534515
"fig|214675.23.peg.148",1.399478,NA,4.541108,NA
"fig|214675.23.peg.149",79.577438,20.297203,14.595522,11.401622
"fig|214675.23.peg.150",11.399189,7.65808,26.453352,9.572454
"fig|214675.23.peg.151",2.563452,3.529382,4.651771,8.666706
"fig|214675.23.peg.152",3.056056,0.854134,7.809309,5.196998
"fig|214675.23.peg.153",7.518262,1.505674,34.94561,11.59781
"fig|214675.23.peg.154",1.142437,0.418486,0.959111,0.644235
"fig|214675.23.peg.155",30.119574,2.498266,24.306786,3.010379
"fig|214675.23.peg.157",28.02434,5.230678,14.742265,6.082886
"fig|214675.23.peg.158",19.535872,6.280196,13.753931,6.823591
"fig|214675.23.peg.159",72.871361,16.100588,31.585518,10.866499
"fig|214675.23.peg.160",122.015862,23.720482,45.983921,13.16048
"fig|214675.23.peg.161",24.229031,1.796662,11.959301,1.900587
"fig|214675.23.peg.162",79.74884,4.123108,22.548409,3.306213
"fig|214675.23.peg.163",7.133683,0.765566,4.770022,1.235041
"fig|214675.23.peg.164",0.953659,0.799328,0.813885,NA
"fig|214675.23.peg.165",4.983432,1.663621,1.845092,1.274341
"fig|214675.23.peg.168",23.992653,3.714075,8.36407,2.815991
"fig|214675.23.peg.169",9.950541,2.630472,4.987262,2.870382
"fig|214675.23.peg.170",2.33618,0.436194,1.743542,0.758831
"fig|214675.23.peg.171",0.697197,0.398044,2.123688,NA
"fig|214675.23.peg.172",13.661402,1.387273,11.49403,2.326172
"fig|214675.23.peg.173",5.223279,1.012827,3.06512,1.410809
"fig|214675.23.peg.174",1.132666,0.570162,NA,1.92942
"fig|214675.23.peg.175",13.655429,1.136085,16.334818,2.35582
"fig|214675.23.peg.176",41.206062,5.803097,34.503918,14.378591
"fig|214675.23.peg.177",2.252445,0.456093,0.610142,1.410517
"fig|214675.23.peg.178",1.33308,NA,NA,NA
"fig|214675.23.peg.181",3.742156,0.451293,1.044969,NA
"fig|214675.23.peg.182",8.196915,1.312679,1.292055,0.632931
"fig|214675.23.peg.183",5.566304,4.195348,1.293167,1.733212
"fig|214675.23.peg.185",1.818301,0.456093,NA,0.785207
"fig|214675.23.peg.186",2.249336,2.125066,0.995211,0.81165
"fig|214675.23.peg.187",3.275279,1.652876,1.434443,1.359946
"fig|214675.23.peg.190",83.852943,1.880759,25.786121,4.855529
"fig|214675.23.peg.191",28.101938,7.813193,33.468941,12.031641
"fig|214675.23.peg.192",2.124756,3.064573,0.905679,1.661783
"fig|214675.23.peg.193",104.168571,27.703279,28.399155,14.641447
"fig|214675.23.peg.195",3973.101318,631.111938,392.031982,125.599579
"fig|214675.23.peg.196",6.983697,1.109323,5.072647,1.436044
"fig|214675.23.peg.199",1.072593,NA,2.423884,1.14783
"fig|214675.23.peg.200",2.334467,52.320713,12.977851,68.332314
"fig|214675.23.peg.201",220.635742,63.254173,230.140518,113.001915
"fig|214675.23.peg.202",42.394035,4.096327,34.928986,8.090935
"fig|214675.23.peg.203",11.020821,1.175994,14.669957,2.745664
"fig|214675.23.peg.204",10.355096,2.704413,13.578094,9.780656
"fig|214675.23.peg.205",4.612922,1.373945,17.503342,6.947309
"fig|214675.23.peg.206",0.795977,0.922659,1.64377,1.268654
"fig|214675.23.peg.207",7.852153,4.057093,4.415283,5.865398
"fig|214675.23.peg.208",9.265384,0.738957,11.540648,1.474214
"fig|214675.23.peg.209",1.439351,1.746125,0.679721,2.574465
"fig|214675.23.peg.211",1.1831,0.575644,1.893585,0.994357
"fig|214675.23.peg.214",0.649385,NA,0.625634,NA
"fig|214675.23.peg.216",105.714867,14.427505,8.941514,3.226599
"fig|214675.23.peg.217",0.80197,3.511465,NA,1.68814
"fig|214675.23.peg.218",47.746258,6.716409,27.35848,6.929605
"fig|214675.23.peg.219",0.918242,NA,NA,NA
"fig|214675.23.peg.220",3.084922,2.998895,2.979941,4.512381
"fig|214675.23.peg.221",1.354484,NA,0.815826,NA
"fig|214675.23.peg.222",31.316164,5.83646,16.580048,8.679391
"fig|214675.23.peg.224",49.084415,6.763938,35.466198,6.602889
"fig|214675.23.peg.225",18.971024,3.242609,33.204781,12.445987
"fig|214675.23.peg.226",9.412596,1.374824,7.751825,2.066576
"fig|214675.23.peg.228",39.452972,3.636434,12.262601,1.898558
"fig|214675.23.peg.230",6.698225,1.388967,10.411748,3.87429
"fig|214675.23.peg.232",13.914564,1.28463,8.685973,1.718673
"fig|214675.23.peg.233",1.825175,NA,2.834649,0.828114
"fig|214675.23.peg.234",27.430111,3.571085,13.332886,2.143731
"fig|214675.23.peg.235",1.829717,NA,0.687755,0.66169
"fig|214675.23.peg.236",2.884247,1.456372,0.884458,1.041519
"fig|214675.23.peg.237",6.155751,1.611467,6.210639,3.990031
"fig|214675.23.peg.238",3.768242,9.848468,3.248574,14.442741
"fig|214675.23.peg.239",4.871102,2.835283,6.861095,4.219176
"fig|214675.23.peg.240",38.937035,4.110793,32.285091,8.619859
"fig|214675.23.peg.241",15.935538,4.041533,13.912988,8.907333
"fig|214675.23.peg.272",11.416905,25.73304,8.3748,41.306355
"fig|214675.23.peg.273",21.199072,3.76795,12.318582,5.800195
"fig|214675.23.peg.274",10.606259,6.272629,17.408768,11.007763
"fig|214675.23.peg.275",18.928223,1.752597,13.608544,4.423517
"fig|214675.23.peg.276",27.957731,1.575661,16.107338,2.181138
"fig|214675.23.peg.277",10.038917,5.418993,4.583953,7.104892
"fig|214675.23.peg.278",15.243373,1.493813,12.292239,2.573869
"fig|214675.23.peg.279",652.475708,49.049061,313.791382,79.211891
"fig|214675.23.peg.281",12.323237,2.30206,7.247454,2.609534
"fig|214675.23.peg.282",16.964664,1.465347,8.073153,1.222053
"fig|214675.23.peg.283",16.764629,NA,35.065521,1.373113
"fig|214675.23.peg.284",1.873981,1.020203,1.204588,1.412196
"fig|214675.23.peg.285",6.009484,0.775792,7.829478,1.642806
"fig|214675.23.peg.286",186.459488,41.578926,112.982246,67.329559
"fig|214675.23.peg.287",2.430174,2.103754,1.767007,3.184608
"fig|214675.23.peg.288",9.032916,2.245666,7.071216,3.290814
"fig|214675.23.peg.289",19.481167,1.11233,19.389816,1.788036
"fig|214675.23.peg.290",14.573183,1.690098,5.371214,3.446438
"fig|214675.23.peg.296",0.959027,4.97494,9.008384,5.162886
"fig|214675.23.peg.291",25.050322,2.973835,21.912704,5.055445
"fig|214675.23.peg.292",5.173063,3.443396,5.010814,4.382577
"fig|214675.23.peg.293",24.399717,3.78688,18.018089,4.919143
"fig|214675.23.peg.294",11.608116,2.397255,7.133528,2.46945
"fig|214675.23.peg.298",6.926634,1.160558,6.591346,1.506344
"fig|214675.23.rna.6",55.380589,28.729118,48.332745,28.922382
"fig|214675.23.peg.300",77.450294,12.728235,38.2831,16.746437
"fig|214675.23.peg.301",114.22361,16.065475,56.652729,20.171532
"fig|214675.23.peg.302",29.664785,5.66338,22.812557,5.709118
"fig|214675.23.peg.303",87.732315,2.85691,19.146421,2.939182
"fig|214675.23.peg.304",241.529144,33.16264,308.788879,76.744461
"fig|214675.23.peg.305",6.331651,1.124683,10.463725,3.429034
"fig|214675.23.peg.306",13.357756,2.990338,12.168623,5.952154
"fig|214675.23.peg.308",2.641812,2.053154,1.908783,1.839907
"fig|214675.23.peg.427",156.98642,18.776598,54.249332,17.296082
"fig|214675.23.peg.428",3.806781,2.063211,3.658016,2.532846
"fig|214675.23.peg.432",36.009563,5.73604,8.732013,1.958851
"fig|214675.23.peg.433",43.731148,3.400322,9.272747,2.316143
"fig|214675.23.peg.437",0.872618,0.537191,0.671867,0.60571
"fig|214675.23.peg.438",1.665674,0.349655,0.625339,0.490977
"fig|214675.23.peg.440",29.386299,2.296622,9.78427,0.538114
"fig|214675.23.peg.443",7.052829,3.167179,2.821831,5.461451
"fig|214675.23.peg.445",2.884935,2.268679,4.137967,2.452271
"fig|214675.23.peg.446",16.952175,2.714498,12.933169,3.911082
"fig|214675.23.peg.462",5.573358,2.089733,3.105068,2.887941
"fig|214675.23.peg.463",1.240843,1.541121,1.456378,1.598967
"fig|214675.23.peg.464",17.61134,2.785444,14.943495,3.68001
"fig|214675.23.peg.465",4.34776,1.123217,2.726966,1.32276
"fig|214675.23.peg.466",3.794143,0.42966,3.543264,0.613675
"fig|214675.23.peg.447",2.580927,4.372959,4.204259,7.18036
"fig|214675.23.peg.448",10.235324,6.598897,8.619004,11.877038
"fig|214675.23.peg.449",7.173963,2.322885,6.507419,2.322135
"fig|214675.23.peg.450",126.124969,9.493983,49.673489,7.276671
"fig|214675.23.peg.451",7.743928,32.489174,4.483821,37.287254
"fig|214675.23.peg.452",2.197508,1.108578,4.826841,3.628387
"fig|214675.23.peg.453",12.957355,3.755918,24.185301,10.514612
"fig|214675.23.peg.454",45.400757,8.271902,28.101929,13.346996
"fig|214675.23.peg.455",11.712908,9.520934,12.070522,16.156197
"fig|214675.23.peg.456",32.9105,5.658561,43.226906,12.825477
"fig|214675.23.peg.457",23.746878,18.145237,19.095886,28.717537
"fig|214675.23.peg.458",35.188679,3.472875,14.790486,6.265145
"fig|214675.23.peg.459",15.789502,8.88944,8.344105,7.892466
"fig|214675.23.peg.460",5.03612,1.873538,3.766019,3.148202
"fig|214675.23.peg.310",34.936501,2.697303,50.650642,5.638756
"fig|214675.23.peg.311",0.682059,NA,NA,NA
"fig|214675.23.peg.312",13.381876,1.828516,6.267063,2.410585
"fig|214675.23.peg.313",2.512251,0.539203,2.67382,3.144634
"fig|214675.23.peg.314",7.146726,3.01263,3.521076,3.705465
"fig|214675.23.peg.315",89.688278,60.892971,21.671539,51.693531
"fig|214675.23.peg.317",864.883362,26.403606,376.9039,50.340973
"fig|214675.23.peg.318",2.276962,9.899693,1.272718,21.173176
"fig|214675.23.peg.319",252.226837,3.85904,155.561569,7.958056
"fig|214675.23.peg.321",229.752579,19.641716,60.19059,14.692089
"fig|214675.23.peg.322",58.141357,5.462949,33.629898,6.855593
"fig|214675.23.peg.323",14.218485,3.727414,7.847596,4.454477
"fig|214675.23.peg.324",2.100024,1.014315,2.096861,2.164917
"fig|214675.23.peg.325",8.741733,3.394979,8.079689,7.006373
"fig|214675.23.peg.326",1.930851,2.72779,1.17243,1.493378
"fig|214675.23.peg.327",25.996639,8.149293,6.159279,4.320641
"fig|214675.23.peg.329",48.713238,27.822823,25.581015,33.933174
"fig|214675.23.peg.330",3.625198,2.136531,3.249804,5.996125
"fig|214675.23.peg.331",28.890272,1.818841,40.405537,4.478094
"fig|214675.23.peg.332",28.074841,11.717167,44.560928,36.724056
"fig|214675.23.peg.333",216.947205,10.877748,259.281921,32.632275
"fig|214675.23.peg.334",8.59096,2.808424,1.862601,1.726741
"fig|214675.23.peg.337",17.659016,2.055813,12.132169,3.170361
"fig|214675.23.peg.339",1.567634,NA,0.713543,NA
"fig|214675.23.peg.340",347.014771,16.540512,53.430809,7.096764
"fig|214675.23.peg.341",1.319436,3.080526,NA,1.872763
"fig|214675.23.peg.342",26.294302,3.21911,0.793461,4.371881
"fig|214675.23.peg.343",0.951343,3.679746,1.310022,6.363714
"fig|214675.23.peg.344",1.910538,5.255373,0.727486,3.029496
"fig|214675.23.peg.345",93.757736,42.763714,24.615101,27.161276
"fig|214675.23.peg.346",188.400284,38.412785,41.456268,28.504177
"fig|214675.23.peg.347",46.125973,56.633209,13.459467,40.241493
"fig|214675.23.peg.348",5.205946,1.194475,3.114495,1.141118
"fig|214675.23.peg.349",59.916557,8.537148,37.444946,14.134024
"fig|214675.23.peg.350",15.147467,2.061538,25.87192,4.825339
"fig|214675.23.peg.351",0.940462,0.423162,NA,0.436819
"fig|214675.23.peg.352",7.265853,3.797768,2.079805,3.325046
"fig|214675.23.peg.355",1.065355,NA,1.01821,NA
"fig|214675.23.peg.356",8.531738,NA,6.638621,0.874607
"fig|214675.23.peg.358",39.331375,11.328829,33.604816,19.438753
"fig|214675.23.peg.359",79.676468,14.900201,64.731224,22.900621
"fig|214675.23.peg.360",14.301819,3.968183,20.341036,7.821074
"fig|214675.23.peg.361",1.368152,1.380255,0.796362,4.303885
"fig|214675.23.peg.362",1.035052,NA,NA,NA
"fig|214675.23.peg.363",1.721081,1.697407,0.895159,3.594918
"fig|214675.23.peg.364",3.698531,0.938099,5.133772,3.388881
"fig|214675.23.peg.365",2.826598,1.745997,2.12372,1.791783
"fig|214675.23.peg.366",109.568756,34.446281,35.824036,23.060556
"fig|214675.23.peg.367",30.734667,0.501325,11.802866,0.408827
"fig|214675.23.peg.368",12.970125,3.835246,11.507812,5.414573
"fig|214675.23.peg.369",1.631414,1.576147,1.000013,2.594033
"fig|214675.23.peg.370",222.821655,15.631646,207.440277,24.02557
"fig|214675.23.peg.371",14.281428,2.513349,20.398153,4.736946
"fig|214675.23.peg.372",4.74367,2.499964,3.030613,2.98279
"fig|214675.23.peg.374",5.202849,1.580666,3.469186,2.059287
"fig|214675.23.peg.375",23.192625,3.289488,13.221996,2.542239
"fig|214675.23.peg.376",3.337123,2.063267,2.339359,2.527352
"fig|214675.23.peg.377",57.591625,4.721964,31.921841,5.152596
"fig|214675.23.peg.378",2.744188,1.55569,2.599556,2.582024
"fig|214675.23.peg.379",42.794617,12.953787,14.512193,9.012058
"fig|214675.23.peg.380",16.933798,6.102448,8.487551,4.781029
"fig|214675.23.peg.381",53.69566,17.055117,14.596686,9.447831
"fig|214675.23.peg.383",4.367994,1.851812,1.164337,1.678915
"fig|214675.23.peg.384",2.891899,1.509886,0.806281,0.591093
"fig|214675.23.peg.385",1.833077,0.437369,1.00689,NA
"fig|214675.23.peg.386",47.965183,1.23124,6.996063,1.065611
"fig|214675.23.peg.387",2.745955,0.66791,1.765176,0.518025
"fig|214675.23.peg.388",41.452145,2.673531,8.439978,2.802189
"fig|214675.23.peg.389",21.373726,3.823616,24.405861,10.858825
"fig|214675.23.peg.390",34.00267,7.147928,37.254654,17.561411
"fig|214675.23.peg.391",2.930748,14.607689,2.749264,33.416153
"fig|214675.23.peg.392",386.413361,55.194374,280.660706,102.86377
"fig|214675.23.peg.393",1.001087,1.311844,0.983018,1.524408
"fig|214675.23.peg.397",7.182483,2.446443,5.7675,2.184702
"fig|214675.23.peg.398",491.952484,111.205696,156.190353,103.467422
"fig|214675.23.peg.399",10.236897,3.201937,17.84199,7.296233
"fig|214675.23.peg.400",11.565934,3.830272,19.590523,10.849257
"fig|214675.23.peg.401",2.237123,1.56085,3.857876,4.905402
"fig|214675.23.peg.402",4.138876,1.9474,2.809626,2.949619
"fig|214675.23.peg.403",156.594025,5.743059,145.227966,5.710352
"fig|214675.23.peg.404",52.447308,98.69397,30.079308,69.394691
"fig|214675.23.rna.7",47.801895,2.757286,31.61536,2.788198
"fig|214675.23.peg.405",4.127817,3.259348,7.41745,7.954363
"fig|214675.23.peg.406",10.911296,5.571798,7.718649,10.87165
"fig|214675.23.peg.407",31.248386,7.406292,17.284788,8.408168
"fig|214675.23.peg.408",14.826841,3.340195,14.707354,5.286573
"fig|214675.23.peg.409",43.222092,4.485979,18.776909,5.427624
"fig|214675.23.peg.410",1.088117,1.101395,0.723995,1.80025
"fig|214675.23.peg.412",0.786568,0.724722,NA,0.5342
"fig|214675.23.peg.413",18.822542,7.982738,22.837933,16.041531
"fig|214675.23.peg.414",53.83744,9.97847,38.173134,19.167973
"fig|214675.23.peg.415",35.838692,19.985561,32.557217,51.939163
"fig|214675.23.peg.416",434.334503,63.791622,524.854797,161.479767
"fig|214675.23.peg.417",217.450928,67.775986,193.868042,174.172333
"fig|214675.23.peg.418",17.027605,5.803989,13.953141,8.080735
"fig|214675.23.peg.419",316.975433,25.213709,121.401199,27.21594
"fig|214675.23.peg.421",44.533424,11.654678,24.453129,11.76225
"fig|214675.23.peg.422",24.458715,4.570885,20.463745,6.874105
"fig|214675.23.peg.423",7.013334,0.867681,7.716763,1.290153
"fig|214675.23.peg.424",1.898437,1.075794,1.367413,1.464611
"fig|214675.23.peg.513",0.994468,NA,0.912057,0.377534
"fig|214675.23.peg.514",1.230231,NA,1.39232,NA
"fig|214675.23.peg.467",21.519304,1.811585,34.768932,5.052854
"fig|214675.23.peg.468",1.616491,0.389437,3.278191,1.418331
"fig|214675.23.peg.469",2.573503,0.723449,5.119225,1.844714
"fig|214675.23.peg.470",22.805838,9.419628,30.03042,18.918943
"fig|214675.23.peg.471",18.258219,2.725717,18.888229,4.934699
"fig|214675.23.peg.472",7.228549,12.400404,7.659124,18.092722
"fig|214675.23.peg.473",81.206703,77.535011,26.520481,74.0177
"fig|214675.23.peg.474",657.681274,54.670338,220.695129,34.465542
"fig|214675.23.peg.475",7.514977,0.519927,2.559183,0.500336
"fig|214675.23.peg.476",2.724843,2.141605,NA,1.866453
"fig|214675.23.peg.477",230.193741,13.538808,71.907654,16.116484
"fig|214675.23.peg.479",33.338963,4.106029,11.096546,3.165293
"fig|214675.23.peg.480",5.995425,0.662549,6.46517,0.853931
"fig|214675.23.peg.481",42.905251,8.270023,30.945175,16.975338
"fig|214675.23.peg.482",19.300674,6.437164,15.72754,8.702217
"fig|214675.23.peg.483",274.672424,291.981812,151.031082,406.664886
"fig|214675.23.peg.484",2.166948,21.348824,26.625414,29.917494
"fig|214675.23.peg.485",5.526408,NA,3.260445,NA
"fig|214675.23.peg.487",308.92926,22.899626,207.626312,29.749454
"fig|214675.23.peg.488",390.178436,8.969144,208.680664,11.450259
"fig|214675.23.peg.489",70.435898,11.569689,43.213375,12.194681
"fig|214675.23.peg.490",4.331542,7.404443,1.983849,4.268298
"fig|214675.23.peg.491",12.450948,8.145295,10.174396,5.342054
"fig|214675.23.peg.492",15.860718,3.172428,10.879185,4.043679
"fig|214675.23.peg.493",7.99189,2.682984,6.99909,4.587036
"fig|214675.23.peg.494",113.794044,29.939728,40.167568,39.279133
"fig|214675.23.peg.496",2.674554,1.261928,3.125468,2.362667
"fig|214675.23.peg.497",157.802658,6.140965,97.681442,7.701592
"fig|214675.23.peg.498",10.668771,0.604593,19.880188,1.294552
"fig|214675.23.peg.500",6.615407,2.161267,7.628941,3.721837
"fig|214675.23.peg.501",156.28479,51.755905,104.275047,129.417175
"fig|214675.23.peg.502",76.053902,6.403625,301.534393,18.602188
"fig|214675.23.peg.503",4.585977,3.077384,2.373696,2.396155
"fig|214675.23.peg.504",24.632807,2.760263,24.358219,4.986444
"fig|214675.23.peg.505",46.963734,4.437689,40.951576,7.604145
"fig|214675.23.peg.506",22.506943,5.447047,50.111984,11.05612
"fig|214675.23.peg.507",2.800319,1.697585,0.659081,0.484212
"fig|214675.23.peg.508",0.935798,NA,NA,NA
"fig|214675.23.peg.509",4.05718,0.639925,1.093496,NA
"fig|214675.23.peg.579",1.644643,NA,5.496044,NA
"fig|214675.23.peg.515",4.349393,0.492948,3.169348,1.016169
"fig|214675.23.peg.517",67.726738,11.412434,26.746494,11.5514
"fig|214675.23.peg.518",15.996249,3.50005,19.139967,6.624588
"fig|214675.23.peg.519",102.515724,11.445565,83.430992,19.575518
"fig|214675.23.rna.8",30.661469,19.852459,45.136135,22.625927
"fig|214675.23.rna.9",2065.513916,129.479828,7746.519043,119.202972
"fig|214675.23.peg.520",53.464344,10.902645,35.090023,16.997189
"fig|214675.23.peg.521",23.951542,2.782826,20.634041,4.922308
"fig|214675.23.peg.523",5.583646,3.008396,4.670014,3.644076
"fig|214675.23.peg.524",20.403183,10.451515,12.817125,12.327891
"fig|214675.23.peg.525",4.101596,0.355255,7.103196,0.808278
"fig|214675.23.peg.526",1.11505,1.520135,1.167849,1.204222
"fig|214675.23.peg.527",95.381783,31.455259,50.403999,62.152981
"fig|214675.23.peg.528",830.196594,36.198177,462.025574,59.879112
"fig|214675.23.peg.529",396.548676,31.221285,187.153458,28.018091
"fig|214675.23.peg.530",11.77025,3.70658,15.97434,7.852917
"fig|214675.23.peg.531",27.866232,6.878345,36.740921,23.282732
"fig|214675.23.peg.532",17.125862,2.534837,12.262599,8.005992
"fig|214675.23.peg.533",6.386633,5.119874,10.277077,10.657774
"fig|214675.23.peg.534",12.672142,9.383606,4.241978,11.267501
"fig|214675.23.peg.535",227.428375,11.892295,4.617924,18.100105
"fig|214675.23.peg.536",12.522752,0.831527,11.043829,2.691594
"fig|214675.23.peg.538",77.127327,3.981518,31.130981,5.458163
"fig|214675.23.peg.539",33.232937,4.094208,24.872236,7.698925
"fig|214675.23.peg.540",171.190811,71.945435,75.463547,72.173462
"fig|214675.23.peg.541",41.900097,10.683264,29.713358,13.029447
"fig|214675.23.peg.542",1.451742,NA,1.108099,NA
"fig|214675.23.peg.543",1.198165,NA,0.86429,0.406566
"fig|214675.23.peg.544",10.378033,0.87403,10.997668,2.368625
"fig|214675.23.peg.545",13.837731,1.935399,21.921013,5.142357
"fig|214675.23.peg.546",11.582309,3.86043,10.204462,7.319338
"fig|214675.23.peg.547",2.201834,0.636268,3.581117,2.004938
"fig|214675.23.rna.10",2563.549561,75.145424,1560.812744,78.828575
"fig|214675.23.peg.549",1.401522,0.552618,1.986012,0.454106
"fig|214675.23.peg.551",4.746478,0.613808,2.444748,0.599234
"fig|214675.23.peg.553",1.017431,1.229957,NA,0.450908
"fig|214675.23.peg.554",4.357335,0.417882,1.979906,NA
"fig|214675.23.peg.556",12.713964,1.302626,6.184242,1.668674
"fig|214675.23.peg.557",2.434935,0.733261,0.997538,0.674564
"fig|214675.23.peg.558",0.806294,NA,0.745583,0.798105
"fig|214675.23.peg.560",36.888332,0.459344,4.989054,5.488149
"fig|214675.23.peg.561",63.999603,5.813576,31.268978,8.596151
"fig|214675.23.peg.562",14.044305,1.221415,10.335752,1.257877
"fig|214675.23.peg.563",19.476019,1.763109,0.914778,7.114321
"fig|214675.23.peg.564",32.899437,4.29421,NA,4.602819
"fig|214675.23.peg.565",20.022432,3.128767,NA,3.590557
"fig|214675.23.peg.566",9.136998,3.183038,5.912351,4.224736
"fig|214675.23.peg.567",34.364342,2.742119,23.848017,3.247018
"fig|214675.23.peg.568",9.081877,3.378354,5.168684,4.558932
"fig|214675.23.peg.569",15.607326,1.693913,7.718051,2.320172
"fig|214675.23.peg.570",0.888449,1.852661,0.756708,1.470243
"fig|214675.23.peg.571",10.830571,4.188163,5.568528,3.971572
"fig|214675.23.peg.572",14.071455,2.598419,6.525167,2.666973
"fig|214675.23.peg.573",5.648011,7.150257,2.545044,5.008818
"fig|214675.23.peg.574",108.072746,14.276931,22.17634,9.395899
"fig|214675.23.peg.575",110.1931,17.652739,46.487267,11.462868
"fig|214675.23.peg.576",25.53413,13.556239,8.198181,8.969628
"fig|214675.23.peg.577",58.22065,1.567679,15.830073,1.589284
"fig|214675.23.peg.580",5.188628,1.919968,5.891424,4.969522
"fig|214675.23.peg.581",90.559944,8.766361,68.761322,18.389244
"fig|214675.23.peg.582",44.745358,2.266626,57.403,5.240847
"fig|214675.23.peg.583",43.468002,4.658993,36.597702,9.224473
"fig|214675.23.peg.584",279.331421,115.870834,226.88092,148.515701
"fig|214675.23.peg.585",95.336555,17.283092,54.250126,30.249084
"fig|214675.23.peg.588",6.619177,2.751739,5.403257,3.693182
"fig|214675.23.peg.589",46.948795,3.190123,36.637981,5.513307
"fig|214675.23.peg.590",0.970137,1.093384,1.852623,2.307166
"fig|214675.23.peg.591",1.094409,0.968125,NA,1.052879
"fig|214675.23.peg.592",103.480515,13.397256,43.299946,12.75428
"fig|214675.23.peg.1245",23.784529,7.936524,6.098327,3.514919
"fig|214675.23.peg.1246",7.506278,3.623621,1.856532,2.583215
"fig|214675.23.peg.1247",1.411859,NA,NA,NA
"fig|214675.23.peg.1249",390.363586,28.239468,163.960846,46.903805
"fig|214675.23.peg.1250",21.907627,1.915017,12.707299,2.792425
"fig|214675.23.peg.1251",1.310351,0.584766,1.495849,1.052741
"fig|214675.23.peg.1252",2.610685,0.682841,1.810332,1.189936
"fig|214675.23.peg.1253",1.390081,1.075326,1.380065,1.876095
"fig|214675.23.peg.1300",8.174783,1.89223,4.000068,2.77494
"fig|214675.23.peg.1301",73.614281,3.041545,28.254578,3.470429
"fig|214675.23.peg.1302",80.698723,7.401673,33.880615,9.447228
"fig|214675.23.peg.1303",29.364079,5.576921,19.097652,5.867319
"fig|214675.23.peg.1304",33.035866,7.215574,18.266417,11.733693
"fig|214675.23.peg.1254",147.040482,4.464497,115.046989,7.068317
"fig|214675.23.peg.1255",33.896198,3.377057,18.580927,5.4566
"fig|214675.23.peg.1256",34.472252,7.305037,9.270612,5.551373
"fig|214675.23.peg.1257",139.878296,24.397007,87.080666,30.024378
"fig|214675.23.peg.1258",1.603527,NA,1.536556,NA
"fig|214675.23.peg.1259",2.147148,0.856918,NA,0.75829
"fig|214675.23.peg.1260",1.041529,0.618863,1.684219,1.057349
"fig|214675.23.peg.1261",0.651308,NA,1.826935,1.382309
"fig|214675.23.peg.1262",4.285869,0.763955,5.858231,1.739138
"fig|214675.23.peg.1263",4.347202,1.182021,8.038692,1.884987
"fig|214675.23.peg.1264",3.991537,1.55302,7.131823,3.466851
"fig|214675.23.peg.1265",1614.622192,74.177589,753.595276,111.613914
"fig|214675.23.peg.1266",177.003891,53.266956,104.105896,74.557991
"fig|214675.23.peg.1267",11.893796,2.075096,16.334599,5.640481
"fig|214675.23.peg.1268",115.248444,23.886045,70.501785,34.837803
"fig|214675.23.peg.1269",2.79927,0.749996,2.086777,1.726737
"fig|214675.23.peg.1271",0.921,0.869948,0.936949,3.26509
"fig|214675.23.peg.1272",153.641693,29.81385,109.331184,47.143219
"fig|214675.23.peg.1273",281.235199,38.816196,184.354141,67.742287
"fig|214675.23.peg.1274",114.104347,14.446113,92.06469,30.715305
"fig|214675.23.rna.15",77.968575,23.480467,58.459225,27.582174
"fig|214675.23.peg.1275",16.865637,5.438917,11.738904,8.973159
"fig|214675.23.peg.1276",41.554741,6.163391,35.457481,13.057124
"fig|214675.23.peg.1277",11.898099,1.405542,15.692688,2.783468
"fig|214675.23.peg.1278",11.336362,4.74202,2.819032,2.468111
"fig|214675.23.peg.1280",63.706821,10.105218,57.388973,21.474264
"fig|214675.23.peg.1281",133.778305,10.604526,148.797409,21.831787
"fig|214675.23.peg.1282",2.514888,NA,2.151116,0.913452
"fig|214675.23.peg.1283",100.838249,16.660753,83.790817,29.511309
"fig|214675.23.peg.1284",8.998492,NA,10.552795,1.331771
"fig|214675.23.peg.1285",3.518916,0.936446,9.489659,4.322168
"fig|214675.23.peg.1286",137.873489,36.928928,111.935616,52.352833
"fig|214675.23.peg.1287",61.220657,10.063182,60.759151,15.578435
"fig|214675.23.peg.1288",16.93922,5.406554,9.979753,8.871023
"fig|214675.23.peg.1289",63.503212,4.098561,61.288517,6.551211
"fig|214675.23.peg.1290",6.571051,2.430522,5.980296,4.387609
"fig|214675.23.peg.1291",2.09386,0.703166,2.435289,1.426746
"fig|214675.23.peg.1292",12.745617,2.464169,15.864054,4.280526
"fig|214675.23.peg.1293",5.848203,2.069621,6.856346,4.472343
"fig|214675.23.peg.1294",67.421631,0.781526,68.840469,1.722789
"fig|214675.23.peg.1295",66.531067,4.522835,25.776392,5.682768
"fig|214675.23.peg.1296",3.463776,1.407667,2.441603,1.826863
"fig|214675.23.peg.1297",1.874767,0.979066,1.376639,1.811728
"fig|214675.23.peg.593",0.941255,NA,NA,0.374452
"fig|214675.23.peg.595",5.034223,0.996619,12.906581,2.661656
"fig|214675.23.peg.596",23.627359,25.073847,8.412145,23.736835
"fig|214675.23.peg.597",17.186516,63.113792,8.471915,36.716274
"fig|214675.23.peg.599",2.707648,1.31532,NA,0.923539
"fig|214675.23.peg.602",2.223612,NA,0.741657,0.689562
"fig|214675.23.peg.603",14.069449,1.461597,10.329382,1.909037
"fig|214675.23.peg.604",11.67182,0.52447,8.273878,0.708665
"fig|214675.23.peg.605",2.885257,0.618077,3.711705,1.113167
"fig|214675.23.peg.606",6.872889,2.04485,5.021066,2.704747
"fig|214675.23.peg.607",150.936707,18.109814,165.033829,52.036934
"fig|214675.23.peg.608",156.750015,31.492817,156.747009,105.002724
"fig|214675.23.peg.609",121.41394,12.657775,154.234406,41.975281
"fig|214675.23.peg.610",5.967092,4.095675,11.576259,12.9663
"fig|214675.23.peg.611",0.682559,0.643807,NA,1.978721
"fig|214675.23.peg.612",5.292766,3.149033,7.827761,5.660066
"fig|214675.23.peg.613",3.256614,1.894502,5.239448,4.518456
"fig|214675.23.peg.614",3.084694,1.039357,5.479364,2.711218
"fig|214675.23.peg.615",6.820645,0.610497,7.441685,1.867281
"fig|214675.23.peg.616",0.821818,0.712929,NA,0.41804
"fig|214675.23.peg.617",18.700899,2.159737,2.617577,0.611784
"fig|214675.23.peg.619",5.063112,1.641423,8.11183,4.190964
"fig|214675.23.peg.620",23.713493,7.004811,20.809025,10.33205
"fig|214675.23.peg.621",88.482109,7.67672,53.503696,8.889105
"fig|214675.23.peg.622",93.779633,35.668438,38.689716,21.060284
"fig|214675.23.peg.623",10.671054,1.439054,12.817636,5.153879
"fig|214675.23.peg.624",270.063232,49.699959,131.172867,40.835075
"fig|214675.23.peg.625",1.668326,0.389206,1.368902,0.461358
"fig|214675.23.peg.626",0.72401,1.77758,22.262287,2.57476
"fig|214675.23.peg.627",232.102432,73.725479,36.959942,77.318535
"fig|214675.23.peg.628",428.091858,82.577156,194.642273,107.22953
"fig|214675.23.peg.629",535.155396,74.508667,238.502426,95.832916
"fig|214675.23.peg.630",160.791855,86.115158,77.399109,98.367668
"fig|214675.23.peg.631",221.717773,101.043755,94.634705,141.286285
"fig|214675.23.peg.632",248.110229,111.930237,143.950653,160.208588
"fig|214675.23.peg.633",171.284851,100.073593,134.139435,167.816986
"fig|214675.23.peg.634",4.777308,2.733284,4.72728,4.098113
"fig|214675.23.peg.635",113.435822,0.902484,61.979763,1.425494
"fig|214675.23.peg.636",2.955994,NA,1.812005,NA
"fig|214675.23.peg.638",11.121984,1.041676,6.641175,1.103162
"fig|214675.23.peg.641",0.837448,0.932765,1.818908,1.556382
"fig|214675.23.peg.642",1.957743,0.853489,2.81754,2.355525
"fig|214675.23.peg.643",7.315962,0.913665,12.207906,1.972257
"fig|214675.23.peg.644",120.339691,5.39161,100.78157,8.365777
"fig|214675.23.peg.646",5.09993,2.120108,4.616206,2.946743
"fig|214675.23.peg.647",25.206619,3.681519,23.11315,5.901752
"fig|214675.23.peg.648",6.310938,2.37548,8.405239,4.066983
"fig|214675.23.peg.649",11.461323,5.348775,6.013935,4.887822
"fig|214675.23.peg.650",9.134007,3.161367,2.013836,1.110489
"fig|214675.23.peg.651",1.317757,1.423956,0.931556,1.353411
"fig|214675.23.peg.652",2.06398,1.347376,3.47355,3.103988
"fig|214675.23.peg.653",50.171097,16.37199,52.625183,20.96364
"fig|214675.23.peg.654",84.960457,76.629929,42.240726,59.233032
"fig|214675.23.peg.655",143.362076,4.767168,70.721397,5.733328
"fig|214675.23.peg.656",4.598702,1.078949,5.30017,2.499669
"fig|214675.23.peg.657",19.161005,9.676127,18.583694,17.611217
"fig|214675.23.peg.658",279.494263,11.564205,190.416931,23.977779
"fig|214675.23.peg.659",53.351143,4.159676,52.104485,9.861581
"fig|214675.23.peg.660",61.854565,5.445467,43.842823,12.497638
"fig|214675.23.peg.661",65.473877,5.883051,65.006714,13.20086
"fig|214675.23.peg.662",4.537784,3.89232,4.72879,10.033516
"fig|214675.23.peg.663",13.39066,3.728943,15.914068,7.866076
"fig|214675.23.peg.664",58.169174,4.806575,53.561932,9.237527
"fig|214675.23.peg.665",23.323929,16.881527,17.699881,25.495525
"fig|214675.23.peg.666",72.941093,22.131386,29.054617,29.544462
"fig|214675.23.peg.667",25.31023,9.950573,25.859373,18.544331
"fig|214675.23.peg.669",4.729124,1.554814,4.696833,2.035515
"fig|214675.23.peg.670",47.441402,5.797146,13.953757,4.916144
"fig|214675.23.peg.671",62.497303,0.740054,48.84948,1.064497
"fig|214675.23.peg.672",18.497761,3.839239,9.566635,5.304905
"fig|214675.23.peg.673",54.974865,6.47156,119.20269,13.396343
"fig|214675.23.peg.674",5.406729,1.159183,6.042677,1.389008
"fig|214675.23.peg.675",12.400649,1.95819,12.875704,4.576099
"fig|214675.23.peg.676",15.5792,13.506175,9.906034,26.275021
"fig|214675.23.peg.677",555.372986,37.222546,253.243057,51.572067
"fig|214675.23.peg.678",78.644958,38.839012,45.932117,55.769726
"fig|214675.23.peg.680",1.07999,NA,NA,NA
"fig|214675.23.peg.681",68.137543,9.214172,34.310757,12.193321
"fig|214675.23.peg.682",34.742718,4.512517,19.075073,6.222754
"fig|214675.23.peg.683",6.507947,1.628683,4.92306,2.516278
"fig|214675.23.peg.684",1.240477,13.606819,1.543592,16.709202
"fig|214675.23.peg.685",15.238483,9.742872,5.015398,9.862198
"fig|214675.23.peg.686",1.710158,0.536366,0.675352,0.792812
"fig|214675.23.peg.687",52.538116,NA,23.39435,0.570936
"fig|214675.23.peg.688",80.34478,5.160257,44.099392,4.762052
"fig|214675.23.peg.689",4.859821,0.460163,6.683134,1.492853
"fig|214675.23.peg.690",1.819903,NA,4.302398,0.670939
"fig|214675.23.peg.691",2.218214,NA,2.462069,0.454174
"fig|214675.23.peg.692",5.465677,0.878394,5.873281,1.718989
"fig|214675.23.peg.693",12.550128,3.193074,8.466668,5.735558
"fig|214675.23.peg.694",88.672531,13.540295,100.838799,29.607628
"fig|214675.23.peg.695",56.930573,32.121304,41.109463,47.655296
"fig|214675.23.peg.696",106.979935,59.405285,107.993111,114.913643
"fig|214675.23.peg.697",3.949342,8.915598,3.34698,6.52809
"fig|214675.23.peg.698",31.081512,13.042666,14.752367,12.006965
"fig|214675.23.peg.699",7.800227,1.711378,16.273409,4.205282
"fig|214675.23.peg.700",35.318638,4.460285,1.801253,4.470096
"fig|214675.23.peg.701",2.804751,1.759489,1.541347,1.918418
"fig|214675.23.peg.702",3.114024,0.391275,3.089134,1.117853
"fig|214675.23.peg.703",16.588139,2.557284,12.302463,4.763104
"fig|214675.23.peg.704",39.716908,7.264847,27.864897,10.488619
"fig|214675.23.peg.707",2.152648,2.421869,1.330913,3.360959
"fig|214675.23.peg.708",390.491241,60.907192,358.48584,90.234253
"fig|214675.23.peg.709",311.46817,47.408695,108.923866,54.41452
"fig|214675.23.peg.710",27.359034,8.653452,36.653061,16.495888
"fig|214675.23.peg.711",7.683667,3.953605,10.434205,4.865582
"fig|214675.23.peg.712",1.950169,3.799514,1.413553,5.71358
"fig|214675.23.peg.713",476.102814,68.314011,152.191345,70.428696
"fig|214675.23.peg.714",15.472726,3.041351,9.443608,3.422894
"fig|214675.23.peg.715",69.298355,2.703726,29.023214,3.078423
"fig|214675.23.peg.716",1.790981,NA,0.931176,NA
"fig|214675.23.peg.718",0.853085,NA,0.879961,NA
"fig|214675.23.peg.720",1.24248,2.685018,3.666801,9.67026
"fig|214675.23.peg.721",123.138344,27.452559,110.458267,39.076488
"fig|214675.23.peg.722",350.378082,46.90538,265.163239,53.506069
"fig|214675.23.peg.723",5.682422,28.015656,4.399299,41.874882
"fig|214675.23.peg.724",5.232789,7.202877,3.593197,11.690572
"fig|214675.23.peg.725",6.386054,1.542741,5.72503,3.041111
"fig|214675.23.peg.726",0.709737,NA,NA,NA
"fig|214675.23.peg.727",2.71391,NA,1.359517,NA
"fig|214675.23.peg.728",81.244179,17.367844,10.986639,9.62888
"fig|214675.23.peg.729",2.506893,1.795679,2.389282,3.18276
"fig|214675.23.peg.730",2.273232,0.540883,3.934217,1.421407
"fig|214675.23.peg.731",52.066799,5.544252,40.171291,8.817382
"fig|214675.23.peg.732",20.939837,5.711084,15.474086,7.84924
"fig|214675.23.peg.733",20.767241,9.815441,14.754375,19.560734
"fig|214675.23.peg.734",4.985639,0.870394,7.582446,1.786416
"fig|214675.23.peg.735",5.24438,0.483158,5.543113,1.043726
"fig|214675.23.peg.736",23.187359,0.781569,19.045021,1.932629
"fig|214675.23.peg.737",1.215605,0.372103,3.957856,3.256357
"fig|214675.23.peg.738",50.173519,11.799895,62.986023,20.823212
"fig|214675.23.peg.739",6.082532,8.727331,7.711749,15.401072
"fig|214675.23.peg.740",85.049576,13.357256,23.392347,9.34155
"fig|214675.23.peg.741",135.424271,12.24385,39.229649,10.416177
"fig|214675.23.peg.742",23.477818,4.05778,12.397678,4.313536
"fig|214675.23.peg.743",21.333467,3.265636,18.614767,5.511182
"fig|214675.23.peg.744",13.650479,5.594315,7.190355,7.459858
"fig|214675.23.peg.745",64.972412,3.294476,36.513756,3.349754
"fig|214675.23.peg.746",628.709351,18.174807,340.161713,38.194244
"fig|214675.23.peg.747",34.220825,6.578393,40.067799,17.115469
"fig|214675.23.peg.749",2.819945,1.523605,2.902576,2.818397
"fig|214675.23.peg.750",15.018416,2.251868,14.940722,4.300812
"fig|214675.23.peg.752",16.864723,5.932175,46.084141,31.492485
"fig|214675.23.peg.753",21.151215,2.278944,55.284115,12.455128
"fig|214675.23.peg.754",6.93701,3.181667,43.049446,15.399144
"fig|214675.23.peg.755",35.776051,5.534382,82.139626,26.706615
"fig|214675.23.peg.756",13.814088,1.381647,35.667435,8.356985
"fig|214675.23.peg.757",8.779825,2.718293,23.256285,12.507129
"fig|214675.23.peg.758",10.05358,1.391219,27.987068,7.03887
"fig|214675.23.peg.759",63.896343,3.232006,110.15892,14.733347
"fig|214675.23.peg.760",327.510406,10.504586,195.277069,14.775695
"fig|214675.23.peg.761",23.794525,3.570502,22.104633,5.616464
"fig|214675.23.peg.762",8.416493,1.641824,7.7273,1.869287
"fig|214675.23.peg.763",32.334873,4.017375,13.094137,3.949579
"fig|214675.23.peg.764",23.851313,4.05734,12.874534,5.287533
"fig|214675.23.peg.765",63.08147,6.790103,25.336613,6.93471
"fig|214675.23.peg.766",39.421265,5.327143,40.337379,7.317062
"fig|214675.23.peg.767",42.53368,1.088402,28.814188,1.71789
"fig|214675.23.peg.768",10.107061,6.227735,10.203192,9.883613
"fig|214675.23.peg.769",46.138325,7.68284,22.85845,6.386461
"fig|214675.23.peg.771",12.504932,3.208915,4.477147,2.168917
"fig|214675.23.peg.772",2.925857,0.453314,2.649591,1.18748
"fig|214675.23.peg.773",6.916083,3.897913,12.767254,7.248247
"fig|214675.23.peg.774",1.01756,1.72857,1.373787,4.135735
"fig|214675.23.peg.775",1.643121,0.353229,2.709127,0.466932
"fig|214675.23.peg.776",73.728775,13.571554,51.692719,18.014149
"fig|214675.23.peg.777",11.855865,11.722638,6.874097,14.857671
"fig|214675.23.peg.778",37.673626,7.647532,39.662872,17.259768
"fig|214675.23.peg.779",104.514603,8.276664,98.681419,19.232075
"fig|214675.23.peg.780",2.462209,1.827229,2.861026,4.163024
"fig|214675.23.peg.782",73.18985,7.281557,26.429682,5.680838
"fig|214675.23.peg.783",1399.023438,28.034359,311.86908,15.801702
"fig|214675.23.peg.784",18.715017,18.171873,84.227249,33.644066
"fig|214675.23.peg.785",3.415473,1.458195,5.183402,2.28323
"fig|214675.23.peg.787",18.949144,0.457935,10.692313,0.552976
"fig|214675.23.peg.788",414.343658,63.857159,106.198944,43.397503
"fig|214675.23.peg.789",0.862378,0.682178,NA,0.646947
"fig|214675.23.peg.790",20.957941,5.218216,9.799153,5.99277
"fig|214675.23.peg.791",76.857826,12.916771,51.701759,17.308327
"fig|214675.23.peg.792",41.740231,5.111863,33.265591,9.050994
"fig|214675.23.peg.793",2.417835,0.556739,2.900859,1.74913
"fig|214675.23.peg.794",24.70772,3.075512,26.222839,5.478292
"fig|214675.23.peg.795",39.381714,3.783938,23.068531,6.42134
"fig|214675.23.peg.796",31.14389,3.535688,16.965311,5.647563
"fig|214675.23.peg.797",14.391579,4.019528,8.123755,4.378153
"fig|214675.23.peg.798",93.098663,30.794893,46.061855,28.923544
"fig|214675.23.peg.799",8.117038,10.310325,7.574602,13.153541
"fig|214675.23.peg.800",18.280788,3.687047,10.229163,5.241566
"fig|214675.23.peg.801",60.302269,5.43496,46.504143,7.683365
"fig|214675.23.peg.802",42.395885,8.973768,17.430916,14.252968
"fig|214675.23.peg.803",42.133503,5.12359,47.84634,7.928315
"fig|214675.23.peg.804",90.533531,10.534053,45.134663,15.883836
"fig|214675.23.peg.805",6.137153,3.909685,2.575692,5.237311
"fig|214675.23.peg.807",17.893515,7.364909,8.410709,17.775667
"fig|214675.23.peg.808",3.981675,25.190056,4.184727,38.474651
"fig|214675.23.peg.809",16.656109,1.667688,13.052634,2.491214
"fig|214675.23.peg.811",141.89566,26.110424,27.671349,9.547379
"fig|214675.23.peg.812",0.711812,2.65966,NA,2.943552
"fig|214675.23.peg.813",7.503984,1.821888,3.293569,2.368228
"fig|214675.23.peg.814",1.666664,NA,1.530765,0.369297
"fig|214675.23.peg.816",4.298317,2.313325,6.14326,3.091335
"fig|214675.23.peg.817",0.730355,0.354328,0.968611,1.020901
"fig|214675.23.peg.818",7.92457,2.956321,12.0413,6.562694
"fig|214675.23.peg.819",76.983727,17.237095,55.621769,27.19006
"fig|214675.23.peg.820",35.896275,5.128018,24.600704,5.275246
"fig|214675.23.peg.821",3.449477,2.469357,3.092021,2.834117
"fig|214675.23.peg.822",13.072731,0.62013,9.640447,1.273719
"fig|214675.23.peg.823",15.699697,4.4209,18.006783,6.034385
"fig|214675.23.peg.824",11.7038,2.01133,9.032526,4.185347
"fig|214675.23.peg.825",0.830572,0.631087,2.166297,2.223179
"fig|214675.23.peg.827",28.224316,4.421008,11.457244,6.062525
"fig|214675.23.peg.828",5.751142,10.794188,8.556287,12.848841
"fig|214675.23.peg.829",224.524399,0.755584,146.367401,1.69496
"fig|214675.23.peg.830",13.369889,49.165665,6.185967,53.79372
"fig|214675.23.peg.833",321.572662,34.053535,235.631622,46.077518
"fig|214675.23.peg.834",259.009216,798.584473,137.680496,843.273499
"fig|214675.23.peg.835",26.371082,4.41353,21.036631,7.667787
"fig|214675.23.peg.836",1.868078,4.294432,2.821804,6.97893
"fig|214675.23.peg.837",52.068878,4.457736,45.764278,8.135759
"fig|214675.23.peg.838",16.959372,1.82525,NA,4.727958
"fig|214675.23.peg.839",26.667427,4.77704,11.905312,4.700521
"fig|214675.23.peg.840",72.241524,5.385838,90.176125,9.64163
"fig|214675.23.peg.841",5.364157,2.070384,6.741274,5.397845
"fig|214675.23.peg.842",6.548181,9.50393,3.193235,6.886549
"fig|214675.23.peg.843",52.723038,5.796338,23.395962,8.545135
"fig|214675.23.peg.844",134.662582,13.206758,60.600086,10.500645
"fig|214675.23.peg.845",37.223698,2.365783,22.824965,2.957278
"fig|214675.23.peg.847",2.995569,0.859852,2.260457,1.367403
"fig|214675.23.peg.848",8.139114,2.171511,7.453252,4.087924
"fig|214675.23.peg.849",160.779205,161.252975,20.694218,67.225624
"fig|214675.23.peg.851",76.212898,3.949853,34.164978,3.091335
"fig|214675.23.peg.852",7.412143,2.294322,17.486244,3.342735
"fig|214675.23.peg.855",233.712433,12.196497,348.197998,25.778568
"fig|214675.23.peg.856",177.19043,162.519089,150.096436,311.462616
"fig|214675.23.peg.857",2.827355,23.235504,2.932971,49.454838
"fig|214675.23.peg.858",110.983307,10.607086,153.082153,32.730289
"fig|214675.23.peg.859",3.582461,4.161523,6.639452,8.981105
"fig|214675.23.peg.860",15.661239,5.169083,14.294223,8.115785
"fig|214675.23.peg.861",24.828047,4.116848,10.954152,4.530128
"fig|214675.23.peg.862",50.336678,5.361573,28.259554,6.052377
"fig|214675.23.peg.863",21.766729,3.179463,16.139738,NA
"fig|214675.23.peg.864",5.725604,1.148063,3.131744,1.688909
"fig|214675.23.peg.865",13.13581,4.715574,11.510613,7.183702
"fig|214675.23.peg.866",47.329151,35.92709,16.322872,25.472918
"fig|214675.23.peg.867",60.977058,5.11129,45.367844,7.108979
"fig|214675.23.peg.869",164.350906,11.776691,44.586624,11.026045
"fig|214675.23.peg.870",403.295593,48.306198,103.712173,28.19948
"fig|214675.23.peg.871",72.440796,34.513577,32.841389,25.188148
"fig|214675.23.peg.872",39.869713,27.152592,32.490913,36.073086
"fig|214675.23.peg.873",14.925905,5.422971,16.444439,8.225978
"fig|214675.23.peg.874",44.758743,12.022513,19.425306,10.991092
"fig|214675.23.peg.875",19.167048,8.77935,11.871197,10.835602
"fig|214675.23.peg.876",22.242275,4.95098,26.825218,13.980793
"fig|214675.23.peg.878",3.032928,1.220863,6.307454,3.772456
"fig|214675.23.peg.879",0.653869,0.611226,2.414751,0.476951
"fig|214675.23.peg.880",0.697466,0.592942,2.122045,0.948392
"fig|214675.23.peg.881",10.242827,3.385354,11.229261,3.645774
"fig|214675.23.peg.883",1.8613,0.985624,1.876668,1.117633
"fig|214675.23.peg.884",0.853784,NA,NA,NA
"fig|214675.23.peg.885",0.660387,0.709098,NA,NA
"fig|214675.23.peg.887",2.23559,1.60189,1.923912,1.834135
"fig|214675.23.peg.888",1.767072,NA,3.209735,NA
"fig|214675.23.peg.889",0.80996,0.576133,2.100003,0.800685
"fig|214675.23.peg.890",5.166337,1.702279,4.988719,2.359153
"fig|214675.23.peg.891",5.462088,8.395761,6.25323,9.168695
"fig|214675.23.peg.892",82.534309,7.663375,56.658566,6.874619
"fig|214675.23.peg.893",48.660995,3.691032,33.735603,7.193637
"fig|214675.23.peg.894",60.065212,2.779411,29.67263,3.601238
"fig|214675.23.peg.895",17.634638,5.974216,13.306437,11.037937
"fig|214675.23.peg.896",14.905831,3.024064,10.558001,4.189389
"fig|214675.23.peg.897",11.041257,1.763851,7.12162,2.506799
"fig|214675.23.peg.898",11.519867,2.037568,4.737062,2.105126
"fig|214675.23.peg.899",41.550968,4.084939,10.964111,3.809997
"fig|214675.23.peg.900",1.566961,1.943029,1.242167,1.374203
"fig|214675.23.peg.901",304.271851,60.218136,39.687008,38.983742
"fig|214675.23.peg.902",192.593796,53.846256,67.727379,57.374149
"fig|214675.23.peg.903",6.7345,2.237662,9.082749,3.379107
"fig|214675.23.peg.904",2.38975,0.693511,6.257795,1.923712
"fig|214675.23.peg.905",17.724874,1.478744,29.881084,5.149842
"fig|214675.23.peg.906",4.366868,1.86294,5.368616,4.988636
"fig|214675.23.peg.907",5.784443,4.409101,5.206155,6.724641
"fig|214675.23.peg.908",89.107506,19.300114,78.279289,13.387301
"fig|214675.23.peg.909",77.911583,7.434954,49.023972,12.472489
"fig|214675.23.peg.910",2.721189,0.830814,2.39714,1.282825
"fig|214675.23.rna.11",8.887199,50.174313,10.524947,62.552437
"fig|214675.23.rna.12",18.485586,175.225281,21.539059,216.079681
"fig|214675.23.peg.911",87.555679,8.790447,43.012257,7.10318
"fig|214675.23.peg.912",10.669111,4.671971,5.977338,5.162373
"fig|214675.23.rna.13",33.080441,5.332889,42.128391,6.569261
"fig|214675.23.peg.913",10.470401,3.294231,10.130851,2.938101
"fig|214675.23.peg.914",25.401173,3.490715,29.895451,10.754623
"fig|214675.23.peg.915",5.397601,5.070141,4.08226,5.244111
"fig|214675.23.peg.916",32.146355,14.370915,18.801804,9.693047
"fig|214675.23.peg.917",8.074037,3.172631,2.644058,1.738876
"fig|214675.23.peg.918",0.676023,1.043915,0.904164,2.426263
"fig|214675.23.peg.919",69.714035,26.746134,27.227579,26.388
"fig|214675.23.peg.920",10.535146,19.503677,8.787625,20.73945
"fig|214675.23.peg.921",198.984299,15.757803,123.380302,24.365957
"fig|214675.23.peg.922",51.089031,5.235578,22.777828,7.666784
"fig|214675.23.peg.923",21.888206,2.70945,9.085399,3.048215
"fig|214675.23.peg.924",8.467013,1.757105,4.444355,2.236818
"fig|214675.23.peg.925",7.774084,0.936193,7.046256,1.255799
"fig|214675.23.peg.926",23.93539,20.504675,21.918137,23.028046
"fig|214675.23.peg.927",229.118134,1206.664795,50.834351,340.958527
"fig|214675.23.peg.928",73.705772,7.939785,44.653683,10.538542
"fig|214675.23.peg.929",38.112804,8.22949,16.697372,8.810398
"fig|214675.23.peg.930",69.457176,6.156437,51.511948,9.928067
"fig|214675.23.peg.931",1886.733521,144.394165,884.699951,135.319168
"fig|214675.23.peg.932",137.252991,8.284103,38.750748,4.718709
"fig|214675.23.peg.933",1.302657,1.016263,1.215724,1.428642
"fig|214675.23.peg.934",18.865656,2.822952,23.299023,3.609015
"fig|214675.23.peg.935",301.263611,16.833878,90.9375,12.579092
"fig|214675.23.peg.936",23.200087,2.320298,15.843619,3.202603
"fig|214675.23.peg.937",4.953044,0.52387,4.797434,1.24939
"fig|214675.23.peg.938",272.135773,21.686478,296.051514,20.166574
"fig|214675.23.peg.939",3.995409,4.093775,3.277129,8.180428
"fig|214675.23.peg.940",11.137456,NA,10.917181,1.076855
"fig|214675.23.peg.941",28.499069,4.2595,32.099323,8.130346
"fig|214675.23.peg.942",8.273337,2.207561,9.111712,3.547989
"fig|214675.23.peg.943",1.058292,2.639255,2.998593,4.141324
"fig|214675.23.peg.944",32.002357,3.064252,47.453156,8.696414
"fig|214675.23.peg.946",46.442345,63.763168,116.487556,37.981541
"fig|214675.23.peg.947",2.69253,1.940852,1.8271,2.102429
"fig|214675.23.peg.948",4.480478,1.27481,3.517365,1.614453
"fig|214675.23.peg.949",4.27663,1.280364,4.497082,1.475346
"fig|214675.23.peg.950",32.509857,7.413286,10.797274,8.366337
"fig|214675.23.peg.951",24.567142,11.190405,19.535717,15.533251
"fig|214675.23.peg.952",9.916136,2.798638,22.350704,9.124934
"fig|214675.23.peg.953",9.870236,5.094601,11.520521,13.120641
"fig|214675.23.peg.954",89.785927,12.377141,104.470352,27.446882
"fig|214675.23.peg.955",50.142086,8.469266,43.794579,15.655373
"fig|214675.23.peg.956",12.600691,4.527173,7.857048,4.105682
"fig|214675.23.peg.957",14.443621,3.677544,7.874761,5.050094
"fig|214675.23.peg.958",1.141793,1.13662,1.566103,3.013536
"fig|214675.23.peg.959",12.908268,1.830459,7.636324,2.353705
"fig|214675.23.peg.960",14.920787,2.132827,10.498956,2.839356
"fig|214675.23.peg.961",56.00758,4.84136,33.248936,5.979013
"fig|214675.23.peg.962",2.702935,1.506287,3.63006,2.602574
"fig|214675.23.peg.963",4.15801,2.512125,4.502433,3.878345
"fig|214675.23.peg.964",110.096237,4.370112,14.357906,4.70821
"fig|214675.23.peg.965",67.085663,8.173996,18.796364,5.460486
"fig|214675.23.peg.966",35.888836,8.776043,8.685445,5.344809
"fig|214675.23.peg.967",44.396477,4.814972,23.590519,4.231071
"fig|214675.23.peg.968",16.202919,2.014407,8.058825,2.511968
"fig|214675.23.peg.969",6.202333,2.637562,4.693236,3.227939
"fig|214675.23.peg.970",155.863525,4.755075,79.502213,4.600663
"fig|214675.23.peg.971",9.793637,2.254452,5.296716,1.963526
"fig|214675.23.peg.972",6.868124,1.885037,3.332323,1.299029
"fig|214675.23.peg.973",17.490536,5.393623,12.350083,10.188139
"fig|214675.23.peg.974",9.056098,11.119438,6.080049,13.232894
"fig|214675.23.peg.975",54.003922,95.479538,25.459833,69.471359
"fig|214675.23.peg.976",25.600386,2.907647,8.534749,3.300784
"fig|214675.23.peg.977",17.618387,1.275747,29.694773,1.759992
"fig|214675.23.peg.978",17.833309,1.445773,13.79197,2.079921
"fig|214675.23.peg.979",50.086922,12.238537,9.400647,10.179576
"fig|214675.23.peg.982",110.875977,11.034902,43.645863,9.175558
"fig|214675.23.peg.983",0.965334,1.117426,2.652687,1.93375
"fig|214675.23.peg.984",0.808275,1.121573,1.251267,3.593392
"fig|214675.23.peg.985",20.613323,1.934868,25.703537,4.378456
"fig|214675.23.peg.986",2.577993,1.077554,6.058986,2.368276
"fig|214675.23.peg.987",20.838905,7.625216,15.335734,6.629575
"fig|214675.23.peg.988",383.46759,29.212727,105.68528,14.923582
"fig|214675.23.peg.989",73.006554,8.861323,26.51734,5.859071
"fig|214675.23.peg.990",18.942926,5.152499,8.646216,4.695427
"fig|214675.23.peg.991",7.863808,1.916577,3.354091,2.942839
"fig|214675.23.peg.992",7.479281,11.59737,4.647341,7.421159
"fig|214675.23.peg.993",4.144405,2.633434,4.826928,3.265328
"fig|214675.23.peg.994",4.37642,2.470944,3.454619,3.292723
"fig|214675.23.peg.995",3038.807861,528.652405,1779.217896,578.53949
"fig|214675.23.peg.996",159.468033,711.302795,33.817554,614.51416
"fig|214675.23.peg.997",11.131205,1.788716,8.630898,2.42107
"fig|214675.23.peg.998",216.030701,38.553867,37.864372,23.885052
"fig|214675.23.peg.999",6.029782,4.545938,2.713592,7.125997
"fig|214675.23.peg.1000",24.301058,4.763817,19.504604,7.063072
"fig|214675.23.peg.1001",139.38237,11.569861,94.151901,15.76787
"fig|214675.23.peg.1002",67.242531,15.091425,46.340691,16.489344
"fig|214675.23.peg.1003",5.030841,2.600701,4.491855,6.173141
"fig|214675.23.peg.1004",8.284155,2.888705,7.474424,3.81629
"fig|214675.23.peg.1006",0.999566,NA,NA,0.500102
"fig|214675.23.peg.1007",1.527959,0.84075,1.334235,1.219397
"fig|214675.23.peg.1008",8.886578,2.84122,14.913303,6.463392
"fig|214675.23.peg.1009",1.526462,0.850004,1.048651,1.391641
"fig|214675.23.peg.1010",12.043302,4.891328,7.772136,8.565248
"fig|214675.23.peg.1011",37.153206,2.325211,33.194946,3.980636
"fig|214675.23.peg.1012",37.077763,4.350687,16.517452,5.370199
"fig|214675.23.peg.1013",1.35683,1.137743,1.196212,0.749516
"fig|214675.23.peg.1014",1.75812,0.363432,2.21964,0.537044
"fig|214675.23.peg.1016",90.684525,8.678856,27.484571,6.202948
"fig|214675.23.peg.1017",9.002806,2.271488,7.222272,3.185911
"fig|214675.23.peg.1018",14.785985,13.190537,7.716424,13.730449
"fig|214675.23.peg.1019",14.627671,7.0111,9.017354,8.529283
"fig|214675.23.peg.1020",4.244461,0.840091,5.999435,1.600589
"fig|214675.23.peg.1021",2.461857,NA,1.344219,0.785207
"fig|214675.23.peg.1023",3.138929,2.734224,2.771439,4.127927
"fig|214675.23.peg.1024",182.79245,10.998593,83.834618,11.206792
"fig|214675.23.peg.1026",25.600847,3.065996,21.995007,3.420517
"fig|214675.23.peg.1027",41.792126,6.578788,20.685602,7.580556
"fig|214675.23.peg.1028",105.281288,7.675554,46.766434,8.238153
"fig|214675.23.peg.1029",41.567505,2.803095,40.690224,3.165183
"fig|214675.23.peg.1030",10.048167,0.753276,13.276572,2.639889
"fig|214675.23.peg.1033",69.207939,33.503582,22.293005,9.972992
"fig|214675.23.peg.1035",0.841573,NA,NA,NA
"fig|214675.23.peg.1036",10.086063,0.862905,10.923959,1.750388
"fig|214675.23.peg.1037",276.93866,18.879965,189.318405,24.917406
"fig|214675.23.peg.1038",68.950714,10.957602,52.136948,15.009342
"fig|214675.23.peg.1039",42.794117,3.643897,31.224331,5.369377
"fig|214675.23.peg.1040",35.174633,5.72159,19.543486,7.799684
"fig|214675.23.peg.1041",375.23111,8.380256,263.963959,12.260554
"fig|214675.23.peg.1042",32.006756,30.636862,28.420681,36.605534
"fig|214675.23.peg.1043",96.657661,24.679667,67.811546,30.863865
"fig|214675.23.peg.1044",75.286171,41.619843,112.787819,108.553299
"fig|214675.23.peg.1045",133.428436,61.609573,107.54895,156.842636
"fig|214675.23.peg.1046",268.345612,75.499718,220.559418,190.339188
"fig|214675.23.peg.1047",130.997391,16.187777,264.099274,66.341019
"fig|214675.23.peg.1048",149.582428,23.369179,147.545624,51.386745
"fig|214675.23.peg.1049",6.358851,3.367936,16.665625,7.859259
"fig|214675.23.peg.1050",38.88084,8.315877,32.890423,14.944135
"fig|214675.23.peg.1051",22.238684,3.229581,27.232082,8.331331
"fig|214675.23.peg.1052",74.800522,11.060573,65.474739,20.164404
"fig|214675.23.peg.1053",21.130268,5.033386,19.036613,13.896461
"fig|214675.23.peg.1054",79.96212,7.919341,74.774254,17.518806
"fig|214675.23.peg.1056",5.348091,1.641242,4.094625,3.756144
"fig|214675.23.peg.1057",246.80159,37.500443,136.941055,35.347427
"fig|214675.23.peg.1058",154.869934,8.926613,226.660782,19.376644
"fig|214675.23.peg.1059",35.831356,8.483059,39.125172,19.35881
"fig|214675.23.peg.1060",1.04399,158.653275,1.43145,482.740082
"fig|214675.23.peg.1061",10.609844,2.580174,8.474919,3.244487
"fig|214675.23.peg.1062",8.884645,3.199558,5.665263,9.148374
"fig|214675.23.peg.1063",88.028252,1.634535,235.699188,5.437925
"fig|214675.23.peg.1064",42.645107,2.126916,39.980217,6.156188
"fig|214675.23.peg.1065",6.793089,2.548489,13.513083,6.341356
"fig|214675.23.peg.1066",280.162048,25.23592,214.686707,42.436634
"fig|214675.23.peg.1067",0.89207,NA,1.413812,NA
"fig|214675.23.peg.1068",10.475159,5.653235,4.115273,3.812653
"fig|214675.23.peg.1069",33.696842,3.889338,13.134466,3.27231
"fig|214675.23.peg.1070",6.305207,3.192133,3.865427,3.460427
"fig|214675.23.peg.1071",74.096977,17.042675,34.130348,15.186841
"fig|214675.23.peg.1072",73.387299,4.289827,93.241829,5.814193
"fig|214675.23.peg.1073",6.889806,3.107426,7.439309,3.569838
"fig|214675.23.peg.1074",19.85363,5.51313,9.737192,4.075875
"fig|214675.23.peg.1075",24.94948,3.914976,11.197809,4.084578
"fig|214675.23.peg.1076",53.248249,6.970002,22.280296,7.45788
"fig|214675.23.peg.1077",1.224863,1.71242,1.3326,2.037076
"fig|214675.23.peg.1079",2.155969,1.975498,NA,0.521885
"fig|214675.23.peg.1080",69.658897,9.154037,64.346832,19.518082
"fig|214675.23.peg.1081",13.827939,NA,29.054827,0.502532
"fig|214675.23.peg.1082",6.218708,1.30419,1.394891,0.731918
"fig|214675.23.peg.1083",3.159,0.513461,0.926935,NA
"fig|214675.23.peg.1084",10.338106,1.622059,4.22349,1.064534
"fig|214675.23.peg.1085",67.067207,26.15016,25.093794,18.719448
"fig|214675.23.peg.1086",1.025598,29.374767,38.779476,27.047588
"fig|214675.23.peg.1088",92.631729,3.637242,61.629543,5.31643
"fig|214675.23.peg.1089",38.504372,2.488212,22.173553,2.69974
"fig|214675.23.peg.1090",13.520675,23.272095,7.194814,30.833466
"fig|214675.23.peg.1091",41.035023,3.982281,19.915104,7.936018
"fig|214675.23.peg.1092",3.263263,1.246933,4.463382,4.599559
"fig|214675.23.peg.1093",1.718151,0.759999,3.204402,2.384544
"fig|214675.23.peg.1094",2.586134,0.671407,3.008978,1.752067
"fig|214675.23.peg.1095",4.12932,0.587896,9.552533,1.413065
"fig|214675.23.peg.1096",1.996201,1.323497,0.841292,2.221597
"fig|214675.23.peg.1097",86.217941,3.800282,46.694942,3.61243
"fig|214675.23.peg.1098",3.386049,NA,3.229662,NA
"fig|214675.23.peg.1099",78.726448,NA,39.186932,NA
"fig|214675.23.peg.1101",13.808711,2.356454,5.481415,2.041784
"fig|214675.23.peg.1102",10.013208,1.127752,5.791078,1.089623
"fig|214675.23.peg.1105",1.981666,1.515201,2.29129,2.275176
"fig|214675.23.peg.1106",89.213219,2.99614,83.242287,6.664982
"fig|214675.23.peg.1107",11.293383,3.696664,13.383698,4.829538
"fig|214675.23.peg.1108",122.706482,18.492689,89.222565,40.272858
"fig|214675.23.peg.1109",7.677127,2.394537,7.996957,5.970755
"fig|214675.23.peg.1110",21.964176,1.474337,15.90038,3.518008
"fig|214675.23.peg.1111",78.787918,203.938171,24.159658,121.366005
"fig|214675.23.peg.1112",6.768755,8.340601,5.264974,9.536107
"fig|214675.23.peg.1113",30.352533,5.00575,17.401913,6.941069
"fig|214675.23.peg.1115",3.005019,0.476875,4.862302,0.85027
"fig|214675.23.peg.1116",388.864105,25.520645,112.59256,35.660694
"fig|214675.23.peg.1117",10.088069,5.022966,38.317696,9.030313
"fig|214675.23.peg.1118",53.091602,14.674995,34.102169,20.511171
"fig|214675.23.peg.1119",8.408623,5.872279,7.86047,10.606597
"fig|214675.23.peg.1120",29.501354,6.459173,26.473211,13.096363
"fig|214675.23.peg.1121",73.53347,2.98892,60.016567,5.616755
"fig|214675.23.peg.1123",2.043778,2.566953,1.976548,2.39627
"fig|214675.23.peg.1124",42.398952,4.43014,17.957495,3.729476
"fig|214675.23.peg.1125",15.12098,4.75639,7.35362,4.646013
"fig|214675.23.peg.1126",1.818533,NA,1.624372,NA
"fig|214675.23.peg.1127",41.4394,4.62366,30.226269,6.913793
"fig|214675.23.peg.1128",2.623728,6.99895,2.226431,7.083334
"fig|214675.23.peg.1129",6.55198,3.331204,3.35214,3.70193
"fig|214675.23.peg.1131",6.917652,NA,5.951029,0.741239
"fig|214675.23.peg.1132",3.589874,0.823837,2.822453,0.823269
"fig|214675.23.peg.1133",4.350848,0.616916,3.124441,0.88411
"fig|214675.23.peg.1134",3.256463,1.01727,2.108693,1.093064
"fig|214675.23.peg.1135",27.259993,4.598629,19.365482,7.822914
"fig|214675.23.peg.1137",7.077128,NA,4.410023,0.515223
"fig|214675.23.peg.1138",27.555092,4.80341,20.454052,7.17569
"fig|214675.23.peg.1140",10.961292,3.347837,4.234027,2.905935
"fig|214675.23.peg.1141",5.211637,0.703116,5.322913,1.374282
"fig|214675.23.peg.1142",14.353855,0.526659,10.012209,0.584759
"fig|214675.23.peg.1143",24.571606,2.632604,8.779496,2.031639
"fig|214675.23.peg.1144",0.751016,0.913989,NA,0.824149
"fig|214675.23.peg.1145",2.081847,4.552904,25.252295,5.317286
"fig|214675.23.peg.1146",1.857711,1.629223,1.555731,1.912645
"fig|214675.23.peg.1148",18.829079,2.09453,16.234209,2.614242
"fig|214675.23.peg.1149",1.189206,1.315802,8.302405,1.70398
"fig|214675.23.peg.1150",74.926491,4.195075,41.3974,6.155603
"fig|214675.23.peg.1152",12.567087,2.020827,6.884672,1.878642
"fig|214675.23.peg.1153",1.268573,0.687978,2.009443,0.716574
"fig|214675.23.peg.1154",3.638235,0.743016,2.738774,1.028935
"fig|214675.23.peg.1155",43.957661,3.94213,24.816956,5.156821
"fig|214675.23.peg.1156",27.984325,2.365854,21.931871,3.813906
"fig|214675.23.peg.1157",22.926298,1.432399,17.693979,2.538641
"fig|214675.23.peg.1158",27.933901,9.231587,20.874479,10.085482
"fig|214675.23.peg.1159",15.590934,2.929427,13.905189,4.354381
"fig|214675.23.peg.1160",72.705353,5.861105,39.931065,6.356759
"fig|214675.23.peg.1161",0.760142,0.378575,0.774698,NA
"fig|214675.23.peg.1162",65.072609,6.384234,74.111603,21.195343
"fig|214675.23.peg.1163",17.4998,3.381621,30.699411,9.944539
"fig|214675.23.peg.1164",7.801785,2.123512,8.212363,5.906118
"fig|214675.23.peg.1165",4.705774,0.764393,8.532068,2.83966
"fig|214675.23.peg.1166",39.458324,4.283501,32.810871,11.318624
"fig|214675.23.peg.1167",101.236031,9.545751,48.696392,8.846808
"fig|214675.23.peg.1168",7.260201,1.489651,13.754191,4.150565
"fig|214675.23.peg.1169",60.600475,5.548461,34.525146,10.205659
"fig|214675.23.peg.1172",34.05962,5.208206,19.013987,5.915325
"fig|214675.23.peg.1173",24.30863,1.386011,17.251921,2.269071
"fig|214675.23.peg.1174",11.967074,0.939136,10.650075,2.856725
"fig|214675.23.peg.1175",77.392845,26.053936,34.565407,27.903732
"fig|214675.23.peg.1176",28.007151,9.605751,22.108908,11.725352
"fig|214675.23.peg.1177",4.372747,3.583195,3.922374,7.04089
"fig|214675.23.peg.1178",1.884189,0.763011,2.806176,1.397763
"fig|214675.23.peg.1179",9.830661,1.342597,9.596011,2.309475
"fig|214675.23.peg.1181",46.953159,9.700102,53.720837,17.393238
"fig|214675.23.peg.1182",30.108957,12.12222,14.126174,8.269571
"fig|214675.23.peg.1183",0.997978,2.104876,0.678949,1.900511
"fig|214675.23.peg.1184",43.128704,2.248775,1.079316,2.04697
"fig|214675.23.peg.1185",3.886873,NA,1.134483,0.465414
"fig|214675.23.peg.1186",36.749096,20.105843,5.346276,4.143984
"fig|214675.23.peg.1188",5.714155,1.314313,4.525819,4.014781
"fig|214675.23.peg.1189",9.891354,2.815637,9.616885,6.587256
"fig|214675.23.peg.1190",17.638792,5.856901,NA,13.655272
"fig|214675.23.peg.1193",41.872532,9.056017,10.733681,4.511295
"fig|214675.23.peg.1195",15.712018,2.160504,4.074675,1.798838
"fig|214675.23.peg.1196",63.66967,19.511568,7.398577,8.525191
"fig|214675.23.peg.1197",23.914406,2.892406,24.003338,4.888077
"fig|214675.23.peg.1198",7.907027,1.145472,7.789814,2.71486
"fig|214675.23.peg.1199",1.246086,3.200791,0.635898,2.032671
"fig|214675.23.peg.1200",155.162476,43.10466,31.647734,11.598452
"fig|214675.23.peg.1201",2.075494,0.818421,1.534228,0.894354
"fig|214675.23.peg.1202",25.234718,15.984346,24.65925,23.470762
"fig|214675.23.peg.1203",27.486523,12.857764,22.408337,19.290224
"fig|214675.23.peg.1205",29.055372,8.549403,9.896783,7.762157
"fig|214675.23.peg.1206",27.355221,8.911955,10.859276,8.335617
"fig|214675.23.peg.1207",232.17865,15.965506,103.007683,11.183946
"fig|214675.23.peg.1208",42.705177,12.823078,11.760849,5.913838
"fig|214675.23.peg.1209",13.926671,0.619022,4.944723,0.48604
"fig|214675.23.peg.1210",27.076223,3.800529,6.525841,2.278947
"fig|214675.23.peg.1212",23.675327,1.824145,10.075736,1.273795
"fig|214675.23.peg.1213",24.078489,4.903838,5.713384,2.111676
"fig|214675.23.peg.1216",130.438339,13.293554,112.36557,25.538429
"fig|214675.23.peg.1217",5.647259,2.057591,2.99123,2.394277
"fig|214675.23.peg.1218",3.218828,0.858379,4.245659,1.49442
"fig|214675.23.peg.1220",0.767317,0.379546,1.324418,2.976154
"fig|214675.23.peg.1221",56.05014,7.03761,45.771366,14.797187
"fig|214675.23.peg.1222",70.480133,10.960443,38.000381,20.712709
"fig|214675.23.peg.1223",20.820827,9.257407,20.944031,17.470201
"fig|214675.23.peg.1224",37.536819,1.695997,43.923481,5.708223
"fig|214675.23.peg.1225",58.124214,8.485082,60.688736,19.598375
"fig|214675.23.peg.1226",43.638859,9.917291,76.839561,23.738472
"fig|214675.23.peg.1227",66.518517,7.635561,39.138489,10.207251
"fig|214675.23.peg.1228",29.478266,3.087401,29.801216,7.06422
"fig|214675.23.peg.1229",47.276081,5.085137,22.868189,8.762506
"fig|214675.23.peg.1230",40.249836,5.462375,24.422619,9.061306
"fig|214675.23.peg.1231",75.01812,5.107687,53.959625,7.614654
"fig|214675.23.peg.1232",684.750061,20.622808,168.420609,21.662252
"fig|214675.23.peg.1233",1.775888,1.604774,2.531678,3.22121
"fig|214675.23.rna.14",865.845093,195.522888,3670.586426,250.327179
"fig|214675.23.peg.1234",236.737701,37.743549,120.072716,51.610771
"fig|214675.23.peg.1235",2.799548,3.852132,1.658396,3.57298
"fig|214675.23.peg.1236",1.794631,0.634282,1.831123,0.865782
"fig|214675.23.peg.1237",26.667479,3.776842,16.067453,4.330131
"fig|214675.23.peg.1238",1.210105,NA,0.616009,NA
"fig|214675.23.peg.1240",2.424348,1.611613,3.405235,2.293786
"fig|214675.23.peg.1241",283.226776,14.295273,109.000443,16.577555
"fig|214675.23.peg.1242",18.15925,10.22187,18.078779,16.670158
"fig|214675.23.peg.1243",50.995144,10.546548,65.758118,21.729486
"fig|214675.23.peg.1244",165.139099,25.917683,97.355515,53.074871
"fig|214675.23.peg.1826",1.734966,2.061218,2.226817,1.73572
"fig|214675.23.peg.1827",18.041885,3.44868,16.813442,8.256135
"fig|214675.23.peg.1828",24.457609,7.153561,37.29464,14.47192
"fig|214675.23.peg.1829",2.53572,NA,2.073895,NA
"fig|214675.23.peg.1830",3.113136,1.62346,1.074259,2.031857
"fig|214675.23.peg.1831",15.446945,4.860821,10.946224,8.794086
"fig|214675.23.peg.1832",41.717175,5.697343,29.446371,8.517405
"fig|214675.23.peg.1833",71.669304,7.267766,41.166172,6.779788
"fig|214675.23.peg.1834",46.745583,4.312247,22.664106,4.222868
"fig|214675.23.peg.1835",4.60774,1.392281,6.094662,3.520598
"fig|214675.23.peg.1838",0.724,0.522433,NA,0.542649
"fig|214675.23.peg.1839",2.77254,2.398856,2.749252,3.299441
"fig|214675.23.peg.1840",3.425467,1.349915,3.646101,2.353729
"fig|214675.23.peg.1841",30.162313,3.565505,9.48775,3.679669
"fig|214675.23.peg.1842",74.706718,5.209687,22.473331,3.166771
"fig|214675.23.peg.1843",78.997925,12.283716,20.118578,5.798415
"fig|214675.23.peg.1844",96.669678,13.139731,25.785378,6.298021
"fig|214675.23.peg.1845",53.481003,3.878704,15.888588,2.511469
"fig|214675.23.peg.1847",9.760863,0.720776,4.197304,0.992113
"fig|214675.23.peg.1848",10.987919,3.28289,14.093267,5.853696
"fig|214675.23.peg.1849",6.770307,0.670568,10.523927,2.049324
"fig|214675.23.peg.1850",5.665779,0.65859,8.000607,1.411919
"fig|214675.23.peg.1851",39.62767,1.87868,35.458607,3.483479
"fig|214675.23.peg.1853",22.334661,3.245994,21.951832,8.034433
"fig|214675.23.peg.1854",22.765409,5.290706,10.431577,5.270049
"fig|214675.23.peg.1855",10.011418,2.828581,3.157557,2.349866
"fig|214675.23.peg.1856",21.324835,4.715869,10.039277,4.092613
"fig|214675.23.peg.1857",167.915451,13.882565,94.550308,17.304491
"fig|214675.23.peg.1858",83.962425,17.935446,55.211311,19.946056
"fig|214675.23.peg.1860",4.900712,1.485658,3.809666,2.275433
"fig|214675.23.peg.1863",6.506458,3.896604,5.04494,6.140946
"fig|214675.23.peg.1864",1.612862,0.780425,NA,1.459057
"fig|214675.23.peg.1865",14.187637,1.935437,7.819534,2.141003
"fig|214675.23.peg.1866",71.362411,21.005636,19.660408,11.965606
"fig|214675.23.peg.1867",53.819721,6.810862,18.098345,4.349527
"fig|214675.23.peg.1868",5.745248,0.948119,2.109829,0.522739
"fig|214675.23.peg.1870",4.321656,0.932398,2.610978,1.280423
"fig|214675.23.peg.1871",73.624916,5.465324,74.335945,10.8168
"fig|214675.23.peg.1890",4.245786,0.687017,4.796231,1.24155
"fig|214675.23.peg.1891",24.640661,3.090035,102.586288,22.555901
"fig|214675.23.peg.1892",4.784698,NA,1.375306,NA
"fig|214675.23.peg.1893",5.449465,NA,1.734015,NA
"fig|214675.23.peg.1894",5.479783,0.946874,5.581396,1.561367
"fig|214675.23.peg.1872",0.902563,NA,2.362905,0.929229
"fig|214675.23.peg.1873",0.849229,NA,1.496361,0.77146
"fig|214675.23.peg.1874",3.369607,4.307224,1.176534,2.647604
"fig|214675.23.peg.1875",0.796783,0.400809,0.638742,0.633876
"fig|214675.23.peg.1876",74.808754,35.798397,17.461397,24.902582
"fig|214675.23.peg.1878",18.938751,1.206186,20.666285,1.969657
"fig|214675.23.peg.1879",151.526489,4.486728,141.283966,10.975464
"fig|214675.23.peg.1880",16.991949,3.919185,9.653327,7.54061
"fig|214675.23.peg.1881",2.842926,0.918319,4.343924,2.239336
"fig|214675.23.peg.1882",40.307049,1.564123,46.593224,3.808285
"fig|214675.23.peg.1883",9.885626,4.394174,3.292492,3.168555
"fig|214675.23.peg.1884",60.35355,3.735678,24.813307,5.499671
"fig|214675.23.peg.1885",2.089051,1.907993,3.429642,3.463182
"fig|214675.23.peg.1886",41.360756,3.187833,44.7673,7.488429
"fig|214675.23.peg.1888",119.994423,15.633259,66.426216,21.754868
"fig|214675.23.peg.1889",5.781301,0.897969,2.544528,1.012407
"fig|214675.23.peg.1895",9.041904,1.689289,4.597042,1.908716
"fig|214675.23.peg.1896",27.753258,7.254692,8.983042,4.602368
"fig|214675.23.peg.1897",1.896436,NA,NA,NA
"fig|214675.23.peg.1899",2.768115,NA,5.944483,0.839457
"fig|214675.23.peg.1900",1.514322,0.74616,0.668385,1.181736
"fig|214675.23.peg.1901",6.917733,3.737501,6.390954,6.270874
"fig|214675.23.peg.1902",44.826546,5.005621,43.147793,12.013657
"fig|214675.23.peg.1903",44.009186,6.48129,40.415779,13.210641
"fig|214675.23.peg.1904",14.099889,4.336287,9.714597,10.15926
"fig|214675.23.peg.1905",21.865219,2.937769,26.16736,8.42064
"fig|214675.23.peg.1906",77.443184,6.126637,82.065498,14.59373
"fig|214675.23.peg.1907",1.107022,1.772976,2.810254,3.655416
"fig|214675.23.peg.1917",7.584668,0.552159,3.207453,0.987089
"fig|214675.23.peg.1908",1.832058,1.807918,1.54027,2.408121
"fig|214675.23.peg.1909",2.880111,1.743594,0.819348,2.034241
"fig|214675.23.peg.1911",44.097469,12.057168,22.465242,11.082579
"fig|214675.23.peg.1912",30.131042,6.560911,25.792013,8.668144
"fig|214675.23.peg.1913",85.673256,9.635989,34.235596,10.94197
"fig|214675.23.peg.1919",50.794182,9.876513,45.684181,30.176693
"fig|214675.23.peg.1921",392.137909,53.714756,11.473513,4.953539
"fig|214675.23.peg.1932",2.662585,NA,6.983528,0.897782
"fig|214675.23.peg.1933",2.709908,NA,12.854325,0.919547
"fig|214675.23.peg.1934",7.993793,0.931441,12.941391,2.542065
"fig|214675.23.peg.1935",8.521458,0.760749,21.545454,3.683948
"fig|214675.23.peg.1936",12.159159,2.211086,5.827035,2.954166
"fig|214675.23.peg.1922",12.608268,1.080985,12.806475,1.859586
"fig|214675.23.peg.1923",3.883759,0.789646,5.03717,1.105289
"fig|214675.23.peg.1924",4.116714,2.438943,4.563353,3.711887
"fig|214675.23.peg.1925",19.519457,1.940935,17.999905,3.408094
"fig|214675.23.peg.1926",5.048338,5.75373,3.459504,5.326957
"fig|214675.23.peg.1927",58.5839,10.242133,19.510817,6.119834
"fig|214675.23.peg.1928",36.697365,11.922326,9.553129,12.447669
"fig|214675.23.peg.1929",18.182198,2.80575,19.187809,11.237017
"fig|214675.23.peg.1930",4.739407,4.373287,2.093646,3.10579
"fig|214675.23.peg.1931",4.022864,0.520494,7.138018,1.190782
"fig|214675.23.peg.1305",111.626755,13.400484,39.719509,12.735588
"fig|214675.23.peg.1306",13.075174,9.548887,6.921724,10.95693
"fig|214675.23.peg.1307",198.633087,11.298655,85.239594,13.489334
"fig|214675.23.peg.1308",1.620413,1.349979,1.651259,2.907873
"fig|214675.23.peg.1310",22.236195,8.770104,10.654543,9.195307
"fig|214675.23.peg.1311",28.647415,10.322192,18.210728,12.909138
"fig|214675.23.peg.1312",153.620987,12.727721,47.15239,10.701565
"fig|214675.23.peg.1313",63.761112,17.651548,49.66217,29.281416
"fig|214675.23.peg.1314",193.961121,17.085442,113.741798,22.530033
"fig|214675.23.peg.1315",110.546181,30.325037,62.685974,38.770901
"fig|214675.23.peg.1316",14.117754,7.412636,15.341326,9.907559
"fig|214675.23.peg.1317",343.009644,47.999142,124.115234,42.288216
"fig|214675.23.peg.1318",73.513062,27.845974,30.315958,21.207466
"fig|214675.23.peg.1319",66.464302,6.895394,37.443027,8.569704
"fig|214675.23.peg.1320",54.11726,2.931285,38.276741,4.536705
"fig|214675.23.peg.1321",25.331415,2.077592,20.030268,3.859181
"fig|214675.23.peg.1322",3.824915,1.704571,3.603711,1.365305
"fig|214675.23.peg.1323",7.457675,2.093609,8.207548,4.12038
"fig|214675.23.peg.1324",297.059418,10.802538,177.645508,12.8594
"fig|214675.23.peg.1325",157.697998,19.519154,74.063286,23.746592
"fig|214675.23.peg.1326",2.331372,NA,2.685739,1.104192
"fig|214675.23.peg.1327",1.313423,0.578546,0.657228,2.13462
"fig|214675.23.peg.1328",238.351822,13.49912,197.517517,21.982121
"fig|214675.23.peg.1329",45.218567,3.597797,30.129278,6.832846
"fig|214675.23.peg.1330",8.136803,NA,14.262008,0.566943
"fig|214675.23.peg.1331",5.701317,1.488362,6.541561,3.393516
"fig|214675.23.peg.1333",87.230042,13.478515,32.156384,7.9771
"fig|214675.23.peg.1334",150.260468,46.283413,34.662594,23.650824
"fig|214675.23.peg.1335",23.02598,9.11064,6.59755,6.275396
"fig|214675.23.peg.1336",8.206016,16.407782,3.730361,13.302288
"fig|214675.23.peg.1337",11.725483,2.590798,9.568281,5.331769
"fig|214675.23.peg.1338",2.683586,2.376559,0.843992,2.165071
"fig|214675.23.peg.1339",31.086092,20.315662,15.726871,17.845871
"fig|214675.23.peg.1340",2.807541,0.798684,1.999835,1.399659
"fig|214675.23.peg.1341",61.188465,4.058292,12.874849,3.448384
"fig|214675.23.peg.1343",30.820509,7.738304,31.768633,19.080006
"fig|214675.23.peg.1344",59.415634,8.237409,84.89222,37.964996
"fig|214675.23.peg.1345",95.199516,11.429719,199.226028,45.160839
"fig|214675.23.peg.1346",38.161732,5.482711,13.920868,6.492947
"fig|214675.23.peg.1347",0.647762,NA,1.271877,NA
"fig|214675.23.peg.1348",3314.694092,2735.565918,1532.367065,2944.661865
"fig|214675.23.peg.1350",48.76918,7.067434,17.79554,5.624304
"fig|214675.23.peg.1351",2.336097,1.939196,1.248154,2.431156
"fig|214675.23.peg.1352",0.900293,0.55084,1.056389,0.655109
"fig|214675.23.peg.1353",1.230539,0.555148,0.94634,0.743295
"fig|214675.23.peg.1354",80.157814,11.940214,32.299088,7.998777
"fig|214675.23.peg.1355",28.416107,2.651883,21.508286,4.068309
"fig|214675.23.peg.1356",1.27512,1.27129,0.900291,2.183185
"fig|214675.23.peg.1357",37.126686,NA,35.049458,0.686068
"fig|214675.23.peg.1358",1.38062,0.979376,0.770011,1.405246
"fig|214675.23.peg.1359",29.9412,26.347797,11.774237,19.744457
"fig|214675.23.peg.1360",15.390155,2.94103,11.03129,4.579091
"fig|214675.23.peg.1362",12.451474,1.033002,13.226537,2.062317
"fig|214675.23.peg.1364",0.783459,NA,NA,0.653491
"fig|214675.23.peg.1366",128.185913,0.708204,278.13797,3.582725
"fig|214675.23.peg.1367",122.733261,114.961617,195.847366,386.02066
"fig|214675.23.peg.1368",192.522415,111.337364,349.000336,416.067505
"fig|214675.23.peg.1369",18.682272,6.80407,20.201714,8.003221
"fig|214675.23.peg.1370",2.739238,NA,2.022561,NA
"fig|214675.23.peg.1372",2.662891,5.461168,1.150499,6.774822
"fig|214675.23.peg.1373",11.661632,2.972616,8.495539,4.668334
"fig|214675.23.peg.1374",2.372831,3.089356,2.620155,6.9375
"fig|214675.23.peg.1375",12.529222,2.193064,10.734329,2.698096
"fig|214675.23.peg.1376",15.703334,5.832985,11.259405,7.912487
"fig|214675.23.peg.1377",9.744882,13.611499,2.561618,9.918903
"fig|214675.23.peg.1378",152.151443,9.875268,75.479729,9.409649
"fig|214675.23.peg.1379",47.247868,5.143169,21.167231,6.828095
"fig|214675.23.peg.1380",45.304653,8.544086,15.125698,9.637039
"fig|214675.23.peg.1381",372.128479,40.328609,93.914688,34.010204
"fig|214675.23.peg.1382",3.244182,2.961348,2.403974,2.693644
"fig|214675.23.peg.1383",0.967772,2.80478,0.837211,4.622468
"fig|214675.23.peg.1384",55.334625,4.015298,21.357573,4.523326
"fig|214675.23.peg.1385",2.04003,2.485826,2.907112,2.769975
"fig|214675.23.peg.1386",2.202391,NA,2.389087,0.834127
"fig|214675.23.peg.1387",193.842865,4.135114,93.178658,5.451758
"fig|214675.23.peg.1388",182.810989,13.135658,47.332901,9.082272
"fig|214675.23.peg.1391",79.278755,8.525414,32.910488,10.988128
"fig|214675.23.peg.1392",15.081531,1.032085,7.207305,1.356712
"fig|214675.23.peg.1393",5.153214,3.353892,0.960973,1.994711
"fig|214675.23.peg.1394",1.339964,1.951763,0.70216,1.293077
"fig|214675.23.peg.1396",0.716583,0.557015,0.970132,0.64873
"fig|214675.23.peg.1397",57.087692,3.929412,33.373241,5.570761
"fig|214675.23.peg.1398",35.328468,3.765418,26.350651,6.263234
"fig|214675.23.peg.1399",78.640915,6.248344,51.2122,8.680717
"fig|214675.23.peg.1400",366.346527,32.567318,240.326324,49.602436
"fig|214675.23.peg.1401",6.022089,10.795807,8.653049,22.302467
"fig|214675.23.peg.1402",5.988019,2.752201,4.047226,3.46256
"fig|214675.23.peg.1403",1.206341,3.447578,0.900331,5.049316
"fig|214675.23.peg.1404",38.23394,21.952589,18.968468,36.779514
"fig|214675.23.peg.1405",52.786621,11.391621,24.354988,19.780704
"fig|214675.23.peg.1406",28.918243,3.416685,13.030167,5.448885
"fig|214675.23.peg.1407",10.119408,0.658938,8.561515,0.980083
"fig|214675.23.peg.1408",4.92091,1.178729,2.676062,1.224855
"fig|214675.23.peg.1409",5.954741,3.537333,1.467694,2.677994
"fig|214675.23.peg.1411",11.630363,1.584025,7.226812,2.165719
"fig|214675.23.peg.1412",1.589388,1.007926,2.457034,2.384823
"fig|214675.23.peg.1416",8.385543,4.891174,16.777185,20.077642
"fig|214675.23.peg.1421",18.611429,1.661715,16.503464,2.554494
"fig|214675.23.peg.1422",27.026051,3.508959,12.203917,4.948127
"fig|214675.23.peg.1423",32.04578,0.407825,103.474052,NA
"fig|214675.23.peg.1424",593.484375,21.222464,552.250916,59.164349
"fig|214675.23.peg.1425",28.547174,5.345597,46.155186,13.784013
"fig|214675.23.peg.1426",19.150433,2.180823,30.282219,6.051738
"fig|214675.23.peg.1427",151.569794,6.17621,112.067162,12.307738
"fig|214675.23.peg.1428",71.033699,3.691263,92.522507,8.929511
"fig|214675.23.peg.1429",77.062317,7.288265,23.743593,5.851391
"fig|214675.23.peg.1430",4.132943,1.276591,7.011941,3.891195
"fig|214675.23.peg.1431",2.516468,7.619932,4.381361,12.068355
"fig|214675.23.peg.1432",154.377197,55.759811,88.40007,70.907333
"fig|214675.23.peg.1433",10.032269,6.630198,13.394589,10.128636
"fig|214675.23.peg.1434",15.011179,6.168004,14.768991,11.623532
"fig|214675.23.peg.1435",23.819302,4.284142,19.845676,5.61198
"fig|214675.23.peg.1437",20.801563,3.619752,54.394554,15.7881
"fig|214675.23.peg.1438",34.326523,7.46549,69.015091,29.412384
"fig|214675.23.peg.1439",20.356579,7.382717,22.292774,13.00525
"fig|214675.23.peg.1440",38.259468,12.664365,44.017372,21.865459
"fig|214675.23.peg.1441",1294.251709,56.417759,365.718018,43.614193
"fig|214675.23.peg.1442",4.869074,8.164536,4.600008,7.209295
"fig|214675.23.peg.1443",347.665283,17.319994,146.115677,18.530596
"fig|214675.23.peg.1444",155.831924,18.40037,90.119934,22.915941
"fig|214675.23.peg.1445",727.522644,23.945801,290.029236,23.941116
"fig|214675.23.peg.1446",63.894611,7.182109,68.435707,13.112088
"fig|214675.23.peg.1447",11.134537,1.842798,4.364739,1.982528
"fig|214675.23.peg.1448",248.250793,1.553025,120.85685,3.454161
"fig|214675.23.peg.1449",398.453522,11.212173,213.463852,11.964599
"fig|214675.23.peg.1450",11.652398,3.667137,3.694953,5.208906
"fig|214675.23.peg.1451",0.842473,0.882331,1.838226,1.271178
"fig|214675.23.peg.1452",2.226397,3.929858,1.401419,7.574819
"fig|214675.23.peg.1453",11.672611,1.600109,10.214695,2.315026
"fig|214675.23.peg.1454",5.460588,3.800473,3.623643,4.625311
"fig|214675.23.peg.1455",56.04023,3.984747,34.43166,6.572258
"fig|214675.23.peg.1456",1.218465,0.650139,NA,0.590019
"fig|214675.23.peg.1457",159.661438,3.945983,37.858349,4.101349
"fig|214675.23.peg.1458",4.290372,NA,1.235149,NA
"fig|214675.23.peg.1459",11.02099,2.039438,7.406781,2.239563
"fig|214675.23.peg.1460",7.368182,9.856654,4.799188,14.393253
"fig|214675.23.peg.1461",3.294133,NA,5.195093,NA
"fig|214675.23.peg.1462",7.179224,29.963154,5.205273,28.781406
"fig|214675.23.peg.1463",8.774195,1.933465,6.011197,2.345183
"fig|214675.23.peg.1464",15.044114,3.23431,11.384494,3.547314
"fig|214675.23.peg.1465",2.475661,0.552242,1.894351,0.668973
"fig|214675.23.peg.1467",1.642761,0.415502,2.044176,0.391326
"fig|214675.23.peg.1468",7.059363,0.364007,5.067988,0.585904
"fig|214675.23.peg.1470",14.410287,2.760189,11.278088,2.44542
"fig|214675.23.peg.1471",231.558868,20.353991,141.311584,42.625137
"fig|214675.23.peg.1472",4.054901,0.93795,6.669081,2.397335
"fig|214675.23.peg.1473",1.248975,1.217721,1.18787,2.337156
"fig|214675.23.peg.1474",31.669533,2.527073,28.48283,4.152317
"fig|214675.23.peg.1477",141.0215,9.067496,61.712513,12.8568
"fig|214675.23.peg.1478",99.530098,26.902109,36.619835,30.550573
"fig|214675.23.peg.1479",38.33506,9.542962,23.276577,9.764439
"fig|214675.23.peg.1480",6.308437,2.432002,3.596235,3.139749
"fig|214675.23.peg.1481",5.75482,5.286766,9.048277,12.046082
"fig|214675.23.peg.1482",9.306079,2.404708,13.598863,5.246443
"fig|214675.23.peg.1483",7.699806,1.657129,8.264955,3.728096
"fig|214675.23.peg.1484",13.804598,1.309208,10.680373,2.76467
"fig|214675.23.peg.1485",2.729985,3.527899,2.813912,4.562976
"fig|214675.23.peg.1487",1.701568,3.603043,1.610381,4.692811
"fig|214675.23.peg.1488",20.674892,5.150539,7.980138,4.354665
"fig|214675.23.peg.1489",4.828219,0.620975,3.55056,1.037715
"fig|214675.23.peg.1490",7.712723,0.771348,4.881127,1.059969
"fig|214675.23.peg.1491",29.253521,3.552186,17.225977,4.732756
"fig|214675.23.peg.1492",1.606786,0.635115,1.966698,1.201576
"fig|214675.23.peg.1493",5.327005,0.869715,3.940408,0.939277
"fig|214675.23.peg.1494",23.255688,3.19154,11.196083,4.402496
"fig|214675.23.peg.1495",56.907497,2.642232,27.11013,17.988375
"fig|214675.23.peg.1496",794.653381,NA,407.149567,23.757059
"fig|214675.23.peg.1497",531.692139,NA,150.403076,16.597969
"fig|214675.23.peg.1498",182.394714,0.448763,79.658958,21.201899
"fig|214675.23.peg.1499",5.799421,3.68765,1.688468,3.621984
"fig|214675.23.peg.1500",21.130556,4.168733,20.105759,8.055155
"fig|214675.23.peg.1501",59.937706,NA,33.948887,5.795522
"fig|214675.23.peg.1502",0.721425,2.584729,NA,4.269225
"fig|214675.23.peg.1505",18.019564,1.322365,13.018064,2.714343
"fig|214675.23.peg.1506",17.947424,14.424703,9.669971,15.360694
"fig|214675.23.peg.1507",20.73484,11.002108,14.428313,7.584688
"fig|214675.23.peg.1508",343.971405,238.875504,39.969063,104.248627
"fig|214675.23.peg.1509",1.35181,1.31847,1.826851,2.204278
"fig|214675.23.peg.1510",12.23443,2.890455,6.481759,3.408895
"fig|214675.23.peg.1511",17.314716,21.556784,4.036742,11.123425
"fig|214675.23.peg.1512",11.474987,25.263308,6.445874,13.130531
"fig|214675.23.peg.1513",84.051628,10.970323,85.77475,23.602793
"fig|214675.23.peg.1514",24.432026,3.87577,16.514093,8.551179
"fig|214675.23.peg.1515",39.592514,9.373044,37.636112,18.298347
"fig|214675.23.peg.1516",104.015785,8.055837,82.095642,15.327227
"fig|214675.23.peg.1517",23.265135,2.95912,45.257114,8.008254
"fig|214675.23.peg.1518",137.458755,5.842436,123.843964,16.441597
"fig|214675.23.peg.1520",2.270322,2.09413,3.770486,5.008582
"fig|214675.23.peg.1522",4.191645,0.472301,1.78135,0.511715
"fig|214675.23.peg.1523",5.127693,0.771449,1.991678,0.755403
"fig|214675.23.peg.1525",22.045301,3.716527,33.244888,9.640874
"fig|214675.23.peg.1526",108.232697,10.13008,94.286583,17.288546
"fig|214675.23.peg.1527",1.858267,0.887047,1.901301,1.793966
"fig|214675.23.peg.1528",29.204187,2.805303,17.879862,2.980102
"fig|214675.23.peg.1529",5.188899,0.99113,3.692883,1.745386
"fig|214675.23.peg.1530",3.300303,0.470091,2.955206,0.67597
"fig|214675.23.peg.1531",10.683395,2.398831,NA,2.634617
"fig|214675.23.peg.1532",18.412233,1.538942,7.642224,2.243033
"fig|214675.23.peg.1533",7.248872,1.459166,4.211831,1.618203
"fig|214675.23.peg.1534",2.573143,0.992416,2.163049,1.377928
"fig|214675.23.peg.1536",17.891249,4.452256,7.125623,4.103851
"fig|214675.23.peg.1537",8.986566,0.408096,14.393802,0.919406
"fig|214675.23.peg.1538",2.873869,6.958404,3.613184,10.749245
"fig|214675.23.peg.1539",27.854162,3.591784,17.158466,4.705796
"fig|214675.23.peg.1540",0.937353,0.832864,NA,0.834244
"fig|214675.23.peg.1541",238.215759,7.283105,82.354088,8.053996
"fig|214675.23.peg.1542",23.196611,1.793112,31.098169,4.561593
"fig|214675.23.peg.1543",19.15592,2.563945,13.031704,4.787457
"fig|214675.23.peg.1544",9.500947,0.669298,6.425087,0.954793
"fig|214675.23.peg.1545",8.741123,0.92877,8.203548,1.864509
"fig|214675.23.peg.1546",7.276239,2.022271,3.067973,0.865387
"fig|214675.23.peg.1547",10.554594,12.274541,2.18533,7.680491
"fig|214675.23.peg.1548",52.056515,25.043167,18.717321,16.273418
"fig|214675.23.peg.1549",69.505379,14.352857,38.364647,14.589062
"fig|214675.23.peg.1550",43.632824,24.815397,16.740885,16.195423
"fig|214675.23.peg.1551",26.288393,28.05337,8.415703,24.480604
"fig|214675.23.peg.1552",291.35083,14.415413,102.047142,18.732527
"fig|214675.23.peg.1553",2.661981,NA,0.873612,0.426997
"fig|214675.23.peg.1556",82.37207,7.165394,36.392262,5.966792
"fig|214675.23.peg.1557",19.272804,15.135285,11.364142,11.433664
"fig|214675.23.peg.1558",5.48884,3.414765,3.641706,2.66109
"fig|214675.23.peg.1559",78.911568,6.60358,34.137707,7.681286
"fig|214675.23.peg.1561",2.218804,1.529386,1.351184,1.487747
"fig|214675.23.peg.1562",20.574436,9.151116,10.065884,10.058441
"fig|214675.23.peg.1563",127.120583,239.277679,58.496639,185.836685
"fig|214675.23.peg.1564",5.496329,1.428797,4.180736,1.981728
"fig|214675.23.peg.1566",26.105003,3.719338,16.579927,4.531147
"fig|214675.23.peg.1567",19.489986,1.707296,14.812888,2.256817
"fig|214675.23.peg.1568",82.011101,3.589922,75.687057,10.673102
"fig|214675.23.peg.1569",34.994392,6.239648,30.960926,11.404652
"fig|214675.23.peg.1570",28.967436,9.035466,27.82563,20.678429
"fig|214675.23.peg.1571",21.318485,5.858091,22.502436,14.852255
"fig|214675.23.peg.1572",46.510185,4.475771,63.762527,11.689855
"fig|214675.23.peg.1574",8.531694,0.678987,7.124021,0.940219
"fig|214675.23.peg.1575",11.742748,2.000488,9.412658,3.40635
"fig|214675.23.peg.1576",5.169113,3.442722,6.407064,4.191404
"fig|214675.23.peg.1577",5.544047,1.907964,3.798594,2.574028
"fig|214675.23.peg.1579",0.795288,NA,NA,0.374392
"fig|214675.23.peg.1580",4.249391,0.823626,5.96831,2.256466
"fig|214675.23.peg.1581",1.83619,0.851172,1.910744,1.285594
"fig|214675.23.peg.1583",50.889599,10.912225,32.059425,7.84089
"fig|214675.23.peg.1584",55.554604,11.063715,41.290714,16.680418
"fig|214675.23.peg.1585",144.503616,11.253346,93.964821,19.611942
"fig|214675.23.peg.1586",2.556231,1.411131,2.602636,2.192647
"fig|214675.23.peg.1588",302.445282,7.575865,148.0755,7.206215
"fig|214675.23.peg.1589",11.389993,2.706067,4.023193,2.825233
"fig|214675.23.peg.1590",17.747864,0.980674,6.760531,0.799372
"fig|214675.23.peg.1591",0.672433,NA,NA,NA
"fig|214675.23.peg.1592",0.956897,NA,0.742325,NA
"fig|214675.23.peg.1593",3.89198,0.505848,2.235598,NA
"fig|214675.23.peg.1594",8.624561,3.477071,7.283103,3.333171
"fig|214675.23.peg.1595",8.385061,1.334996,3.945307,1.298009
"fig|214675.23.peg.1596",24.176491,5.26085,11.788753,5.896021
"fig|214675.23.peg.1598",126.94809,40.018291,71.810242,42.053448
"fig|214675.23.peg.1599",1.104771,2.130366,1.416435,1.858799
"fig|214675.23.peg.1600",1.017822,0.904069,1.27789,1.359972
"fig|214675.23.peg.1601",18.696577,11.693577,7.92546,8.626116
"fig|214675.23.peg.1602",8.500965,5.307413,5.892746,6.112354
"fig|214675.23.peg.1603",61.221493,12.95124,26.012897,8.7936
"fig|214675.23.peg.1604",67.130699,15.599874,30.326851,11.440342
"fig|214675.23.peg.1605",10.948112,7.969179,6.024785,9.243917
"fig|214675.23.peg.1606",284.132629,20.51042,134.062378,24.310581
"fig|214675.23.peg.1607",14.354134,3.516158,12.244335,5.615374
"fig|214675.23.peg.1608",32.142204,3.236389,16.627371,5.153857
"fig|214675.23.peg.1609",9.069648,1.001668,14.079378,2.457017
"fig|214675.23.peg.1610",85.814552,3.906015,39.711296,4.411364
"fig|214675.23.peg.1611",15.921995,1.275637,56.324394,11.288642
"fig|214675.23.peg.1612",19.735964,5.159824,75.695198,48.80827
"fig|214675.23.peg.1613",48.577518,9.375629,186.480042,147.712433
"fig|214675.23.peg.1614",10.128017,6.87685,30.073015,16.495724
"fig|214675.23.peg.1615",2.458352,1.082859,10.353797,8.41179
"fig|214675.23.peg.1617",9.111818,3.004009,4.277242,1.954392
"fig|214675.23.peg.1618",0.988651,0.615815,2.389377,2.471446
"fig|214675.23.peg.1619",7.570057,4.319613,6.722375,10.588054
"fig|214675.23.peg.1620",46.248158,4.022591,46.848675,8.644738
"fig|214675.23.peg.1621",60.677967,8.419893,46.767689,15.417701
"fig|214675.23.peg.1622",16.917784,4.430546,14.804337,9.192825
"fig|214675.23.peg.1624",2.437858,0.739749,0.869725,0.865973
"fig|214675.23.peg.1625",0.858074,0.413779,NA,1.073153
"fig|214675.23.peg.1626",23.716423,5.41232,13.485627,7.326813
"fig|214675.23.peg.1627",233.293686,28.94969,123.034004,35.497807
"fig|214675.23.peg.1628",436.418945,46.277641,117.234108,34.467007
"fig|214675.23.peg.1629",3.611063,11.81118,3.019726,10.97624
"fig|214675.23.peg.1630",4.495831,0.825029,4.959415,1.723076
"fig|214675.23.peg.1631",9.849592,1.532509,5.75207,2.180828
"fig|214675.23.peg.1632",31.637123,3.845006,15.5267,6.284842
"fig|214675.23.peg.1633",66.474609,5.801414,35.431988,6.44013
"fig|214675.23.peg.1635",7.721329,2.554842,6.998339,3.245403
"fig|214675.23.peg.1636",0.92612,NA,0.849686,0.453582
"fig|214675.23.peg.1637",22.014715,4.163965,14.590013,4.820578
"fig|214675.23.peg.1638",3.322757,NA,1.116024,0.92621
"fig|214675.23.peg.1639",111.795059,13.344131,87.606133,15.975253
"fig|214675.23.peg.1640",93.162468,18.388281,40.295685,25.244629
"fig|214675.23.peg.1641",1.491166,2.551286,1.494197,6.510914
"fig|214675.23.peg.1642",1.986772,NA,4.028696,1.409551
"fig|214675.23.peg.1643",6.261515,1.185496,6.377026,1.486134
"fig|214675.23.peg.1645",2.268764,0.856037,5.79285,3.006475
"fig|214675.23.peg.1646",5.131457,1.460786,9.376164,5.667987
"fig|214675.23.peg.1647",3.955607,4.160604,5.589744,8.592241
"fig|214675.23.peg.1648",53.541965,5.632198,60.008324,12.614513
"fig|214675.23.peg.1649",43.274002,2.823671,48.978664,7.078514
"fig|214675.23.peg.1650",83.828514,9.048317,41.675346,15.567822
"fig|214675.23.peg.1651",63.926548,6.991378,34.858887,6.993807
"fig|214675.23.peg.1653",0.844941,NA,NA,NA
"fig|214675.23.peg.1655",33.808456,9.818426,85.287895,22.45887
"fig|214675.23.peg.1656",70.082466,1.060553,391.320404,2.226413
"fig|214675.23.peg.1657",1.991617,1.095272,3.361202,1.890312
"fig|214675.23.peg.1658",0.836072,2.132897,1.203783,2.549122
"fig|214675.23.peg.1660",4.08787,1.183363,6.612092,1.814014
"fig|214675.23.peg.1661",0.698326,0.595302,NA,3.32466
"fig|214675.23.peg.1662",96.20887,10.623791,37.460827,8.485533
"fig|214675.23.peg.1663",24.564713,9.84105,11.316899,10.40849
"fig|214675.23.peg.1664",59.084641,9.435489,32.150116,12.272515
"fig|214675.23.peg.1665",200.680252,11.814706,90.050491,17.678875
"fig|214675.23.peg.1666",5.948766,1.729722,2.226294,1.425809
"fig|214675.23.peg.1667",1.48872,0.504696,1.038089,1.048766
"fig|214675.23.peg.1668",5.457052,13.409118,3.682678,21.576582
"fig|214675.23.peg.1669",3.335352,0.554248,3.486224,0.870591
"fig|214675.23.peg.1670",7.659536,0.851985,7.698305,0.946856
"fig|214675.23.peg.1671",9.51678,0.904142,10.59585,2.186741
"fig|214675.23.peg.1672",5.804279,1.141096,8.638713,3.089194
"fig|214675.23.peg.1673",22.507845,2.202116,19.122002,4.890267
"fig|214675.23.peg.1674",13.773499,1.798047,17.100557,4.683004
"fig|214675.23.peg.1675",53.708088,2.491479,38.881092,5.240479
"fig|214675.23.peg.1676",27.926176,1.547807,31.92441,5.359186
"fig|214675.23.peg.1677",12.991524,1.236065,22.694147,3.537168
"fig|214675.23.peg.1678",6.909456,0.891909,12.044897,3.63537
"fig|214675.23.peg.1679",2.979801,1.185026,7.10829,2.816708
"fig|214675.23.peg.1680",12.27434,1.714297,15.837722,5.130355
"fig|214675.23.peg.1681",12.586006,2.01044,12.673857,5.656501
"fig|214675.23.peg.1682",22.709587,3.518015,26.088018,9.242462
"fig|214675.23.peg.1683",5.507122,2.958597,11.531681,7.677439
"fig|214675.23.peg.1684",2.216115,2.564416,2.959449,7.264015
"fig|214675.23.peg.1685",10.545514,2.076932,13.879701,4.747086
"fig|214675.23.rna.16",1.81935,45.07045,0.652553,33.615894
"fig|214675.23.peg.1687",2.630169,4.210967,2.272204,3.22378
"fig|214675.23.peg.1688",44.551926,7.375597,16.019499,7.641254
"fig|214675.23.peg.1689",11.379595,7.105577,10.092945,6.999456
"fig|214675.23.peg.1690",53.248192,7.579797,37.416206,10.00569
"fig|214675.23.peg.1691",30.077122,5.713681,40.209511,10.250237
"fig|214675.23.peg.1692",51.982487,8.16008,50.447693,15.671614
"fig|214675.23.peg.1693",172.046097,40.662712,274.325165,206.035355
"fig|214675.23.peg.1694",2.926907,13.477003,2.792659,39.980942
"fig|214675.23.peg.1695",53.344028,9.688819,76.854256,21.342838
"fig|214675.23.peg.1696",75.089165,3.969343,116.699203,8.486714
"fig|214675.23.peg.1697",35.701504,5.272925,35.844265,10.5073
"fig|214675.23.peg.1698",12.694308,1.415188,14.038235,2.453787
"fig|214675.23.peg.1699",5.39771,0.967315,5.893063,2.228097
"fig|214675.23.peg.1700",3.097513,3.863403,2.710525,5.97282
"fig|214675.23.peg.1702",63.077034,4.056061,36.749702,4.976006
"fig|214675.23.peg.1703",49.121002,0.605966,22.082048,0.669811
"fig|214675.23.peg.1704",33.364277,1.458578,8.738493,0.89727
"fig|214675.23.peg.1705",66.161285,7.727727,19.364599,4.448776
"fig|214675.23.peg.1706",25.231827,0.896744,12.847497,0.736076
"fig|214675.23.peg.1707",17.940165,3.432379,9.074127,5.408194
"fig|214675.23.peg.1708",0.665524,2.595454,1.405277,3.582221
"fig|214675.23.peg.1709",37.501663,3.223926,23.032549,5.38005
"fig|214675.23.peg.1710",189.436615,8.64391,89.394875,6.743988
"fig|214675.23.peg.1712",21.046352,3.585623,10.147077,2.942796
"fig|214675.23.peg.1714",64.651627,8.837247,25.754086,11.258325
"fig|214675.23.peg.1715",45.791809,5.749492,15.244974,7.499583
"fig|214675.23.peg.1716",20.083311,0.443961,5.731732,0.849451
"fig|214675.23.peg.1718",0.801228,1.937572,NA,2.846078
"fig|214675.23.peg.1719",0.829382,1.730905,NA,1.978726
"fig|214675.23.peg.1720",81.041969,7.933504,34.489971,7.873033
"fig|214675.23.peg.1722",9.940596,4.050025,2.939759,4.508811
"fig|214675.23.peg.1723",5.76275,2.667575,0.875887,1.436344
"fig|214675.23.peg.1724",57.249096,8.06631,34.539059,6.406371
"fig|214675.23.peg.1726",1.007739,NA,2.886645,0.359767
"fig|214675.23.peg.1727",51.997921,2.291289,14.861351,1.628392
"fig|214675.23.peg.1728",0.651356,NA,0.73529,0.403376
"fig|214675.23.peg.1729",8.817551,2.079178,4.529263,1.155617
"fig|214675.23.peg.1731",8.301056,3.188239,1.154334,1.622749
"fig|214675.23.peg.1732",7.621553,4.529955,7.44002,4.985416
"fig|214675.23.peg.1733",2.213105,1.387602,1.183745,2.894737
"fig|214675.23.peg.1734",5.208635,1.741444,7.571698,2.307861
"fig|214675.23.peg.1736",3.57829,NA,4.340508,0.489684
"fig|214675.23.peg.1737",11.436304,1.424875,7.990608,1.31456
"fig|214675.23.peg.1738",1.430124,3.446608,2.01037,2.483395
"fig|214675.23.peg.1739",27.077015,2.812478,17.978848,2.144519
"fig|214675.23.peg.1740",0.850438,NA,1.639849,0.397025
"fig|214675.23.peg.1741",3.753234,1.671331,2.660734,2.974313
"fig|214675.23.peg.1742",1.008394,0.614378,1.376577,1.570372
"fig|214675.23.peg.1743",1094.066528,27.526112,270.104462,24.634817
"fig|214675.23.peg.1746",3.982434,0.421317,3.154809,1.355898
"fig|214675.23.peg.1747",4.332229,22.876627,2.793073,25.985161
"fig|214675.23.peg.1748",1.040574,9.282558,33.167057,7.817616
"fig|214675.23.peg.1749",1.353532,NA,1.026144,NA
"fig|214675.23.peg.1751",1.058292,0.652719,NA,0.477025
"fig|214675.23.peg.1753",14.223937,2.288491,5.331527,2.220525
"fig|214675.23.peg.1754",5.738777,2.63265,3.286036,3.567638
"fig|214675.23.peg.1755",1.287112,0.524276,2.56768,2.692546
"fig|214675.23.peg.1756",3.23367,4.925491,4.274701,5.143343
"fig|214675.23.peg.1757",50.351372,9.635988,33.431667,13.241112
"fig|214675.23.peg.1758",15.553262,5.22254,12.312472,7.043597
"fig|214675.23.peg.1759",9.473231,3.55835,4.643454,4.057128
"fig|214675.23.peg.1761",12.659369,0.781964,1.492012,3.334619
"fig|214675.23.peg.1762",2.584949,NA,1.791815,NA
"fig|214675.23.peg.1763",3.549335,0.601647,3.440765,1.362222
"fig|214675.23.peg.1764",3.898875,NA,3.273316,0.965376
"fig|214675.23.peg.1765",1.611992,NA,2.047126,0.602514
"fig|214675.23.peg.1766",4.954285,0.725301,5.848742,1.476761
"fig|214675.23.peg.1767",1.801074,0.363808,1.274813,0.92516
"fig|214675.23.peg.1768",0.646378,1.338162,NA,0.937289
"fig|214675.23.peg.1769",43.217899,4.450966,24.208778,5.586311
"fig|214675.23.peg.1770",23.084351,8.555908,13.680525,13.273022
"fig|214675.23.peg.1771",28.584877,2.253501,11.539228,2.684642
"fig|214675.23.peg.1772",2.197508,NA,NA,0.663961
"fig|214675.23.peg.1773",19.735712,0.663832,18.567526,1.469819
"fig|214675.23.peg.1774",22.732471,14.636572,16.148481,27.164263
"fig|214675.23.peg.1775",7.452846,1.90153,9.999192,3.480095
"fig|214675.23.peg.1776",2.822613,1.823933,2.83445,4.509717
"fig|214675.23.peg.1777",3.409717,NA,3.740631,0.545963
"fig|214675.23.peg.1778",0.973584,NA,2.13293,0.797946
"fig|214675.23.peg.1779",6.177035,10.051256,1.509221,9.776758
"fig|214675.23.peg.1780",97.531059,61.648033,36.764225,61.303249
"fig|214675.23.peg.1781",1.794678,2.008362,0.709648,1.997459
"fig|214675.23.peg.1782",70.779221,2.00865,42.258678,1.188756
"fig|214675.23.peg.1783",63.683125,8.03699,21.795128,7.228521
"fig|214675.23.peg.1785",97.318184,8.545567,34.462757,10.257169
"fig|214675.23.peg.1787",5.333263,23.546106,1.247417,13.383351
"fig|214675.23.peg.1788",17.55571,1.318942,10.585421,1.670846
"fig|214675.23.peg.1789",5.837667,1.741441,5.639376,2.327209
"fig|214675.23.peg.1792",18.271563,2.04936,14.349311,3.272628
"fig|214675.23.peg.1793",1.24142,0.718791,1.18098,0.50177
"fig|214675.23.peg.1794",76.268028,15.988457,16.063168,10.129728
"fig|214675.23.peg.1795",3.970877,6.358123,2.131947,4.768832
"fig|214675.23.peg.1796",20.877768,3.577247,19.112648,7.369474
"fig|214675.23.peg.1797",25.730534,3.641254,29.779858,7.541756
"fig|214675.23.peg.1799",26.396439,2.597757,38.12656,6.08628
"fig|214675.23.peg.1800",25.152306,17.688007,18.885088,36.311642
"fig|214675.23.peg.1801",248.30687,16.027452,160.001694,31.964272
"fig|214675.23.peg.1802",24.106527,8.578547,10.133598,8.795316
"fig|214675.23.peg.1803",23.715143,2.647952,18.200705,3.325438
"fig|214675.23.peg.1804",0.83126,NA,0.920933,0.605609
"fig|214675.23.peg.1805",1481.213867,288.895172,513.94635,139.487686
"fig|214675.23.peg.1806",21.554516,2.487879,25.127293,6.836318
"fig|214675.23.peg.1807",2.107009,9.529732,1.920589,11.391622
"fig|214675.23.peg.1808",72.283623,30.087379,36.258434,39.433125
"fig|214675.23.peg.1809",35.962578,3.738673,38.229919,5.369249
"fig|214675.23.peg.1810",10.973763,3.754937,8.763884,5.10743
"fig|214675.23.peg.1811",35.628906,3.954062,20.82987,4.639809
"fig|214675.23.peg.1812",3.190277,NA,4.804867,1.42677
"fig|214675.23.peg.1813",9.819548,1.929989,8.917811,3.40406
"fig|214675.23.peg.1814",16.768101,6.522362,12.981936,7.447846
"fig|214675.23.peg.1815",10.333101,4.499654,17.636335,8.760071
"fig|214675.23.peg.1816",197.48671,48.802753,63.236973,45.252007
"fig|214675.23.peg.1817",8.52926,19.855555,1.606961,7.526336
"fig|214675.23.rna.18",136.684128,4976.055664,38.333904,1358.467896
"fig|214675.23.rna.19",6.288722,2818.564697,24.042538,3134.990234
"fig|214675.23.peg.1819",4.345249,0.456285,5.275111,1.369347
"fig|214675.23.peg.1820",15.316628,22.409258,19.516695,33.326462
"fig|214675.23.peg.1821",145.15007,6.538867,71.618156,6.720289
"fig|214675.23.peg.1822",7.369987,2.120779,4.858782,3.137859
"fig|214675.23.peg.1823",4.527472,4.440173,2.869574,8.1926
"fig|214675.23.peg.1824",1.266681,NA,NA,NA
"fig|214675.23.peg.1825",9.52902,2.586662,6.714618,5.002481
"fig|214675.23.peg.1948",1.88078,12.213057,NA,6.609683
"fig|214675.23.peg.1951",2.771806,1.122264,6.171164,2.190163
"fig|214675.23.peg.1952",53.453106,6.033923,57.359978,14.339759
"fig|214675.23.peg.1953",6.645513,2.903024,5.771812,5.473697
"fig|214675.23.peg.1954",9.464356,NA,10.176975,NA
"fig|214675.23.peg.1937",9.35345,4.837245,4.358497,2.830416
"fig|214675.23.peg.1938",5.426432,1.312094,3.769499,1.633501
"fig|214675.23.peg.1939",69.008659,15.055342,12.893764,8.330933
"fig|214675.23.peg.1940",9.358874,0.561012,11.656528,1.315423
"fig|214675.23.peg.1941",517.85437,3.750869,255.165237,9.411662
"fig|214675.23.peg.1942",260.360626,24.23728,171.122803,35.927319
"fig|214675.23.peg.1943",3.736776,0.49809,13.713892,0.700193
"fig|214675.23.peg.1944",2.224282,1.551409,1.49537,2.731754
"fig|214675.23.peg.1946",14.066717,4.18269,8.224204,4.367297
"fig|214675.23.peg.2000",1.314962,0.800046,1.048782,1.074674
"fig|214675.23.peg.1956",226.951172,18.111437,111.913727,18.949492
"fig|214675.23.peg.1957",2.873214,4.560906,2.555422,5.232122
"fig|214675.23.peg.1958",18.020527,2.950898,12.395144,3.654356
"fig|214675.23.peg.1959",11.731075,9.061085,6.23776,9.98656
"fig|214675.23.peg.1960",31.060612,11.08347,25.726774,14.589099
"fig|214675.23.peg.1961",8.538608,2.011545,6.61895,3.121044
"fig|214675.23.peg.1962",14.386854,2.237683,3.369853,1.412421
"fig|214675.23.peg.1963",2.522492,0.444431,1.473304,0.379347
"fig|214675.23.peg.1964",1.338255,0.816518,1.571791,0.48922
"fig|214675.23.peg.1965",25.01926,10.816218,16.082674,11.075735
"fig|214675.23.peg.1966",7.455921,1.045371,3.750756,1.558471
"fig|214675.23.peg.1967",6.602125,2.419924,5.750531,3.327849
"fig|214675.23.peg.1968",12.804942,3.476985,4.6671,2.249258
"fig|214675.23.peg.1970",31.148754,10.618388,16.119883,8.27587
"fig|214675.23.peg.1973",106.763809,22.664639,81.528236,24.72913
"fig|214675.23.peg.1974",1.452876,2.203191,1.860976,4.216366
"fig|214675.23.peg.1975",47.505222,5.566854,26.300816,8.035204
"fig|214675.23.peg.1976",2.741015,0.743342,3.171362,1.365768
"fig|214675.23.peg.1980",1.136356,0.605013,1.094888,0.394337
"fig|214675.23.peg.1981",5.161318,2.259918,1.369387,NA
"fig|214675.23.peg.1982",1.670507,NA,0.81359,NA
"fig|214675.23.peg.1983",0.792786,NA,NA,NA
"fig|214675.23.peg.1984",11.078135,5.694371,4.129685,5.754906
"fig|214675.23.peg.1985",119.075706,21.848675,106.113045,26.781023
"fig|214675.23.peg.1986",4.928939,14.363538,2.467616,14.76999
"fig|214675.23.peg.1987",2.962007,1.067193,2.802839,1.076228
"fig|214675.23.peg.1988",92.557114,81.804993,53.875149,42.668621
"fig|214675.23.peg.1989",16.973007,203.190628,3.318228,115.213409
"fig|214675.23.peg.1990",4.278261,0.79206,3.557773,0.856097
"fig|214675.23.peg.1992",13.192616,0.998968,16.801517,1.930846
"fig|214675.23.peg.1993",0.653307,0.789806,0.949447,0.944844
"fig|214675.23.peg.1994",1.595809,0.362447,1.674867,0.403642
"fig|214675.23.peg.1995",411.469788,67.596672,139.464035,43.635094
"fig|214675.23.peg.1996",4.526781,4.705452,3.910083,9.270743
"fig|214675.23.peg.1997",1.373611,4.505284,1.724327,7.814305
"fig|214675.23.peg.1998",27.748907,6.650232,27.744186,15.166143
"fig|214675.23.peg.2001",12.046271,2.430617,15.170721,4.802637
"fig|214675.23.peg.2002",28.012306,4.365955,23.762932,7.487368
"fig|214675.23.peg.2003",55.196964,6.987929,48.003933,13.010409
"fig|214675.23.peg.2004",73.386536,14.393645,76.06916,31.366833
"fig|214675.23.peg.2005",34.103619,6.502263,19.470852,9.145218
"fig|214675.23.peg.2006",31.768616,2.579917,14.659294,3.630987
"fig|214675.23.peg.2007",4.70652,1.116861,6.107476,2.582559
"fig|214675.23.peg.2008",34.524769,3.264735,16.718174,3.592588
"fig|214675.23.peg.2009",19.766781,5.589434,13.348694,8.209315
"fig|214675.23.peg.2010",155.203674,21.659613,85.697472,25.000494
"fig|214675.23.peg.2011",5.995795,2.081993,4.851581,2.528366
"fig|214675.23.peg.2012",5.035929,3.051511,4.017796,4.408916
"fig|214675.23.peg.2013",2.19552,1.02022,1.583727,1.307088
"fig|214675.23.peg.2015",5.913798,0.899427,7.953845,2.105892
"fig|214675.23.peg.2016",146.897369,6.155174,209.095749,16.040707
"fig|214675.23.peg.2017",8.21835,0.806035,30.078691,6.764037
"fig|214675.23.peg.2018",5.122102,16.011099,9.95043,35.112045
"fig|214675.23.peg.2019",20.869801,5.055604,5.775184,2.489591
"fig|214675.23.peg.2020",21.509066,4.04273,14.852267,6.720657
"fig|214675.23.peg.2021",9.448197,1.340499,5.640687,2.302119
"fig|214675.23.peg.2022",13.458808,0.635305,20.689013,1.466551
"fig|214675.23.peg.2023",58.485748,21.487328,30.841145,26.87031
"fig|214675.23.peg.2024",56.832436,32.497704,92.647209,37.724533
"fig|214675.23.peg.2025",50.108131,4.249585,26.474918,4.868897
"fig|214675.23.peg.2026",63.951939,6.63164,23.857737,4.310218
"fig|214675.23.peg.2027",0.709861,0.572038,0.69889,NA
"fig|214675.23.peg.2030",38.891518,5.767815,18.588058,5.563878
"fig|214675.23.peg.2031",3.58208,0.622386,5.137748,1.47384
"fig|214675.23.peg.2032",31.445469,3.453864,26.074688,3.367135
"fig|214675.23.peg.2034",51.540501,6.188168,60.162983,23.505299
"fig|214675.23.peg.2035",1.008546,0.514081,0.677665,0.931772
"fig|214675.23.peg.2036",2.409571,2.109082,1.615672,2.326391
"fig|214675.23.peg.2037",16.760155,1.559076,12.416744,1.653431
"fig|214675.23.peg.2038",4.19447,3.146892,1.733521,3.309861
"fig|214675.23.peg.2039",4.430229,0.98162,4.672233,2.428196
"fig|214675.23.peg.2040",284.564117,18.59853,128.386154,17.892345
"fig|214675.23.peg.2041",16.461454,2.939703,9.588941,3.078011
"fig|214675.23.peg.2043",305.700195,39.926495,102.071373,42.503677
"fig|214675.23.peg.2045",13.755266,3.111508,11.527699,4.137658
"fig|214675.23.peg.2046",7.993765,2.78631,6.903697,4.547841
"fig|214675.23.peg.2047",24.072973,NA,30.179207,0.645509
"fig|214675.23.peg.2048",8.758602,3.095927,5.273653,3.977053
"fig|214675.23.peg.2049",17.119984,2.036691,11.819897,2.448208
"fig|214675.23.peg.2050",0.722038,NA,1.650452,0.494315
"fig|214675.23.peg.2051",131.658936,45.876888,34.551769,36.376549
"fig|214675.23.peg.2052",52.378319,18.521658,28.051069,19.490887
"fig|214675.23.peg.2053",12.120302,3.725766,7.543961,5.721974
"fig|214675.23.peg.2054",33.262684,3.266594,24.584776,3.932618
"fig|214675.23.peg.2056",9.37888,28.919922,3.812685,20.316282
"fig|214675.23.peg.2057",18.198257,4.708844,12.395541,6.859319
"fig|214675.23.peg.2058",6.96778,3.378998,3.86235,3.0368
"fig|214675.23.peg.2059",6.196106,1.770317,4.090268,2.085085
"fig|214675.23.peg.2060",3.017251,0.524957,3.858256,1.300898
"fig|214675.23.peg.2061",1.059459,1.675103,2.623065,4.581529
"fig|214675.23.peg.2062",2.542549,4.178686,2.250602,7.124523
"fig|214675.23.peg.2063",3.57558,3.754947,5.045111,6.514733
"fig|214675.23.peg.2064",2.912937,0.761755,5.679438,1.443278
"fig|214675.23.peg.2065",3.792382,0.582969,2.259432,0.537081
"fig|214675.23.peg.2095",23.377296,0.475712,11.475039,0.94183
"fig|214675.23.peg.2096",46.719967,12.611602,29.84807,10.549361
"fig|214675.23.peg.2097",19.881781,7.410977,18.642817,13.235549
"fig|214675.23.peg.2098",17.965046,5.119139,36.789753,11.954484
"fig|214675.23.peg.2099",10.268913,1.737173,16.689146,3.011699
"fig|214675.23.peg.2100",3.336956,0.371938,1.37176,NA
"fig|214675.23.peg.2101",29.199829,6.607629,8.622886,3.267323
"fig|214675.23.peg.2067",24.866644,9.47535,54.462517,48.034588
"fig|214675.23.peg.2068",1.538255,NA,NA,NA
"fig|214675.23.peg.2071",129.840927,3.734501,56.985668,4.083538
"fig|214675.23.peg.2072",11.070158,NA,5.507905,0.423912
"fig|214675.23.peg.2073",0.990086,NA,0.759744,NA
"fig|214675.23.peg.2074",1.254109,1.80619,3.757652,4.139633
"fig|214675.23.peg.2075",4.074443,8.529256,5.800613,15.331145
"fig|214675.23.peg.2076",55.152039,22.474735,37.865456,31.851418
"fig|214675.23.peg.2077",180.345001,1.706181,236.794998,3.669965
"fig|214675.23.peg.2080",471.389069,7.043978,359.895233,20.192783
"fig|214675.23.peg.2081",60.016495,30.500843,27.794285,38.150349
"fig|214675.23.peg.2082",26.742334,8.89572,25.835617,12.812441
"fig|214675.23.peg.2083",109.506111,11.742514,76.884186,20.350441
"fig|214675.23.peg.2084",71.924988,10.197081,77.817833,18.1654
"fig|214675.23.peg.2085",119.072914,22.277269,82.87429,31.850353
"fig|214675.23.peg.2086",60.065067,8.973047,51.335835,16.677017
"fig|214675.23.peg.2087",61.415863,9.953841,43.211048,20.026049
"fig|214675.23.peg.2088",105.863327,13.870085,78.612877,26.954506
"fig|214675.23.peg.2089",34.523304,7.331568,25.970615,14.137756
"fig|214675.23.peg.2090",85.625687,7.104419,65.976471,11.495325
"fig|214675.23.peg.2091",48.630497,4.758286,44.182907,9.194739
"fig|214675.23.peg.2092",7.600088,3.498683,8.525642,4.716136
"fig|214675.23.peg.2093",7.950023,1.603518,9.837316,3.85392
"fig|214675.23.peg.2103",1.27384,0.846628,0.864768,1.654769
"fig|214675.23.peg.2104",2.154768,3.146989,1.229247,2.344562
"fig|214675.23.peg.2105",682.454895,82.409073,187.026321,45.487244
"fig|214675.23.peg.2106",56.049419,0.6037,24.749069,0.604409
"fig|214675.23.peg.2107",37.073368,10.949086,11.829272,5.824134
"fig|214675.23.peg.2108",2.190133,0.493133,1.681704,1.890207
"fig|214675.23.peg.2109",4.592457,0.844957,6.411854,2.739834
"fig|214675.23.peg.2110",1.203486,1.849669,1.068879,1.233779
"fig|214675.23.peg.2111",102.094643,89.058655,25.909966,27.533369
"fig|214675.23.peg.2112",49.998055,17.245844,36.340393,24.057001
"fig|214675.23.peg.2113",16.419851,2.24653,16.52693,3.313436
"fig|214675.23.peg.2114",0.894433,0.517514,1.102812,1.869978
"fig|214675.23.peg.2115",277.800018,11.654869,133.345856,11.556649
"fig|214675.23.peg.2119",37.989647,6.238444,41.169449,11.371046
"fig|214675.23.peg.2120",39.210762,2.857111,41.913696,8.570988
"fig|214675.23.peg.2121",11.505288,3.664349,15.550223,10.546798
"fig|214675.23.peg.2122",1258.311768,78.916794,441.149414,117.06929
"fig|214675.23.peg.2123",1679.827759,39.201347,796.457031,41.68594
"fig|214675.23.peg.2124",242.174103,39.046104,158.66423,55.6796
"fig|214675.23.peg.2125",5.091459,NA,8.361887,NA
"fig|214675.23.peg.2126",9.864301,8.587482,30.861923,5.995708
"fig|214675.23.peg.2127",1.639485,0.853499,3.171752,1.923681
"fig|214675.23.peg.2128",42.866413,4.919432,26.052462,6.341649
"fig|214675.23.peg.2129",40.199455,3.212798,42.22723,4.584809
"fig|214675.23.peg.2131",5.168284,1.9474,53.987453,4.545537
"fig|214675.23.peg.2132",64.043556,6.364186,61.465424,15.521668
"fig|214675.23.peg.2133",47.226948,21.856426,66.041672,34.084999
"fig|214675.23.peg.2134",15.618249,2.269882,9.939379,3.112557
"fig|214675.23.peg.2135",1.435961,1.299993,0.836593,1.927058
"fig|214675.23.peg.2138",25.98805,NA,4.845586,NA
"fig|214675.23.peg.2139",8.030956,1.173892,2.22758,0.641732
"fig|214675.23.peg.2140",1.309693,NA,1.201217,0.798431
"fig|214675.23.peg.2141",3.852189,6.545489,3.000714,8.989075
"fig|214675.23.peg.2142",113.673668,7.441632,38.613026,5.375182
"fig|214675.23.peg.2143",7.288866,NA,7.830154,NA
"fig|214675.23.peg.2144",2.049217,NA,NA,0.934133
"fig|214675.23.peg.2145",3.922357,10.610682,0.691881,13.434611
"fig|214675.23.peg.2146",4.25967,18.542759,2.473444,16.805965
"fig|214675.23.peg.2147",200.03035,49.442032,81.251534,44.259811
"fig|214675.23.peg.2148",13.265772,12.11325,4.663958,14.042632
"fig|214675.23.peg.2149",3.805719,NA,2.372774,NA
"fig|214675.23.peg.2150",12.783216,8.095024,7.629191,10.043665
"fig|214675.23.peg.2151",0.919365,0.747206,1.631728,1.407511
"fig|214675.23.peg.2152",34.480614,16.973785,14.156765,13.49855
"fig|214675.23.peg.2153",10.749217,8.707983,4.27209,11.931894
"fig|214675.23.peg.2154",13.470788,1.549945,21.559795,5.712256
"fig|214675.23.peg.2155",59.559689,4.135464,83.348068,11.873757
"fig|214675.23.peg.2156",43.912682,19.461756,1.397864,51.321629
"fig|214675.23.peg.2157",4.478714,1.894511,8.724315,5.979707
"fig|214675.23.peg.2158",59.187363,1.001227,74.131828,3.354428
"fig|214675.23.peg.2159",46.732971,5.361266,15.303535,5.254553
"fig|214675.23.peg.2160",1.928915,0.492271,1.34221,0.609998
"fig|214675.23.peg.2163",10.277092,21.652845,4.866468,16.855568
"fig|214675.23.peg.2164",95.632378,5.566353,93.704834,12.652511
"fig|214675.23.peg.2165",13.148502,5.8111,18.279823,12.313534
"fig|214675.23.peg.2166",212.016083,47.866875,141.342148,76.303391
"fig|214675.23.peg.2167",5.918857,0.951096,6.356439,1.414855
"fig|214675.23.peg.2168",3.31719,1.430532,2.655373,2.789807
"fig|214675.23.peg.2169",41.289627,23.592337,37.780018,35.793957
"fig|214675.23.peg.2170",216.138321,24.23802,48.5453,36.070641
"fig|214675.23.rna.21",26.394728,1.180312,12.370865,1.434073
"fig|214675.23.peg.2171",7.842133,12.714972,15.596638,26.76857
"fig|214675.23.peg.2172",6.064499,1.695162,6.671624,3.139052
"fig|214675.23.peg.2173",16.373909,4.479737,11.511945,11.454468
"fig|214675.23.peg.2174",73.201897,22.178335,42.135201,34.88929
"fig|214675.23.peg.2175",93.840149,17.438021,49.780117,18.296144
"fig|214675.23.peg.2178",3.833354,1.070105,1.418829,1.767553
"fig|214675.23.peg.2179",11.713415,3.392661,7.05606,3.638084
"fig|214675.23.peg.2180",45.206852,2.747399,20.205082,1.664419
"fig|214675.23.peg.2181",2.060825,NA,1.272637,NA
"fig|214675.23.peg.2182",37.054909,8.743797,11.486063,6.70635
"fig|214675.23.peg.2183",7.553344,1.639744,6.758046,3.131896
"fig|214675.23.peg.2184",91.646355,39.842888,45.006519,37.090633
"fig|214675.23.peg.2185",1.150724,1.776875,1.402032,2.741081
"fig|214675.23.peg.2186",14.15807,1.790561,10.642641,2.325082
"fig|214675.23.peg.2187",3.630869,0.545278,4.412074,1.866406
"fig|214675.23.peg.2189",54.11417,4.826335,34.835285,7.338361
"fig|214675.23.peg.2190",3.636915,NA,10.927993,0.470465
"fig|214675.23.peg.2192",94.127571,9.18788,34.75296,6.912915
"fig|214675.23.peg.2193",1.139239,2.443657,NA,2.681374
"fig|214675.23.peg.2194",3.770238,0.845117,2.50994,1.414757
"fig|214675.23.peg.2195",77.425255,4.256487,85.552032,7.116955
"fig|214675.23.peg.2196",168.010864,4.628238,132.672653,7.724219
"fig|214675.23.peg.2197",16.688213,11.966546,12.807428,18.638704
"fig|214675.23.peg.2198",4.293889,1.061995,3.170424,1.411547
"fig|214675.23.peg.2201",5.438215,0.566501,4.22103,0.793623
"fig|214675.23.peg.2204",5.888885,0.882973,2.211244,0.805799
"fig|214675.23.peg.2205",1.496863,0.887491,0.920933,2.774207
"fig|214675.23.peg.2206",140.391205,77.597519,66.71875,128.114883
"fig|214675.23.peg.2207",375.846466,56.882175,302.375641,125.202408
"fig|214675.23.peg.2208",424.203339,55.883045,379.830933,115.661209
"fig|214675.23.peg.2209",1679.530396,57.615944,1583.596924,146.967209
"fig|214675.23.peg.2210",690.089355,51.226982,754.011414,130.152069
"fig|214675.23.peg.2211",138.925781,42.664581,318.539124,95.494446
"fig|214675.23.peg.2212",303.869141,58.62542,179.991119,88.872459
"fig|214675.23.peg.2213",126.394737,15.123238,191.88591,51.143177
"fig|214675.23.peg.2214",172.471786,74.95713,101.090248,167.317719
"fig|214675.23.peg.2215",278.362915,49.251904,295.769623,143.587204
"fig|214675.23.peg.2216",1188.961182,77.809219,1407.893555,187.146515
"fig|214675.23.peg.2217",1335.256226,59.630058,1403.563232,167.483963
"fig|214675.23.peg.2218",1882.304443,70.500092,2046.140625,151.966461
"fig|214675.23.peg.2219",267.645599,54.404095,194.072693,131.177322
"fig|214675.23.peg.2220",451.393982,109.402771,336.191498,236.284409
"fig|214675.23.peg.2221",156.665405,51.723106,208.628845,133.613983
"fig|214675.23.peg.2222",110.087814,56.301205,72.511444,106.517776
"fig|214675.23.peg.2223",478.371185,32.946228,452.787231,86.513
"fig|214675.23.peg.2224",1234.552124,49.702099,1011.666992,120.073074
"fig|214675.23.peg.2225",143.111389,68.615356,127.501122,140.183762
"fig|214675.23.peg.2226",597.25061,59.029041,578.287659,163.791092
"fig|214675.23.peg.2227",283.108582,57.651035,324.938904,163.589676
"fig|214675.23.peg.2228",245.05542,39.952351,382.385406,114.939949
"fig|214675.23.peg.2229",121.449715,35.054188,134.57692,124.552063
"fig|214675.23.peg.2230",79.168861,40.09882,107.132805,131.118118
"fig|214675.23.peg.2231",26.897123,45.677975,45.883369,150.02507
"fig|214675.23.peg.2232",23.709082,27.549772,34.625298,88.260826
"fig|214675.23.peg.2233",542.157959,85.360474,497.421722,238.586685
"fig|214675.23.peg.2234",465.986542,179.013657,524.502197,362.158997
"fig|214675.23.peg.2235",1516.102905,174.22467,1156.413208,354.943176
"fig|214675.23.peg.2236",36.122246,9.28714,39.810745,21.946203
"fig|214675.23.peg.2237",20.15321,6.763955,7.902871,5.63753
"fig|214675.23.peg.2238",27.302982,6.108935,9.286469,6.932269
"fig|214675.23.peg.2239",4.304502,0.508502,3.836302,1.318315
"fig|214675.23.peg.2240",1.1217,NA,0.805635,NA
"fig|214675.23.peg.2242",10.366879,1.058452,4.574847,1.175836
"fig|214675.23.peg.2246",0.856927,NA,NA,NA
"fig|214675.23.peg.2247",1.26995,0.859112,0.652661,1.954737
"fig|214675.23.peg.2248",122.240524,5.859977,115.639633,11.34638
"fig|214675.23.peg.2249",5.047585,0.938411,4.836244,1.686209
"fig|214675.23.peg.2250",2.321021,1.002995,0.722043,1.954147
"fig|214675.23.peg.2251",5.758711,0.955004,14.467764,3.785018
"fig|214675.23.peg.2252",33.034492,NA,92.824554,0.945142
"fig|214675.23.peg.2253",177.552765,21.28973,134.936691,35.913433
"fig|214675.23.peg.2254",10.682816,2.144935,6.614543,2.814651
"fig|214675.23.peg.2256",217.899689,80.740631,50.545185,41.17548
"fig|214675.23.peg.2257",1.292858,0.542128,0.972414,1.173527
"fig|214675.23.peg.2259",22.57864,17.879723,21.796562,54.557011
"fig|214675.23.peg.2260",4.510612,6.283129,3.400778,5.868207
"fig|214675.23.peg.2261",5.176672,8.334489,4.467684,8.48925
"fig|214675.23.rna.22",103.165573,640.986755,65.983505,643.778992
"fig|214675.23.rna.23",142.479645,263.134613,249.937683,404.890442
"fig|214675.23.peg.2262",83.679283,34.314678,147.450943,92.488808
"fig|214675.23.peg.2263",134.382919,23.038729,105.026169,45.013107
"fig|214675.23.peg.2264",2714.914551,32.876347,3585.870361,84.429634
"fig|214675.23.peg.2265",809.411194,64.231384,512.810364,125.56871
"fig|214675.23.peg.2266",290.814941,59.580856,224.125916,108.089249
"fig|214675.23.peg.2267",4451.343262,171.166702,114.986038,246.578461
"fig|214675.23.peg.2268",213.027817,63.218147,NA,149.315918
"fig|214675.23.peg.2269",236.723358,68.386391,3.420563,136.756104
"fig|214675.23.peg.2270",54.224937,10.056838,53.208897,15.817779
"fig|214675.23.peg.2271",825.134705,50.61425,1827.289307,144.502777
"fig|214675.23.peg.2272",563.848633,64.689125,499.745514,163.639572
"fig|214675.23.peg.2273",3.533139,0.528883,10.064897,2.885315
"fig|214675.23.peg.2275",2.537967,0.41533,2.171213,1.530279
"fig|214675.23.peg.2276",14.896258,2.738257,8.033302,5.429471
"fig|214675.23.peg.2277",950.222473,17.793133,354.550568,21.326788
"fig|214675.23.peg.2278",296.364594,58.297348,181.324997,94.872284
"fig|214675.23.peg.2279",119.95784,96.225464,46.757133,119.178619
"fig|214675.23.peg.2280",75.620026,7.363857,57.163048,13.002434
"fig|214675.23.peg.2281",114.365784,16.980228,73.123878,17.320873
"fig|214675.23.peg.2282",27.436493,5.066377,23.03013,11.968592
"fig|214675.23.peg.2285",39.726704,30.126451,17.166649,24.898016
"fig|214675.23.peg.2286",21.632229,3.401557,14.511854,5.693082
"fig|214675.23.peg.2287",45.645454,6.090029,26.222141,11.198068
"fig|214675.23.peg.2288",38.812653,5.5628,27.588081,9.492971
"fig|214675.23.peg.2289",3.255196,4.203064,4.511214,7.676096
"fig|214675.23.peg.2290",2.029796,1.882248,1.622042,4.862553
"fig|214675.23.peg.2291",241.28064,58.390739,51.740376,32.754589
"fig|214675.23.peg.2292",87.864548,7.191968,58.611988,9.15439
"fig|214675.23.peg.2294",114.072075,23.482748,40.867802,33.326664
"fig|214675.23.peg.2295",0.702969,0.466661,NA,NA
"fig|214675.23.peg.2296",88.483734,4.930694,21.540905,2.147009
"fig|214675.23.peg.2297",6.458017,1.826525,5.219728,2.146916
"fig|214675.23.peg.2298",4.353167,1.597242,1.302699,0.754639
"fig|214675.23.peg.2301",1.274493,NA,NA,NA
"fig|214675.23.peg.2302",1.527168,3.704024,NA,1.693191
"fig|214675.23.peg.2304",10.390727,2.648446,6.715135,2.495887
"fig|214675.23.peg.2306",352.01947,40.508587,279.530212,24.035252
"fig|214675.23.peg.2307",1199.617432,121.439346,541.993408,96.60955
"fig|214675.23.peg.2308",6203.101562,233.456696,1204.846313,203.379074
"fig|214675.23.peg.2309",665.127747,33.587887,453.543152,68.700203
"fig|214675.23.peg.2311",21.612749,3.105575,17.060139,5.523573
"fig|214675.23.peg.2316",110.695251,13.328269,27.926868,7.93152
"fig|214675.23.peg.2317",13.423823,1.452374,14.648086,2.1849
"fig|214675.23.peg.2318",27.783682,5.748416,13.570421,5.858359
"fig|214675.23.rna.24",805.975403,65.228836,740.468994,65.288078
"fig|214675.23.rna.25",752.158081,103.694626,585.60144,128.836197
"fig|214675.23.peg.2320",66.316505,15.400615,29.363077,13.388271
"fig|214675.23.peg.2321",204.804337,17.595179,66.442307,12.275703
"fig|214675.23.peg.2322",3.961443,18.56921,NA,12.83011
"fig|214675.23.peg.2323",2.531021,1.139194,1.583548,1.599799
"fig|214675.23.peg.2324",47.350033,4.347315,16.078133,3.257172
"fig|214675.23.peg.2325",34.684273,10.361371,14.55384,11.144227
"fig|214675.23.peg.2327",49.050884,6.413726,11.921259,2.981237
"fig|214675.23.peg.2328",155.34166,7.403396,43.081242,3.905776
"fig|214675.23.peg.2329",85.235695,5.433654,25.058353,2.975802
"fig|214675.23.peg.2330",61.176331,6.858682,12.438723,4.776342
"fig|214675.23.peg.2331",1.133098,NA,0.718677,NA
"fig|214675.23.peg.2332",1.144732,1.7523,1.03986,2.035871
"fig|214675.23.peg.2334",97.560387,26.345144,52.085258,22.35865
"fig|214675.23.peg.2335",44.553974,33.732414,16.487289,27.670746
"fig|214675.23.peg.2336",1.151626,1.445093,1.654307,2.805555
"fig|214675.23.peg.2337",21.280247,4.008291,14.780555,4.84459
"fig|214675.23.peg.2338",97.390923,5.857271,92.423981,8.73243
"fig|214675.23.peg.2339",7.771424,1.807408,11.279609,5.366532
"fig|214675.23.peg.2340",7.70537,2.559736,6.122331,6.247576
"fig|214675.23.peg.2341",14.461618,14.102378,5.289643,15.50855
"fig|214675.23.peg.2342",5.199349,1238.971191,3.505245,172.064392
"fig|214675.23.peg.2343",16.736113,4.286052,19.408054,6.437751
"fig|214675.23.peg.2344",42.969563,4.459423,29.714235,8.341603
"fig|214675.23.peg.2345",266.525604,65.913673,43.856045,NA
"fig|214675.23.peg.2346",6.340216,3.452789,4.118988,4.109441
"fig|214675.23.peg.2348",2.799122,0.935324,1.128562,0.672146
"fig|214675.23.peg.2349",6.425364,1.252485,4.848107,1.919537
"fig|214675.23.peg.2350",20.370943,3.179998,12.000215,4.000042
"fig|214675.23.peg.2351",364.424561,18.899788,244.95697,22.227104
"fig|214675.23.peg.2352",45.499031,34.747013,14.767095,25.241636
"fig|214675.23.peg.2353",2.054997,0.713123,1.312731,0.92007
"fig|214675.23.peg.2354",14.946163,1.797605,8.096539,2.548869
"fig|214675.23.peg.2355",7.273749,0.450313,1.216729,0.704999
"fig|214675.23.peg.2356",12.783137,2.370552,7.298842,3.069011
"fig|214675.23.peg.2358",4.315987,NA,4.313324,0.543231
"fig|214675.23.peg.2359",5.404498,1.866326,8.808415,7.70274
"fig|214675.23.peg.2361",0.76103,NA,5.782048,1.824535
"fig|214675.23.peg.2362",75.44619,2.986576,67.668541,3.879493
"fig|214675.23.peg.2363",42.745533,18.493032,25.938005,23.415037
"fig|214675.23.peg.2364",120.679382,13.143436,67.161438,15.924654
"fig|214675.23.peg.2365",3.957506,3.651982,2.679422,3.687831
"fig|214675.23.peg.2366",101.185699,6.675599,33.974361,6.73533
"fig|214675.23.peg.2367",132.140976,4.303932,63.316246,3.723228
"fig|214675.23.peg.2368",9.221863,16.308632,4.751623,18.998127
"fig|214675.23.peg.2369",71.415749,36.079266,26.216661,33.154968
"fig|214675.23.peg.2370",67.191994,18.1259,37.006718,31.188051
"fig|214675.23.peg.2371",67.028809,3.208953,60.604088,8.044239
"fig|214675.23.peg.2372",3.987854,8.437041,10.011063,14.177382
"fig|214675.23.peg.2373",14.572439,8.416979,14.761868,12.464831
"fig|214675.23.peg.2374",5.861528,6.33042,16.528641,7.711287
"fig|214675.23.peg.2377",1.933177,0.491165,2.923819,1.438447
"fig|214675.23.peg.2378",4.025298,1.368013,2.909954,2.668085
"fig|214675.23.peg.2379",12.872875,3.618968,8.467594,3.744138
"fig|214675.23.peg.2380",37.697239,6.108905,36.430817,8.705939
"fig|214675.23.peg.2381",39.349655,2.69379,30.373281,6.5849
"fig|214675.23.peg.2383",23.548512,2.947323,15.9112,3.958229
"fig|214675.23.peg.2384",22.090275,3.19767,17.367931,4.139405
"fig|214675.23.peg.2385",67.63102,4.99114,43.321892,5.498331
"fig|214675.23.peg.2386",244.265198,8.377031,159.973877,8.544801
"fig|214675.23.peg.2387",279.770081,11.276072,149.868057,13.001004
"fig|214675.23.peg.2388",25.759079,4.954423,7.912021,6.53932
"fig|214675.23.peg.2389",1532.001465,105.563873,267.063721,57.808357
"fig|214675.23.peg.2390",0.733354,2.024935,1.108099,5.491335
"fig|214675.23.peg.2391",3.486979,0.669261,1.790048,1.368527
"fig|214675.23.peg.2394",12.527738,18.536701,4.137525,14.35822
"fig|214675.23.peg.2397",74.201401,3.64749,35.726601,3.80795
"fig|214675.23.peg.2398",221.571457,25.444035,213.26091,29.882729
"fig|214675.23.peg.2399",471.405487,40.197647,280.475586,47.886791
"fig|214675.23.peg.2400",319.683624,110.8629,180.421692,62.189964
"fig|214675.23.peg.2401",312.283142,12.318598,177.582855,17.309841
"fig|214675.23.peg.2402",40.811291,8.381452,9.931372,6.678636
"fig|214675.23.peg.2403",4.321434,1.222425,3.953326,2.888993
"fig|214675.23.peg.2404",28.976826,1.986749,36.710175,6.134917
"fig|214675.23.peg.2405",12.403448,5.990022,14.005959,11.710592
"fig|214675.23.peg.2406",50.67231,4.440987,40.646084,11.093042
"fig|214675.23.peg.2407",123.895813,10.062297,126.382614,16.714611
"fig|214675.23.peg.2409",79.770859,24.90836,22.27787,16.279024
"fig|214675.23.peg.2410",5.002722,NA,3.159335,0.397638
"fig|214675.23.peg.2411",1.855492,0.615426,1.386152,0.436624
"fig|214675.23.peg.2412",0.808704,NA,NA,NA
"fig|214675.23.peg.2415",48.996716,1.5511,17.004822,2.025668
"fig|214675.23.peg.2416",0.692281,0.474884,0.709688,0.96858
"fig|214675.23.peg.2417",1.283387,1.622929,0.988501,2.185671
"fig|214675.23.peg.2418",2.261662,1.047848,2.507424,2.415856
"fig|214675.23.peg.2419",1.395831,0.998078,2.405742,2.743189
"fig|214675.23.peg.2420",9.543816,1.755436,5.058877,3.08515
"fig|214675.23.peg.2421",58.453205,6.500581,160.476608,44.481361
"fig|214675.23.peg.2422",34.578506,84.788681,16.203178,57.002869
"fig|214675.23.peg.2425",0.710295,NA,2.349046,2.358476
"fig|214675.23.peg.2426",143.367538,25.06991,96.898949,51.924549
"fig|214675.23.peg.2427",14.240227,18.40122,19.910183,28.590824
"fig|214675.23.peg.2428",44.202072,1.403223,91.736092,4.350948
"fig|214675.23.peg.2429",3.637649,6.806019,3.661829,7.569467
"fig|214675.23.peg.2430",4.947495,2.438939,3.536389,3.907672
"fig|214675.23.peg.2431",45.79562,5.207526,64.101204,15.844935
"fig|214675.23.peg.2434",6.250292,0.594873,6.879696,0.735392
"fig|214675.23.peg.2435",8.682693,2.147206,5.988244,3.392263
"fig|214675.23.peg.2436",5.453199,4.188679,2.468373,4.745029
"fig|214675.23.peg.2437",16.6066,6.594267,8.401844,6.801205
"fig|214675.23.peg.2439",163.266403,89.976387,191.604553,139.270523
"fig|214675.23.peg.2440",194.768051,54.743065,167.743042,96.585281
"fig|214675.23.peg.2441",19.6998,37.409588,25.984911,75.75087
"fig|214675.23.peg.2442",15.879856,2.631037,10.406893,3.872844
"fig|214675.23.peg.2443",34.410172,2.619103,8.069189,4.181092
"fig|214675.23.peg.2444",149.697998,3.014129,74.027039,3.581247
"fig|214675.23.peg.2445",33.998547,2.234135,32.034573,3.443428
"fig|214675.23.peg.2446",10.901009,0.808769,11.511211,1.876276
"fig|214675.23.peg.2447",30.431849,16.232513,30.197256,27.139132
"fig|214675.23.peg.2448",12.383052,2.244008,9.41625,4.450815
"fig|214675.23.peg.2449",24.623371,16.154453,15.833687,13.580636
"fig|214675.23.peg.2450",31.501919,6.803843,36.246067,18.581446
"fig|214675.23.peg.2451",2.090505,NA,4.730282,0.658398
"fig|214675.23.peg.2452",1.341041,2.706535,1.45175,3.877718
"fig|214675.23.peg.2453",20.401077,4.731019,12.113938,6.176709
"fig|214675.23.peg.2454",52.779369,2.891678,26.21203,3.657439
"fig|214675.23.peg.2455",27.898701,4.092629,10.011726,4.989459
"fig|214675.23.peg.2456",59.019173,0.668146,35.342133,1.67402
"fig|214675.23.peg.2457",120.788284,8.446648,48.887299,9.924253
"fig|214675.23.peg.2458",8.994056,1.455568,7.556903,1.951671
"fig|214675.23.peg.2461",668.03656,397.174103,181.394608,542.327332
"fig|214675.23.peg.2462",405.741699,24.345482,189.455841,35.381561
"fig|214675.23.peg.2463",7.850794,2.311747,9.219201,5.092928
"fig|214675.23.peg.2464",6.133489,5.09215,4.127372,7.605536
"fig|214675.23.peg.2465",22.781303,20.199387,10.80755,28.629055
"fig|214675.23.peg.2466",66.505707,6.012564,49.403992,9.805636
"fig|214675.23.peg.2467",50.238213,70.332222,34.964943,116.580666
"fig|214675.23.peg.2468",373.117859,21.305115,364.295105,40.459698
"fig|214675.23.peg.2469",166.065292,30.945042,111.602173,56.880169
"fig|214675.23.peg.2470",85.039436,6.489279,143.759872,21.874413
"fig|214675.23.peg.2471",27.459433,2.880211,19.663057,5.187824
"fig|214675.23.peg.2473",18.760187,8.856411,10.313615,8.264886
"fig|214675.23.peg.2476",11.720865,4.431283,13.785919,7.173243
"fig|214675.23.peg.2477",32.605331,4.697133,30.10714,6.557243
"fig|214675.23.peg.2478",60.498512,5.380017,47.459068,9.785021
"fig|214675.23.peg.2479",131.242279,106.509468,61.597507,141.83725
"fig|214675.23.peg.2481",16.680271,18.186949,8.521064,23.414707
"fig|214675.23.peg.2482",69.3461,2.36697,58.692577,3.108079
"fig|214675.23.peg.2484",17.70174,2.710072,8.923325,3.074879
"fig|214675.23.peg.2485",1.056703,NA,0.705344,NA
"fig|214675.23.peg.2486",0.841985,0.441166,0.75076,0.539651
"fig|214675.23.peg.2487",7.763618,1.063389,6.097915,1.358097
"fig|214675.23.peg.2488",2.738854,0.579131,1.862352,1.25082
"fig|214675.23.peg.2489",59.870335,721.388611,45.413612,710.263855
"fig|214675.23.peg.2490",91.802963,3.652567,34.660751,2.466099
"fig|214675.23.peg.2491",423.395813,922.143005,169.582428,631.847412
"fig|214675.23.peg.2492",104.579842,123.132126,70.169189,89.944138
"fig|214675.23.peg.2494",5.507532,2.420354,3.355573,5.002854
"fig|214675.23.peg.2495",9.580784,1.450412,12.673206,3.763208
"fig|214675.23.peg.2497",2.853719,0.532388,4.226107,5.398916
"fig|214675.23.peg.2498",10.341585,0.391825,32.001858,4.553724
"fig|214675.23.peg.2499",8.25023,1.175146,6.232558,1.741861
"fig|214675.23.peg.2500",10.759755,1.269351,11.638346,2.490009
"fig|214675.23.peg.2501",125.010223,13.608246,70.232979,17.544054
"fig|214675.23.peg.2502",42.134598,13.439452,17.480837,16.134655
"fig|214675.23.peg.2503",47.10989,13.99469,16.614637,14.660001
"fig|214675.23.peg.2504",69.880066,5.309696,44.412632,9.714428
"fig|214675.23.peg.2505",2.320509,1.661455,0.902222,2.29875
"fig|214675.23.peg.2507",110.190506,12.278369,8.580602,2.500342
"fig|214675.23.peg.2508",41.340622,9.138194,1.705423,1.157035
"fig|214675.23.rna.26",2323.149414,106.331627,2526.313232,179.207962
"fig|214675.23.peg.2511",9.854508,3.83582,8.850743,5.601181
"fig|214675.23.rna.27",894.976746,4.158484,920.4505,5.028076
"fig|214675.23.peg.2513",11.623355,4.267396,10.643918,8.604617
"fig|214675.23.peg.2515",6.226351,1.159046,12.315088,3.683617
"fig|214675.23.peg.2516",7.542751,1.568637,7.272805,3.014089
"fig|214675.23.peg.2517",45.500439,3.277379,55.714905,8.246606
"fig|214675.23.peg.2518",1.162459,1.743013,1.065945,4.207011
"fig|214675.23.peg.2519",35.100998,13.162202,24.457384,19.817192
"fig|214675.23.peg.2520",177.218323,8.174256,89.09024,8.810678
"fig|214675.23.peg.2521",118.50753,13.797789,102.01638,16.864754
"fig|214675.23.peg.2522",3.289285,NA,2.65397,1.156176
"fig|214675.23.peg.2523",25.838003,20.551311,13.75778,34.445759
"fig|214675.23.peg.2524",9.340547,3.385624,9.808985,7.185895
"fig|214675.23.peg.2525",28.337828,6.859021,24.952478,13.624758
"fig|214675.23.peg.2526",179.06572,13.19369,154.518814,28.337994
"fig|214675.23.peg.2527",24.927061,7.519464,16.846296,6.647089
"fig|214675.23.peg.2529",2.123986,0.908556,3.130701,2.22294
"fig|214675.23.peg.2530",5.587401,1.203107,3.010584,1.281158
"fig|214675.23.peg.2531",20.313808,2.551312,14.592122,3.252581
"fig|214675.23.peg.2532",9.864673,1.97816,7.003755,2.630286
"fig|214675.23.peg.2533",2.53847,0.541783,5.274093,0.462201
"fig|214675.23.peg.2534",6.807863,0.617421,8.415963,1.302794
"fig|214675.23.peg.2535",57.281578,4.266691,42.608768,8.904404
"fig|214675.23.peg.2536",6.849831,1.57435,8.237089,3.326029
"fig|214675.23.peg.2537",71.472801,9.249928,46.400299,12.802984
"fig|214675.23.peg.2538",36.640442,12.064598,22.2743,16.340483
"fig|214675.23.peg.2539",1.706171,0.93732,1.482897,1.546907
"fig|214675.23.peg.2540",1.703367,NA,11.265511,2.15702
"fig|214675.23.peg.2541",2.421281,1.05906,6.020448,6.452201
"fig|214675.23.peg.2542",5.808423,1.281281,5.207201,1.7895
"fig|214675.23.peg.2543",4.438872,1.697774,4.676196,2.929497
"fig|214675.23.peg.2544",21.451473,15.501165,7.434342,11.517122
"fig|214675.23.peg.2546",36.09145,1.973637,32.706665,4.296519
"fig|214675.23.peg.2547",5.331663,1.414082,5.203554,2.953285
"fig|214675.23.peg.2548",2.756628,1.247861,2.648791,3.570028
"fig|214675.23.peg.2549",4.219476,0.697568,5.416574,1.667153
"fig|214675.23.peg.2550",2.695103,8.226249,5.650168,27.931475
"fig|214675.23.peg.2551",47.295475,8.584762,43.040863,29.021244
"fig|214675.23.peg.2552",96.851974,18.133495,107.530487,39.991844
"fig|214675.23.peg.2553",19.602219,6.460388,32.209408,14.775745
"fig|214675.23.peg.2554",22.290373,6.819771,45.2253,18.534611
"fig|214675.23.peg.2555",89.204872,7.266209,75.775116,12.097939
"fig|214675.23.peg.2556",6.373521,4.025384,7.122894,9.618163
"fig|214675.23.peg.2557",11.967848,4.565994,12.556933,8.797757
"fig|214675.23.peg.2558",11.735431,19.226126,5.551842,24.592175
"fig|214675.23.peg.2559",231.418991,66.477425,93.662552,84.28614
"fig|214675.23.peg.2560",391.500641,15.024221,283.234619,21.060116
"fig|214675.23.peg.2561",132.486694,17.310844,55.486977,22.3554
"fig|214675.23.peg.2562",322.168823,24.324175,161.649673,27.969362
"fig|214675.23.peg.2563",9.635826,9.799472,23.064178,11.541929
"fig|214675.23.peg.2564",12.733501,5.153688,6.283252,1.681036
"fig|214675.23.peg.2565",257.450989,45.074528,82.238388,53.891376
"fig|214675.23.peg.2566",3.900851,2.098898,2.76596,5.134577
"fig|214675.23.peg.2567",3.688202,0.919437,4.404461,1.722102
"fig|214675.23.peg.2568",28.175636,18.283381,16.659821,21.336641
"fig|214675.23.peg.2569",10.476279,3.627504,27.803846,8.632337
"fig|214675.23.peg.2570",1.14608,1.465637,1.053408,3.98547
"fig|214675.23.peg.2571",1.210798,0.361105,1.88393,0.835187
"fig|214675.23.rna.28",1.052301,0.658925,4.601959,2.498926
"fig|214675.23.peg.2572",0.967786,NA,0.783354,0.840441
"fig|214675.23.peg.2573",4.942369,NA,2.614432,0.94185
"fig|214675.23.peg.2574",2.464581,0.820414,3.007491,0.719535
"fig|214675.23.peg.2575",1.673245,0.621872,1.046277,1.184626
"fig|214675.23.peg.2576",4.021815,1.822091,3.64797,2.362748
"fig|214675.23.peg.2577",4.594274,7.826823,4.083303,4.584537
"fig|214675.23.peg.2578",272.383667,51.550365,104.913773,38.970314
"fig|214675.23.peg.2579",2.565811,NA,4.102194,1.510789
"fig|214675.23.peg.2580",2.804932,6.113673,6.939105,21.314526
"fig|214675.23.peg.2581",1.88039,1.157335,2.203795,1.217026
"fig|214675.23.peg.2583",0.973166,NA,0.982245,NA
"fig|214675.23.peg.2584",0.998641,NA,0.662034,0.457681
"fig|214675.23.peg.2585",12.720454,2.176871,6.812438,1.906367
"fig|214675.23.peg.2586",1.083799,NA,3.355631,0.799978
"fig|214675.23.peg.2589",8.523617,1.524874,9.096699,8.064505
"fig|214675.23.peg.2590",18.432627,3.050614,17.698071,5.263833
"fig|214675.23.peg.2591",10.082699,3.771707,10.005141,7.003328
"fig|214675.23.peg.2592",26.020002,4.441993,24.294523,9.977297
"fig|214675.23.peg.2593",531.779663,342.936951,140.14476,440.279114
"fig|214675.23.peg.2595",46.022877,18.037622,104.241241,148.880341
"fig|214675.23.peg.2596",1.865971,0.710706,1.18109,0.685271
"fig|214675.23.peg.2598",2.273455,1.026913,1.692436,0.870365
"fig|214675.23.peg.2599",2.143173,0.458504,1.267701,0.462815
"fig|214675.23.peg.2600",23.734472,1.375015,31.190577,2.175938
"fig|214675.23.peg.2601",11.813848,2.219577,10.416943,2.403184
"fig|214675.23.peg.2602",90.211708,21.738127,31.798193,23.279182
"fig|214675.23.peg.2603",411.86734,38.537289,288.703308,49.078735
"fig|214675.23.peg.2604",517.607666,20.593927,395.052673,39.586418
"fig|214675.23.peg.2605",3.773327,1.077611,4.430129,3.640724
"fig|214675.23.peg.2606",51.042133,5.95449,44.357334,10.196881
"fig|214675.23.peg.2607",95.630348,12.013692,63.373131,19.557417
"fig|214675.23.peg.2608",1.782397,1.115719,2.302332,1.234496
"fig|214675.23.peg.2609",1.148935,1.366125,1.401419,1.296718
"fig|214675.23.peg.2610",15.229731,3.067632,9.848783,3.165082
"fig|214675.23.peg.2611",94.24649,6.245698,42.67926,6.102611
"fig|214675.23.peg.2612",2.035445,0.50558,1.607269,0.728589
"fig|214675.23.peg.2613",2.424162,0.507626,2.032049,0.754523
"fig|214675.23.peg.2614",12.177338,2.44443,5.931711,2.258869
"fig|214675.23.peg.2615",1.143765,0.385722,0.639901,0.474086
"fig|214675.23.peg.2616",1.016632,NA,NA,NA
"fig|214675.23.peg.2617",11.877426,0.840316,3.643428,0.534039
"fig|214675.23.peg.2618",1.317817,NA,NA,NA
"fig|214675.23.peg.2619",6.062984,0.642472,1.962743,NA
"fig|214675.23.peg.2620",23.43055,1.473184,6.986994,0.988232
"fig|214675.23.peg.2621",16.979149,2.091023,5.594556,1.50103
"fig|214675.23.peg.2623",11.429914,2.544307,2.939597,1.666247
"fig|214675.23.peg.2624",1.890367,0.582526,1.167523,0.819979
"fig|214675.23.peg.2625",47.415371,2.971334,25.448183,3.463959
"fig|214675.23.peg.2626",203.931107,8.452723,59.130833,9.231079
"fig|214675.23.peg.2627",147.312988,11.564445,59.29652,11.279803
"fig|214675.23.peg.2628",27.685507,1.969754,12.361466,1.84927
"fig|214675.23.peg.2629",71.175209,8.780767,40.254665,7.713582
"fig|214675.23.peg.2630",6.160535,6.453761,1.262818,5.722456
"fig|214675.23.peg.2631",1.186281,1.957888,1.006698,1.751549
"fig|214675.23.peg.2632",30.07618,2.519652,4.801739,1.491536
"fig|214675.23.peg.2633",23.3521,0.695754,7.646043,NA
"fig|214675.23.peg.2636",27.786486,7.601688,24.631657,16.298231
"fig|214675.23.peg.2637",2.578701,NA,3.473263,NA
"fig|214675.23.peg.2638",12.861755,4.858896,12.528923,8.237803
"fig|214675.23.peg.2639",26.174397,3.867892,25.011515,7.705118
"fig|214675.23.peg.2640",60.823929,34.049202,32.999744,31.189951
"fig|214675.23.peg.2641",69.567329,3.43277,132.861359,19.371742
"fig|214675.23.peg.2642",158.070923,4.361366,376.019867,19.048313
"fig|214675.23.peg.2643",31.959387,1.980281,74.628723,7.896441
"fig|214675.23.peg.2644",217.622665,15.129816,339.460327,57.434765
"fig|214675.23.peg.2645",129.491409,23.36894,278.595551,54.208519
"fig|214675.23.peg.2646",108.519897,48.095074,143.852676,125.205391
"fig|214675.23.peg.2647",443.053406,21.75197,578.280579,53.105965
"fig|214675.23.peg.2648",73.946381,12.378297,68.331024,21.187124
"fig|214675.23.peg.2649",4.595466,NA,4.359972,NA
"fig|214675.23.peg.2650",0.975849,0.692025,NA,1.208631
"fig|214675.23.peg.2652",1.206026,0.905995,1.653349,0.996677
"fig|214675.23.peg.2653",29.731638,2.510606,18.342295,3.908917
"fig|214675.23.peg.2654",6.522566,1.305312,6.44485,1.901988
"fig|214675.23.peg.2655",20.297899,24.655777,4.971703,12.662852
"fig|214675.23.peg.2656",2.169844,1.223014,2.514041,2.344347
"fig|214675.23.peg.2657",28.285664,2.541342,24.32863,4.343605
"fig|214675.23.peg.2658",22.191002,3.561647,10.951636,3.262383
"fig|214675.23.peg.2659",15.521949,6.873842,8.724889,8.895136
"fig|214675.23.peg.2660",2.416749,0.807891,1.01676,0.951744
"fig|214675.23.peg.2661",0.901489,1.15267,0.607759,0.919406
"fig|214675.23.peg.2663",1.669515,NA,0.966196,NA
"fig|214675.23.peg.2664",76.540749,18.555458,35.165504,14.315924
"fig|214675.23.peg.2665",1158.551636,44.177147,304.571136,31.724195
"fig|214675.23.peg.2666",30.840372,8.718007,12.261092,9.455482
"fig|214675.23.peg.2667",42.002747,0.386284,29.444374,0.877615
"fig|214675.23.peg.2668",43.299755,12.49017,17.343721,13.187787
"fig|214675.23.peg.2669",23.062256,3.661103,20.582775,4.312404
"fig|214675.23.peg.2671",10.565673,3.200873,15.564915,4.029507
"fig|214675.23.peg.2672",15.861202,0.979978,15.61473,1.771929
"fig|214675.23.peg.2673",35.739056,17.265173,12.91308,14.563446
"fig|214675.23.peg.2674",53.999283,25.581362,10.267323,18.439468
"fig|214675.23.peg.2677",5.891876,14.272811,5.057553,21.109022
"fig|214675.23.peg.2679",62.303963,29.894169,86.867783,57.634243
"fig|214675.23.peg.2680",475.906067,49.066204,341.204773,90.935036
"fig|214675.23.peg.2681",104.933228,4.697547,127.700096,13.271212
"fig|214675.23.peg.2682",34.656139,6.696061,35.789436,15.076999
"fig|214675.23.rna.29",409.547058,150.52948,754.672363,180.764236
"fig|214675.23.peg.2683",115.820618,43.11924,57.511276,43.390213
"fig|214675.23.peg.2684",13.722135,5.651673,10.126047,8.172482
"fig|214675.23.peg.2685",2.705071,0.969958,2.408249,1.203206
"fig|214675.23.peg.2686",11.137574,4.173818,11.627996,6.328667
"fig|214675.23.peg.2688",1.736104,1.968237,NA,3.790109
"fig|214675.23.peg.2689",1.755665,4.393327,0.761297,3.749156
"fig|214675.23.peg.2690",10727.640625,763.298645,1345.931274,421.797394
"fig|214675.23.peg.2691",4.166177,NA,NA,NA
"fig|214675.23.peg.2692",1.817945,2.841715,1.21009,5.860394
"fig|214675.23.peg.2693",6.552077,4.842216,5.317617,9.751252
"fig|214675.23.peg.2694",50.88298,12.506807,34.398933,16.528585
"fig|214675.23.peg.2695",102.809311,6.614105,121.874603,6.526771
"fig|214675.23.peg.2696",6.765109,2.553276,4.01276,3.203437
"fig|214675.23.peg.2699",1.896892,2.603026,1.776268,2.370893
"fig|214675.23.peg.2700",50.558453,3.302322,23.004652,2.2252
"fig|214675.23.peg.2702",19.286116,3.332667,5.785413,1.741367
"fig|214675.23.peg.2703",4.725457,0.625603,2.971606,1.007574
"fig|214675.23.peg.2706",1.401093,1.343174,1.71127,2.746781
"fig|214675.23.peg.2707",1.532276,7.571571,2.882619,9.122225
"fig|214675.23.peg.2708",207.491745,9.753574,87.858238,11.730881
"fig|214675.23.peg.2710",21.583307,4.237512,12.962147,5.067314
"fig|214675.23.peg.2711",9.483899,1.806585,5.919054,2.897917
"fig|214675.23.peg.2712",25.299585,9.341689,20.425936,14.033838
"fig|214675.23.peg.2713",356.686523,48.123676,131.344086,65.961052
"fig|214675.23.peg.2714",406.974426,26.501175,380.444336,0.586491
"fig|214675.23.peg.2715",564.485474,35.741482,147.563416,7.251213
"fig|214675.23.peg.2717",148.411591,6.861564,142.47287,12.927171
"fig|214675.23.peg.2718",396.189362,40.941544,171.306122,62.81514
"fig|214675.23.peg.2719",408.133484,33.013187,461.337708,81.597397
"fig|214675.23.peg.2720",2.995742,3.109372,5.528497,10.135973
"fig|214675.23.peg.2721",12.270466,0.809507,7.14906,1.741057
"fig|214675.23.peg.2722",28.230232,3.315845,18.15509,3.48893
"fig|214675.23.peg.2731",3.609065,0.94199,5.088799,1.666997
"fig|214675.23.peg.2723",4.815724,1.070929,4.379947,1.705837
"fig|214675.23.peg.2724",53.517052,9.685632,23.852667,12.649381
"fig|214675.23.peg.2725",86.080925,10.197961,89.029617,26.821758
"fig|214675.23.peg.2726",0.679522,0.617222,0.7737,0.561542
"fig|214675.23.peg.2727",45.222675,5.419697,50.350288,8.275083
"fig|214675.23.peg.2728",49.864414,4.045586,60.213306,9.044791
"fig|214675.23.peg.2729",134.314728,32.583279,15.463179,15.634317
"fig|214675.23.peg.2730",24.412066,0.78951,1.567585,0.966359
"fig|214675.23.peg.2732",7.024606,1.588776,4.152662,2.157769
"fig|214675.23.peg.2733",26.501501,2.120907,13.671382,2.445906
"fig|214675.23.peg.2734",9.998434,2.534944,5.423051,3.32351
"fig|214675.23.peg.2735",210.73468,12.293427,49.222038,10.405162
"fig|214675.23.peg.2736",27.949406,6.169712,9.999427,7.430519
"fig|214675.23.peg.2737",74.308945,6.234288,28.995106,7.228895
"fig|214675.23.peg.2739",0.680863,2.058158,0.673191,3.203202
"fig|214675.23.peg.2740",37.849503,3.883257,14.102137,3.013753
"fig|214675.23.peg.2742",1.332629,0.356337,1.645364,0.922597
"fig|214675.23.peg.2743",1.292344,NA,1.196334,0.409491
"fig|214675.23.peg.2745",9.111903,1.439732,9.588755,2.905787
"fig|214675.23.peg.2746",20.808949,1.896818,18.109961,2.780838
"fig|214675.23.peg.2747",35.651661,17.090448,8.406965,8.873568
"fig|214675.23.rna.30",29.369549,2.466166,26.080965,1.838812
"fig|214675.23.peg.2749",7.128432,1.835107,5.46421,3.547947
"fig|214675.23.peg.2750",1.392385,0.737964,1.73231,1.441846
"fig|214675.23.peg.2751",3.107425,1.060148,2.043161,1.967059
"fig|214675.23.peg.2752",4.893858,1.271236,4.736152,2.537873
"fig|214675.23.peg.2753",43.543911,2.25172,25.281633,2.801854
"fig|214675.23.peg.2754",0.843635,NA,NA,0.550029
"fig|214675.23.peg.2755",3.378322,0.835144,1.334255,1.082397
"fig|214675.23.peg.2756",20.896381,5.689796,10.656736,6.272238
"fig|214675.23.peg.2757",6.471955,1.476726,5.114483,1.84162
"fig|214675.23.peg.2758",10.876794,2.678827,5.642511,3.967407
"fig|214675.23.peg.2759",27.103203,1.333055,9.087154,1.355633
"fig|214675.23.peg.2760",43.756794,1.52063,23.73061,1.684375
"fig|214675.23.peg.2761",17.82826,2.99947,6.320797,3.012971
"fig|214675.23.peg.2762",13.055103,3.004712,7.060609,4.196437
"fig|214675.23.peg.2763",13.941468,4.68147,6.066075,4.4551
"fig|214675.23.peg.2764",22.483665,5.20471,5.628236,5.31206
"fig|214675.23.peg.2765",4.758848,1.61694,2.701901,1.341195
"fig|214675.23.peg.2766",10.640357,1.60124,2.936308,2.195958
"fig|214675.23.peg.2767",5.898204,2.27666,2.205241,1.615383
"fig|214675.23.peg.2768",289.252319,9.800116,NA,9.524431
"fig|214675.23.peg.2769",59.780743,10.769694,8.220066,2.697213
"fig|214675.23.peg.2770",20.510792,1.670861,7.545644,1.67032
"fig|214675.23.peg.2771",11.83496,2.456046,3.33922,2.166822
"fig|214675.23.peg.2772",23.800182,4.168093,5.684125,1.863449
"fig|214675.23.peg.2773",75.357323,5.903508,12.641845,2.401258
"fig|214675.23.peg.2774",8.80167,1.514999,1.962088,1.275385
"fig|214675.23.peg.2775",31.160917,4.867087,4.007797,1.640167
"fig|214675.23.peg.2776",9.560258,5.655133,1.223909,2.410733
"fig|214675.23.peg.2777",18.988434,5.150532,2.901147,1.339907
"fig|214675.23.peg.2778",21.569635,3.262077,2.681147,1.888192
"fig|214675.23.peg.2779",5.485845,1.333191,5.028005,1.8666
"fig|214675.23.peg.2780",1.151674,0.538421,2.108373,2.964011
"fig|214675.23.peg.2781",46.394821,11.259569,58.805759,33.830929
"fig|214675.23.peg.2782",47.948822,6.178524,112.464287,24.475571
"fig|214675.23.peg.2783",95.961815,18.840992,77.638916,52.785625
"fig|214675.23.peg.2784",212.902466,42.907169,239.240082,96.024567
"fig|214675.23.peg.2785",8.652251,2.349567,2.35,1.833101
"fig|214675.23.peg.2787",22.308567,4.245032,81.284431,48.327412
"fig|214675.23.peg.2788",8.21943,0.560157,77.181129,5.062911
"fig|214675.23.peg.2789",151.668381,66.067329,331.406464,471.020966
"fig|214675.23.peg.2790",14.903937,4.011402,47.669243,18.264767
"fig|214675.23.peg.2791",2.640229,NA,2.175281,0.518896
"fig|214675.23.peg.2792",48.286644,27.536409,20.229795,22.235863
"fig|214675.23.peg.2793",77.860039,2.489159,22.613384,4.74265
"fig|214675.23.peg.2797",9.36325,2.852934,3.043993,3.746215
"fig|214675.23.peg.2794",0.743418,1.835522,1.007918,3.976051
"fig|214675.23.peg.2795",56.219803,9.166678,30.985325,11.645928
"fig|214675.23.peg.2798",2.888781,0.732862,1.983495,0.759019
"fig|214675.23.peg.2799",22.06105,1.151591,13.202825,1.552534
"fig|214675.23.peg.2800",14.973628,2.491296,8.034133,2.442984
"fig|214675.23.peg.2801",3.585526,1.053773,2.146089,1.269021
"fig|214675.23.peg.2802",1.091623,NA,0.661961,NA
"fig|214675.23.peg.2803",1.03359,NA,1.503341,0.835097
"fig|214675.23.peg.2804",22.720402,2.097774,156.105316,3.718117
"fig|214675.23.peg.2805",33.2537,23.680643,31.594889,51.771904
"fig|214675.23.peg.2806",462.99173,21.460051,343.563354,49.301556
"fig|214675.23.peg.2807",17.401033,12.207521,25.178841,25.321634
"fig|214675.23.peg.2808",144.671631,16.953279,61.242905,15.682458
"fig|214675.23.peg.2809",2.232781,6.020834,53.340248,8.374529
"fig|214675.23.peg.2810",1.26511,NA,NA,0.830233
"fig|214675.23.peg.2811",295.919403,12.546207,69.692284,5.84258
"fig|214675.23.peg.2812",13.099042,NA,9.922552,0.460952
"fig|214675.23.peg.2813",11.892912,2.950393,3.084458,3.504136
"fig|214675.23.peg.2814",13.037073,2.12127,4.912062,1.596291
"fig|214675.23.peg.2815",4.218265,2.903382,7.558918,2.601008
"fig|214675.23.peg.2816",152.449341,30.394306,49.916351,30.034275
"fig|214675.23.peg.2817",3.019762,1.128217,1.078015,1.70659
"fig|214675.23.peg.2818",14.724776,8.641729,22.237913,13.019279
"fig|214675.23.peg.2819",4.658118,5.122451,3.289046,5.734253
"fig|214675.23.peg.2820",15.004025,7.954919,11.039358,10.136911
"fig|214675.23.peg.2821",19.84318,7.6239,15.497311,14.777346
"fig|214675.23.peg.2822",30.959064,2.371608,41.261883,5.022606
"fig|214675.23.peg.2823",12.3106,3318.697754,11.51489,1022.586853
"fig|214675.23.peg.2824",10.114905,1.979344,7.054323,2.361305
"fig|214675.23.peg.2825",4.946081,2.043427,4.696492,2.381617
"fig|214675.23.peg.2826",22.449486,2.218917,13.810583,3.508722
"fig|214675.23.peg.2827",4.290695,2.080071,11.433886,7.052948
"fig|214675.23.peg.2828",87.722809,13.867357,NA,36.621452
"fig|214675.23.peg.2829",71.109261,6.553795,29.264843,7.847336
"fig|214675.23.peg.2830",3.114726,6.177977,3.910959,7.459795
"fig|214675.23.peg.2831",2.016025,1.995809,4.260362,5.317045
"fig|214675.23.peg.2832",5.843709,8.829999,5.748785,13.16619
"fig|214675.23.peg.2833",203.507904,14.075105,NA,19.527143
"fig|214675.23.peg.2946",1.19647,NA,0.693661,NA
"fig|214675.23.peg.2943",17.791304,1.077092,15.412053,2.035553
"fig|214675.23.peg.2934",4.122092,1.169577,1.532294,0.963194
"fig|214675.23.peg.2935",1.768246,NA,1.304178,NA
"fig|214675.23.peg.2936",121.604797,3.713156,42.781456,3.630803
"fig|214675.23.peg.2937",5.923907,0.896834,3.675568,1.371929
"fig|214675.23.peg.2938",14.413876,18.402052,7.450013,23.315891
"fig|214675.23.peg.2939",228.923401,94.71199,100.987602,77.543541
"fig|214675.23.peg.2940",104.141174,34.838177,42.270275,35.158699
"fig|214675.23.peg.2942",1.249179,1.663574,0.898471,1.922416
"fig|214675.23.peg.2947",5.947036,2.03841,9.250406,2.695911
"fig|214675.23.peg.2948",26.124855,2.302566,13.434079,2.797998
"fig|214675.23.peg.2949",18.869942,4.919253,21.415415,6.978092
"fig|214675.23.peg.2836",6.19231,1.067153,8.799986,2.639901
"fig|214675.23.peg.2837",11.317649,4.571626,12.324052,7.385253
"fig|214675.23.peg.2838",253.263031,16.649763,160.346542,29.313601
"fig|214675.23.peg.2839",8.9917,1.448757,4.412133,2.379612
"fig|214675.23.peg.2840",26.308434,5.645432,23.143902,8.067266
"fig|214675.23.peg.2841",63.038216,11.770398,28.871868,12.646199
"fig|214675.23.peg.2842",41.124134,4.446159,30.802439,7.379554
"fig|214675.23.peg.2843",45.120144,11.426327,28.165585,15.297179
"fig|214675.23.peg.2844",24.176479,2.665166,25.064522,5.208808
"fig|214675.23.peg.2845",3.039652,1.614982,5.230299,3.990635
"fig|214675.23.peg.2846",22.754765,2.176627,24.825146,3.243058
"fig|214675.23.peg.2848",45.235195,4.997104,22.942318,7.025328
"fig|214675.23.peg.2850",2.186247,NA,0.8365,NA
"fig|214675.23.peg.2851",11.400741,2.499529,11.729762,4.638593
"fig|214675.23.peg.2852",5.261069,0.528238,6.126205,1.091295
"fig|214675.23.peg.2854",3.066291,1.646168,7.743649,7.566284
"fig|214675.23.peg.2855",32.431709,2.025164,69.152023,11.94375
"fig|214675.23.peg.2856",1.291933,1.621698,22.106256,7.886343
"fig|214675.23.peg.2857",3.644495,0.954979,7.959279,5.415154
"fig|214675.23.peg.2858",3.521096,1.104224,8.263837,4.478765
"fig|214675.23.peg.2859",48.064388,6.25763,95.801308,21.931522
"fig|214675.23.peg.2860",10.111754,1.497274,12.133864,4.216465
"fig|214675.23.peg.2861",35.300423,5.387712,12.885872,5.590886
"fig|214675.23.peg.2862",16.205221,2.559082,26.04534,7.583055
"fig|214675.23.peg.2863",4.973811,1.888917,6.863465,4.246914
"fig|214675.23.peg.2866",23.171841,2.125918,20.66769,4.195146
"fig|214675.23.peg.2868",12.603276,3.783137,3.713245,2.777515
"fig|214675.23.peg.2869",28.217392,4.243271,14.216026,3.318441
"fig|214675.23.peg.2870",17.164326,1.552864,11.050346,2.194455
"fig|214675.23.peg.2871",1.316556,NA,0.65164,0.719535
"fig|214675.23.peg.2873",0.717084,NA,NA,0.500445
"fig|214675.23.peg.2874",2.837238,0.670175,1.732217,0.966091
"fig|214675.23.peg.2875",10.167561,0.987805,6.506582,0.994782
"fig|214675.23.peg.2876",5.459156,NA,8.846684,0.910728
"fig|214675.23.peg.2877",8.397187,1.493094,7.718127,2.110389
"fig|214675.23.peg.2878",2.91493,0.591863,3.171841,0.404445
"fig|214675.23.peg.2880",87.211395,5.178982,31.966755,4.63736
"fig|214675.23.peg.2881",13.527513,1.885338,16.618242,2.565244
"fig|214675.23.peg.2882",1.433375,2.137227,3.494449,4.600663
"fig|214675.23.peg.2883",34.977505,7.932805,32.720646,11.226381
"fig|214675.23.peg.2884",124.227798,35.218578,52.016869,39.629097
"fig|214675.23.peg.2885",131.086227,20.682188,90.536438,26.417765
"fig|214675.23.peg.2886",24.478464,1.394172,31.119308,1.066219
"fig|214675.23.peg.2887",81.069756,4.500226,21.875017,5.300171
"fig|214675.23.peg.2888",92.627129,8.036844,53.406567,11.482546
"fig|214675.23.peg.2889",56.635101,19.151737,19.865021,18.624699
"fig|214675.23.peg.2890",6.843668,2.238595,5.837272,2.129774
"fig|214675.23.peg.2891",11.0421,1.244737,11.38337,1.848557
"fig|214675.23.peg.2892",23.892054,5.372617,22.43578,10.489928
"fig|214675.23.peg.2893",161.156998,8.444408,68.336121,12.385156
"fig|214675.23.peg.2894",19.674826,6.685115,15.435927,8.183989
"fig|214675.23.peg.2895",16.830383,4.242561,20.655706,6.279421
"fig|214675.23.peg.2896",5.225387,1.668046,NA,3.612255
"fig|214675.23.peg.2899",1.205224,0.459827,0.730002,0.412023
"fig|214675.23.peg.2900",0.925165,1.897347,1.716739,1.597596
"fig|214675.23.peg.2901",14.256924,3.842291,5.960494,2.471378
"fig|214675.23.peg.2902",16.170864,2.889086,6.00734,2.407576
"fig|214675.23.peg.2903",1.72715,3.27451,2.756639,4.570892
"fig|214675.23.peg.2904",88.56015,9.095869,92.727913,9.753073
"fig|214675.23.peg.2905",63.278049,44.716702,47.87619,63.172405
"fig|214675.23.peg.2906",23.862217,4.342323,17.338398,4.230599
"fig|214675.23.peg.2907",106.47319,18.436275,33.327831,11.400242
"fig|214675.23.peg.2908",15.600074,21.649097,7.853858,14.24522
"fig|214675.23.peg.2909",961.044861,14.865369,613.221191,26.621925
"fig|214675.23.peg.2910",8.581182,2.251637,36.921692,4.373043
"fig|214675.23.peg.2913",119.531395,20.016893,13.063675,3.070091
"fig|214675.23.peg.2914",48.571712,5.150985,11.013047,2.127074
"fig|214675.23.peg.2915",10.776401,NA,1.376793,NA
"fig|214675.23.peg.2916",24.528284,4.323116,NA,2.025661
"fig|214675.23.peg.2917",30.958084,1.206706,14.054637,1.82994
"fig|214675.23.peg.2919",18.314598,10.785203,16.613104,21.157261
"fig|214675.23.peg.2920",16.380421,NA,13.049116,0.900956
"fig|214675.23.peg.2921",14.542061,7.078314,8.244367,7.181107
"fig|214675.23.peg.2922",3.133101,2.682435,5.084097,4.837926
"fig|214675.23.peg.2923",37.351841,9.671942,67.538094,31.869598
"fig|214675.23.peg.2924",48.148888,5.842289,81.035591,27.497801
"fig|214675.23.peg.2925",84.290466,11.93475,160.602768,41.776264
"fig|214675.23.peg.2926",49.530357,8.777201,62.295452,25.044195
"fig|214675.23.peg.2927",12.858226,2.112331,21.084368,9.662913
"fig|214675.23.peg.2928",22.288776,3.175733,40.103729,10.862326
"fig|214675.23.peg.2929",30.73522,2.676598,40.924004,9.372358
"fig|214675.23.peg.2930",2.317734,0.486258,6.814148,2.897258
"fig|214675.23.peg.2931",0.805637,0.398597,0.847525,1.513688
"fig|214675.23.peg.2933",11.109901,0.987306,6.741283,0.749768
"fig|214675.23.peg.2993",3.423452,1.011354,4.427165,2.717419
"fig|214675.23.peg.2994",5.518251,2.816634,5.142523,5.83951
"fig|214675.23.peg.2995",47.591522,2.75421,57.719074,6.854445
"fig|214675.23.peg.2996",0.942016,1.183677,1.627736,2.734754
"fig|214675.23.peg.2997",0.907356,1.714773,NA,1.727532
"fig|214675.23.rna.31",12.082534,3.953814,17.079271,2.70079
"fig|214675.23.rna.32",15.348058,11.019694,51.750095,7.425434
"fig|214675.23.peg.2998",1.759052,0.500504,1.797377,1.748204
"fig|214675.23.peg.2951",26.274645,2.188753,36.35746,4.785064
"fig|214675.23.peg.2952",11.64586,2.833974,6.774715,6.345039
"fig|214675.23.peg.2953",149.735397,10.432241,105.534538,13.892469
"fig|214675.23.peg.2955",11.659209,2.016338,14.419205,4.001552
"fig|214675.23.peg.2956",16.103624,3.363326,17.095526,6.262818
"fig|214675.23.peg.2957",2.490006,2.29967,3.828706,4.178619
"fig|214675.23.peg.2958",11.904515,2.492565,11.372458,5.466014
"fig|214675.23.peg.2959",21.689138,3.965101,20.510443,6.906282
"fig|214675.23.peg.2960",19.25477,1.228233,33.149719,2.488188
"fig|214675.23.peg.2961",12.829886,3.260478,11.60061,6.580828
"fig|214675.23.peg.2962",25.641335,1.952269,32.310848,6.172208
"fig|214675.23.peg.2963",46.116119,4.170244,20.745914,5.179751
"fig|214675.23.peg.2964",193.047333,11.835677,80.370926,10.322105
"fig|214675.23.peg.2965",6.195495,4.546692,11.192683,6.231781
"fig|214675.23.peg.2966",92.42234,7.771483,52.582066,7.67408
"fig|214675.23.peg.2967",35.374622,4.601222,37.710857,7.08948
"fig|214675.23.peg.2968",26.458191,1.939631,24.456785,5.74188
"fig|214675.23.peg.2969",3.500189,2.163917,4.791392,3.433387
"fig|214675.23.peg.2970",64.202621,4.375048,61.604446,8.570029
"fig|214675.23.peg.2971",26.072342,4.656249,21.642311,8.968573
"fig|214675.23.peg.2972",10.436008,1.91195,8.601084,3.474485
"fig|214675.23.peg.2973",34.571522,7.966872,17.885244,7.088935
"fig|214675.23.peg.2974",107.672661,8.932611,54.507366,12.549314
"fig|214675.23.peg.2975",1.16576,4.242061,1.347187,3.089832
"fig|214675.23.peg.2976",2.303165,10.931947,1.731987,10.12834
"fig|214675.23.peg.2977",145.838593,116.905998,53.80685,97.475784
"fig|214675.23.peg.2978",11.529,4.664417,10.906618,8.777545
"fig|214675.23.peg.2979",44.362495,5.481349,39.035828,7.399971
"fig|214675.23.peg.2980",343.858459,15.721511,41.168846,17.390526
"fig|214675.23.peg.2981",134.658371,16.301258,60.766376,14.039802
"fig|214675.23.peg.2982",75.123611,21.026281,32.211742,20.991371
"fig|214675.23.peg.2983",13.363816,9.492929,7.426877,8.691673
"fig|214675.23.peg.2984",9.295323,1.378251,9.686839,3.175516
"fig|214675.23.peg.2985",27.020817,2.763733,20.312801,5.329393
"fig|214675.23.peg.2986",158.871582,18.935371,133.221802,30.583868
"fig|214675.23.peg.2987",17.895538,10.896421,13.887177,20.902712
"fig|214675.23.peg.2988",1.260297,5.073407,1.171186,5.501445
"fig|214675.23.peg.2989",23.399118,4.694047,20.600775,6.645322
"fig|214675.23.peg.2990",64.615761,11.359797,34.122726,14.578019
"fig|214675.23.peg.2991",182.587234,61.245483,105.019897,92.233368
"fig|214675.23.peg.2992",112.719841,42.557892,25.798391,16.399595
"fig|214675.23.peg.2999",3.340781,0.672752,2.892981,1.061851
"fig|214675.23.peg.3000",45.048012,8.081079,26.85878,10.983357
"fig|214675.23.peg.3001",14.648736,3.849307,10.377357,5.59568
"fig|214675.23.peg.3002",95.955482,9.553063,69.32328,12.556985
"fig|214675.23.peg.3003",9.35943,3.564703,6.59487,5.416815
"fig|214675.23.peg.3004",29.467871,6.342637,15.716548,8.382057
"fig|214675.23.peg.3005",120.065979,12.019449,227.05661,37.985584
"fig|214675.23.peg.3006",138.950027,6.433527,126.476906,21.587788
"fig|214675.23.peg.3007",181.801956,4.562378,217.273376,13.554825
"fig|214675.23.peg.3008",1.685745,0.613096,3.489204,2.631878
"fig|214675.23.peg.3009",2.224113,1.061843,1.266377,0.45876
"fig|214675.23.peg.3010",8.761636,6.95699,5.806963,5.191024
"fig|214675.23.peg.3011",26.400187,2.593672,22.837311,4.304183
"fig|214675.23.peg.3012",106.900543,4.773373,98.918312,8.743857
"fig|214675.23.peg.3013",78.407555,8.720955,48.354469,10.197105
"fig|214675.23.peg.3014",30.707829,5.375333,15.824334,6.837513
"fig|214675.23.peg.3015",29.939257,5.426239,16.422155,7.295905
"fig|214675.23.peg.3016",10.094565,2.140302,31.040266,4.015512
"fig|214675.23.peg.3017",15.695908,14.108823,9.3993,21.440435
"fig|214675.23.peg.3018",137.778564,35.725052,80.27446,47.402107
"fig|214675.23.peg.3019",373.728577,3.820025,537.316406,8.210627
"fig|214675.23.peg.3023",2.437589,0.725376,3.999635,2.492636
"fig|214675.23.peg.3024",15.72809,1.217114,25.399387,2.798337
"fig|214675.23.peg.3025",7.273158,0.793534,6.494214,1.45858
"fig|214675.23.peg.3026",3.377347,0.850419,4.66581,1.840781
"fig|214675.23.peg.3027",8.212998,15.731596,10.892939,23.567627
"fig|214675.23.peg.3028",12.481083,8.192975,9.570823,12.839978
"fig|214675.23.peg.3029",173.885239,12.430606,115.429497,19.285028
"fig|214675.23.peg.3030",1.531427,1.54108,1.541952,2.875702
"fig|214675.23.peg.3032",1.239718,1.537601,0.903241,3.120774
"fig|214675.23.peg.3046",0.880957,0.526217,1.000125,1.491214
"fig|214675.23.peg.3033",36.642593,4.976533,27.300442,8.354076
"fig|214675.23.peg.3034",19.653717,3.456572,11.678793,6.129905
"fig|214675.23.peg.3035",160.506042,15.727173,81.885612,22.333366
"fig|214675.23.peg.3036",3.33709,6.380402,2.314142,9.038653
"fig|214675.23.peg.3038",0.934316,NA,1.328163,0.761099
"fig|214675.23.peg.3039",59.035049,6.727755,41.605225,11.742578
"fig|214675.23.peg.3040",11.274967,2.414002,10.366824,4.045202
"fig|214675.23.peg.3042",10.319682,1.370191,4.29006,1.711861
"fig|214675.23.peg.3043",5.754558,1.627326,1.649671,1.581687
"fig|214675.23.peg.3044",11.290574,1.415671,3.094608,0.605081
"fig|214675.23.peg.3045",3.02773,0.423053,0.952986,0.375655
"fig|214675.23.peg.3055",0.953209,NA,NA,NA
"fig|214675.23.peg.3047",1.079297,0.881606,1.173063,2.984946
"fig|214675.23.peg.3048",23.080765,1.884574,22.004108,3.854925
"fig|214675.23.peg.3049",23.880058,4.221777,29.399057,9.215611
"fig|214675.23.peg.3050",9.704144,12.308242,6.726112,21.181049
"fig|214675.23.peg.3051",24.059233,3.217244,21.795757,5.145787
"fig|214675.23.peg.3052",60.721703,4.838705,36.799068,6.172694
"fig|214675.23.peg.3053",19.244698,2.662591,13.780046,3.74488
"fig|214675.23.peg.3068",0.722374,0.852329,NA,0.898206
"fig|214675.23.peg.3070",0.807691,0.432045,0.976813,0.386378
"fig|214675.23.peg.3072",1.633834,0.861947,1.020801,0.862466
"fig|214675.23.peg.3073",11.981812,2.29588,7.079247,2.550714
"fig|214675.23.peg.3057",1.740875,0.959874,2.475404,1.996093
"fig|214675.23.peg.3058",12.695755,3.257145,15.23607,7.232469
"fig|214675.23.peg.3059",8.042738,2.25704,8.162433,5.577317
"fig|214675.23.peg.3060",43.80127,2.108218,31.354109,3.801951
"fig|214675.23.peg.3061",31.016434,7.245741,23.309589,15.839145
"fig|214675.23.peg.3062",2.459869,1.743251,4.134149,4.036302
"fig|214675.23.peg.3063",0.81365,NA,1.077675,NA
"fig|214675.23.peg.3064",1.349699,NA,2.013913,1.007416
"fig|214675.23.peg.3065",4.154105,0.697308,6.396416,2.355459
"fig|214675.23.peg.3066",58.023483,19.894453,16.64949,13.973104
"fig|214675.23.peg.3074",168.153198,10.66347,53.372341,8.665771
"fig|214675.23.peg.3075",2.396132,0.709721,3.811408,0.767052
"fig|214675.23.peg.3076",52.554798,4.264399,23.815701,3.417791
"fig|214675.23.peg.3089",2.526239,2.425801,0.990477,1.969254
"fig|214675.23.peg.3078",1.149907,NA,2.16971,1.345324
"fig|214675.23.peg.3079",127.649338,7.582095,79.857574,18.720167
"fig|214675.23.peg.3080",75.976768,10.015892,47.284161,14.314121
"fig|214675.23.peg.3081",44.230286,7.151228,42.434635,11.575813
"fig|214675.23.peg.3082",382.367035,58.235085,72.494431,32.663799
"fig|214675.23.peg.3083",2.685152,0.861028,3.098914,1.629691
"fig|214675.23.peg.3084",28.889965,2.50762,22.302183,5.006765
"fig|214675.23.peg.3085",37.659031,5.152792,29.747431,12.465458
"fig|214675.23.peg.3086",31.179333,5.890177,28.194,12.269571
"fig|214675.23.peg.3087",5.717078,3.995077,3.740573,7.153906
"fig|214675.23.peg.3088",53.382683,5.428476,29.208578,6.524187
"fig|214675.23.peg.3101",1.520177,0.45429,3.184512,1.96123
"fig|214675.23.peg.3102",4.812863,0.932417,7.204267,2.276285
"fig|214675.23.peg.3090",2.535965,1.294067,2.373105,1.665166
"fig|214675.23.peg.3091",3.7276,1.826312,2.351116,2.652716
"fig|214675.23.peg.3092",9.61691,3.761811,7.512012,3.914829
"fig|214675.23.peg.3093",3.964082,2.986191,2.76526,5.094959
"fig|214675.23.peg.3094",3.535458,0.904738,4.848223,1.422647
"fig|214675.23.peg.3095",6.476086,1.033522,8.323742,3.342986
"fig|214675.23.peg.3096",2.372402,0.747211,2.403681,1.630348
"fig|214675.23.peg.3097",10.290237,0.968115,15.714725,3.705004
"fig|214675.23.peg.3098",23.044271,1.853785,27.511427,3.568583
"fig|214675.23.peg.3099",76.363342,9.779537,12.027947,4.756138
"fig|214675.23.peg.3104",178.392456,257.149933,26.638304,62.014637
"fig|214675.23.peg.3106",62.110165,3.841316,31.685371,8.787336
"fig|214675.23.peg.3107",44.610725,11.465552,37.164856,17.13555
"fig|214675.23.peg.3108",346.193329,58.347214,239.482101,74.593277
"fig|214675.23.peg.3109",119.804382,31.028456,51.470352,26.322989
"fig|214675.23.peg.3110",83.880348,8.842278,90.100601,13.814672
"fig|214675.23.peg.3111",2.970258,NA,3.09031,0.390517
"fig|214675.23.peg.3113",89.435265,12.854744,39.03392,13.901511
"fig|214675.23.peg.3301",32.823158,2.817661,11.902352,2.354934
"fig|214675.23.peg.3302",1.718294,1.515056,NA,0.754912
"fig|214675.23.peg.3303",13.703014,3.895444,5.015795,4.130188
"fig|214675.23.peg.3304",466.379486,188.10614,90.091263,128.635239
"fig|214675.23.peg.3305",8.74885,1.844368,5.690197,2.149429
"fig|214675.23.peg.3306",2.248656,3.752938,2.240245,3.214445
"fig|214675.23.peg.3307",32.934391,3.109359,10.357228,3.246525
"fig|214675.23.peg.3308",8.590031,2.043965,4.046756,2.798799
"fig|214675.23.peg.3312",3.04816,0.893285,1.926869,2.058603
"fig|214675.23.peg.3313",217.74054,23.668653,126.539787,30.820082
"fig|214675.23.peg.3314",32.202499,2.369211,43.1437,3.858069
"fig|214675.23.peg.3315",8.387384,2.447245,12.588643,6.715989
"fig|214675.23.peg.3316",147.1353,8.544453,90.064835,10.283355
"fig|214675.23.peg.3317",2.818716,1.595131,2.750183,3.356516
"fig|214675.23.peg.3318",13.161705,1.713175,9.838335,3.691231
"fig|214675.23.peg.3319",2.307087,0.534481,3.055926,1.506951
"fig|214675.23.peg.3343",7.957778,NA,5.692225,0.686916
"fig|214675.23.peg.3339",44.194221,5.674431,26.026363,10.563017
"fig|214675.23.peg.3340",36.353558,7.997124,28.69482,14.827678
"fig|214675.23.peg.3341",4.322957,3.839994,8.107183,9.405566
"fig|214675.23.peg.3321",0.801409,0.665911,2.848168,NA
"fig|214675.23.peg.3322",9.527789,1.477151,10.064572,2.85935
"fig|214675.23.peg.3323",16.814077,2.289505,20.566015,3.73272
"fig|214675.23.peg.3324",72.707153,11.240286,30.740915,10.792928
"fig|214675.23.peg.3325",12.939019,7.125875,8.137276,8.620881
"fig|214675.23.peg.3326",7.024963,5.234476,5.463787,7.423552
"fig|214675.23.peg.3327",1.524211,0.589036,1.818684,1.682702
"fig|214675.23.peg.3328",22.318008,7.263506,17.204523,16.935509
"fig|214675.23.peg.3329",96.252457,2.999153,126.294609,4.637004
"fig|214675.23.peg.3330",34.722401,9.922421,14.504534,11.149194
"fig|214675.23.peg.3331",15.29591,6.469597,28.00717,16.769596
"fig|214675.23.peg.3332",0.820767,0.434099,NA,0.902026
"fig|214675.23.peg.3334",87.193497,29.062687,34.059807,24.147007
"fig|214675.23.peg.3335",3.106282,1.591471,1.56146,1.951201
"fig|214675.23.peg.3336",23.893589,12.854816,13.085805,14.653472
"fig|214675.23.peg.3337",0.953743,NA,NA,NA
"fig|214675.23.peg.3338",15.2128,3.255145,4.021108,1.551053
"fig|214675.23.peg.3115",77.306427,18.95182,46.265759,30.600185
"fig|214675.23.peg.3116",7.933585,8.47647,7.335616,9.980661
"fig|214675.23.peg.3117",9.974186,4.390095,5.941868,6.618584
"fig|214675.23.peg.3118",54.934132,2.647653,48.312912,4.667753
"fig|214675.23.peg.3120",412.00705,59.37154,429.587677,109.270172
"fig|214675.23.peg.3121",167.237823,21.504807,249.632507,61.388817
"fig|214675.23.peg.3122",1816.164429,71.92984,937.273682,112.747742
"fig|214675.23.peg.3123",22.041857,6.102009,15.572493,7.044936
"fig|214675.23.peg.3124",2.588199,NA,3.44734,0.655101
"fig|214675.23.peg.3125",823.534851,24.737789,337.017395,20.954058
"fig|214675.23.peg.3129",816.314636,115.330536,215.438385,130.319977
"fig|214675.23.peg.3130",428.134369,130.637329,245.609283,189.09729
"fig|214675.23.peg.3131",416.559082,87.646767,216.755493,131.77652
"fig|214675.23.peg.3132",73.168465,18.128843,50.308102,24.178091
"fig|214675.23.peg.3133",25.170187,96.842491,17.680655,70.352188
"fig|214675.23.peg.3134",3.513082,1.239585,4.741512,2.733929
"fig|214675.23.peg.3135",13.922258,2.658204,16.228163,5.302228
"fig|214675.23.peg.3136",7.241003,4.289072,6.31074,5.173054
"fig|214675.23.peg.3137",8.886193,3.692721,7.0316,5.267456
"fig|214675.23.peg.3138",5.71164,0.9152,7.064946,1.52909
"fig|214675.23.peg.3139",1.771274,0.832692,1.431163,1.249144
"fig|214675.23.peg.3140",1.205787,0.945058,1.929596,1.615813
"fig|214675.23.peg.3141",95.776253,5.170508,46.080223,8.714402
"fig|214675.23.peg.3142",16.458689,5.10835,9.629514,4.631967
"fig|214675.23.peg.3143",3.804867,1.098172,3.293571,1.226813
"fig|214675.23.peg.3144",6.759111,0.622973,5.455965,0.863533
"fig|214675.23.peg.3145",5.302285,0.752679,1.915087,1.121998
"fig|214675.23.peg.3146",10.083192,5.084079,4.776351,6.105241
"fig|214675.23.peg.3147",2.130248,2.504218,20.074665,3.579025
"fig|214675.23.peg.3148",565.959167,430.098724,218.842072,378.659607
"fig|214675.23.peg.3150",5.686658,0.854966,5.943163,1.897774
"fig|214675.23.peg.3151",27.049805,2.625028,10.068388,2.380658
"fig|214675.23.peg.3153",15.779078,3.629562,7.201155,2.74084
"fig|214675.23.peg.3154",7.326035,2.584106,3.839136,1.858565
"fig|214675.23.peg.3155",52.667274,4.430867,20.164433,3.401586
"fig|214675.23.peg.3156",16.186161,2.96993,6.147953,2.299204
"fig|214675.23.peg.3157",9.000492,3.304529,2.484319,1.791799
"fig|214675.23.peg.3158",3.868343,1.763868,2.119958,1.377603
"fig|214675.23.peg.3159",15.743421,1.470307,9.155787,1.512998
"fig|214675.23.peg.3160",9.883213,1.841992,3.634517,1.946916
"fig|214675.23.peg.3161",9.137157,2.720322,4.224499,2.475561
"fig|214675.23.peg.3162",18.157122,1.885708,7.9843,1.553621
"fig|214675.23.peg.3163",5.800253,22.239132,1.824925,9.469265
"fig|214675.23.peg.3164",66.428741,8.921616,22.380337,5.041997
"fig|214675.23.peg.3165",43.323887,5.245949,15.838113,3.247005
"fig|214675.23.peg.3166",13.974851,10.139229,3.239572,5.926009
"fig|214675.23.peg.3167",10.738545,9.21329,4.188303,3.966911
"fig|214675.23.peg.3168",81.744469,1.160189,18.491215,1.602143
"fig|214675.23.peg.3170",5.562807,1.186015,3.138969,1.377846
"fig|214675.23.peg.3171",3.530637,1.509854,2.137694,1.371796
"fig|214675.23.peg.3172",10.197973,2.855423,5.007987,2.045058
"fig|214675.23.peg.3173",9.95069,1.151767,6.23602,1.187351
"fig|214675.23.peg.3174",0.936081,0.459108,2.13853,2.057761
"fig|214675.23.peg.3175",2.892171,4.459341,2.359533,5.788402
"fig|214675.23.peg.3176",49.550575,6.943953,23.480927,11.973316
"fig|214675.23.peg.3177",14.765237,21.368151,8.104733,22.205368
"fig|214675.23.peg.3178",14.967151,14.20536,9.751819,16.917133
"fig|214675.23.peg.3179",14.068845,10.572499,6.579999,15.428031
"fig|214675.23.peg.3180",16.780582,10.724764,6.303822,13.217612
"fig|214675.23.peg.3181",87.901154,2.646995,53.165855,7.233725
"fig|214675.23.peg.3182",6.677027,4.891795,5.292799,7.270679
"fig|214675.23.peg.3183",8.135456,3.303466,1.847326,4.702415
"fig|214675.23.peg.3184",11.370946,3.02006,4.725855,3.826521
"fig|214675.23.peg.3185",0.989169,1.363118,1.420013,2.226301
"fig|214675.23.peg.3186",122.777534,9.173851,68.890427,15.250274
"fig|214675.23.peg.3187",56.444817,8.411801,27.874269,8.907792
"fig|214675.23.peg.3188",3.375359,3.365006,1.214018,4.321076
"fig|214675.23.peg.3189",27.073046,3.234777,38.04213,8.853292
"fig|214675.23.peg.3190",5.627563,2.109262,9.704773,7.106082
"fig|214675.23.peg.3191",182.101059,23.029278,273.313293,78.371017
"fig|214675.23.peg.3192",56.482269,8.656381,73.697578,21.674082
"fig|214675.23.peg.3193",24.46876,8.486123,30.716238,20.038118
"fig|214675.23.peg.3194",1.473162,12.264844,1.570527,35.050488
"fig|214675.23.peg.3195",471.198059,157.888748,537.98938,190.881073
"fig|214675.23.peg.3196",2.130844,95.001114,1.330602,58.6329
"fig|214675.23.rna.33",68390.148438,74078.023438,73289.453125,112531.710938
"fig|214675.23.peg.3198",3.720282,1.036915,6.598464,2.122464
"fig|214675.23.peg.3199",30.474279,4.881097,15.874722,5.852095
"fig|214675.23.peg.3200",26.410421,2.986007,13.067304,2.912567
"fig|214675.23.peg.3202",1.592801,NA,NA,NA
"fig|214675.23.peg.3203",35.808792,5.09914,8.486938,3.267198
"fig|214675.23.peg.3204",1.77744,0.639714,0.947899,1.003433
"fig|214675.23.rna.34",17447.611328,38935.421875,8284.96582,27462.087891
"fig|214675.23.peg.3205",51.945354,8.98656,42.639259,14.956272
"fig|214675.23.peg.3206",67.908012,10.704739,33.974987,11.478296
"fig|214675.23.peg.3207",102.829361,17.29974,177.16983,36.196365
"fig|214675.23.peg.3208",0.905745,0.598541,NA,4.183963
"fig|214675.23.peg.3209",72.920029,20.491282,30.69647,26.669556
"fig|214675.23.peg.3210",123.153839,15.005395,77.117233,22.60387
"fig|214675.23.peg.3211",1.179852,NA,1.551571,NA
"fig|214675.23.peg.3212",29.44986,3.996941,32.542149,9.753696
"fig|214675.23.peg.3213",77.663826,4.216091,23.655706,2.415582
"fig|214675.23.peg.3214",48.669899,9.187715,59.988522,18.676828
"fig|214675.23.peg.3215",7.979031,4.891954,9.446699,9.288012
"fig|214675.23.peg.3216",11.999238,16.494301,16.522301,25.1908
"fig|214675.23.peg.3217",70.214729,7.398793,41.775764,9.427054
"fig|214675.23.peg.3218",3.714559,3.14756,5.048723,5.038373
"fig|214675.23.peg.3219",85.658211,7.970945,46.125835,8.921794
"fig|214675.23.peg.3220",6.887775,NA,10.046146,0.388756
"fig|214675.23.peg.3221",5.306782,0.577717,2.259432,1.833101
"fig|214675.23.peg.3222",56.520138,8.389612,20.276825,7.605143
"fig|214675.23.peg.3223",2.725648,0.819503,3.633092,1.313857
"fig|214675.23.peg.3224",8.570157,2.543335,7.105947,3.007765
"fig|214675.23.peg.3225",9.097773,6.858896,4.775218,8.673414
"fig|214675.23.peg.3226",709.620789,32.667301,171.819778,25.606411
"fig|214675.23.peg.3227",30.389521,71.760513,17.70414,52.753498
"fig|214675.23.peg.3228",89.53788,7.430531,86.185707,13.152012
"fig|214675.23.peg.3229",4.461594,1.359072,4.614766,1.337851
"fig|214675.23.peg.3230",64.140816,15.683509,40.227524,18.624416
"fig|214675.23.peg.3231",79.232895,18.411665,44.346443,22.720116
"fig|214675.23.peg.3232",163.483246,126.874489,44.124695,91.485779
"fig|214675.23.peg.3233",12.633963,3.965086,9.059572,5.063755
"fig|214675.23.peg.3234",14.955641,7.711634,10.532702,9.76532
"fig|214675.23.peg.3235",38.62355,1.797969,19.991728,1.771118
"fig|214675.23.peg.3236",2.41018,NA,2.013804,0.378579
"fig|214675.23.peg.3237",24.772236,5.252094,9.303627,4.754319
"fig|214675.23.peg.3238",2.386324,1.981263,3.254391,2.954733
"fig|214675.23.peg.3239",54.379406,4.074062,24.784647,4.657846
"fig|214675.23.peg.3240",2.96526,1.187499,2.421882,3.060422
"fig|214675.23.peg.3241",46.791538,8.967218,33.353786,15.758704
"fig|214675.23.peg.3242",73.864296,5.234352,81.006134,9.653732
"fig|214675.23.peg.3243",39.814297,6.418792,37.220482,10.014475
"fig|214675.23.peg.3244",259.475189,6.099951,270.187714,10.841633
"fig|214675.23.rna.35",43.792446,49.154324,39.933311,50.097626
"fig|214675.23.peg.3245",1.059278,0.435961,1.105258,0.968478
"fig|214675.23.peg.3246",25.970806,3.975901,14.150092,4.542979
"fig|214675.23.peg.3247",119.312408,2.713575,42.737267,2.662135
"fig|214675.23.peg.3249",6.036495,2.129492,6.374128,3.795793
"fig|214675.23.peg.3250",39.215488,3.093169,18.556213,3.305294
"fig|214675.23.peg.3251",3.187793,0.642482,4.247313,0.928862
"fig|214675.23.peg.3252",1.894914,0.639197,2.45421,0.859445
"fig|214675.23.peg.3253",3.493078,0.727489,1.956744,0.984209
"fig|214675.23.peg.3254",1.334782,3.074105,0.883434,3.401693
"fig|214675.23.peg.3255",88.959023,10.801085,11.960484,3.570986
"fig|214675.23.peg.3256",183.193497,17.825249,29.57951,5.721712
"fig|214675.23.peg.3257",85.776047,12.761291,24.490206,6.445578
"fig|214675.23.peg.3258",33.205963,2.533596,18.239687,3.271219
"fig|214675.23.peg.3259",0.648122,1.829461,NA,3.846396
"fig|214675.23.peg.3261",2.880381,1.579134,3.352911,2.991077
"fig|214675.23.peg.3263",4.378861,2.439473,111.787735,4.820885
"fig|214675.23.peg.3264",7.817648,28.549044,57.519329,269.660858
"fig|214675.23.peg.3265",20.837629,40.948563,162.580521,320.493317
"fig|214675.23.peg.3266",51.424019,4.963361,25.158955,3.699304
"fig|214675.23.peg.3267",61.665287,3.837287,21.673321,2.908436
"fig|214675.23.peg.3268",4.255372,0.40206,1.600569,0.43677
"fig|214675.23.peg.3269",1.350672,0.515983,1.468154,0.426391
"fig|214675.23.peg.3273",1.043702,0.43585,1.666335,0.82048
"fig|214675.23.peg.3274",13.833073,2.237313,8.572364,2.622325
"fig|214675.23.peg.3275",2.274241,3.097432,1.051978,3.412268
"fig|214675.23.peg.3276",7.784074,5.498788,3.550885,5.61464
"fig|214675.23.peg.3277",115.713943,8.29696,98.125076,7.483812
"fig|214675.23.peg.3278",1.436828,NA,1.295062,NA
"fig|214675.23.peg.3280",0.950539,0.565612,1.444813,0.905031
"fig|214675.23.peg.3282",9.00019,3.222615,8.987559,4.494657
"fig|214675.23.peg.3283",5.48866,0.52334,5.111428,1.19454
"fig|214675.23.peg.3284",1.379048,1.401448,1.234644,0.750372
"fig|214675.23.peg.3287",8.238789,3.361044,5.726593,2.943444
"fig|214675.23.peg.3288",14.224722,1.186666,11.427074,3.04143
"fig|214675.23.peg.3289",3.606986,3.464759,3.833945,7.595626
"fig|214675.23.peg.3290",8.914216,7.540072,9.559697,9.360538
"fig|214675.23.peg.3292",32.203636,0.460189,38.156723,0.933373
"fig|214675.23.peg.3294",1.287112,1.056593,NA,0.371881
"fig|214675.23.peg.3296",41.745453,3.956582,16.555651,3.935308
"fig|214675.23.peg.3297",478.334961,72.161194,155.482224,55.589359
"fig|214675.23.peg.3298",302.613708,38.020866,99.202377,25.60006
"fig|214675.23.peg.3299",84.985947,24.034149,26.776165,15.730984
"fig|214675.23.peg.3300",9.035942,1.789581,5.708222,1.649666
"fig|214675.23.peg.3344",2.835288,1.783793,4.604034,3.929913
"fig|214675.23.peg.3345",18.399242,1.123017,12.377992,1.499679
"fig|214675.23.peg.3346",2.671679,0.945068,1.704809,1.106761
"fig|214675.23.peg.3347",28.384853,3.610089,9.000422,2.117588
"fig|214675.23.peg.3348",13.508363,0.882673,9.642709,2.345896
"fig|214675.23.peg.3349",2.714317,1.414479,1.908055,1.314253
"fig|214675.23.peg.3351",1.350541,0.476728,0.884617,1.101215
"fig|214675.23.peg.3354",39.963268,13.032676,17.403166,10.523569
"fig|214675.23.peg.3355",1.682328,1.494086,1.990304,2.582115
"fig|214675.23.rna.36",7.281878,2.414166,7.306031,1.754483
"fig|214675.23.peg.3356",1007.514465,16.970119,273.637665,18.895937
"fig|214675.23.peg.3357",2.103474,1.544725,1.174801,1.593137
"fig|214675.23.peg.3358",1.018112,1.061451,1.617512,0.54441
"fig|214675.23.peg.3392",1.402911,1.83803,3.421471,3.636086
"fig|214675.23.peg.3359",33.277885,8.254146,13.893047,7.133851
"fig|214675.23.peg.3360",123.552742,8.595174,151.899612,18.280745
"fig|214675.23.peg.3361",121.272797,17.861971,99.483566,30.684366
"fig|214675.23.peg.3362",164.762039,8.886134,140.811066,20.432842
"fig|214675.23.peg.3363",19.397717,3.531717,21.271606,8.77765
"fig|214675.23.peg.3364",71.429825,7.053027,61.478809,13.158216
"fig|214675.23.peg.3365",53.608097,14.340548,49.833122,31.898569
"fig|214675.23.peg.3366",46.998486,10.31998,70.725029,17.151684
"fig|214675.23.peg.3367",370.372223,16.415054,311.638916,35.886749
"fig|214675.23.peg.3368",126.264481,13.811068,134.191986,34.351173
"fig|214675.23.peg.3369",51.536915,5.134735,38.299198,8.487086
"fig|214675.23.peg.3370",81.199959,8.872237,40.945103,13.006324
"fig|214675.23.peg.3372",195.558243,10.04868,292.285156,27.78681
"fig|214675.23.peg.3373",11.166329,4.44517,5.847024,10.60679
"fig|214675.23.peg.3374",1.550737,0.378012,NA,NA
"fig|214675.23.peg.3378",118.319359,2.729803,94.641884,3.193335
"fig|214675.23.peg.3379",371.688477,161.142563,138.14212,134.708115
"fig|214675.23.peg.3380",1.07089,0.695196,0.67052,0.524899
"fig|214675.23.peg.3381",2.044132,0.641568,1.457675,0.934933
"fig|214675.23.peg.3382",8.41839,0.957636,5.129239,0.882708
"fig|214675.23.peg.3384",2.773555,1.707026,1.427995,2.395266
"fig|214675.23.peg.3385",13.227371,2.022874,8.648939,3.421003
"fig|214675.23.peg.3387",40.722481,5.486767,15.388699,6.411319
"fig|214675.23.peg.3388",45.1619,3.216132,21.629545,4.828025
"fig|214675.23.peg.3389",1.289469,0.618755,0.745303,1.247985
"fig|214675.23.peg.3390",113.406372,24.153524,31.344679,27.692793
"fig|214675.23.peg.3391",2916.64917,395.089783,1008.769043,362.40155
"fig|214675.23.peg.3394",187.181564,273.302521,46.461975,153.195892
"fig|214675.23.peg.3395",23.939644,4.004669,24.547113,4.142581
"fig|214675.23.peg.3396",45.325771,7.225332,21.420782,9.164055
"fig|214675.23.peg.3397",1.689635,2.13278,2.79834,3.6637
"fig|214675.23.peg.3398",16.201431,2.115109,7.195814,2.617325
"fig|214675.23.peg.3399",200.42749,13.587865,101.231178,19.3519
"fig|214675.23.peg.3400",221.901886,11.653484,151.832916,16.737982
"fig|214675.23.peg.3401",91.67482,7.030622,47.128819,9.891445
"fig|214675.23.peg.3402",46.659241,7.391636,19.668354,9.124328
"fig|214675.23.peg.3403",550.140625,51.332748,150.572632,40.797421
"fig|214675.23.peg.3404",8.60821,3.271598,7.221055,5.851235
"fig|214675.23.peg.3405",18.237768,3.254875,6.938389,2.344564
"fig|214675.23.peg.3406",1044.071533,84.007217,263.811798,66.961945
"fig|214675.23.peg.3407",7.393442,4.524258,5.485067,5.552459
"fig|214675.23.peg.3408",22.310873,4.019584,14.12746,6.265529
"fig|214675.23.peg.3410",9.250461,NA,5.044134,0.596688
"fig|214675.23.peg.3411",10.348864,1.615773,12.424956,4.244267
"fig|214675.23.peg.3412",16.082811,6.329717,17.92454,10.520861
"fig|214675.23.peg.3413",142.241898,25.818384,68.694077,29.137903
"fig|214675.23.peg.3414",35.706635,2.920512,29.43228,5.85504
"fig|214675.23.peg.3415",10.997157,2.694837,16.602268,8.603211
"fig|214675.23.peg.3416",56.80024,11.457927,51.058388,29.372217
"fig|214675.23.peg.3417",124.81266,22.063463,104.072754,51.404606
"fig|214675.23.peg.3418",40.850903,7.76335,26.281103,16.214619
"fig|214675.23.peg.3419",1.769778,NA,1.688553,NA
"fig|214675.23.peg.3420",201.160721,7.007789,68.292503,6.59487
"fig|214675.23.peg.3421",99.374893,10.453613,46.505936,12.92676
"fig|214675.23.peg.3422",134.764877,601.317078,47.502117,610.728088
"fig|214675.23.peg.3423",63.183678,17.698946,43.476761,17.04454
"fig|214675.23.peg.3424",34.382648,1.906673,21.097837,3.923266
"fig|214675.23.peg.3425",21.735415,1.194618,14.30649,3.652852
"fig|214675.23.peg.3426",20.588512,3.799139,21.388605,8.616727
"fig|214675.23.peg.3427",9.037495,3.674808,8.708344,4.816123
"fig|214675.23.peg.3428",106.353561,7.837035,58.226578,11.352664
"fig|214675.23.peg.3429",10.801115,2.060988,10.780052,3.723767
"fig|214675.23.peg.3431",8.296116,4.279705,6.178942,6.658327
"fig|214675.23.peg.3432",35.971973,12.734245,37.659889,32.535496
"fig|214675.23.peg.3433",64.472092,7.023489,107.842583,22.247347
"fig|214675.23.peg.3434",8.076296,1.695917,9.071305,3.916861
"fig|214675.23.peg.3436",15.287494,7.691272,9.808492,9.448768
"fig|214675.23.peg.3437",32.081341,39.72401,9.04003,20.555441
"fig|214675.23.peg.3438",1.45575,3.784201,1.467382,3.27742
"fig|214675.23.peg.3439",272.692474,25.457228,62.348812,18.049532
"fig|214675.23.peg.3490",2.825352,0.38189,5.596088,1.071404
"fig|214675.23.peg.3440",2.64013,3.975647,1.536481,3.707222
"fig|214675.23.peg.3441",61.428295,5.11219,16.597115,4.75738
"fig|214675.23.peg.3442",5.921111,1.166696,2.493267,0.725457
"fig|214675.23.peg.3445",12.355011,2.829676,10.229185,5.40392
"fig|214675.23.peg.3446",12.055044,3.357868,8.120569,4.191854
"fig|214675.23.peg.3448",35.199226,4.589369,35.384365,5.78423
"fig|214675.23.peg.3450",30.887255,1.76852,39.134212,3.576602
"fig|214675.23.peg.3451",17.941153,2.185812,13.96173,2.769796
"fig|214675.23.peg.3452",230.852173,9.830242,152.105713,14.03407
"fig|214675.23.peg.3453",703.24707,76.877747,218.126877,77.455719
"fig|214675.23.peg.3454",260.234192,406.379761,81.667351,304.258148
"fig|214675.23.peg.3455",113.671867,14.749121,60.191555,15.162293
"fig|214675.23.peg.3456",2.584949,0.929217,3.850824,1.774853
"fig|214675.23.peg.3457",68.4011,6.911832,45.450081,10.846324
"fig|214675.23.peg.3458",1.594769,3.260733,1.617198,5.074513
"fig|214675.23.peg.3459",3.832015,0.939464,5.453373,2.212047
"fig|214675.23.peg.3460",7.988136,1.96645,10.964337,3.48881
"fig|214675.23.peg.3461",1.101238,0.527505,2.270631,1.268616
"fig|214675.23.peg.3462",33.067486,3.953748,25.791862,5.263212
"fig|214675.23.peg.3463",0.824203,NA,NA,0.470223
"fig|214675.23.peg.3465",2.702093,3.357686,2.414995,3.661164
"fig|214675.23.peg.3466",151.028168,22.882807,141.943146,41.544567
"fig|214675.23.peg.3467",64.166443,38.34742,42.355701,54.088413
"fig|214675.23.peg.3468",163.074951,7.336148,102.117577,9.87666
"fig|214675.23.peg.3469",26.213596,5.705942,15.243605,7.781339
"fig|214675.23.peg.3470",44.088295,10.258436,29.808872,13.833835
"fig|214675.23.peg.3471",17.621964,7.539251,24.319464,17.555723
"fig|214675.23.peg.3472",27.618988,4.097408,15.89708,5.773232
"fig|214675.23.peg.3474",115.057579,2.753004,64.292999,3.364711
"fig|214675.23.peg.3475",18.463022,5.243429,9.290566,7.263787
"fig|214675.23.peg.3476",7.728759,2.39428,NA,3.298372
"fig|214675.23.peg.3477",3.694487,0.639819,3.09647,1.724219
"fig|214675.23.peg.3478",413.200867,34.278683,118.662674,18.475285
"fig|214675.23.peg.3479",3.144767,3.027246,1.788338,3.602603
"fig|214675.23.peg.3480",5.302695,NA,3.602769,NA
"fig|214675.23.peg.3481",19.760296,1.609351,11.447674,2.617111
"fig|214675.23.peg.3482",1.353851,0.801064,1.266839,1.371114
"fig|214675.23.peg.3484",28.441233,2.549443,NA,5.752188
"fig|214675.23.peg.3485",75.865829,9.282207,52.321136,15.196867
"fig|214675.23.peg.3486",0.992149,0.528238,NA,0.716537
"fig|214675.23.peg.3487",237.486191,10.418173,81.568489,9.568361
"fig|214675.23.peg.3488",142.905655,24.429287,49.680016,22.845112
"fig|214675.23.peg.3503",10.108093,0.725272,10.404326,1.28757
"fig|214675.23.peg.3492",89.649078,18.507454,58.394054,31.558817
"fig|214675.23.peg.3493",90.483742,10.158011,49.160706,10.282937
"fig|214675.23.peg.3494",135.209778,5.348275,82.463463,6.091313
"fig|214675.23.peg.3496",1689.211914,562.493652,308.221436,365.29776
"fig|214675.23.peg.3497",0.80659,0.527077,NA,1.676517
"fig|214675.23.peg.3498",6.974274,6.217696,1.416472,2.209099
"fig|214675.23.peg.3501",712.312073,14.861341,359.560699,18.170195
"fig|214675.23.peg.3502",34.227535,1.507776,28.229866,2.679963
"fig|214675.23.peg.3505",10.673513,2.41228,3.691975,2.040039
"fig|214675.23.peg.3506",10.131448,2.645672,7.624701,4.412829
"fig|214675.23.peg.3507",5.059064,0.766175,2.757134,1.426681
"fig|214675.23.peg.3508",25.519051,5.514239,18.044439,5.818602
"fig|214675.23.peg.3509",87.959648,14.493725,32.884159,10.232314
"fig|214675.23.peg.3530",1.980172,NA,2.145763,0.475078
"fig|214675.23.peg.3531",2.035433,0.909871,3.892315,1.553415
"fig|214675.23.peg.3532",63.081394,13.087404,18.46509,13.662497
"fig|214675.23.peg.3533",30.364424,3.956995,16.908754,6.398427
"fig|214675.23.peg.3510",2.935302,1.030908,0.603665,0.492277
"fig|214675.23.peg.3511",55.491276,15.254661,14.365093,10.763513
"fig|214675.23.peg.3512",314.539978,4.641737,150.149002,7.345547
"fig|214675.23.peg.3513",4.365391,5.824455,3.809999,7.195179
"fig|214675.23.peg.3514",42.587906,13.140644,32.680325,15.369233
"fig|214675.23.peg.3516",16.134573,3.000404,6.471955,3.051868
"fig|214675.23.peg.3517",137.112869,309.92218,61.069733,92.379044
"fig|214675.23.peg.3518",0.847859,0.779503,0.805578,0.905129
"fig|214675.23.peg.3519",3.795883,3.206565,1.956982,4.388482
"fig|214675.23.peg.3522",14.012358,26.243307,4.086254,12.492268
"fig|214675.23.peg.3523",63.69212,3.115098,46.285511,4.245379
"fig|214675.23.peg.3524",50.490154,5.926895,57.876968,14.809746
"fig|214675.23.peg.3525",69.22834,4.840039,69.580078,13.856485
"fig|214675.23.peg.3526",6.982041,2.003795,8.006994,3.970842
"fig|214675.23.peg.3527",9.200377,1.511182,19.726562,3.750052
"fig|214675.23.peg.3528",5.800152,1.641911,7.87427,5.160491
"fig|214675.23.peg.3529",12.412491,1.778808,19.65209,3.884386
"fig|214675.23.peg.3536",2.681948,0.858931,1.088258,1.939391
"fig|214675.23.peg.3537",50.066368,3.500325,43.765804,7.299414
"fig|214675.23.peg.3538",51.160027,3.954709,52.194195,7.688915
"fig|214675.23.peg.3539",8.070165,2.774089,8.539645,2.716841
"fig|214675.23.peg.3540",7.035234,5.10243,1.954707,2.9828
"fig|214675.23.peg.3541",6.503994,1.281332,1.411245,0.666368
"fig|214675.23.peg.3542",410.073975,25.019121,63.792164,10.468376
"fig|214675.23.peg.3543",173.428879,22.732462,32.249332,10.262316
"fig|214675.23.peg.3544",57.978161,5.620143,21.267525,3.793586
"fig|214675.23.peg.3545",47.265335,2.55586,55.379559,6.254869
"fig|214675.23.peg.3546",66.479584,18.493616,47.934483,23.261894
"fig|214675.23.peg.3547",18.359634,4.256076,11.865698,5.829583
"fig|214675.23.peg.3548",15.581222,4.266049,14.555984,5.822435
"fig|214675.23.peg.3549",621.542725,27.739702,280.393463,49.920193
"fig|214675.23.peg.3550",39.435429,13.820519,38.109074,20.569927
"fig|214675.23.peg.3551",195.26683,57.363735,70.17688,71.069244
"fig|214675.23.peg.3552",10.150544,3.047962,8.744802,7.099753
"fig|214675.23.peg.3553",38.029305,3.608784,37.756344,9.448437
"fig|214675.23.peg.3554",1.062378,77.900589,NA,58.879093
"fig|214675.23.peg.3555",33.639313,8.588763,17.830257,10.485907
"fig|214675.23.peg.3556",164.670898,21.106737,57.732628,30.507563
"fig|214675.23.peg.3557",6.873542,2.560916,7.94266,4.065288
"fig|214675.23.peg.3558",2.881035,2.910254,1.911699,7.759599
"fig|214675.23.peg.3559",7.508152,4.548069,33.731415,17.545067
"fig|214675.23.peg.3560",1.748098,7.640121,1.912576,6.36865
"fig|214675.23.peg.3561",78.919495,21.927977,36.229897,19.662395
"fig|214675.23.peg.3562",69.98703,3.658828,33.100334,4.030632
"fig|214675.23.peg.3563",5.036897,2.969742,11.864018,2.213769
"fig|214675.23.peg.3565",1.778854,NA,1.44454,0.49076
"fig|214675.23.peg.3566",3.599146,1.522151,2.255619,1.529678
"fig|214675.23.peg.3567",411.47168,22.681316,189.691025,42.947586
"fig|214675.23.peg.3568",1.933527,0.61918,3.579459,0.802681
"fig|214675.23.peg.3569",18.214468,3.928034,17.428322,8.296582
"fig|214675.23.peg.3570",4.926515,0.866334,3.597597,1.48362
"fig|214675.23.peg.3571",4.97213,1.133923,4.321501,1.089159
"fig|214675.23.peg.3572",12.084739,2.283123,9.845801,3.260994
"fig|214675.23.peg.3573",8.07681,1.890267,4.954309,1.971782
"fig|214675.23.peg.3574",27.413788,2.262209,18.545206,2.885571
"fig|214675.23.peg.3575",5.045988,1.447082,3.32233,2.222003
"fig|214675.23.peg.3576",3.99622,2.337599,3.315167,2.365568
"fig|214675.23.peg.3577",17.102011,2.148772,15.322734,3.242584
"fig|214675.23.peg.3578",12.037384,6.603488,7.810749,6.370351
"fig|214675.23.peg.3579",1.730087,0.362719,1.423871,0.842167
"fig|214675.23.peg.3580",6.961318,3.261411,4.415478,2.519605
"fig|214675.23.peg.3581",447.457397,39.886555,74.869217,19.255486
"fig|214675.23.peg.3582",35.03804,19.044832,18.491196,25.206322
"fig|214675.23.peg.3583",206.736847,89.027161,67.025749,74.545914
"fig|214675.23.peg.3586",0.81009,0.45522,NA,1.131374
"fig|214675.23.peg.3587",4.064852,0.586435,2.299766,1.346822
"fig|214675.23.peg.3589",113.693581,27.237782,92.108871,37.084419
"fig|214675.23.peg.3590",69.323044,6.394477,32.877747,4.417033
"fig|214675.23.peg.3591",41.779648,5.998307,8.985102,4.165308
"fig|214675.23.peg.3592",22.51099,3.499646,20.312206,6.192567
"fig|214675.23.peg.3593",9.610821,2.363762,10.026372,2.987529
"fig|214675.23.peg.3594",10.825361,1.78212,13.164431,4.048479
"fig|214675.23.peg.3595",19.997902,5.472649,9.194035,4.554973
"fig|214675.23.peg.3596",2.918356,0.653291,1.80527,1.137773
"fig|214675.23.peg.3597",128.190735,8.214753,39.297569,6.880175
"fig|214675.23.peg.3598",1.783569,NA,2.797119,NA
"fig|214675.23.peg.3599",17.51403,5.744964,6.056522,4.062491
"fig|214675.23.peg.3600",53.458694,17.47612,12.563566,5.803151
"fig|214675.23.peg.3601",9.505274,4.807268,6.072455,6.952247
"fig|214675.23.peg.3602",5.114928,5.585319,3.162579,4.34719
"fig|214675.23.peg.3603",6.056435,2.420779,3.527831,1.739767
"fig|214675.23.peg.3606",4.156969,1.425082,2.776563,1.225458
"fig|214675.23.peg.3607",191.927231,47.991405,51.756428,31.005241
"fig|214675.23.peg.3608",31.769146,5.56644,24.04565,7.022991
"fig|214675.23.peg.3609",33.841766,2.853388,12.448165,2.701217
"fig|214675.23.peg.3610",32.029621,5.372743,11.835184,5.593705
"fig|214675.23.peg.3611",1.777837,0.663192,1.341255,0.933593
"fig|214675.23.peg.3612",2.380999,0.838924,1.630328,1.273074
"fig|214675.23.peg.3613",49.905128,16.266417,13.157601,13.507061
"fig|214675.23.peg.3615",21.767214,8.129948,6.04268,4.237446
"fig|214675.23.peg.3616",20.183762,4.284089,10.129721,3.316154
"fig|214675.23.peg.3617",20.129328,5.410917,9.513793,4.024486
"fig|214675.23.peg.3618",99.49752,2.382773,35.158615,2.243389
"fig|214675.23.peg.3619",41.662258,6.229589,15.932117,4.778646
"fig|214675.23.peg.3620",41.297054,6.265906,19.97489,5.727931
"fig|214675.23.peg.3621",85.890945,9.61533,2.766957,6.951303
"fig|214675.23.peg.3624",0.716114,0.842552,NA,1.009242
"fig|214675.23.peg.3625",23.902918,5.231219,7.934732,2.44088
"fig|214675.23.peg.3626",2.50364,0.429931,0.880246,0.360541
"fig|214675.23.peg.3627",5.3803,1.424036,1.778232,0.853186
"fig|214675.23.peg.3628",3.709603,NA,1.127972,NA
"fig|214675.23.peg.3629",16.533775,2.322689,7.240974,1.778153
"fig|214675.23.peg.3630",15.376804,2.653787,6.37535,2.586972
"fig|214675.23.peg.3631",18.663694,5.468351,9.29467,6.735915
"fig|214675.23.peg.3632",216.569244,9.677746,145.299789,12.197439
"fig|214675.23.peg.3633",48.50367,39.855053,22.481411,34.61491
"fig|214675.23.peg.3634",58.867722,8.492055,16.342777,5.777066
"fig|214675.23.peg.3635",1.490034,1.121713,1.154489,0.925467
"fig|214675.23.peg.3636",4.707751,2.586009,1.540887,2.543345
"fig|214675.23.peg.3637",9.506696,2.429968,7.832299,3.238111
"fig|214675.23.peg.3638",3.805976,1.535467,4.226862,2.967115
"fig|214675.23.peg.3639",36.173019,5.408215,12.58187,3.660453
"fig|214675.23.peg.3640",188.642624,13.297321,74.197372,11.4526
"fig|214675.23.peg.3641",2.050798,0.366864,1.669691,0.858645
"fig|214675.23.peg.3643",30.512119,10.040277,14.974384,10.32227
"fig|214675.23.peg.3644",19.616808,3.660618,9.769493,4.015301
"fig|214675.23.peg.3653",7.947347,1.574899,3.372776,1.280732
"fig|214675.23.peg.3655",0.900137,0.615744,NA,0.533127
"fig|214675.23.peg.3656",6.97708,0.87488,6.57801,1.634932
"fig|214675.23.peg.3657",19.347639,1.498167,11.564478,1.392668
"fig|214675.23.peg.3645",4.009848,0.458202,2.464034,NA
"fig|214675.23.peg.3646",16.846439,2.615379,8.397436,2.718391
"fig|214675.23.peg.3647",1.347737,1.216487,0.844333,2.085608
"fig|214675.23.peg.3648",224.985489,10.620702,121.710709,11.131517
"fig|214675.23.peg.3649",66.406494,11.010725,36.025028,13.064469
"fig|214675.23.peg.3650",236.61554,26.603058,98.735001,21.246979
"fig|214675.23.peg.3651",135.077347,22.148325,46.334225,17.019958
"fig|214675.23.peg.3652",102.848267,20.702734,43.289307,15.056407
"fig|214675.23.peg.3659",3.541507,6.002177,1.514261,5.078173
"fig|214675.23.peg.3660",100.952461,7.816529,35.288544,6.531459
"fig|214675.23.peg.3661",92.831841,5.416246,27.652504,5.298616
"fig|214675.23.peg.3662",8.182855,6.717448,5.048524,7.320372
"fig|214675.23.peg.3663",23.322603,2.985709,11.48982,5.125613
"fig|214675.23.peg.3664",16.40785,1.95967,12.48558,3.106714
"fig|214675.23.rna.37",5023.820312,48.175106,8092.981445,62.469627
"fig|214675.23.peg.3665",35.069469,3.820824,7.690168,2.690236
"fig|214675.23.peg.3666",3.442049,75.087898,1.774525,32.796982
"fig|214675.23.peg.3667",144.476562,1.754239,71.169403,2.39845
"fig|214675.23.peg.3668",251.077148,16.148952,100.671104,22.4016
"fig|214675.23.peg.3669",1.60258,NA,2.794988,0.376228
"fig|214675.23.peg.3670",27.535847,16.603376,9.03137,17.958395
"fig|214675.23.peg.3672",1.281611,0.419733,1.324418,1.503644
"fig|214675.23.peg.3673",7.635588,0.656921,9.222214,1.157668
"fig|214675.23.rna.38",34.92823,124.894691,50.515453,142.288055
"fig|214675.23.peg.3674",19.174389,5.110412,13.092428,6.929772
"fig|214675.23.peg.3675",96.633232,8.47657,104.781998,13.74131
"fig|214675.23.peg.3676",30.353298,3.301976,13.326631,6.846575
"fig|214675.23.peg.3678",43.488846,2.956142,41.363804,4.560481
"fig|214675.23.peg.3679",5.434219,4.171261,3.856203,5.019371
"fig|214675.23.peg.3680",11.481048,6.894602,19.578342,5.092933
"fig|214675.23.peg.3681",92.890137,10.430717,78.446564,15.541085
"fig|214675.23.peg.3682",61.16404,2.331648,45.999752,4.168078
"fig|214675.23.peg.3683",48.256847,13.047325,25.753752,16.062485
"fig|214675.23.peg.3684",131.282761,20.763693,54.033638,22.8076
"fig|214675.23.peg.3685",9.153242,8.549911,6.54785,8.812584
"fig|214675.23.peg.3686",626.152832,93.852341,194.953232,115.463585
"fig|214675.23.peg.3687",43.926517,172.018372,44.350285,156.646622
"fig|214675.23.peg.3688",26.382545,3.615443,27.921982,6.386024
"fig|214675.23.peg.3689",112.031578,17.578009,50.921547,17.903296
"fig|214675.23.peg.3690",15.260649,2.456026,20.358593,4.680184
"fig|214675.23.peg.3691",54.857586,8.821599,33.000259,11.586404
"fig|214675.23.peg.3692",334.396973,53.545387,105.567101,33.403294
"fig|214675.23.peg.3693",1.173285,0.471493,NA,NA
"fig|214675.23.peg.3694",78.415062,8.358432,30.676888,6.517191
"fig|214675.23.peg.3695",28.929794,5.591398,6.563867,2.139834
"fig|214675.23.peg.3696",19.495111,3.546991,4.254079,2.747131
"fig|214675.23.peg.3697",13.813676,4.303712,3.884362,3.000822
"fig|214675.23.peg.3698",8.044795,2.35837,6.092902,3.985774
"fig|214675.23.peg.3700",13.65148,5.29028,6.574939,5.747548
"fig|214675.23.peg.3701",26.811197,NA,15.562742,1.176558
"fig|214675.23.peg.3702",8.917264,1.349688,9.243486,1.985826
"fig|214675.23.peg.3703",11.250937,NA,10.563331,0.643795
"fig|214675.23.peg.3704",21.525625,3.005589,12.365352,5.066848
"fig|214675.23.peg.3705",29.172613,7.498605,23.686098,9.849459
"fig|214675.23.peg.3706",9.786089,3.789267,13.298224,8.683894
"fig|214675.23.peg.3707",3.539557,10.554808,3.59793,12.214963
"fig|214675.23.peg.3708",220.202209,15.918504,67.702271,10.324511
"fig|214675.23.peg.3709",1.035104,0.526378,1.13756,0.631922
"fig|214675.23.peg.3710",157.248734,20.924118,111.997551,39.007408
"fig|214675.23.peg.3713",203.88446,10.381662,68.357788,8.214393
"fig|214675.23.peg.3714",81.852768,4.230867,56.86676,5.074278
"fig|214675.23.peg.3715",91.976547,3.445615,50.434246,3.96123
"fig|214675.23.peg.3716",24.230261,3.512306,18.66687,5.965735
"fig|214675.23.peg.3717",13.490486,1.293207,12.092123,2.68404
"fig|214675.23.peg.3718",30.795137,2.142415,27.112335,2.682636
"fig|214675.23.peg.3720",14.679297,3.235287,8.079789,3.911546
"fig|214675.23.peg.3721",27.34453,4.281293,19.439802,7.791613
"fig|214675.23.peg.3722",17.507906,1.137952,NA,3.380788
"fig|214675.23.peg.3724",1.394371,2.241682,1.095227,1.527248
"fig|214675.23.peg.3725",17.627748,3.136189,5.925637,2.20296
"fig|214675.23.peg.3727",0.809808,1.114524,NA,0.908413
"fig|214675.23.peg.3728",9.908412,0.832119,4.209239,0.794313
"fig|214675.23.peg.3729",1.259609,1.021052,NA,0.565788
"fig|214675.23.peg.3730",1.026345,0.771335,5.091027,5.09464
"fig|214675.23.peg.3731",37.999847,2.666143,63.996452,12.206907
"fig|214675.23.peg.3732",40.880489,3.749273,34.641483,6.540704
"fig|214675.23.peg.3733",70.814438,18.09058,24.137569,12.283298
"fig|214675.23.peg.3734",7.644114,3.458906,4.563308,4.566627
"fig|214675.23.rna.39",3.745138,20.771555,4.045765,32.963699
"fig|214675.23.peg.3735",3.528972,1.962943,2.698786,1.335321
"fig|214675.23.peg.3736",24.174791,2.951379,13.597255,2.601151
"fig|214675.23.peg.3737",50.500683,4.822364,26.690477,7.092191
"fig|214675.23.peg.3738",14.80077,1.847385,8.353616,2.805563
"fig|214675.23.peg.3739",134.881653,16.140717,104.134232,32.395615
"fig|214675.23.peg.3740",8.955554,3.701568,5.089914,4.973125
"fig|214675.23.peg.3742",3.871166,0.459929,3.378531,2.182859
"fig|214675.23.peg.3743",18.044798,5.213982,13.014273,10.376827
"fig|214675.23.peg.3744",30.492844,6.248089,14.203479,11.089561
"fig|214675.23.peg.3745",916.09082,94.676353,446.566589,91.8964
"fig|214675.23.peg.3746",4.233298,2.636663,3.534773,4.299057
"fig|214675.23.peg.3747",1.264128,NA,NA,NA
"fig|214675.23.peg.3748",11.17515,2.853409,3.195172,1.736942
"fig|214675.23.peg.3749",7.511726,3.470311,5.418823,11.473585
"fig|214675.23.peg.3750",32.233532,2.449905,35.065441,4.808231
"fig|214675.23.peg.3751",86.842896,24.563208,34.582794,21.028322
"fig|214675.23.peg.3753",1.232803,1.405059,NA,1.175089
"fig|214675.23.peg.3754",57.154663,83.330551,18.198095,59.441921
"fig|214675.23.peg.3755",268.056458,51.54092,112.833496,44.712795
"fig|214675.23.peg.3756",6.582875,8.963195,4.531315,9.042113
"fig|214675.23.peg.3757",2.445512,0.718868,1.869894,1.313391
"fig|214675.23.peg.3758",59.356647,4.485537,21.236662,3.675807
"fig|214675.23.peg.3759",4.981052,2.432312,4.339478,2.865558
"fig|214675.23.peg.3760",64.507263,6.184178,40.459671,8.492088
"fig|214675.23.peg.3761",52.578842,8.783161,24.049175,9.979265
"fig|214675.23.peg.3762",13.564827,1.369936,14.631722,2.70231
"fig|214675.23.peg.3763",40.81929,6.631466,24.849771,7.787215
"fig|214675.23.peg.3764",20.050991,5.457771,15.384549,8.890389
"fig|214675.23.peg.3765",83.65683,9.415827,57.074677,14.315
"fig|214675.23.peg.3766",42.316349,9.486722,13.323019,5.835277
"fig|214675.23.peg.3767",5.325012,0.760877,2.779739,1.328372
"fig|214675.23.peg.3769",0.737937,0.831243,NA,1.572257
"fig|214675.23.peg.3770",35.829411,3.708582,14.979352,2.464229
"fig|214675.23.peg.3771",150.707794,82.427071,54.3106,62.278996
"fig|214675.23.peg.3772",19.150373,4.494877,16.929241,6.342804
"fig|214675.23.peg.3773",32.738277,4.959091,21.202515,7.839084
"fig|214675.23.peg.3774",5.535935,2.934936,4.485378,5.25782
"fig|214675.23.peg.3775",31.551296,4.015118,27.804123,6.453318
"fig|214675.23.peg.3776",90.163864,7.823896,53.103718,7.533293
"fig|214675.23.peg.3777",17.386005,2.654319,25.694574,5.062811
"fig|214675.23.peg.3778",66.908211,6.492359,27.397545,5.243936
"fig|214675.23.peg.3779",3.901801,1.489198,5.01235,2.516737
"fig|214675.23.peg.3780",2.359875,0.658074,0.631194,0.702173
"fig|214675.23.peg.3781",0.921708,NA,0.654196,0.440856
"fig|214675.23.peg.3783",73.387169,3.613639,91.454941,7.666979
"fig|214675.23.peg.3784",45.762592,9.606221,20.71714,9.556901
"fig|214675.23.peg.3785",78.319069,6.954248,44.967537,7.517694
"fig|214675.23.peg.3786",18.114309,30.107628,13.255093,30.218473
"fig|214675.23.peg.3787",51.460629,6.037005,22.09794,6.563758
"fig|214675.23.peg.3788",1.83512,0.748287,1.435938,1.840535
"fig|214675.23.peg.3789",12.065552,1.430689,9.893955,2.473767
"fig|214675.23.peg.3790",63.48991,2.999188,25.882191,3.565484
"fig|214675.23.peg.3791",25.68507,3.121399,21.88764,5.145399
"fig|214675.23.peg.3792",40.59129,7.525678,26.715773,9.11006
"fig|214675.23.peg.3793",40.327705,12.176525,21.810394,19.189604
"fig|214675.23.peg.3794",61.479908,24.387114,30.332045,32.648216
"fig|214675.23.peg.3795",4.799269,2.028668,3.520747,3.095834
"fig|214675.23.peg.3797",3.21632,1.113576,4.276441,1.78089
"fig|214675.23.peg.3798",15.815377,1.570536,15.869488,2.825317
"fig|214675.23.peg.3799",7.138499,1.823873,5.583918,2.967276
"fig|214675.23.peg.3800",66.11274,4.397678,51.889835,8.331115
"fig|214675.23.peg.3801",19.373011,8.587393,21.52944,12.441115
"fig|214675.23.peg.3802",7.780845,83.235107,3.63419,72.687263
"fig|214675.23.peg.3803",111.842201,8.204246,133.538101,13.935881
"fig|214675.23.peg.3804",4.8568,2.24401,6.499271,5.128716
"fig|214675.23.peg.3805",12.181541,3.02084,16.480158,7.879298
"fig|214675.23.peg.3806",29.079315,6.549675,30.713564,11.411415
"fig|214675.23.peg.3807",355.764374,58.551216,145.784363,69.640503
"fig|214675.23.peg.3808",348.596466,26.766008,321.009979,52.650444
"fig|214675.23.peg.3809",14.904839,24.496311,8.697045,25.925598
"fig|214675.23.peg.3810",9.299482,5.265562,4.999457,5.077653
"fig|214675.23.peg.3812",3.237159,1.221723,2.9519,2.856098
"fig|214675.23.peg.3813",11.546314,2.487831,7.06989,3.05001
"fig|214675.23.peg.3814",2.446555,0.700222,7.260818,2.576399
"fig|214675.23.peg.3815",0.899598,2.018411,3.563216,5.43386
"fig|214675.23.peg.3816",43.650566,8.683426,58.170036,26.656254
"fig|214675.23.peg.3817",100.713104,17.1686,93.230927,36.750355
"fig|214675.23.peg.3818",3.304439,1.573835,3.856887,4.041626
"fig|214675.23.peg.3819",109.648354,13.182394,75.529396,18.781178
"fig|214675.23.peg.3820",43.740074,5.217229,42.485653,11.381758
"fig|214675.23.peg.3821",6.685201,4.48119,4.768382,5.118238
"fig|214675.23.peg.3822",42.597759,3.568868,23.26432,4.260914
"fig|214675.23.peg.3823",3.263595,3.689142,2.711471,6.811697
"fig|214675.23.peg.3825",2.046667,1.578909,3.020838,3.320521
"fig|214675.23.peg.3826",6.413148,8.148022,17.446005,16.32395
"fig|214675.23.peg.3827",18.234722,26.991148,170.705048,32.145687
"fig|214675.23.peg.3828",5.801011,7.678212,5.921784,7.902751
"fig|214675.23.peg.3829",47.959965,5.160501,45.88356,10.237325
"fig|214675.23.peg.3830",47.900017,7.646619,47.578682,21.288801
"fig|214675.23.peg.3831",19.499544,4.052718,17.593052,9.739577
"fig|214675.23.peg.3832",112.027313,7.755572,96.269638,17.311602
"fig|214675.23.peg.3834",34.40897,2.64922,54.525826,8.044997
"fig|214675.23.peg.3835",2.204521,0.521198,5.70365,0.566442
"fig|214675.23.peg.3836",20.715855,1.560256,9.16577,1.527381
"fig|214675.23.peg.3838",22.043268,6.521916,24.127203,9.359255
"fig|214675.23.peg.3839",14.673073,NA,8.373483,NA
"fig|214675.23.peg.3841",227.205093,51.09705,151.765549,109.270149
"fig|214675.23.peg.3842",1.254934,NA,0.960973,0.605609
"fig|214675.23.peg.3843",23.307049,1.913438,15.184362,3.627933
"fig|214675.23.rna.40",79.566109,98.038582,63.526508,118.028046
"fig|214675.23.peg.3844",70.847595,84.182007,12.429431,78.991058
"fig|214675.23.peg.3845",2.116099,0.423719,1.963076,1.713088
"fig|214675.23.peg.3846",57.884312,16.826174,32.096298,20.515175
"fig|214675.23.peg.3847",18.629711,1.264878,2.108886,1.325832
"fig|214675.23.peg.3848",95.651131,48.224098,42.933632,35.294376
"fig|214675.23.peg.3849",117.049873,6.636142,71.350121,10.121068
"fig|214675.23.peg.3850",19.702427,2.556844,26.575068,6.227647
"fig|214675.23.peg.3851",9.265839,3.430052,10.145119,9.159175
"fig|214675.23.peg.3852",54.662273,7.236186,20.54006,13.113265
"fig|214675.23.peg.3853",1.259833,0.468685,1.760796,1.1289
"fig|214675.23.peg.3854",40.316856,9.977529,9.951476,4.38498
"fig|214675.23.peg.3857",91.503525,9.534247,28.49791,8.688628
"fig|214675.23.peg.3858",17.70743,5.117089,9.501178,6.057734
"fig|214675.23.peg.3859",2.604437,2.196841,1.322466,1.898263
"fig|214675.23.peg.3862",12.018149,1.394537,11.166073,1.548999
"fig|214675.23.peg.3863",21.06255,0.406337,12.160466,0.526327
"fig|214675.23.peg.3864",5.330206,0.856424,5.765939,1.548359
"fig|214675.23.peg.3865",4.522017,1.204377,3.32017,3.128566
"fig|214675.23.peg.3866",4.497619,1.472328,9.169726,4.422836
"fig|214675.23.peg.3867",8.850471,1.824397,15.936508,5.080498
"fig|214675.23.peg.3868",0.933837,0.637608,1.668357,2.249499
"fig|214675.23.peg.3870",13.299506,1.503998,8.431769,3.694626
"fig|214675.23.peg.3871",2.028989,0.425686,1.597451,1.382856
"fig|214675.23.peg.3873",4.674602,1.59837,3.266495,1.68048
"fig|214675.23.peg.3874",5.713604,0.986585,3.733902,1.627382
"fig|214675.23.peg.3877",135.110764,14.745616,81.664764,18.841476
"fig|214675.23.peg.3878",2.273897,NA,1.465484,NA
"fig|214675.23.peg.3879",187.818039,14.378269,44.783409,13.768276
"fig|214675.23.peg.3880",3.189065,0.714204,1.22399,1.080842
"fig|214675.23.peg.3881",5.457839,NA,3.378707,0.504176
"fig|214675.23.peg.3882",1.181289,1.165951,1.290481,1.028755
"fig|214675.23.peg.3885",2.216692,NA,3.041176,NA
"fig|214675.23.peg.3886",9.781028,2.625296,15.977494,6.646776
"fig|214675.23.peg.3887",29.116901,7.755923,26.435736,30.723429
"fig|214675.23.peg.3888",2.802809,2.51986,3.370628,4.226777
"fig|214675.23.peg.3889",100.812721,7.670056,158.776337,19.200226
"fig|214675.23.peg.3890",104.958923,29.447876,88.790764,58.868561
"fig|214675.23.peg.3891",360.086884,35.009747,410.415039,86.004097
"fig|214675.23.peg.3892",29.957115,2.76515,56.615227,7.806631
"fig|214675.23.peg.3893",21.516993,1.784627,39.968018,7.547256
"fig|214675.23.peg.3894",8.237152,2.136412,17.936399,5.857842
"fig|214675.23.peg.3895",7.761997,7.702462,9.241347,15.337792
"fig|214675.23.peg.3896",5.390187,4.705808,7.028539,14.048847
"fig|214675.23.peg.3897",37.670589,20.463858,23.527655,32.622395
"fig|214675.23.peg.3898",912.126099,72.86335,484.143311,86.672256
"fig|214675.23.peg.3899",570.169495,14.835026,491.191437,24.401884
"fig|214675.23.peg.3900",65.077988,11.959115,58.739967,27.644163
"fig|214675.23.peg.3901",152.811783,11.905088,171.42836,36.000301
"fig|214675.23.peg.3902",1.099408,4.447938,4.904969,9.598798
"fig|214675.23.peg.3903",1.433167,6.545853,1.814604,16.727913
"fig|214675.23.peg.3904",60.173073,3.882337,96.381241,10.795735
"fig|214675.23.peg.3905",19.990705,20.164604,17.149448,27.043657
"fig|214675.23.peg.3906",93.540184,39.800304,41.630901,63.249828
"fig|214675.23.peg.3907",1871.146973,61.192074,1281.320679,95.30732
"fig|214675.23.peg.3908",2148.647949,52.227112,1596.304077,100.049881
"fig|214675.23.peg.3909",451.771454,55.797153,218.849472,76.737076
"fig|214675.23.peg.3910",1.532833,1.203179,4.568264,1.314787
"fig|214675.23.peg.3913",14.267647,3.390946,2.737001,1.784753
"fig|214675.23.peg.3915",12.986492,2.740185,10.714638,6.012655
"fig|214675.23.peg.3916",69.205406,6.664885,59.795383,11.655676
"fig|214675.23.peg.3917",28.668533,9.188611,19.203604,15.116858
"fig|214675.23.peg.3918",45.413464,8.261495,33.478107,12.911259
"fig|214675.23.peg.3919",30.303482,1.329696,49.747002,5.049194
"fig|214675.23.peg.3920",22.795631,2.101202,32.253033,6.273808
"fig|214675.23.peg.3921",18.132225,6.181081,34.648766,10.741693
"fig|214675.23.peg.3922",130.179993,41.732765,69.004608,51.168251
"fig|214675.23.peg.3923",29.113626,3.25462,29.249846,7.148362
"fig|214675.23.peg.3924",5.799504,1.838006,9.098042,4.976403
"fig|214675.23.peg.3925",20.279528,2.968321,20.473076,7.493756
"fig|214675.23.peg.3926",26.612926,5.293989,11.073178,7.264012
"fig|214675.23.peg.3927",5.697457,1.522462,3.183505,1.551723
"fig|214675.23.peg.3928",5.884725,1.902192,5.48761,3.224729
"fig|214675.23.peg.3929",41.976925,4.756593,32.688023,8.856789
"fig|214675.23.peg.3930",52.244698,4.382129,63.321812,12.12611
"fig|214675.23.peg.3931",462.586426,36.245804,376.238708,68.145676
"fig|214675.23.peg.3932",963.222961,25.063889,1007.389709,57.535378
"fig|214675.23.peg.3933",207.533127,22.724363,165.533569,43.34124
"fig|214675.23.peg.3934",2.164688,0.623123,6.842408,2.129072
"fig|214675.23.peg.3938",16.926733,0.97258,5.998529,0.735374
"fig|214675.23.peg.3941",6.314671,2.570235,5.4946,5.022635
"fig|214675.23.peg.3942",5.570606,1.348246,7.206438,3.930791
"fig|214675.23.peg.3943",1.407888,0.739418,2.213266,1.406086
"fig|214675.23.peg.3945",0.938519,1.102915,1.0861,NA
"fig|214675.23.peg.3946",0.663357,0.43938,NA,0.372682
"fig|214675.23.peg.3947",1.135379,NA,NA,NA
"fig|214675.23.peg.3949",46.547131,22.889389,24.92684,30.041546
"fig|214675.23.peg.3950",48.046848,4.314431,48.578133,15.674829
"fig|214675.23.peg.3951",62.699863,11.371801,44.699741,20.282478
"fig|214675.23.peg.3952",0.814708,1.000714,0.662631,1.361146
"fig|214675.23.peg.3953",58.818985,30.609756,29.305428,34.84016
"fig|214675.23.peg.3954",4.538104,1.794188,2.6504,1.577864
"fig|214675.23.peg.3957",0.95863,NA,0.825837,NA
"fig|214675.23.peg.3959",14.918593,1.840354,18.635889,3.128765
"fig|214675.23.peg.3960",15.253206,1.08873,3.798369,1.181778
"fig|214675.23.peg.3961",6.18538,3.870378,2.321312,1.22539
"fig|214675.23.peg.3962",2.500835,NA,3.192708,NA
"fig|214675.23.peg.3963",3.528461,0.690573,3.327509,1.534181
"fig|214675.23.peg.3965",3.942943,1.08099,4.632411,2.389833
"fig|214675.23.peg.3966",9.690194,1.096854,14.629867,2.337984
"fig|214675.23.peg.3967",91.256752,8.514564,73.147171,15.026326
"fig|214675.23.peg.3968",62.237667,7.826001,62.608624,14.951015
"fig|214675.23.peg.3969",9.923018,10.290275,6.320688,13.53925
"fig|214675.23.peg.3971",185.307861,5.434662,54.966072,6.368352
"fig|214675.23.peg.3972",80.604431,6.736789,34.262032,NA
"fig|214675.23.peg.3974",2.795892,0.390857,1.281298,1.20722
"fig|214675.23.peg.3975",5.992297,0.962267,3.978582,1.55405
"fig|214675.23.peg.3976",40.082169,2.335327,26.055252,3.337237
"fig|214675.23.peg.3977",12.266913,3.073798,6.057733,3.848707
"fig|214675.23.peg.3978",60.123821,1.998566,33.776516,3.290253
"fig|214675.23.peg.3979",5.018606,2.577541,4.261334,3.987949
"fig|214675.23.peg.3980",2.801899,5.025265,NA,1.798198
"fig|214675.23.peg.3981",1.430124,0.457935,1.479276,0.458037
"fig|214675.23.peg.3982",8.729755,7.358867,2.630853,6.693526
"fig|214675.23.peg.3983",3.997106,1.079156,3.671229,2.681305
"fig|214675.23.peg.3984",3.090755,0.356702,2.537146,NA
"fig|214675.23.peg.3985",1.547009,0.484032,1.474571,0.660496
"fig|214675.23.peg.3986",3.660427,1.592027,4.204259,1.290888
"fig|214675.23.peg.3987",13.230581,2.421941,6.327355,2.093377
"fig|214675.23.peg.3988",19.92425,2.356177,10.154386,3.020781
"fig|214675.23.peg.3989",9.819591,3.073165,10.124423,4.124335
"fig|214675.23.peg.3990",1.098801,2.440807,1.489158,4.384313
"fig|214675.23.peg.3991",5.283208,NA,1.904654,NA
"fig|214675.23.peg.3992",5.361385,0.991167,7.235955,0.825465
"fig|214675.23.peg.3993",3.730764,1.574826,1.561442,1.69331
"fig|214675.23.peg.3995",202.079773,40.558979,151.260162,80.496262
"fig|214675.23.peg.3996",7.444208,3.748942,6.683062,5.550259
"fig|214675.23.peg.3997",8.088326,NA,6.483841,0.471513
"fig|214675.23.peg.3998",6.586177,8.069925,1.635699,12.52297
"fig|214675.23.peg.3999",401.03244,33.349693,290.609192,56.242718
"fig|214675.23.peg.4000",370.310516,64.187126,238.200439,80.709808
"fig|214675.23.peg.4001",319.45871,46.801308,163.019867,56.136177
"fig|214675.23.peg.4004",17.65258,2.352773,15.330467,3.486857
"fig|214675.23.peg.4005",69.615021,9.462171,15.059699,4.986407
"fig|214675.23.peg.4006",18.567505,13.372818,5.669225,8.044702
"fig|214675.23.peg.4007",43.689507,6.649698,11.326801,4.232023
"fig|214675.23.peg.4008",8.930437,10.208158,5.818954,8.741018
"fig|214675.23.peg.4011",4.738682,1.02718,2.86071,1.439538
"fig|214675.23.peg.4012",171.313278,13.771811,51.083324,8.136696
"fig|214675.23.peg.4013",46.313038,30.518324,16.900644,24.745546
"fig|214675.23.peg.4015",0.830572,0.753137,NA,NA
"fig|214675.23.peg.4016",150.37262,72.18631,29.766628,40.67218
"fig|214675.23.peg.4017",233.888977,80.782402,66.558975,41.917667
"fig|214675.23.peg.4018",2.375027,0.386987,1.615922,NA
"fig|214675.23.peg.4019",318.503479,46.896599,50.194859,10.464931
"fig|214675.23.peg.4020",19.655268,11.280593,18.615973,28.552801
"fig|214675.23.peg.4021",9.79222,2.398146,9.652331,4.818041
"fig|214675.23.peg.4023",67.393112,2.466874,70.779976,7.261698
"fig|214675.23.peg.4024",0.658879,7.902838,0.836562,6.816309
"fig|214675.23.peg.4025",269.562439,8.357955,200.355469,20.394131
"fig|214675.23.peg.4027",37.566193,14.88032,12.246857,9.384271
"fig|214675.23.peg.4028",249.168076,210.917557,34.591084,56.247612
"fig|214675.23.peg.4031",1.633739,0.618272,0.700123,0.545278
"fig|214675.23.peg.4033",84.494553,9.9173,328.886963,26.168476
"fig|214675.23.peg.4034",101.919502,25.245686,49.872662,28.374393
"fig|214675.23.peg.4036",5.155627,1.882314,7.92267,5.638866
"fig|214675.23.peg.4037",76.931419,4.32113,24.494102,6.449872
"fig|214675.23.peg.4038",1.993166,NA,4.996101,NA
"fig|214675.23.peg.4039",4.328041,1.753883,3.090035,1.647864
"fig|214675.23.peg.4040",22.949793,1.637357,12.580329,3.20069
"fig|214675.23.peg.4041",358.085205,44.58345,142.292709,30.247879
"fig|214675.23.peg.4042",20.83812,4.040937,20.782408,9.529977
"fig|214675.23.peg.4044",16.495266,5.045418,12.2138,7.725054
"fig|214675.23.peg.4045",0.810142,1.348066,NA,1.585561
"fig|214675.23.peg.4046",1.183634,1.433342,2.276665,3.616125
"fig|214675.23.peg.4047",33.710209,5.801051,25.25614,7.738888
"fig|214675.23.peg.4048",159.145493,17.88748,68.270279,15.328089
"fig|214675.23.peg.4049",88.20282,13.628756,48.073322,12.081314
"fig|214675.23.peg.4050",1.330016,0.547974,NA,0.717136
"fig|214675.23.peg.4051",0.722038,NA,NA,NA
"fig|214675.23.peg.4052",221.899231,77.320816,51.898735,56.141857
"fig|214675.23.peg.4053",122.32003,41.891647,43.941986,33.750416
"fig|214675.23.peg.4054",4.402722,2.968655,3.446338,3.547841
"fig|214675.23.peg.4055",0.852354,0.464385,1.577598,1.955536
"fig|214675.23.peg.4056",1.332273,NA,0.66383,0.899419
"fig|214675.23.peg.4057",217.505219,67.338814,138.003708,53.911346
"fig|214675.23.peg.4058",213.124237,28.699961,137.4142,44.153965
"fig|214675.23.peg.4059",56.727448,14.025264,44.123089,21.045128
"fig|214675.23.peg.4063",59.888481,4.494737,33.791447,5.325484
"fig|214675.23.peg.4064",51.12532,6.784406,12.123137,3.791152
"fig|214675.23.peg.4065",5.100574,3.114719,1.840976,2.025911
"fig|214675.23.peg.4066",3.352161,0.975698,3.183685,1.044612
"fig|214675.23.peg.4067",112.380424,25.541492,31.849062,12.062449
"fig|214675.23.peg.4069",25.037388,6.168108,4.800781,2.84714
"fig|214675.23.peg.4070",3.484478,2.938177,0.970713,0.633969
"fig|214675.23.peg.4071",28.717628,1.173889,7.524323,0.659697
"fig|214675.23.peg.4072",13.032005,0.457129,3.237655,NA
"fig|214675.23.peg.4073",7.469148,0.517156,3.5172,1.248284
"fig|214675.23.peg.4074",9.968805,3.339816,4.546959,3.414264
"fig|214675.23.peg.4076",5.435093,1.169039,4.407943,2.51003
"fig|214675.23.peg.4080",12.844375,0.727129,17.964458,1.920753
"fig|214675.23.peg.4081",17.37303,3.132881,32.655464,11.304111
"fig|214675.23.peg.4082",10.686392,3.639196,14.450392,10.020563
"fig|214675.23.peg.4083",13.394654,2.108656,14.250559,3.591336
"fig|214675.23.rna.41",392.859955,13.411504,448.243134,13.060053
"fig|214675.23.peg.4084",53.323498,19.979828,15.907376,29.039875
"fig|214675.23.peg.4085",25.804033,5.582712,24.181538,10.896755
"fig|214675.23.peg.4086",70.899353,10.220035,47.038006,15.57225
"fig|214675.23.peg.4087",107.508484,13.064306,113.183617,27.929972
"fig|214675.23.peg.4088",91.825226,9.304956,84.535469,20.186167
"fig|214675.23.peg.4089",1.728407,7.635817,1.816125,10.6988
"fig|214675.23.peg.4090",1.64941,1.622768,NA,NA
"fig|214675.23.peg.4091",37.921528,2.609553,6.85407,1.257389
"fig|214675.23.peg.4092",18.4865,12.709415,3.82494,3.637253
"fig|214675.23.peg.4093",65.286987,16.191261,9.439108,3.167558
"fig|214675.23.peg.4094",112.998169,38.531597,10.876934,5.105851
"fig|214675.23.peg.4095",30.503704,5.393598,5.646616,2.130052
"fig|214675.23.peg.4096",8.105612,4.476902,2.739966,1.588725
"fig|214675.23.peg.4097",72.746628,10.350797,5.989538,3.361794
"fig|214675.23.peg.4098",18.377165,8.00848,3.033952,2.570457
"fig|214675.23.peg.4099",32.075279,11.049579,8.087701,5.361478
"fig|214675.23.peg.4100",0.985764,NA,NA,0.599613
"fig|214675.23.peg.4101",0.69231,3.15043,0.687059,4.020129
"fig|214675.23.peg.4102",32.003025,6.779205,13.795444,8.001474
"fig|214675.23.peg.4103",1.278826,0.387662,1.579508,0.537951
"fig|214675.23.peg.4104",159.703415,243.159698,77.842812,230.549103
"fig|214675.23.peg.4105",591.844727,79.855827,180.907913,86.163048
"fig|214675.23.peg.4106",6.495954,3.238454,5.56021,5.193635
"fig|214675.23.peg.4107",11.555005,1.131979,13.218349,1.770519
"fig|214675.23.peg.4108",137.690094,7.72533,70.615395,15.214886
"fig|214675.23.peg.4109",23.393929,0.866516,22.494284,1.942513
"fig|214675.23.peg.4110",9.919264,4.429175,12.939734,6.100437
"fig|214675.23.peg.4111",32.613579,9.209574,13.560907,13.269162
"fig|214675.23.peg.4112",45.116169,7.779526,35.948475,15.133151
"fig|214675.23.peg.4113",15.352978,12.030071,11.915542,19.11973
"fig|214675.23.peg.4114",114.013893,7.536755,67.392372,11.804063
"fig|214675.23.peg.4115",149.066025,8.734391,61.605949,10.426698
"fig|214675.23.peg.4116",45.763802,12.682547,27.156597,18.436815
"fig|214675.23.peg.4117",121.527748,4.654509,NA,7.922491
"fig|214675.23.peg.4118",166.246262,5.585896,126.380531,8.96736
"fig|214675.23.peg.4119",51.422283,3.432992,17.687126,9.420778
"fig|214675.23.peg.4120",10.912062,1.845483,13.451146,4.365621
"fig|214675.23.peg.4121",37.378239,3.889134,26.013824,7.512195
"fig|214675.23.peg.4122",68.94175,7.02921,63.463753,12.119409
"fig|214675.23.peg.4123",13.420179,2.038435,12.07176,4.991325
"fig|214675.23.peg.4124",33.441578,4.746182,54.14558,9.494311
"fig|214675.23.peg.4125",82.325623,10.414522,125.558731,22.518753
"fig|214675.23.peg.4127",2.145186,1.43251,2.446546,2.743989
"fig|214675.23.peg.4128",54.985092,23.225479,43.219395,33.748901
"fig|214675.23.peg.4129",14.060624,19.400698,11.862442,34.861492
"fig|214675.23.peg.4130",1.373664,1.102924,2.347101,5.497926
"fig|214675.23.peg.4131",25.63125,8.024443,34.02269,14.637942
"fig|214675.23.peg.4132",190.191589,40.139545,76.103256,71.098938
"fig|214675.23.peg.4133",1.850223,5.747766,5.134511,12.052729
"fig|214675.23.peg.4134",42.120903,6.855297,41.499298,13.563332
"fig|214675.23.peg.4135",14.844161,11.673209,16.268246,23.318708
"fig|214675.23.peg.4139",5.093442,1.694807,3.43767,2.694669
"fig|214675.23.peg.4140",6.877597,52.475506,2.296265,33.990761
"fig|214675.23.peg.4141",1.58239,7.591102,1.69034,6.209163
"fig|214675.23.peg.4142",128.316284,13.744436,40.684265,8.874267
"fig|214675.23.peg.4143",122.469177,7.341784,100.179863,10.009436
"fig|214675.23.peg.4144",198.380859,7.64741,235.388275,18.029932
"fig|214675.23.peg.4145",134.977478,10.751058,138.937057,24.478653
"fig|214675.23.peg.4146",35.811539,5.788168,72.662491,13.947116
"fig|214675.23.peg.4147",50.339493,3.703726,42.556557,9.894926
"fig|214675.23.peg.4148",349.927063,44.769344,407.018555,90.710434
"fig|214675.23.peg.4149",13.38058,4.102348,12.020786,12.301641
"fig|214675.23.peg.4150",11.429129,4.056369,10.69443,10.897413
"fig|214675.23.peg.4151",12.391194,2.48338,14.023507,4.746142
"fig|214675.23.peg.4152",52.942379,4.590479,58.798901,7.182278
"fig|214675.23.peg.4153",96.319252,5.023255,80.632881,10.403997
"fig|214675.23.peg.4154",128.846451,4.86198,84.649544,7.921143
"fig|214675.23.peg.4155",90.429161,3.561389,74.331253,6.50057
"fig|214675.23.peg.4156",10.823613,3.260024,12.929169,6.719943
"fig|214675.23.peg.4159",1.357385,NA,1.277156,0.560327
"fig|214675.23.peg.4161",6.963877,0.954196,6.504109,1.889523
"fig|214675.23.peg.4162",34.790012,5.520355,21.473413,7.67858
"fig|214675.23.peg.4163",261.421722,53.964703,144.536118,58.861664
"fig|214675.23.peg.4164",7.622964,2.953641,7.240199,4.331285
"fig|214675.23.peg.4165",1.771628,1.371137,1.177054,3.686583
"fig|214675.23.peg.4166",3.777471,7.018019,42.221519,7.528885
"fig|214675.23.peg.4167",30.714611,1.669523,37.381893,3.493968
"fig|214675.23.peg.4168",11.171629,1.54532,3.654187,1.655629
"fig|214675.23.peg.4171",20.61689,5.87447,8.046613,6.143722
"fig|214675.23.peg.4173",0.91647,0.601903,NA,NA
"fig|214675.23.peg.4174",4.850654,1.024946,13.635214,5.285188
"fig|214675.23.peg.4175",0.816825,NA,2.970462,13.139217
"fig|214675.23.peg.4176",19.331131,4.900705,93.911705,45.584221
"fig|214675.23.peg.4177",3.12559,2.225978,4.547582,3.319673
"fig|214675.23.peg.4178",16.310066,1.754943,8.62424,2.586236
"fig|214675.23.peg.4179",104.291794,5.662538,130.375214,9.422146
"fig|214675.23.peg.4180",17.065149,5.934265,16.747496,10.480484
"fig|214675.23.peg.4181",8.345796,2.894114,5.820181,5.148102
"fig|214675.23.peg.4182",20.176249,5.266821,15.887444,7.807376
"fig|214675.23.peg.4183",10.02282,3.14019,7.772747,4.067513
"fig|214675.23.peg.4184",20.456404,1.383769,20.250725,1.894776
"fig|214675.23.peg.4185",9.181509,0.958937,14.6374,1.928832
"fig|214675.23.peg.4186",35.135006,3.04464,31.146734,4.551404
"fig|214675.23.peg.4187",5.694958,0.792319,9.662169,1.874633
"fig|214675.23.peg.4188",49.742355,2.827227,38.369228,4.272144
"fig|214675.23.peg.4189",17.155762,4.104657,12.695004,6.38754
"fig|214675.23.peg.4190",39.713718,4.395307,28.399607,6.57563
"fig|214675.23.peg.4191",15.471554,2.956063,8.465335,3.711112
"fig|214675.23.peg.4192",29.893791,7.602603,10.147238,7.149315
"fig|214675.23.peg.4194",4.042125,1.398808,1.601975,3.744537
"fig|214675.23.peg.4195",11.437373,1.654556,8.11135,3.059386
"fig|214675.23.peg.4196",4.638965,NA,2.369066,1.019341
"fig|214675.23.peg.4197",11.613178,2.965097,10.530666,3.954564
"fig|214675.23.peg.4198",234.010315,40.412399,154.778748,40.535694
"fig|214675.23.peg.4199",1.175701,NA,NA,NA
"fig|214675.23.peg.4200",51.164219,3.157891,34.17654,4.079846
"fig|214675.23.peg.4201",212.210037,62.983364,190.111771,83.402519
"fig|214675.23.peg.4202",260.928741,123.192917,142.231339,142.607483
"fig|214675.23.peg.4203",2.477169,3.707323,1.472574,3.577008
"fig|214675.23.peg.4205",128.94136,14.919429,86.320694,29.536699
"fig|214675.23.peg.4206",56.020248,27.130302,46.226028,52.3409
"fig|214675.23.peg.4207",293.887024,42.274097,226.2995,57.448711
"fig|214675.23.peg.4208",136.898773,15.1738,98.290695,27.70459
"fig|214675.23.peg.4209",281.291687,22.403341,155.73671,27.495668
"fig|214675.23.peg.4210",170.305756,14.306029,87.216293,16.967621
"fig|214675.23.peg.4211",32.274891,6.237017,24.096689,10.537611
"fig|214675.23.peg.4212",534.073364,13.171647,454.206329,25.61886
"fig|214675.23.peg.4213",252.822769,14.057178,21.22694,22.787231
"fig|214675.23.peg.4214",8.803981,5.347575,11.283561,13.711774
"fig|214675.23.peg.4215",88.37468,12.178227,99.75547,39.333744
"fig|214675.23.peg.4216",3.537173,NA,0.742975,0.618267
"fig|214675.23.peg.4217",1.79444,8.402996,2.099937,8.455849
"fig|214675.23.peg.4218",6.969143,3.072414,4.376387,4.884567
"fig|214675.23.peg.4220",5.698349,1.780145,12.20174,4.531585
"fig|214675.23.peg.4221",7.072577,2.905081,7.16857,5.118606
"fig|214675.23.peg.4222",46.505684,3.896034,43.297993,6.116922
"fig|214675.23.peg.4223",17.863958,5.915821,10.23471,12.019114
"fig|214675.23.peg.4224",15.398911,5.044546,11.454657,8.740792
"fig|214675.23.peg.4225",45.659874,3.586927,29.96266,4.443129
"fig|214675.23.peg.4227",1.40839,0.425216,1.597363,0.622212
"fig|214675.23.peg.4228",0.86372,NA,1.074773,NA
"fig|214675.23.peg.4230",25.621124,2.990316,16.302372,3.62732
"fig|214675.23.peg.4231",31.348614,4.164277,28.63479,6.47576
"fig|214675.23.peg.4232",57.1703,6.486363,46.81646,10.529134
"fig|214675.23.peg.4233",0.712364,2.468688,4.823754,3.556947
"fig|214675.23.peg.4234",2.553986,0.922199,9.299987,13.001409
"fig|214675.23.peg.4235",13.630792,3.30252,42.252995,18.020201
"fig|214675.23.peg.4236",11.209187,3.510955,29.194412,15.08322
"fig|214675.23.peg.4237",4.66059,0.599206,15.78696,4.127655
"fig|214675.23.rna.42",87444.679688,90017.992188,133181.90625,103570.179688
"fig|214675.23.peg.4240",9.431088,NA,13.043844,2.195338
"fig|214675.23.peg.4241",13.035351,NA,18.075945,1.444228
"fig|214675.23.peg.4243",6.685662,NA,17.143154,NA
"fig|214675.23.peg.4244",119.50634,2.272755,128.735657,11.736727
"fig|214675.23.peg.4245",0.804815,1.152956,2.827692,9.191854
"fig|214675.23.peg.4247",33.329113,4.667695,37.662392,10.875801
"fig|214675.23.peg.4248",3.02315,1.318961,6.519186,4.319592
"fig|214675.23.peg.4250",8.365667,6.627766,9.930892,11.070034
"fig|214675.23.peg.4251",81.792252,73.065132,60.049164,134.082138
"fig|214675.23.peg.4252",505.266632,46.441452,391.67804,94.136192
"fig|214675.23.peg.4253",403.06192,47.121689,185.967239,80.363068
"fig|214675.23.peg.4254",746.962402,91.777962,409.779114,117.292999
"fig|214675.23.peg.4255",19.29118,4.675823,17.298786,9.069715
"fig|214675.23.peg.4256",93.632393,10.686641,99.498466,22.643835
"fig|214675.23.peg.4257",15.187041,4.982662,14.493593,12.693021
"fig|214675.23.peg.4258",43.320766,3.566967,17.273149,4.837421
"fig|214675.23.peg.4259",34.231213,7.312316,21.98996,8.780499
"fig|214675.23.peg.4260",11.524321,2.999218,17.985144,4.925089
"fig|214675.23.peg.4261",3.244886,2.799686,1.455506,4.186797
"fig|214675.23.peg.4262",10.028661,2.284614,14.100097,5.364526
"fig|214675.23.peg.4263",66.016174,4.396052,52.043961,7.677032
"fig|214675.23.peg.4264",104.93499,3.987412,87.533241,8.209797
"fig|214675.23.peg.4265",38.250446,4.831885,34.975525,8.138854
"fig|214675.23.peg.4266",5.732964,1.033159,2.760359,1.009264
"fig|214675.23.peg.4267",5.919364,1.54686,5.973895,3.221751
"fig|214675.23.peg.4268",12.850961,2.765049,13.573653,4.625771
"fig|214675.23.peg.4269",8.949051,3.858742,8.15895,8.208941
"fig|214675.23.peg.4270",45.504761,22.504017,44.902626,36.418964
"fig|214675.23.peg.4271",14.727429,13.429237,6.148858,13.534998
"fig|214675.23.peg.4272",13.003658,2.011368,6.339993,2.98607
"fig|214675.23.peg.4274",157.818161,30.809959,157.659958,63.458031
"fig|214675.23.peg.4275",161.998581,40.738384,130.295685,71.082634
"fig|214675.23.peg.4276",14.196365,NA,17.404297,0.844787
"fig|214675.23.peg.4277",16.5373,3.103962,4.981435,2.624138
"fig|214675.23.peg.4278",59.678192,6.08105,17.056454,4.956879
"fig|214675.23.peg.4279",2.12339,6.076118,1.771848,6.568803
"fig|214675.23.peg.4280",69.613068,9.550039,35.900455,14.204522
"fig|214675.23.peg.4281",40.06884,5.557054,23.031151,7.388633
"fig|214675.23.peg.4282",20.378839,7.407543,11.804811,5.076135
"fig|214675.23.peg.4283",1628.104248,97.556442,860.720276,95.364296
"fig|214675.23.peg.4284",2.982996,NA,4.717156,1.07188
"fig|214675.23.peg.4285",1.047356,0.689748,NA,0.940569
"fig|214675.23.peg.4287",4.154887,0.492263,8.33871,2.326654
"fig|214675.23.peg.4288",46.855488,1.879688,5.076367,5.273638
"fig|214675.23.peg.4289",89.274651,3.757977,149.922714,12.852845
"fig|214675.23.peg.4290",38.223534,3.593466,50.236664,10.126869
"fig|214675.23.peg.4291",11.488976,2.863317,17.424093,8.528251
"fig|214675.23.peg.4292",24.491831,3.461159,44.855061,10.458909
"fig|214675.23.peg.4293",13.797631,1.839618,14.992547,4.930604
"fig|214675.23.peg.4294",37.708298,2.823173,38.043648,7.624707
"fig|214675.23.peg.4296",21.009113,2.05569,22.300035,5.977641
"fig|214675.23.peg.4297",59.14172,4.062731,87.120667,10.800934
"fig|214675.23.peg.4298",105.817436,4.065856,97.754738,8.52392
"fig|214675.23.peg.4299",40.125046,1.504145,45.902805,4.846135
"fig|214675.23.peg.4300",3.684249,1.371728,5.680251,4.871349
"fig|214675.23.peg.4302",41.15683,3.13312,55.609837,8.398776
"fig|214675.23.peg.4303",18.408379,1.878272,32.978493,4.956707
"fig|214675.23.peg.4305",1.858147,0.882935,3.379783,2.228914
"fig|214675.23.peg.4306",73.857941,4.057867,100.346672,9.332926
"fig|214675.23.peg.4307",59.888611,3.229001,91.937576,9.452074
"fig|214675.23.peg.4308",40.87006,2.913493,69.427353,9.036176
"fig|214675.23.peg.4309",28.947739,3.589494,26.532053,11.428908
"fig|214675.23.peg.4310",111.761711,10.161956,113.302025,25.316509
"fig|214675.23.peg.4311",13.304706,2.422008,22.86932,7.903751
"fig|214675.23.peg.4312",19.365044,1.739554,26.883511,5.643888
"fig|214675.23.peg.4313",14.976256,2.188576,24.099781,7.554778
"fig|214675.23.peg.4314",29.811323,2.093032,56.841484,7.63922
"fig|214675.23.peg.4315",12.323293,3.404543,22.842552,9.97471
"fig|214675.23.peg.4317",3.696903,2.979245,8.77158,12.846924
"fig|214675.23.peg.4318",12.31406,6.647447,34.105518,17.535765
"fig|214675.23.peg.4319",21.161631,2.030546,22.748533,6.172482
"fig|214675.23.peg.4320",46.95805,2.017512,54.47525,7.119546
"fig|214675.23.peg.4321",45.901543,5.0526,73.277412,17.299995
"fig|214675.23.peg.4322",27.870462,4.947077,61.089603,18.654209
"fig|214675.23.peg.4323",107.480896,5.480445,166.260193,17.87603
"fig|214675.23.peg.4324",126.932159,8.326279,275.360168,25.812849
"fig|214675.23.peg.4325",55.00103,3.804582,91.507156,11.984067
"fig|214675.23.peg.4326",73.96328,4.98431,124.218536,16.201803
"fig|214675.23.peg.4327",20.629875,4.253246,33.049679,12.773802
"fig|214675.23.peg.4328",95.169769,5.152784,128.954651,17.748529
"fig|214675.23.peg.4329",96.494598,8.938057,207.331909,32.09343
"fig|214675.23.peg.4330",72.108047,6.663556,140.176132,24.890106
"fig|214675.23.peg.4331",146.648163,7.11412,235.591812,25.414051
"fig|214675.23.peg.4332",1.045091,NA,1.506654,0.387442
"fig|214675.23.peg.4333",837.68866,7.920798,1067.655396,26.705355
"fig|214675.23.peg.4334",58.668888,4.66918,111.923378,16.43865
"fig|214675.23.peg.4335",58.759464,4.158501,67.721069,13.415385
"fig|214675.23.peg.4336",98.212212,10.580743,95.32917,25.756401
"fig|214675.23.peg.4337",180.513626,5.468817,180.217865,21.093664
"fig|214675.23.peg.4338",194.654205,8.962631,375.203705,37.972916
"fig|214675.23.peg.4339",58.501759,5.258193,135.270355,22.689087
"fig|214675.23.peg.4340",229.56189,24.899086,333.587585,59.797188
"fig|214675.23.peg.4341",335.280518,16.990492,456.520325,48.625881
"fig|214675.23.peg.4342",161.51004,9.403244,239.865814,32.558388
"fig|214675.23.peg.4343",96.492104,6.328275,203.376633,21.96616
"fig|214675.23.peg.4344",110.110352,8.522142,157.242569,29.797085
"fig|214675.23.peg.4345",22.656855,3.463841,41.594742,13.409771
"fig|214675.23.peg.4346",309.619232,18.243277,405.937012,45.960083
"fig|214675.23.peg.4347",91.894089,11.515236,159.703735,28.727753
"fig|214675.23.peg.4348",28.147038,5.676183,41.617157,19.421993
"fig|214675.23.peg.4349",15.137314,0.866257,26.431904,5.673257
"fig|214675.23.peg.4350",66.728996,5.345458,146.693283,19.727392
"fig|214675.23.peg.4351",35.568813,8.796638,58.498604,27.874645
"fig|214675.23.peg.4352",95.939438,5.968568,138.286942,17.385475
"fig|214675.23.peg.4353",76.174004,5.190536,164.1866,20.825449
"fig|214675.23.peg.4354",59.081238,5.954733,109.939217,26.806734
"fig|214675.23.peg.4355",84.526665,8.263426,112.737816,31.250456
"fig|214675.23.peg.4356",149.151505,6.935009,287.432251,26.421539
"fig|214675.23.peg.4357",59.734272,10.202074,120.017036,30.211632
"fig|214675.23.peg.4358",49.108685,7.398375,96.233856,25.716496
"fig|214675.23.peg.4359",28.230589,6.73652,84.066841,23.213877
"fig|214675.23.peg.4360",234.21167,13.006808,430.764801,41.065113
"fig|214675.23.peg.4361",59.097286,7.296499,94.773766,19.162336
"fig|214675.23.peg.4362",363.944763,15.870424,439.516418,40.762131
"fig|214675.23.peg.4363",10.153095,9.100799,20.961893,31.290548
"fig|214675.23.peg.4364",131.016968,29.334743,220.164413,103.112396
"fig|214675.23.peg.4365",121.524254,36.051643,172.572403,97.605583
"fig|214675.23.peg.4366",172.245514,13.558084,250.118423,36.359348
"fig|214675.23.peg.4367",1172.233032,35.035374,1294.069702,66.812477
"fig|214675.23.peg.4368",71.108002,9.959908,97.154137,28.346567
"fig|214675.23.peg.4369",348.174225,11.677074,432.582642,30.811758
"fig|214675.23.peg.4370",54.091923,12.685561,96.759285,33.923286
"fig|214675.23.peg.4371",135.301285,23.328249,132.326187,61.649586
"fig|214675.23.peg.4372",166.877121,14.51517,362.643921,42.893902
"fig|214675.23.peg.4373",481.239227,11.953912,692.614685,43.207664
"fig|214675.23.peg.4374",67.182793,5.169299,158.393097,22.264467
"fig|214675.23.peg.4375",35.19751,5.324031,59.591278,25.29607
"fig|214675.23.peg.4376",357.422516,14.17009,506.21051,57.728226
"fig|214675.23.peg.4377",139.888779,11.871172,256.60788,45.408089
"fig|214675.23.peg.4378",176.440598,7.17813,294.790314,29.174572
"fig|214675.23.peg.4379",107.499641,19.165039,161.062775,76.431526
"fig|214675.23.peg.4380",65.730141,6.782459,128.530518,33.837627
"fig|214675.23.peg.4381",26.6276,5.420404,59.543304,32.078098
"fig|214675.23.peg.4382",263.805908,10.087242,494.370483,47.427441
"fig|214675.23.peg.4383",185.162994,7.171129,329.708191,43.034126
"fig|214675.23.peg.4384",38.221233,8.113732,113.520454,35.371243
"fig|214675.23.peg.4385",105.225121,9.761668,226.579361,39.303364
"fig|214675.23.peg.4386",267.298218,9.428752,398.096741,42.758533
"fig|214675.23.peg.4387",64.836975,6.453938,84.04068,14.166559
"fig|214675.23.peg.4388",3.09216,1.159917,2.806447,2.746333
"fig|214675.23.peg.4389",14.86994,0.830209,10.76403,1.989339
"fig|214675.23.peg.4390",68.42009,2.923905,45.376122,4.20046
"fig|214675.23.peg.4391",4.301532,1.889752,2.772751,2.907254
"fig|214675.23.peg.4392",85.772903,4.474625,24.249142,3.799409
"fig|214675.23.peg.4393",74.573799,7.366939,55.826065,13.222145
"fig|214675.23.peg.4394",8.999996,2.615061,15.726493,4.728563
"fig|214675.23.peg.4396",11.67795,3.463872,8.188986,5.289203
"fig|214675.23.peg.4397",45.762314,4.203321,31.027636,8.550385
"fig|214675.23.peg.4398",10.146118,2.143137,11.025784,4.680404
"fig|214675.23.peg.4399",20.290039,1.679995,31.111916,4.412552
"fig|214675.23.peg.4400",18.355572,14.23877,10.088302,18.738504
"fig|214675.23.peg.4401",33.075626,4.835509,24.441132,7.45277
"fig|214675.23.peg.4402",12.523089,0.360585,25.026581,3.300947
"fig|214675.23.peg.4403",37.5182,5.755884,40.518333,12.30396
"fig|214675.23.peg.4406",7.047658,1.346828,4.392912,2.397873
"fig|214675.23.peg.4407",6.357877,2.272447,5.245425,3.182456
"fig|214675.23.peg.4409",272.986633,34.235573,90.322464,28.858995
"fig|214675.23.peg.4410",269.620209,33.302048,103.085098,30.036047
"fig|214675.23.peg.4411",6.0109,2.021023,7.150684,6.906207
"fig|214675.23.peg.4412",18.697906,4.173974,17.974964,4.422547
"fig|214675.23.peg.4413",28.854263,17.895176,20.274057,16.349998
"fig|214675.23.peg.4414",29.762926,13.266485,53.213905,35.870537
"fig|214675.23.peg.4415",7.139448,13.032531,8.278386,39.315094
"fig|214675.23.peg.4416",6.121122,2.638234,14.190669,9.5938
"fig|214675.23.peg.4417",50.853725,13.796831,52.757538,30.243597
"fig|214675.23.peg.4418",4.476665,6.907728,8.761507,27.60111
"fig|214675.23.peg.4419",1.63167,2.214048,2.78778,8.172241
"fig|214675.23.peg.4420",1.129798,1.047446,1.806274,3.776226
"fig|214675.23.peg.4421",112.327545,7.18069,77.086075,14.147591
"fig|214675.23.peg.4422",18.67897,3.18893,30.053101,8.699403
"fig|214675.23.peg.4423",4.074779,1.934065,3.785288,4.115235
"fig|214675.23.peg.4424",14.421552,1.53505,10.598037,3.116082
"fig|214675.23.peg.4426",9.111879,2.508797,13.436069,9.345618
"fig|214675.23.peg.4427",1.177308,NA,1.830319,0.480588
"fig|214675.23.peg.4428",17.943291,1.439594,2.544696,2.070662
"fig|214675.23.peg.4429",460.821991,16.467592,133.456131,10.797334
"fig|214675.23.peg.4430",3.046164,1.749184,3.476855,2.068663
"fig|214675.23.peg.4431",31.238667,6.44247,15.255303,6.481
"fig|214675.23.peg.4432",3.467503,15.825303,59.642067,15.032121
"fig|214675.23.rna.43",3.617066,12.131635,6.856581,16.719997
"fig|214675.23.peg.4434",38.563847,81.487068,21.270779,100.31794
"fig|214675.23.peg.4435",120.680931,14.90578,147.869064,23.137096
"fig|214675.23.peg.4436",36.106163,3.894062,29.04192,10.733064
"fig|214675.23.peg.4437",8.958001,0.545252,2.55155,0.553298
"fig|214675.23.peg.4438",1.240056,0.499589,1.404003,NA
"fig|214675.23.peg.4439",2.259254,1.142404,0.965802,1.575452
"fig|214675.23.peg.4440",1.218339,0.572763,0.73704,0.576311
"fig|214675.23.peg.4441",4.37618,NA,1.463692,0.801145
"fig|214675.23.peg.4442",1.212773,0.458063,1.218183,0.578834
"fig|214675.23.peg.4447",0.684013,0.48017,0.890375,0.552275
"fig|214675.23.peg.4448",0.800922,NA,NA,0.505887
"fig|214675.23.peg.4449",1.397429,0.446171,1.069309,0.373365
"fig|214675.23.peg.4450",1.936481,NA,0.742758,NA
"fig|214675.23.peg.4452",1.013035,0.387386,NA,NA
"fig|214675.23.peg.4453",4.15451,5.161446,2.739442,3.975431
"fig|214675.23.peg.4454",3.440995,2.362716,1.393303,1.302942
"fig|214675.23.peg.4455",4.491051,0.72092,3.04502,0.823984
"fig|214675.23.peg.4456",4.511871,NA,2.668985,NA
"fig|214675.23.peg.4457",3.14952,NA,3.15239,0.378818
"fig|214675.23.peg.4459",3.778558,NA,3.872568,NA
"fig|214675.23.peg.4460",4.184038,NA,3.154977,0.447403
"fig|214675.23.peg.4461",0.843881,0.924163,0.736915,0.77093
"fig|214675.23.peg.4465",3.610395,0.578211,2.059739,0.573915
"fig|214675.23.peg.4466",782.614319,3.593864,317.385498,2.751792
"fig|214675.23.peg.4467",12.115432,5.507526,12.85288,6.48543
"fig|214675.23.peg.4468",1.652184,1.214347,0.807354,2.183358
"fig|214675.23.peg.4471",15.025814,1.778108,7.789664,2.16029
"fig|214675.23.peg.4472",47.355457,11.322354,11.563926,7.971289
"fig|214675.23.peg.4476",22.311625,2.521209,10.161473,2.153883
"fig|214675.23.peg.4477",5.355057,1.138492,4.040037,1.982313
"fig|214675.23.peg.4478",17.35183,5.092866,4.89691,2.753498
"fig|214675.23.peg.4479",35.637897,10.796944,66.085464,4.79468
"fig|214675.23.peg.4480",9.155876,4.240516,5.918064,4.403017
"fig|214675.23.peg.4481",89.388184,27.24539,23.772604,8.714369
"fig|214675.23.peg.4482",27.763138,8.39134,7.121937,6.104353
"fig|214675.23.peg.4483",38.036644,9.99787,7.398339,4.682467
"fig|214675.23.peg.4484",21.001373,6.722618,8.692139,4.458785
"fig|214675.23.peg.4485",71.656525,4.59266,49.377914,6.018181
"fig|214675.23.peg.4486",6.302906,1.212447,4.035536,2.237
"fig|214675.23.peg.4487",7.106616,2.714866,3.527116,1.998708
"fig|214675.23.peg.4488",9.847425,1.437382,11.122831,2.40416
"fig|214675.23.peg.4489",4.421467,NA,3.567503,0.954383
"fig|214675.23.peg.4490",17.772211,2.430439,14.209087,3.363214
"fig|214675.23.peg.4491",39.7985,2.918889,15.767824,1.638201
"fig|214675.23.peg.4492",6.866199,1.93718,2.852983,1.912932
"fig|214675.23.peg.4493",6.519145,1.167606,6.692338,1.815176
"fig|214675.23.peg.4495",79.57798,7.047862,60.086754,10.08949
"fig|214675.23.peg.4496",3.681236,1.145097,5.603985,2.175582
"fig|214675.23.peg.4497",24.857718,7.057033,15.281526,13.200679
"fig|214675.23.peg.4500",14.804043,126.988541,12.821408,101.848282
"fig|214675.23.peg.4501",1.112503,NA,1.066196,NA
"fig|214675.23.peg.4503",0.783147,NA,1.570623,NA
"fig|214675.23.peg.4504",35.59684,2.237958,22.856167,3.78705
"fig|214675.23.peg.4506",4.051477,2.757286,5.372109,8.098403
"fig|214675.23.peg.4507",15.653986,2.051703,22.905668,5.563876
"fig|214675.23.peg.4508",4.044748,1.456671,5.392217,4.433108
"fig|214675.23.peg.4509",11.715848,0.775158,24.854004,4.089282
"fig|214675.23.peg.4510",1.417137,0.359353,1.755622,1.543226
"fig|214675.23.peg.4512",61.909203,4.814958,38.586182,4.157546
"fig|214675.23.peg.4513",8.045566,4.5078,10.815122,14.169593
"fig|214675.23.peg.4515",5.604097,0.670172,5.991407,0.883189
"fig|214675.23.peg.4516",16.294788,1.767589,18.634426,5.239616
"fig|214675.23.peg.4517",1.573136,0.554682,2.510479,1.564703
"fig|214675.23.peg.4518",44.182888,6.191801,15.817504,6.721878
"fig|214675.23.peg.4519",4.605,12.951699,21.480429,42.308655
"fig|214675.23.peg.4520",36.604805,10.086198,39.502064,53.52343
"fig|214675.23.peg.4521",8.327613,3.506107,13.285458,13.460101
"fig|214675.23.peg.4522",27.625,4.965088,21.441135,12.243739
"fig|214675.23.peg.4524",20.768181,15.361459,9.092664,14.237131
"fig|214675.23.peg.4526",1.103239,NA,1.209388,1.478228
"fig|214675.23.rna.44",49.712795,67.908112,29.839638,64.821579
"fig|214675.23.rna.45",54.217377,162.431396,83.23774,186.743973
"fig|214675.23.peg.4527",31.334019,1.326937,41.740059,2.441977
"fig|214675.23.peg.4528",115.71524,12.043615,150.299164,30.197359
"fig|214675.23.peg.4529",55.585098,9.480723,24.559834,16.932037
"fig|214675.23.peg.4530",10.495322,5.822227,11.136906,11.745284
"fig|214675.23.peg.4532",175.746918,44.07373,55.576534,28.979128
"fig|214675.23.peg.4533",78.521439,17.591421,31.536835,16.340908
"fig|214675.23.peg.4534",2.512251,12.595154,1.935294,10.630464
"fig|214675.23.peg.4535",166.584763,18.240011,85.81311,19.009621
"fig|214675.23.peg.4536",33.947659,2.448149,24.116846,3.817385
"fig|214675.23.peg.4537",157.869965,7.516624,86.685165,12.180754
"fig|214675.23.peg.4538",26.68775,4.231895,NA,6.997003
"fig|214675.23.peg.4540",1.226626,2.353763,1.115228,4.205766
"fig|214675.23.peg.4541",209.662216,31.409401,59.535004,13.731609
"fig|214675.23.peg.4543",12.43709,0.545383,7.798597,0.515945
"fig|214675.23.peg.4546",4.733843,1.446455,3.933709,2.255113
"fig|214675.23.peg.4547",7.34556,0.856594,5.53105,0.763316
"fig|214675.23.peg.4548",4.469594,1.113035,2.951285,1.730224
"fig|214675.23.peg.4549",2.156305,1.208012,1.372902,2.058352
"fig|214675.23.peg.4550",29.256723,2.482305,10.808416,1.735987
"fig|214675.23.peg.4552",6.292124,1.824338,3.937612,1.641825
"fig|214675.23.peg.4553",3.042589,1.032096,2.735437,1.42388
"fig|214675.23.peg.4554",36.410194,0.978903,25.686897,1.940564
"fig|214675.23.peg.4555",3.720772,0.351266,2.280791,1.2023
"fig|214675.23.peg.4556",77.806503,2.943145,15.440952,2.391407
"fig|214675.23.peg.4557",35.953362,2.805176,11.123769,2.965084
"fig|214675.23.peg.4558",4.274807,4.897517,7.193581,1.541355
"fig|214675.23.peg.4559",5.513492,0.36908,3.089231,NA
"fig|214675.23.peg.4560",3.404188,0.757062,1.924018,0.562189
"fig|214675.23.peg.4562",22.622921,NA,19.27198,0.692012
"fig|214675.23.peg.4563",21.795811,15.056515,8.517008,14.502248
"fig|214675.23.peg.4564",56.511318,9.171069,27.413948,6.516157
"fig|214675.23.peg.4565",6.157946,1.96362,1.68877,1.83552
"fig|214675.23.peg.4566",1.315035,NA,0.792502,NA
"fig|214675.23.peg.4567",4.761962,0.998692,3.155537,0.955047
"fig|214675.23.peg.4568",124.00174,4.170286,41.273438,4.425419
"fig|214675.23.peg.4570",231.680099,26.885054,90.697632,36.804989
"fig|214675.23.peg.4571",67.32901,25.920219,51.360638,32.580799
"fig|214675.23.peg.4572",21.624168,10.689469,15.495692,10.800762
"fig|214675.23.peg.4574",4.350495,0.912409,4.747909,1.728241
"fig|214675.23.peg.4575",14.426376,3.999101,5.163564,3.035895
"fig|214675.23.peg.4576",1.140611,0.722062,1.127972,NA
"fig|214675.23.peg.4577",15.800182,2.439767,6.552503,2.732069
"fig|214675.23.peg.4579",366.175842,55.379257,102.72139,36.10915
"fig|214675.23.peg.4580",46.831989,10.216159,26.066404,20.516661
"fig|214675.23.peg.4581",23.096582,7.935562,14.767055,10.770907
"fig|214675.23.peg.4583",0.885454,0.627929,1.071979,0.518875
"fig|214675.23.peg.4584",2.779217,NA,4.194729,0.424888
"fig|214675.23.peg.4585",12.645691,0.606062,10.573421,1.0854
"fig|214675.23.peg.4587",28.05427,1.823141,18.002188,2.211164
"fig|214675.23.peg.4589",19.523748,NA,19.593657,1.931609
"fig|214675.23.peg.4590",10.718448,1.802192,17.329182,3.501458
"fig|214675.23.peg.4591",4.762313,9.163091,1.835193,10.338919
"fig|214675.23.peg.4592",140.483795,160.496078,13.54303,65.182014
"fig|214675.23.peg.4594",506.436523,64.960953,206.824234,73.248184
"fig|214675.23.rna.46",21452.722656,77.057701,13643.033203,95.436958
"fig|214675.23.peg.4595",6.660292,1.733151,4.204259,3.140827
"fig|214675.23.peg.4596",187.288055,9.757484,68.674217,10.32635
"fig|214675.23.peg.4597",45.312489,7.055841,19.407104,5.845012
"fig|214675.23.peg.4598",119.47892,20.604458,28.727041,11.000793
"fig|214675.23.peg.4599",2.047678,1.491467,1.40775,1.515676
"fig|214675.23.peg.4600",10.737385,1.930667,9.663187,4.996801
"fig|214675.23.peg.4601",7.562933,0.804638,9.527551,1.79941
"fig|214675.23.peg.4602",14.531081,2.056908,8.418051,3.058024
"fig|214675.23.peg.4605",330.374146,38.092091,286.73584,97.243881
"fig|214675.23.peg.4606",5.424794,1.235741,9.609233,1.828593
"fig|214675.23.peg.4607",1.60614,NA,1.437353,0.72261
"fig|214675.23.peg.4608",192.810196,99.537643,72.895462,78.140854
"fig|214675.23.peg.4609",271.5448,79.535614,84.387337,77.267845
"fig|214675.23.peg.4610",177.103149,104.269859,68.908737,76.603951
"fig|214675.23.peg.4611",1.082344,0.749349,2.738001,1.261912
"fig|214675.23.peg.4612",7.095953,1.83337,6.431429,4.173548
"fig|214675.23.peg.4613",6.112172,1.107265,5.041081,1.89873
"fig|214675.23.peg.4614",8.384651,3.52491,5.389508,6.70536
"fig|214675.23.peg.4618",75.77449,12.241895,62.835224,17.437555
"fig|214675.23.peg.4619",9.968782,7.301898,11.382258,14.391414
"fig|214675.23.peg.4620",119.634972,12.828815,107.168015,29.57925
"fig|214675.23.peg.4621",24.475836,4.840289,21.363216,9.619218
"fig|214675.23.peg.4622",28.330141,7.330637,16.87751,9.498404
"fig|214675.23.peg.4623",0.804359,0.424478,NA,0.494417
"fig|214675.23.peg.4624",0.822222,0.589382,NA,0.423904
"fig|214675.23.peg.4625",253.302109,200.826691,88.808655,229.786942
"fig|214675.23.peg.4626",45.853832,52.248821,28.882883,61.347935
"fig|214675.23.peg.4627",4.439144,2.181608,7.828027,4.747997
"fig|214675.23.peg.4628",2.045843,1.146038,3.821281,3.337858
"fig|214675.23.peg.4629",165.18277,10.989294,134.087311,22.150537
"fig|214675.23.peg.4630",25.311798,0.555748,4.87583,0.861769
"fig|214675.23.peg.4631",4.323222,3.429106,2.040503,4.045952
"fig|214675.23.peg.4632",17.607134,1.033631,10.587499,1.58143
"fig|214675.23.peg.4634",2.043399,NA,1.745646,0.807029
"fig|214675.23.peg.4635",12.175052,4.330564,14.35484,9.134157
"fig|214675.23.peg.4636",6.085076,NA,8.32128,0.582072
"fig|214675.23.peg.4637",131.165939,3.818312,59.291012,5.023457
"fig|214675.23.peg.4638",43.292439,3.828707,23.426567,4.145832
"fig|214675.23.peg.4639",111.894592,10.977547,81.935287,11.981277
"fig|214675.23.peg.4640",1.755152,NA,0.888173,NA
"fig|214675.23.peg.4641",7.638324,0.537709,9.883077,1.595749
"fig|214675.23.peg.4642",4.010464,6.457576,55.11113,12.883848
"fig|214675.23.peg.4643",0.911704,NA,0.962339,NA
"fig|214675.23.peg.4645",2.611552,NA,1.905004,NA
"fig|214675.23.peg.4646",13.62074,7.318461,2.63654,4.123978
"fig|214675.23.peg.4647",1.796716,2.682005,0.803961,1.607916
"fig|214675.23.peg.4648",16.81842,2.211715,6.054581,2.600421
"fig|214675.23.peg.4649",0.729363,NA,NA,0.656806
"fig|214675.23.peg.4651",0.670371,NA,NA,3.17711
"fig|214675.23.peg.4652",38.163418,1.947656,3.804762,6.020184
"fig|214675.23.peg.4653",280.116821,120.814064,84.470749,120.078842
"fig|214675.23.rna.47",288.542847,66.780228,185.259094,73.268364
"fig|214675.23.peg.4654",27320.628906,184151.46875,78121.320312,157937.046875
"fig|214675.23.peg.4655",4069.645508,13313.049805,3281.091309,17235.865234
"fig|214675.23.peg.4656",3519.918945,97.026512,954.446533,12814.259766
"fig|214675.23.peg.4657",36.883862,10.843508,25.720089,20.083672
"fig|214675.23.peg.4658",18.596544,8.711223,22.408905,18.173082
"fig|214675.23.peg.4659",51.343559,5.09913,30.301285,9.631423
"fig|214675.23.peg.4660",3.874742,18.691498,3.475395,29.440975
"fig|214675.23.peg.4661",411.002563,33.356339,390.378784,57.366005
"fig|214675.23.peg.4662",219.478699,22.523483,188.067841,53.243923
"fig|214675.23.peg.4663",334.143707,39.670307,264.280029,72.607147
"fig|214675.23.peg.4664",52.921032,24.002897,46.046677,44.493767
"fig|214675.23.peg.4665",278.67569,83.418495,171.953491,157.669144
"fig|214675.23.peg.4666",11510.700195,106.067245,10670.142578,180.500977
"fig|214675.23.peg.4667",1062.389771,8.656282,1027.032349,16.187487
"fig|214675.23.peg.4668",0.670858,NA,1.015574,1.376928
"fig|214675.23.peg.4669",5.924015,1.315758,14.866341,4.012791
"fig|214675.23.peg.4670",1.336949,0.555268,5.027315,2.116814
"fig|214675.23.peg.4671",3.332887,0.642777,4.819516,2.100106
"fig|214675.23.peg.4672",2.352225,8.852324,2.983671,13.777284
"fig|214675.23.peg.4673",164.737106,10.174764,109.140297,21.186972
"fig|214675.23.peg.4674",19.462761,12.804379,9.326612,9.631388
"fig|214675.23.peg.4675",1.680007,3.602139,2.087985,4.4065
"fig|214675.23.peg.4676",1.461847,0.953512,1.457214,1.550146
"fig|214675.23.peg.4677",19.80825,5.430105,18.460045,11.873672
"fig|214675.23.peg.4678",7.954035,5.507582,6.019711,10.571388
"fig|214675.23.peg.4679",40.268665,15.68859,34.923439,14.962569
"fig|214675.23.peg.4680",4.903016,2.01945,18.636816,3.872475
"fig|214675.23.peg.4681",10.291786,NA,6.93083,NA
"fig|214675.23.peg.4682",42.801708,19.690956,27.952759,NA
"fig|214675.23.peg.4683",27.513441,4.3576,9.776243,4.669073
"fig|214675.23.peg.4684",0.850711,0.614739,NA,0.539651
"fig|214675.23.peg.4686",12.310933,6.699616,10.177995,10.122716
"fig|214675.23.peg.4689",9.043981,1.028041,5.599875,1.166203
"fig|214675.23.peg.4690",520.288086,68.446404,207.569489,58.014351
"fig|214675.23.peg.4691",2.148884,NA,1.599973,NA
"fig|214675.23.peg.4692",6.886941,8.893456,1.184533,9.723716
"fig|214675.23.peg.4693",0.896688,1.492998,NA,0.774699
"fig|214675.23.peg.4694",30.665163,2.366578,20.081881,4.464807
