"","MDS1","MDS2"
"temp29_1",-0.0102925555485403,-0.00225784952552118
"temp29_2",-0.015979574297893,-0.00563188784998914
"temp29_3",-0.00820951252856285,0.00144866356021209
"temp29_4",-0.00581355678866961,-0.00103816797656836
"temp29_5",-0.00220207482192897,0.00251382445502247
"temp29_6",-0.0132147464217519,-0.00321068654165413
"temp29_7",-0.00121733158926623,0.00514331918009332
"temp29_8",-0.00511621218254932,-0.0045873584629137
"temp29_9",-0.0107228627730517,-0.00142599938830385
"temp29_10",-0.00743448906273846,-0.001079551264759
"temp29_11",-0.0106211481220965,-0.000153542463635004
"temp29_12",-0.00633689078303335,0.00431455200288352
"temp29_13",-0.00186421161618142,0.00693921059387805
"temp29_14",-0.00723502234126346,0.00374839222069457
"temp29_15",-0.00370516476121898,0.00314699456078254
"temp29_16",-0.00772278794620411,0.00445138696997957
"temp29_17",-0.00534822656208676,0.00593828099422074
"temp29_18",-0.0119557948354853,-0.00163212436596241
"temp29_19",-0.013152646958407,-0.00259840727116346
"temp29_20",-0.0133415425741869,-0.00366193426016432
"temp29_21",-0.0118974863826898,-0.00107587929825085
"temp29_22",-0.00938146612562124,0.000693387907546038
"temp29_23",-0.00967805968947912,-0.00121935638640085
"temp29_24",-0.0100307209316129,-0.00503208562557411
"temp29_25",-0.0138542852049819,-0.0052257034443823
"temp29_26",-0.00291303652080028,0.00167443719903361
"temp29_27",-0.00675879252811593,-0.00108218826795064
"temp29_28",-0.0080910427017744,-0.00108119031194612
"temp29_29",-0.0145056062812887,-0.00234975802717084
"temp29_30",-0.000875488374723333,0.00611163677063214
"temp29_31",-0.00431841010213522,-0.00517403405203661
"temp29_32",-0.00738934815121799,0.00396163619053022
"temp29_33",-0.00486465822059839,0.00676284790592796
"temp29_34",-0.00347291679828659,0.0059704014879593
"temp29_35",-0.00455189015651671,0.00618924650610676
"temp29_36",-0.00522850471932991,0.00765808842369664
"temp29_37",-0.00502389530577861,0.00646439874549714
"temp29_38",-0.00586130119506335,0.00512717887159817
"temp29_39",-0.00145278490707878,0.00589569461469769
"temp29_40",-0.00493588959835804,0.00668198428072855
"temp29_41",-0.00395817440624071,0.00613025969380263
"temp29_42",-0.00227643483505369,0.00726339619973667
"temp29_43",-0.00158144238654722,0.00720851656284263
"temp29_44",-0.00431341840409379,0.00770255399900724
"temp29_45",-0.00733595567983778,0.00240251296874741
"temp29_46",-0.0053355964896377,-0.00160695834045768
"temp29_47",-0.00524342548727622,-0.000978483689373702
"temp29_48",-0.0133943104020525,-0.00390266292581943
"temp29_49",-0.0132806181141846,-0.0034237693551034
"temp29_50",-0.00510446547057332,-0.00422607333276287
"temp29_51",-0.00256335363938166,0.00207995149348602
"temp29_52",-0.00430392070541518,-0.000152209120974144
"temp29_53",-0.00522112857209844,-0.00565364456111162
"temp29_54",-0.00514313766162673,-0.00493259902605153
"temp29_55",-0.00508181118976644,-0.00355611104165347
"temp29_56",-0.00160488592514746,0.00410375235482621
"temp29_57",-0.00321695209453308,0.00131671090157684
"temp29_58",-0.00506520070333826,0.0063838853598019
"temp29_59",-0.00769836762935563,0.00186202154440991
"temp29_60",-0.00498550407461014,0.00653428283603604
"temp29_61",-0.0138717612592595,-0.0020373139881795
"temp29_62",-0.00726327089671439,-0.00236292576034865
"temp29_63",-0.00842279388570621,-0.0023338639992111
"temp29_64",-0.011371644262295,-0.000696881021346473
"temp29_65",-0.0136622066813304,-0.0047568499117283
"temp29_66",-0.00392790643804182,0.000395838525663304
"temp29_67",-0.00845572112046519,-0.00108838360951245
"temp29_68",-0.00999986014086646,-0.00128342232089122
"temp29_69",-0.00658526218420546,0.00385911004850788
"temp29_70",-0.0126965945258893,-0.00162256959533
"temp29_71",-0.0151580613227524,-0.00261309611819349
"temp29_72",-0.00204449600393149,0.00281128325395045
"temp29_73",-0.00610005688519928,-0.00105919835060492
"temp29_74",-0.00549745937523451,-0.00647697465480141
"temp29_75",-0.00759384444910515,-0.0055119212765046
"temp29_76",-0.00553857727390562,-0.00100613578959202
"temp29_77",-0.00460996320869669,0.00720499056270187
"temp29_78",-0.00610315486726952,0.00472196428215345
"temp29_79",-0.00423465030472889,0.00618420035957612
"temp29_80",-0.005096620193412,0.00733891496695873
"temp29_81",-0.00480937518815653,0.00630300333448539
"temp29_82",-0.00369788484370049,0.00608698130033019
"temp29_83",-0.00515512807851894,0.00759280721541939
"temp29_84",-0.00559855012927223,0.00556073043786417
"temp29_85",-0.00495328395247814,0.00675619994973466
"temp29_86",-0.00510500763444644,-0.00125235904085242
"temp29_87",-0.0138467222442958,-0.00217793565223117
"temp29_88",-0.00885654074380919,-0.00111572478113466
"temp29_89",-0.0110284600936939,-0.00148786529431722
"temp29_90",-0.0116407667650446,-0.00158175099843928
"temp29_91",-0.00653423119567029,-0.00107202219213874
"temp29_92",-0.00783257436485751,-0.00107934791197289
"temp29_93",-0.0100048120941979,0.000292921372379072
"temp29_94",-0.0104549241835658,-0.00137224792576161
"temp29_95",-0.00500758740286098,-0.00225588361576631
"temp29_96",-0.00236063259930034,0.00229480554550676
"temp29_97",-0.00507355893410126,-0.00335000905273013
"temp29_98",-0.00483234000210224,-0.000997587450803914
"temp29_99",-0.00877464008579455,0.0010723342690386
"temp29_100",-0.0139085794314791,-0.00535793286992523
"temp29_101",-0.00556665586321747,-0.00197993347221701
"temp29_102",-0.00709654167720987,0.0028731642629319
"temp29_103",-0.0131809799817495,-0.00220334615933575
"temp29_104",-0.0137986152563226,-0.00510096230820751
"temp29_105",-0.00700880154150959,-0.00108467201074315
"temp29_106",-0.00505625500052003,-0.00300983530930639
"temp29_107",-0.00934730350222477,-0.00117970603023496
"temp29_108",-0.0133663911528513,-0.00378125887810629
"temp29_109",-0.0133122840678755,-0.0035383283178024
"temp29_110",-0.0133683839550464,-0.00555270145269751
"temp29_111",-0.0134841416473675,-0.00421438447936161
"temp29_112",-0.00492699110715359,-0.00148947290009677
"temp29_113",-0.00414509620236667,8.55946879504542e-05
"temp29_114",-0.00340686723314515,0.00108553623570302
"temp29_115",-0.010662422374854,-0.00511311971024634
"temp29_116",-0.00907959418003002,0.000885906992448759
"temp29_117",-0.00449954661111317,-0.000434897754484861
"temp29_118",-0.00938387804825051,-0.00504387430482657
"temp29_119",-0.0119534590386397,-0.00539399550644066
"temp29_120",-0.0014233259656184,0.00459945794861185
"temp29_121",-0.00175025270805746,0.00362664882251935
"temp29_122",-0.00350190312171212,0.00313723888742383
"temp29_123",-0.00682311738496247,0.00333749685051462
"temp29_124",-0.000724937807004582,0.00661444339929085
"temp29_125",-0.00305346899747731,0.00150956345454944
"temp29_126",-0.00308797044066147,0.00523470198707006
"temp29_127",-0.00753708199500916,0.00204998515318775
"temp29_128",-0.0123089840076646,-0.00171910249181934
"temp29_129",-0.0131657673943685,-0.00301038159958768
"temp29_130",-0.013138226837732,-0.00281723142959564
"temp29_131",-0.0147895276484549,-0.00259074077682655
"temp29_132",-0.0123539726190509,-0.00221376512982727
"temp29_133",-0.00613566948099683,-0.00234484469295199
"temp29_134",-0.00468477566861958,-0.000688434478251186
"temp29_135",-0.0072825168323585,-0.00107838903898249
"temp29_136",-0.00789906251861346,0.00168471229540654
"temp29_137",-0.0131640477590211,-0.00242111793715144
"temp29_138",-0.00378059724432033,0.000597458666164419
"temp29_139",-0.0136945588646412,-0.00484505179841551
"temp29_140",-0.0136289734210573,-0.00467288810442763
"temp29_141",-0.00862407432401923,-0.00109943191624062
"temp29_142",-0.00538930571014862,-0.00099299295593321
"temp29_143",-0.00670580175382665,0.0036324642425145
"temp29_144",-0.00595486743883446,-0.00105240833897174
"temp29_145",-0.00828148636499479,-0.00108247085627004
"temp29_146",-0.00646751068471181,0.00407781677373826
"temp29_147",-0.0154926132584231,-0.00275546438327405
"temp29_148",-0.00166190756398949,0.00392603800486761
"temp29_149",-0.00197532963606725,0.00296428815517111
"temp29_150",-0.00815267015490039,-0.00534665519226528
"temp29_151",-0.0135254099633628,-0.00209681477920106
"temp29_152",-0.0035267355932799,0.000934830644735074
"temp29_153",-0.0136675227846579,-0.00191601779722479
"temp29_154",-0.00618720095335877,-0.00773539590016831
"temp29_155",-0.00610339986056754,-0.00748262105645522
"temp29_156",-0.00602437266502781,-0.00724319784834233
"temp29_157",-0.00567705749750451,-0.00359775823369606
"temp29_158",-0.0157708131434433,-0.0044174831822733
"temp29_159",-0.00184580823820813,0.00331018102783491
"temp29_160",-0.00567261148650199,-0.00101971964666923
"temp29_161",-0.00447676522489177,0.00743010698898493
"temp29_162",-0.00573237060725657,0.00534591681199633
"temp29_163",-0.00166765423623049,0.00583374917415322
"temp29_164",-0.00621980591199111,0.00452206787126039
"temp29_165",-0.00474345023562216,0.00697982058819663
"temp29_166",-0.00151434240227425,0.00436268090670364
"temp29_167",-0.00598367131885203,0.00492406222370304
"temp29_168",-0.00511109920606761,0.00740231873879298
"temp29_169",-0.00410041917210197,0.00615874678032345
"temp29_170",-0.00495584151355219,0.00633195795387291
"temp29_171",-0.005470984245181,0.0057556928444606
"temp29_172",-0.0141824010898727,-0.00225284210923291
"temp29_173",-0.0159396719796139,-0.00538619862465234
"temp29_174",-0.0119346667873583,-0.00224553663032549
"temp29_175",-0.0140294303312194,-0.00213822550273629
"temp29_176",-0.0145689451491391,-0.00246487200329926
"temp29_177",-0.00103782528485013,0.0056211772281444
"temp29_178",-0.00742615713187633,0.0040162763572293
"temp29_179",-0.00395117292769472,0.00315979215095472
"temp29_180",-0.00403443466485944,0.000243456993896367
"temp29_181",-0.00693505627599844,0.00344539603025155
"temp29_182",-0.0148187608164045,-0.00248328422079477
"temp29_183",-0.0117900861362833,-0.00160539390095863
"temp29_184",-0.00898315173222764,-0.00113108829361024
"temp29_185",-0.0101329541058679,-0.00131309433802559
"temp29_186",-0.0049886634404269,0.00654486057570476
"temp29_187",-0.00968949170524194,0.000495893463963392
"temp29_188",-0.00664837914119258,-0.00107990871797521
"temp29_189",-0.00179922222763329,0.00346826435423843
"temp29_190",-0.00509744000416712,-0.000966697382615432
"temp29_191",-0.00796099349167014,-0.00107898579826406
"temp29_192",-0.00848089223039878,0.00126467538156928
"temp29_193",-0.0105886179086415,-0.00139752391395617
"temp29_194",-0.0129779835436272,-0.00190881710161533
"temp29_195",-0.0103207241019824,-0.00134441839556791
"temp29_196",-0.00502295252115046,-0.00233892957329362
"temp29_197",-0.00507756988212307,-0.0034528255460183
"temp29_198",-0.0124505887230325,-0.0017531311748151
"temp29_199",-0.00064716837665097,0.00687220896417898
"temp29_200",-0.00132106063204308,0.00486999288182001
"temp29_201",-0.00209565819531304,0.00270440310690905
"temp29_202",-0.00785425448218189,0.00467709271764826
"temp29_203",-0.00805981479968772,0.00155943788924564
"temp29_204",-0.00328303093449049,0.00313185300645597
"temp29_205",-0.00544965478250401,-0.00179134334012161
"temp29_206",-0.00625183245671016,-0.00106171441382916
"temp29_207",-0.00498583464035969,-0.00108724727655267
"temp29_208",-0.0131742484539597,-0.00226118354924957
"temp29_209",-0.00509183354035124,-0.00377123480322268
"temp29_210",-0.00505958494350141,-0.00276420960511479
"temp29_211",-0.0109047650844558,-0.00145696534727276
"temp29_212",-0.00509828396552032,-0.00399826380947171
"temp29_213",-0.000947846592499284,0.00586394995598698
"temp29_214",-0.0144282920373283,-0.00238376094364721
"temp29_215",-0.00440026646748056,-0.00028948261746785
"temp29_216",-0.0048347250452673,-0.000975161975066077
"temp29_217",-0.0131884247845497,-0.00215300397360987
"temp29_218",-0.00331319001746556,0.00120263804525658
"temp29_219",-0.00697131138785071,0.00311873907695735
"temp29_220",-0.0051085559168946,-0.00432499906703414
"temp29_221",-0.00721652653021634,0.00263333530891627
"temp29_222",-0.00643387166490936,-0.00106854187472606
"temp29_223",-0.00246202945305517,0.00218830866158241
"temp29_224",-0.0121231304942768,-0.00166984524398388
"temp29_225",-0.00687884437389153,-0.00108582892878246
"temp29_226",-0.0123148260336588,-0.00136549711823043
"temp29_227",-0.0135966170545203,-0.00458687584057575
"temp29_228",-0.0131997601244518,-0.00315422103887396
"temp29_229",-0.0131599739923941,-0.00248077472383489
"temp29_230",-0.0138836705038071,-0.00529948834453338
"temp29_231",-0.00512039043456352,-0.00468174124334728
"temp29_232",-0.0094514572168517,-0.00118986121151874
"temp29_233",-0.0133793759562955,-0.00384302244348756
"temp29_234",-0.0133276920810889,-0.00359931759921235
"temp29_235",-0.0133541007823829,-0.00372365419696416
"temp29_236",-0.0132972879664425,-0.0034781444180713
"temp29_237",-0.0130100231898085,-0.00552202266521074
"temp29_238",-0.0103436765322927,-0.0050639398273301
"temp29_239",-0.0130628804679138,-0.0018889087923378
"temp29_240",-0.0131477661384551,-0.00266010662327031
"temp29_241",-0.00718018225026142,-0.00108096955818422
"temp29_242",-0.0052367599507192,-0.00145004661316762
"temp29_243",-0.00772609539438154,-0.00107948913001283
"temp29_244",-0.0113501993383518,-0.00154652183991544
"temp29_245",-0.0102152342829664,0.000151098038257094
"temp29_246",-0.0132305979129346,-0.00326406910340109
"temp29_247",-0.0137676046654717,-0.00502677969249617
"temp29_248",-0.00872494406411274,-0.00110837704000747
"temp29_249",-0.00515245327705686,-0.00502354486517171
"temp29_250",-0.00279756523819099,0.00181262109339915
"temp29_251",-0.0052086314779421,-0.00556489920538767
"temp29_252",-0.00518773352902071,-0.00538145492747447
"temp29_253",-0.00513270011062868,-0.0048506297668195
"temp29_254",-0.00485653087119123,-0.000935263731524356
"temp29_255",-0.00477812260260967,-0.000816493570523833
"temp29_256",-0.011613048958937,-0.000881003006273873
"temp29_257",-0.0075522026119794,-0.00107905139586825
"temp29_258",-0.0131405402690733,-0.00275356079502402
"temp29_259",-0.0128154494764418,-0.00185795566291485
"temp29_260",-0.00818589140230375,-0.00108374794195442
"temp29_261",-0.0134344144355526,-0.0040519860000953
"temp29_262",-0.00484232967597195,-0.00123457595495948
"temp29_263",-0.00922652171898452,-0.00116821897000278
"temp29_264",-0.00690831738803944,0.0032432162647927
"temp29_265",-0.00458754857826117,-0.000562921141242038
"temp29_266",-0.000801941902972676,0.00636023066903794
"temp29_267",-0.00312488315513953,0.00142532164040162
"temp29_268",-0.00225450888151805,0.00639120025520675
"temp29_269",-0.0098579388909768,0.000384622709122618
"temp29_270",-0.0074743764231446,0.00215017772583287
"temp29_271",-0.00761192624556344,0.00195122738651487
"temp29_272",-0.00568083125383163,-0.00218089565298853
"temp29_273",-0.0139288571926328,-0.00540673138948698
"temp29_274",-0.0131548599802717,-0.00296283109867257
"temp29_275",-0.0131404077834888,-0.00286346861225306
"temp29_276",-0.0108134760904211,-0.00144221519634884
"temp29_277",-0.0156393271599136,-0.00284171811581211
"temp29_278",-0.014343950998695,-0.00229981453175601
"temp29_279",-0.0133706744295043,-0.00205898061998676
"temp29_280",-0.014014619060403,-0.00222012399434631
"temp29_281",-0.0104195553424557,2.93021002389535e-06
"temp29_282",-0.00666969341523403,-0.00234305163371453
"temp29_283",-0.00924106335488602,-0.0022723632444252
"temp29_284",-0.00099351936363153,0.00574125095168224
"temp29_285",-0.00727015551012601,0.00252737916429392
"temp29_286",-0.00402601637633809,0.00316861921416406
"temp29_287",-0.00385499458824414,0.000497003263397224
"temp29_288",-0.00303229596653494,0.00315788825334977
"temp29_289",-0.00371244070338349,0.000689962250391477
"temp29_290",-0.0149845523007483,-0.00254660111448162
"temp29_291",-0.0131667212963301,-0.00237652751687754
"temp29_292",-0.00505853265215635,-0.00309272510626697
"temp29_293",-0.0136448632717486,-0.00471561937473887
"temp29_294",-0.0146624268577741,-0.002414214756499
"temp29_295",-0.00214413134218823,0.00725461573472226
"temp29_296",-0.0136826358119692,-0.00214203153756695
"temp29_297",-0.0120324960135685,-0.00116480695440657
"temp29_298",-0.00853965072267558,-0.00109390408767082
"temp29_299",-0.0131755659889001,-0.00305514286717177
"temp29_300",-0.00546446421437321,-0.00100056743557874
"temp29_301",-0.00664637747896728,0.00374441889105817
"temp29_302",-0.00676731131565626,0.00351695276551898
"temp29_303",-0.00178180453700141,0.00723037965331099
"temp29_304",-0.00169456243765805,0.00382015124895597
"temp29_305",-0.00523572841221798,0.00769292332153548
"temp29_306",-0.00305406249041784,0.00589255226703611
"temp29_307",-0.00469699634993086,-0.0057284915274948
"temp29_308",-0.00640649132868396,0.00418812132797124
"temp29_309",-0.00831315645745505,0.00137896790051061
"temp29_310",-0.00588250648709164,-0.00104588468673125
"temp29_311",-0.00617533739391905,-0.0010609342250916
"temp29_312",-0.00704540258615517,0.00297440039570439
"temp29_313",-0.00560630407171643,-0.00100955529866781
"temp29_314",-0.00781402586461718,0.00175571224427632
"temp29_315",-0.0153294847279865,-0.00267716258413559
"temp29_316",-0.00108024878498276,0.00550705320436255
"temp29_317",-0.00957241705151243,0.000572504564245136
"temp29_318",-0.00101068589327365,0.00590665225069726
"temp29_319",-0.00576375159470878,-0.00719357903676955
"temp29_320",-0.0162463295276846,-0.00667780991542197
"temp29_321",-0.00599610442277091,-0.00714408675634285
"temp29_322",-0.0114813374072123,-0.00225406770029375
"temp29_323",-0.00997694894875664,-0.00652139896537888
"temp29_324",-0.0108483335347242,-0.000323623783600564
"temp29_325",-0.0134716232383473,-0.00417165089294495
"temp29_326",-0.0110877954991298,-0.00048752815022504
"temp29_327",-0.0118718732735501,-0.00161959547413932
"temp29_328",-0.00858478285612598,0.00119150204132841
"temp29_329",-0.00116258086999321,0.00529034490882506
"temp29_330",-0.00411140640713537,-0.00484894020138516
"temp29_331",-0.00545654450924591,-0.00671804330765791
"temp29_332",-0.00573710112216393,-0.00632205037355364
"temp29_333",-0.00844245461073034,-0.00527603285845011
"temp29_334",-0.0134056778480187,-0.0039424303417861
"temp29_335",-0.0132693322662696,-0.0033860716835481
"temp29_336",-0.0137091378680903,-0.00488343794318212
"temp29_337",-0.00358835638454341,0.00085809053892686
"temp29_338",-0.000606619463438885,0.00702324439849978
"temp29_339",-0.00441850650262921,0.0075403748965029
"temp29_340",-0.00616116861857388,0.00462471790632689
"temp29_341",-0.00454151403231625,0.00731916100982647
"temp29_342",-0.00566457305701354,0.00545657169944363
"temp29_343",-0.00604353219218594,0.00482370463389651
"temp29_344",-0.00480419830156958,0.0068716751439747
"temp29_345",-0.00511942891286989,0.00743383742679483
"temp29_346",-0.00579673268034164,0.00523627186603816
"temp29_347",-0.00424694857056635,-6.6059120436633e-05
"temp29_348",-0.00592262160988827,0.0050249050112502
"temp29_349",-0.00528869802224544,0.00603293612780435
"temp29_350",-0.00732541846320872,0.00387042568039808
"temp29_351",-0.00235843118961922,0.00327545869709213
"temp29_352",-0.00676446143182016,0.00340853979278305
"temp29_353",-0.00746696862964297,0.00407363943340355
"temp29_354",-0.00717256365809991,0.00272174739753208
"temp29_355",-0.0079403957945888,0.00484315860830047
"temp29_356",-0.00543038546737266,0.003318234043735
"temp29_357",-0.00517131883217025,0.00329978091325535
"temp29_358",-0.00692148683953319,0.00343196089475897
"temp29_359",-0.00682512753329452,0.00333692826432408
"temp29_360",-0.00124801142210347,0.0050589264404196
"temp29_361",-0.0125767761012002,-0.00178966340767251
"temp29_362",-0.00398006117560246,0.000316584559872399
"temp29_363",-0.0122248076194213,-0.00169815043756027
"temp29_364",-0.00651860437346502,0.00398348799296966
"temp29_365",-0.0130857781626303,-0.00195235916799735
"temp29_366",-0.0117144815485054,-0.00159513757445263
"temp29_367",-0.0076454016101812,-0.00107916242454617
"temp29_368",-0.00974428438205464,-0.001229719356517
"temp29_369",-0.0100658083878521,-0.0012948303155404
"temp29_370",-0.00904565924389368,-0.00114217534724707
"temp29_371",-0.0049216427539209,0.00665455218805461
"temp29_372",-0.00504734013830383,0.00644883235872288
"temp29_373",-0.00541486075653757,0.0058393569997507
"temp29_374",-0.0018241101619543,0.00338849867648173
"temp29_375",-0.00450501814103297,-0.00546059005731668
"temp29_376",-0.00928277278022105,0.000756706920252859
"temp29_377",-0.00334059208830922,0.00313325391772385
"temp29_378",-0.00347316805859901,0.00100381613510633
"temp29_379",-0.00138621908384641,0.0058468457829586
"temp29_380",-0.00204636893067017,0.00583746779864657
"temp29_381",-0.00127141066867497,0.00586774088888788
"temp29_382",-0.000798283525765352,0.00713909256065181
"temp29_383",-0.00416471740907475,0.00826667403588566
"temp29_384",-0.0041835352865915,0.0084105941894802
"temp29_385",-0.00266873615688263,0.00195921289051349
"temp29_386",-0.00287603056985364,0.00587095670356333
"temp29_387",-0.00251222037255357,0.00213585664989643
"temp29_388",-0.00498863248220555,0.00328212058205491
"temp29_389",-0.00256377657690503,0.0032418370110585
"temp29_390",-0.00454683147577324,0.00322353059453748
"temp29_391",-0.00466947738401698,0.00710373073999537
"temp29_392",-0.00320072605404634,0.00598103864627443
"temp29_393",-0.00249207570421665,0.00590826994107202
"temp29_394",-0.00435633811117611,0.00620874370771323
"temp29_395",-0.00168947317102301,0.0058901089266207
"temp29_396",-0.00599692021310209,-0.00751824477615415
"temp29_397",-0.015914935041388,-0.00524012521928076
"temp29_398",-0.0161236443890965,-0.00622388980078327
"temp29_399",-0.0161036676745737,-0.00614662665403094
"temp29_400",-0.0083563165871356,-0.00234253877237459
"temp29_401",-0.00694121531889927,-0.00235287199542039
"temp29_402",-0.00720378521515618,-0.00236110674326374
"temp29_403",-0.00929036276542378,-0.00665908418302082
"temp29_404",-0.0159903940987401,-0.00569429541775287
"temp29_405",-0.000684272628915639,0.00674170774903322
"temp29_406",-0.00188883990873278,0.00590008089274333
"temp29_407",-0.00530988145193054,0.00819948117266234
"temp29_408",-0.00893686369988076,0.000975847355478737
"temp29_409",-0.00504464122337981,-0.000961884521340407
"temp29_410",-0.0020691286420927,0.00275809561571961
"temp29_411",-0.00573480261698454,-0.00228012257891706
"temp29_412",-0.00212359605108659,0.00265063981290074
"temp29_413",-0.00573442339272985,-0.00528751144396993
"temp29_414",-0.00163054558724041,0.00402604243900814
"temp29_415",-0.00504682345888146,-0.00116960105532182
"temp29_416",-0.00516289209903963,-0.00134125687126806
"temp29_417",-0.00550686814146766,-0.00188289298626155
"temp29_418",-0.00928826601427497,-0.00117256583905828
"temp29_419",-0.013172232934831,-0.00229337396463897
"temp29_420",-0.00509343534687133,-0.00382286373882509
"temp29_421",-0.00694138147592089,-0.00108679558728557
"temp29_422",-0.00505851048966611,-0.00280822864863397
"temp29_423",-0.0103920803820065,-0.0013579939595898
"temp29_424",-0.0131767246447827,-0.00223270630204488
"temp29_425",-0.00508887993731789,-0.00372068839504141
"temp29_426",-0.0109660217007413,-0.00147255873136139
"temp29_427",-0.0048205088771358,-0.00115256944522811
"temp29_428",-0.00509690218025738,-0.00394820106551749
"temp29_429",-0.0065993593462013,-0.00107778889379138
"temp29_430",-0.00916830148313922,-0.00116033424400089
"temp29_431",-0.00707228659485223,-0.00108308615979209
"temp29_432",-0.000909803960920867,0.00599308122558122
"temp29_433",-0.00444951164102076,-0.000358991637579445
"temp29_434",-0.00682498467232352,0.00333865408613214
"temp29_435",-0.0053131374996452,0.003309484885822
"temp29_436",-0.00787050107454776,0.00470919944249493
"temp29_437",-0.00471900943862081,0.00324725724737675
"temp29_438",-0.0112039637336053,-0.000576073345859302
"temp29_439",-0.00200968928079208,0.00523119625809464
"temp29_440",-0.00682798189203068,0.00337923477652935
"temp29_441",-0.00187643445790709,0.00321420933012713
"temp29_442",-0.00499897009241412,0.00672051560887091
"temp29_443",-0.00393492930066524,0.00606368560246366
"temp29_444",-0.00229140621568499,0.00238560805889479
"temp29_445",-0.00194081260582355,0.00572526333806537
"temp29_446",-0.00326414149071278,0.00126124579810826
"temp29_447",-0.00492427218278156,-0.00100742709961417
"temp29_448",-0.0131539398929936,-0.0025663583005282
"temp29_449",-0.0131846473184581,-0.0021769109420253
"temp29_450",-0.0136732099284295,-0.00478691398856448
"temp29_451",-0.00507548543473534,-0.003402423869732
"temp29_452",-0.0131926853182249,-0.0021301244427935
"temp29_453",-0.00201776771663759,0.00286983805289802
"temp29_454",-0.0128830652584108,-0.0018796832341251
"temp29_455",-0.00742414588052243,0.00223922844658618
"temp29_456",-0.0125121047858068,-0.00177101608053541
"temp29_457",-0.00629261922933164,0.00439333352787296
"temp29_458",-0.00343038447344218,0.0031349288891135
"temp29_459",-0.00775540521223797,0.00180818134372774
"temp29_460",-0.00238786354136609,0.00673643349948622
"temp29_461",-0.007405540226342,0.0039868445344585
"temp29_462",-0.00195648768072653,0.0055930303833655
"temp29_463",-0.00737412992133537,0.00394145545308301
"temp29_464",-0.00538666678689592,-0.00169102900235826
"temp29_465",-0.0124640591883222,-0.00147229578036982
"temp29_466",-0.0108325999080456,-0.000454484588957899
"temp29_467",-0.013606633020002,-0.00461543024702148
"temp29_468",-0.00494633524131654,-0.000949920766296412
"temp29_469",-0.00737374705081914,0.00233301067835417
"temp29_470",-0.012177190792244,-0.00126487240257202
"temp29_471",-0.0132066276963212,-0.00318075040258481
"temp29_472",-0.00482696375043964,-0.00103277705854829
"temp29_473",-0.0120638549383242,-0.00165560097242496
"temp29_474",-0.00489809508944927,-0.00134050316338082
"temp29_475",-0.00512380137779816,-0.004730177914565
"temp29_476",-0.00483078861351777,-0.001013289051655
"temp29_477",-0.0131621855780605,-0.00245088887123988
"temp29_478",-0.00501659554009887,-0.00230438606451866
"temp29_479",-0.00172075422096479,0.00372636878808272
"temp29_480",-0.00791161545061511,0.00478525958903143
"temp29_481",-0.00186708808890613,0.00614888131566497
"temp29_482",-0.00523609870821518,0.00330397266525348
"temp29_483",-0.00387354807458655,0.00315340731254618
"temp29_484",-0.0022455719419199,0.00329627441619247
"temp29_485",-0.0068253289411175,0.00334153184486515
"temp29_486",-0.0068243327588378,0.00333506104487366
"temp29_487",-0.00119100088253142,0.0052155586805824
"temp29_488",-0.00712085132212179,0.00362170295408845
"temp29_489",-0.00702655370366354,0.00352673605601624
"temp29_490",-0.00717740648087394,0.00368361070445841
"temp29_491",-0.00223085960928802,0.0024678505104301
"temp29_492",-0.00707292447263954,0.00357281074162371
"temp29_493",-0.00700295212462062,0.00350551519939144
"temp29_494",-0.00698153480496178,0.00348320773767568
"temp29_495",-0.00779967279700464,0.00507516123969836
"temp29_496",-0.0094610965386503,0.000644418753264676
"temp29_497",-0.00241255711143897,0.00865143524887838
"temp29_498",-0.0103197809019814,8.08342356996851e-05
"temp29_499",-0.00276975324971997,0.00558590711076894
"temp29_500",-0.0129778061343179,-0.00182659477661757
"temp29_501",-0.0133486591062755,-0.00369348359538979
"temp29_502",-0.0131916091379367,-0.00553497675953858
"temp29_503",-0.0105030862609296,-0.00508735730219522
"temp29_504",-0.0131415433924992,-0.00195640005816496
"temp29_505",-0.0132221809197506,-0.00323700523548282
"temp29_506",-0.0131470423927828,-0.0026878703876952
"temp29_507",-0.0071285422249263,-0.00108279997566241
"temp29_508",-0.0131503411214335,-0.00262773003441344
"temp29_509",-0.00723115872223948,-0.0010784615449533
"temp29_510",-0.00435037801585989,-0.000221670934744875
"temp29_511",-0.0133349124646213,-0.0036306166963137
"temp29_512",-0.00155996766331548,0.0042334717012636
"temp29_513",-0.00187456131664497,0.0037521520115966
"temp29_514",-0.0018218620417627,0.00357300933542569
"temp29_515",-0.00463343845353966,-0.000624251303623173
"temp29_516",-0.00499619750437063,0.0067056114048611
"temp29_517",-0.000790127203503544,0.00866038614946832
"temp29_518",-0.00500900421396623,0.00649015109540076
"temp29_519",-0.0053414273022136,0.00806446859548143
"temp29_520",-0.000798148573339044,0.00682174491019848
"temp29_521",-0.0109874805240212,-0.00041993925416384
"temp29_522",-0.00386148824181548,0.00564695038897385
"temp29_523",-0.00915463516876643,0.000837759098825184
"temp29_524",-0.00130532274213019,0.00881607758764016
"temp29_525",-0.0010819476710794,0.00887029161263383
"temp29_526",-0.00429903498671252,0.00613321131628866
"temp29_527",-0.00441821984255598,0.00615903269627512
"temp29_528",-0.00390643550813414,0.00857502053465101
"temp29_529",-0.00335384303987589,0.00594457194729566
"temp29_530",-0.00434742842733515,0.00855459175631293
"temp29_531",-0.00204984061993838,0.00869952365687287
"temp29_532",-0.00814327076443284,0.00149568037589449
"temp29_533",-0.00867559571743873,0.00112827153118071
"temp29_534",-0.00279572298895583,0.00320200924676035
"temp29_535",-0.00687277501424062,0.0033150425831218
"temp29_536",-0.00890534760332765,-0.00514060082302357
"temp29_537",-0.0135854051130715,-0.00455410843708526
"temp29_538",-0.0114988402149083,-0.00530209729397005
"temp29_539",-0.00950754045302114,-0.00119827414678435
"temp29_540",-0.0115048019754837,-0.000804507198811436
"temp29_541",-0.000840455523392731,0.00622828585802049
"temp29_542",-0.000632015273238511,0.00823202239996456
"temp29_543",-0.000748447759472456,0.00646854420183345
"temp29_544",-0.00456769795786295,0.00625479162793017
"temp29_545",-0.0012856132516216,0.00496374815817765
"temp29_546",-0.0052891746966974,-0.00153076037442838
"temp29_547",-0.0137432814601435,-0.00497092461291802
"temp29_548",-0.0127608892097438,-0.0018420176232558
"temp29_549",-0.0131427551482214,-0.00272630071443528
"temp29_550",-0.00892842530631864,-0.001124863429215
"temp29_551",-0.00419960769904092,6.13744592963873e-06
"temp29_552",-0.00993011683555083,0.000338848401836367
"temp29_553",-0.00798855032400442,0.00494718750513076
"temp29_554",-0.00561171820652023,-0.0020549484043779
"temp29_555",-0.00867135889536194,-0.00110316259069248
"temp29_556",-0.00823464624117444,-0.00108288945789009
"temp29_557",-0.0134414111287671,-0.00407700688877833
"temp29_558",-0.00295202415509221,0.001628323103715
"temp29_559",-0.0158929898029856,-0.00512601977160551
"temp29_560",-0.00560880146265344,-0.00263996465678798
"temp29_561",-0.00453933830259866,-0.000492099154366387
"temp29_562",-0.00574511966722022,-0.00102937627524561
"temp29_563",-0.0120092910635494,-0.00164157474577941
"temp29_564",-0.000766239442078458,0.00648729836460062
"temp29_565",-0.0105120602620427,-6.7081954006132e-05
"temp29_566",-0.00186509476080156,0.00371608458838958
"temp29_567",-0.00308883194122258,0.0014691669739713
"temp29_568",-0.00734769495115292,0.00390329427818936
"temp29_569",-0.00538968868806632,0.00331435731607878
"temp29_570",-0.00244714342098858,0.00326092190563794
"temp29_571",-0.00655145823703061,0.00392269266724952
"temp29_572",-0.00682779363177221,0.00336999451872902
"temp29_573",-0.00402703025180522,0.00554800001781781
"temp29_574",-0.00205464147216282,0.00667117269663607
"temp29_575",-0.00553405198286072,0.0052976383189073
"temp29_576",-0.00750599405616568,0.00209975924910774
"temp29_577",-0.00713505725980717,0.00279747111905266
"temp29_578",-0.00191366470791107,0.0031123789843426
"temp29_579",-0.00765441517420949,0.00190497074906611
"temp29_580",-0.00190769875162906,0.0033992359761481
"temp29_581",-0.00684805821917069,0.00336770549106422
"temp29_582",-0.0068345445436897,0.00335053913318017
"temp29_583",-0.00472977322049082,-0.000749462810258863
"temp29_584",-0.00797229152377783,0.00491103542972699
"temp29_585",-0.00700774814291227,0.00304825477646115
"temp29_586",-0.00172683963087344,0.00711397247572734
"temp29_587",-0.00683187116934954,0.00334475303355406
"temp29_588",-0.00178366674823011,0.00345907921494946
"temp29_589",-0.00226005268369855,0.00242664632896636
"temp29_590",-0.00214465170635602,0.00261299091405655
"temp29_591",-0.00977264709403502,0.000444158429850816
"temp29_592",-0.00324103107595648,0.00313194830901103
"temp29_593",-0.0157069758237993,-0.00289055378496261
"temp29_594",-0.014425147246861,-0.00232331425630415
"temp29_595",-0.0155715120645485,-0.00279765768474649
"temp29_596",-0.00516116368264221,-0.000973335652348465
"temp29_597",-0.0136197121614503,-0.00465342115151846
"temp29_598",-0.0121682325932395,-0.00168180656585881
"temp29_599",-0.0134466386405765,-0.00207963316939561
"temp29_600",-0.0147415666760227,-0.00245159210745535
"temp29_601",-0.0141012948524084,-0.00223257837614393
"temp29_602",-0.0142640365899585,-0.00227702630271356
"temp29_603",-0.0139172187697872,-0.00206680458378784
"temp29_604",-0.0134023722006344,-0.00178143965295362
"temp29_605",-0.0158837496587718,-0.00507439390790559
"temp29_606",-0.00749796879174323,-0.00236791435707288
"temp29_607",-0.00992790563861683,-0.00228057923664378
"temp29_608",-0.0139286180191509,-0.00219857960361298
"temp29_609",-0.014508900400124,-0.00243240732574499
"temp29_610",-0.0137658162037619,-0.00215655847545296
"temp29_611",-0.00688402173235577,-0.00235098237228683
"temp29_612",-0.011268472646279,-0.000621542880559405
"temp29_613",-0.0093888560499843,-0.00118384448910138
"temp29_614",-0.0136031798581608,-0.0021192240777608
"temp29_615",-0.00519429512959544,0.00619330554830807
"temp29_616",-0.00272816237985234,0.0065161512185913
"temp29_617",-0.00757241737319286,0.0019956144377294
"temp29_618",-0.00218195334231887,0.00331240077804933
"temp29_619",-0.0132950006769835,-0.00203732914164007
"temp29_620",-0.00301483212681748,0.00155463847536283
"temp29_621",-0.00729820752854338,0.00247400190780961
"temp29_622",-0.00995855958622874,-0.00127187328840263
"temp29_623",-0.0148987523009801,-0.00251782515058659
"temp29_624",-0.0123531558908495,-0.00173122913307072
"temp29_625",-0.00987607078278666,-0.00125530393546666
"temp29_626",-0.0131651357133355,-0.00240012612166067
"temp29_627",-0.00368011336546249,0.000735469963749773
"temp29_628",-0.00522375278674631,0.00763581818297949
"temp29_629",-0.00509143614757192,0.0063411195251799
"temp29_630",-0.00209805753842357,0.00725127377073233
"temp29_631",-0.00429859243885964,0.0088804648892953
"temp29_632",-0.0145835269084611,-0.00237921685417006
"temp29_633",-0.00601497866990051,-0.00105386319037863
"temp29_634",-0.00858171344209347,-0.00109521412203373
"temp29_635",-0.00849827414836869,-0.00109135632053554
"temp29_636",-0.0131811674375823,-0.00307569858929354
"temp29_637",-0.00147620901907835,0.00446493179670499
"temp29_638",-0.00202976650142508,0.00467525892872474
"temp29_639",-0.00202173815387916,0.00456874740200998
"temp29_640",-0.00140055875396554,0.00465995901390035
"temp29_641",-0.00611047443736632,0.00533860515150079
"temp29_642",-0.00661603711004715,0.00380055500729774
"temp29_643",-0.00773528536973947,0.00447047340403552
"temp29_644",-0.00550928411473155,0.00569514984083371
"temp29_645",-0.00673614944535362,0.0035737228384836
"temp29_646",-0.00758777887570162,0.00424584841125776
"temp29_647",-0.00701281557878297,0.00351387916061135
"temp29_648",-0.00182611594582135,0.00723371427417114
"temp29_649",-0.0041518911651176,0.00806747807674638
"temp29_650",-0.00693919613640193,0.00318259386687065
"temp29_651",-0.00411674960995681,0.00317758630046978
"temp29_652",-0.00840442375203465,0.00131572425637526
"temp29_653",-0.00525736009546501,0.00608711914269253
"temp29_654",-0.00419051145705965,0.00318426410909227
"temp29_655",-0.0101328188661344,0.000206928768386422
"temp29_656",-0.00271697928161963,0.00190372427051607
"temp29_657",-0.00493760687261049,0.00531476769912997
"temp29_658",-0.00378174056700935,0.00314767752464089
"temp29_659",-0.00727967754524566,0.00380563729981857
"temp29_660",-0.00643806062762479,0.00413218525696984
"temp29_661",-0.00826073201678902,0.00141447183815257
"temp29_662",-0.00584806489544037,-0.00104317124426955
"temp29_663",-0.0131706335673774,-0.00231692284987097
"temp29_664",-0.00644916139399561,-0.00595396462626298
"temp29_665",-0.00679829599258389,0.0034616670391737
"temp29_666",-0.0074999181308508,0.00411948498609767
"temp29_667",-0.00274624287984314,0.0032109430080149
"temp29_668",-0.0116781832923693,-0.000930998908257734
"temp29_669",-0.00502860950903805,0.00645440358079164
"temp29_670",-0.00537195845504776,0.00820162937993927
"temp29_671",-0.0154117154972017,-0.00271341967214745
"temp29_672",-0.000666050648033476,0.00680600536119
"temp29_673",-0.00707106097303965,0.00292382442061374
"temp29_674",-0.00785650730845629,0.00172012613886147
"temp29_675",-0.0152436652736392,-0.00264428539537294
"temp29_676",-0.00684145488744474,-0.00108550279696677
"temp29_677",-0.00561615960770216,-0.0063961106234476
"temp29_678",-0.00963025731541841,0.00053424177556392
"temp29_679",-0.0120179721037264,-0.00224504341891548
"temp29_680",-0.00581630580862078,-0.00237721627577074
"temp29_681",-0.0162499858360515,-0.00670296053971882
"temp29_682",-0.00984656608876804,-0.00228004384603785
"temp29_683",-0.01572283109528,-0.00405601119703129
"temp29_684",-0.0148847084291918,-0.00262497421081914
"temp29_685",-0.00560505192146377,-0.00258845913273439
"temp29_686",-0.00343663599776223,0.00104868946752765
"temp29_687",-0.00654191145223418,-0.00233760825229761
"temp29_688",-0.00114067489487802,0.00534496534641093
"temp29_689",-0.00726353280190036,0.00378461666606114
"temp29_690",-0.00625092344012479,0.0044673288489733
"temp29_691",-0.00775897053024359,0.00450872963285291
"temp29_692",-0.00130205124644246,0.00491815605228795
"temp29_693",-0.00502624734295644,-0.00236520275814336
"temp29_694",-0.0119148429153453,-0.00162489281889754
"temp29_695",-0.0108541561175104,-0.00144713365848315
"temp29_696",-0.0150807798718423,-0.00258563828683211
"temp29_697",-0.0085701370996551,-0.00524122976412864
"temp29_698",-0.00470442308923537,0.00704588526690283
"temp29_699",-0.00297778050017347,0.00588228045642293
"temp29_700",-0.00234714312933978,0.00583954645947288
"temp29_701",-0.00521942410239071,0.00760038103575178
"temp29_702",-0.00557327450577383,-0.00690490850458849
"temp29_703",-0.00661659380593074,-0.00588154714711871
"temp29_704",-0.00519968516656479,-0.00139449020239216
"temp29_705",-0.00925337128896941,-0.00506685951186563
"temp29_706",-0.00690465786513836,-0.00576374624625189
"temp29_707",-0.00538977169159862,-0.00655090455832843
"temp29_708",-0.00585801417096368,-0.00625092559154854
"temp29_709",-0.00830731893518224,-0.00531121146970942
"temp29_710",-0.013275914342329,-0.00340477406632971
"temp29_711",-0.00498502522668182,-0.00208429695687268
"temp29_712",-0.00135594214831267,0.00477822292171611
"temp29_713",-0.00761352900314285,0.00427814049991328
"temp29_714",-0.00768247990088107,0.00438912835363974
"temp29_715",-0.00149335107642562,0.00441887967729011
"temp29_716",-0.00259240432228825,0.00204710203162097
"temp29_717",-0.0127956499148284,-0.00169321933737932
"temp29_718",-0.00355773990607442,0.000894923614973732
"temp29_719",-0.00377816737091158,0.00753582381568599
"temp29_720",-0.00059472657514389,0.00708226871034184
"temp29_721",-0.00438958478501045,0.00759678935771911
"temp29_722",-0.00361721322698464,0.000820271684786398
"temp29_723",-0.00450780014759844,0.00737451660802934
"temp29_724",-0.00444764840085374,0.00748556938731793
"temp29_725",-0.0106928839518838,-0.000207648322749545
"temp29_726",-0.00105963873004448,0.00556218282607328
"temp29_727",-0.00154328285953183,0.0042828691534993
"temp29_728",-0.00613212848450401,0.0046735549818896
"temp29_729",-0.00457599091627829,0.00726135824768897
"temp29_730",-0.00636629331580856,0.00426232168907398
"temp29_731",-0.0090081767597666,0.000932066806317101
"temp29_732",-0.000820077854160019,0.00629841309228486
"temp29_733",-0.00589146573258544,0.00507611480688223
"temp29_734",-0.00483468650435024,0.0068170640736578
"temp29_735",-0.00510738442926623,0.00738685870523412
"temp29_736",-0.00172261528471985,0.00589254293080963
"temp29_737",-0.00503808822421833,0.00707675936092681
"temp29_738",-0.00619061202138205,0.00457399529358741
"temp29_739",-0.00731642708385621,0.00385726368329954
"temp29_740",-0.00743673319882453,0.00402968529130796
"temp29_741",-0.00398848166907571,0.00316574308435556
"temp29_742",-0.0121134907099008,-0.00122064622996016
"temp29_743",-0.00679622175370266,0.00340800223574127
"temp29_744",-0.00563064697248099,0.00333014924165861
"temp29_745",-0.0107936721626994,-0.000279212760632274
"temp29_746",-0.0079501664241798,0.0048661543720844
"temp29_747",-0.0118032447244124,-0.00101153594339125
"temp29_748",-0.00549342077234611,1.07656760720709e-05
"temp29_749",-0.00477334160562118,0.00692797035051658
"temp29_750",-0.00810242441191724,0.00152645236306082
"temp29_751",-0.00546175318270814,0.00332105937692814
"temp29_752",-0.00382845032016465,0.000534071251016986
"temp29_753",-0.00283160264904263,0.00177215579022388
"temp29_754",-0.00520325797879932,0.0033013014011724
"temp29_755",-0.00885631652519801,0.00102309702935033
"temp29_756",-0.00564464884843466,-0.0029115714007413
"temp29_757",-0.00675161302508874,-0.00762774690699756
"temp29_758",-0.00565695187597604,-0.00296996799141166
"temp29_759",-0.00567195059286367,-0.00385883611135007
"temp29_760",-0.0146749852950012,-0.00253430946344606
"temp29_761",-0.00400689382823412,0.000281549445489391
"temp29_762",-0.0017747918814204,0.00354566579287695
"temp29_763",-0.00649325907901769,0.00403054488756077
"temp29_764",-0.00192802091858785,0.00307574703447646
"temp29_765",-0.0116778384873857,-0.00158856265785034
"temp29_766",-0.0117526620906575,-0.00159562603984341
"temp29_767",-0.0126417885544086,-0.00180907244725427
"temp29_768",-0.00482024404970653,-0.00114584879714577
"temp29_769",-0.00316092955711304,0.00138187455652112
"temp29_770",-0.000626641469516684,0.00694342532899208
"temp29_771",-0.00232949548160394,0.00233435810795384
"temp29_772",-0.0058268441600777,0.0051852431722778
"temp29_773",-0.00534616994101222,0.00833261454245337
"temp29_774",-0.00724192820652759,0.00258088722104096
"temp29_775",-0.00349978060680477,0.000969742830884851
"temp29_776",-0.00444368433656556,0.00320952959246648
"temp29_777",-0.00489255504187014,0.00670952708266843
"temp29_778",-0.00395359017961029,0.000358202495358215
"temp29_779",-0.00359194123193894,0.00314178545064304
"temp29_780",-0.00415808253924944,0.00318132625661779
"temp29_781",-0.00495562873486348,0.00659567739509457
"temp29_782",-0.00398472654613052,0.00757816491877394
"temp29_783",-0.00101968667959325,0.00567081872047721
"temp29_784",-0.000788516798209802,0.00640864828779594
"temp29_785",-0.00460209688396766,-0.00559271996841058
"temp29_786",-0.00744611869420981,0.00404269519282437
"temp29_787",-0.00138394675962508,0.00470397367947415
"temp29_788",-0.00384338039710732,0.003151670203106
"temp29_789",-0.00331223846207918,0.00313118843610093
"temp29_790",-0.00482222655469683,0.00326379479917017
"temp29_791",-0.0102684766208011,0.000116497677332984
"temp29_792",-0.00497674505779129,0.00662266066978937
"temp29_793",-0.00163837175201466,0.00583358786472478
"temp29_794",-0.0100666348697084,0.000252769370781037
"temp29_795",-0.00319778003979758,0.00313240882355029
"temp29_796",-0.0109141030268363,-0.000370329092627099
"temp29_797",-0.0025124321053291,0.00325128818322678
"temp29_798",-0.00269034474384674,0.00322216039194094
"temp29_799",-0.00598995444024312,0.00534651425063769
"temp29_800",-0.00450952983389448,0.00321876649144237
"temp29_801",-0.00719250393491182,0.0036992029330707
"temp29_802",-0.000766554809882315,0.00713822325598012
"temp29_803",-0.00197764399230374,0.00724462023702002
"temp29_804",-0.00424635590771404,0.00860045992246997
"temp29_805",-0.00247108893637351,0.00728429666280236
"temp29_806",-0.00273970685667152,0.00733447254407354
"temp29_807",-0.00426002308488342,0.0076362893646202
"temp29_808",-0.000896283015905997,0.00714094393144541
"temp29_809",-0.00112536913030189,0.00538612461593931
"temp29_810",-0.00275080861577994,0.00591860772157059
"temp29_811",-0.00374030585626896,0.00065250964368894
"temp29_812",-0.00256068520694754,0.00584931096045049
"temp29_813",-0.00611566194188975,-0.00768367110734938
"temp29_814",-0.0105607643488908,-0.000105163492746666
"temp29_815",-0.00587515427092756,-0.00735215049992359
"temp29_816",-0.0161293747917623,-0.00624059530680736
"temp29_817",-0.00599480132488711,-0.00235776271943579
"temp29_818",-0.00390028153384704,0.000434059050655372
"temp29_819",-0.00872456412018948,0.0011011766291469
"temp29_820",-0.00933435267450437,0.000725404746561376
"temp29_821",-0.0139010186932659,-0.00534048278432897
"temp29_822",-0.0092350039979064,0.000786299197373774
"temp29_823",-0.0136138767125131,-0.00463657316161669
"temp29_824",-0.0107444599885104,-0.000243787025692117
"temp29_825",-0.00977901244384591,-0.0012366749288281
"temp29_826",-0.0130464370028097,-0.0019359157275126
"temp29_827",-0.0137191832195112,-0.00490971787559125
"temp29_828",-0.00592345469793047,-0.00104950822109162
"temp29_829",-0.0137316067247557,-0.00494340688543642
"temp29_830",-0.00863092336009845,0.00115988856130808
"temp29_831",-0.0131694392018709,-0.00234273452246058
"temp29_832",-0.0106210473237331,-0.00140603658251326
"temp29_833",-0.00715603243771274,-0.00566715406605322
"temp29_834",-0.0135752077755952,-0.00452468847310937
"temp29_835",-0.0114307292693683,-0.00155372971039402
"temp29_836",-0.00738618308718368,-0.00558242993178001
"temp29_837",-0.0133617633666531,-0.00375207181996786
"temp29_838",-0.00486775676211079,-0.00128183212611564
"temp29_839",-0.000970884231632474,0.0058019425551373
"temp29_840",-0.00754094050981438,0.00510280596190519
"temp29_841",-0.00531323877955426,0.00599301053139548
"temp29_842",-0.000705019789409428,0.00667660110675319
"temp29_843",-0.00185888450742194,0.00589938724441259
"temp29_844",-0.00541600340872308,-0.0017375678138097
"temp29_845",-0.0102229483855594,-0.00133163569809789
"temp29_846",-0.0138201427428876,-0.00514955462710988
"temp29_847",-0.00238840885293363,0.00226476997314879
"temp29_848",-0.00691191234817037,-0.00108627347120289
"temp29_849",-0.00760990140595523,-0.00107982076331294
"temp29_850",-0.0138070695776042,-0.00511645896816604
"temp29_851",-0.00205706792897534,0.00278432041321908
"temp29_852",-0.00672226495890588,-0.00108134347298643
"temp29_853",-0.00802323361800426,0.00158709191045369
"temp29_854",-0.00744008146424728,-0.00236622303703731
"temp29_855",-0.0123797177769385,-0.00141250002184825
"temp29_856",-0.0132633522139713,-0.00336603573504402
"temp29_857",-0.00507653504790416,-0.00121104080650432
"temp29_858",-0.00553570714860912,-0.00193183537414803
"temp29_859",-0.00925815407722901,-0.00117139304489148
"temp29_860",-0.00501651526150508,-0.00112888325288441
"temp29_861",-0.00795288477758777,0.0016425973380081
"temp29_862",-0.00799344287781814,-0.00107902914788543
"temp29_863",-0.0138471958673502,-0.00520812914438465
"temp29_864",-0.0104236695245072,-0.00136525973451417
"temp29_865",-0.0131752886772087,-0.00224691262462688
"temp29_866",-0.0131730981751152,-0.00227696645464133
"temp29_867",-0.0109970608503574,-0.00147904310701712
"temp29_868",-0.00509254424205285,-0.00379765011319281
"temp29_869",-0.00875628383003503,-0.00110921942475835
"temp29_870",-0.00879574186405176,-0.0011112122570098
"temp29_871",-0.00505893423271421,-0.00278672351156549
"temp29_872",-0.00482153914187325,-0.0011585632392687
"temp29_873",-0.00318951099927814,0.0013482072776076
"temp29_874",-0.00913845879795697,-0.00115569103622716
"temp29_875",-0.0126062049027809,-0.0015593426733526
"temp29_876",-0.00715455463900142,0.00275938272209637
"temp29_877",-0.0129082648004044,-0.00177686309102341
"temp29_878",-0.00547813007834193,-0.0018373058237628
"temp29_879",-0.00882655381526855,-0.00111408516611259
"temp29_880",-0.0115578517596946,-0.00156848498394317
"temp29_881",-0.0122704309944523,-0.00133354784281368
"temp29_882",-0.0157282531694583,-0.00343334960579547
"temp29_883",-0.000745006886996852,0.00655108405862194
"temp29_884",-0.00444092298726849,0.00942116442503892
"temp29_885",-0.000581944823947708,0.00709522149807948
"temp29_886",-0.0038037773757561,0.0005656544475705
"temp29_887",-0.00511965412652677,0.00630717368357414
"temp29_888",-0.0018865331525374,0.00318407269816426
"temp29_889",-0.00512338330645079,0.0063053262004986
"temp29_890",-0.00442273473636012,-0.00533231475226703
"temp29_891",-0.0074536206807132,0.00218517899872511
"temp29_892",-0.00132202479105822,0.005858435873681
"temp29_893",-0.00516080664383825,0.00735655643734697
"temp29_894",-0.00500192942141037,0.00672882922675512
"temp29_895",-0.00168179070450221,0.00386117457331986
"temp29_896",-0.0021820346449986,0.00254846578107761
"temp29_897",-0.00201680974500195,0.00451286998189987
"temp29_898",-0.00144059691371888,0.00455535341864344
"temp29_899",-0.00199651956784362,0.00291648742521011
"temp29_900",-0.00484748254160372,0.00326874750778235
"temp29_901",-0.00556927205994863,0.00332645962972514
"temp29_902",-0.002037763204514,0.00495580906346905
"temp29_903",-0.00193651137345081,0.00576374443701045
"temp29_904",-0.00228548594700059,0.00328959923189122
"temp29_905",-0.00186171460427044,0.00370643686666584
"temp29_906",-0.00495152720694853,-0.0010424689592711
"temp29_907",-0.0131532414388455,-0.00258249680373972
"temp29_908",-0.00484441585527747,-0.000940670211006626
"temp29_909",-0.00123450858176111,0.00509750655777555
"temp29_910",-0.00489685058576273,-0.000972136604723123
"temp29_911",-0.0131550476350684,-0.00254985486473043
"temp29_912",-0.01285133124389,-0.00186917657914064
"temp29_913",-0.0104693963474142,-3.49101626568176e-05
"temp29_914",-0.0114386056334479,-0.000754836327250955
"temp29_915",-0.00248776861597295,0.00216139734884958
"temp29_916",-0.00570643866670875,0.00538776536171023
"temp29_917",-0.011981599159852,-0.00112899543562654
"temp29_918",-0.0131908174578391,-0.00214077987155808
"temp29_919",-0.000897881776036557,0.00603348066131718
"temp29_920",-0.00186541608527946,0.00324638788637128
"temp29_921",-0.00267424224701729,0.0058532231962858
"temp29_922",-0.00326322899274151,0.00592584792307508
"temp29_923",-0.00451044942744385,0.0061790917549732
"temp29_924",-0.00398618573051164,-0.00465054711461553
"temp29_925",-0.00959270505939745,-0.00120655701437195
"temp29_926",-0.0136675746848592,-0.00477118768448645
"temp29_927",-0.0135705683620239,-0.00450825005305865
"temp29_928",-0.00631437482336876,0.00435485986490712
"temp29_929",-0.00570392397907482,-0.00102368365791278
"temp29_930",-0.0077839229400053,0.00178233309687669
"temp29_931",-0.0136015428023949,-0.00460098318538332
"temp29_932",-0.00948636778577816,-0.00503136940631931
"temp29_933",-0.0135305348713525,-0.00438342995484047
"temp29_934",-0.00511875556240512,-0.00465829797918572
"temp29_935",-0.0051217513928162,-0.0047063557289159
"temp29_936",-0.00406264223077273,0.000202907348479093
"temp29_937",-0.0135122098425619,-0.00431868128192903
"temp29_938",-0.00120379289272467,0.00517963661082899
"temp29_939",-0.00173132799138641,0.00369063585210567
"temp29_940",-0.00175321931811577,0.00699657535833605
"temp29_941",-0.00171021319764146,0.00376370910535901
"temp29_942",-0.00739858468304985,0.00397408551916809
"temp29_943",-0.0113206583451842,-0.000657171175497797
"temp29_944",-0.00973098767306095,0.000470302882419095
"temp29_945",-0.0135030950304659,-0.00428806614268405
"temp29_946",-0.00136935979624261,0.00474137845908355
"temp29_947",-0.00779689427724174,0.00457043895211592
"temp29_948",-0.00728833403723928,0.00381849149549989
"temp29_949",-0.00288712876789856,0.00170542439570883
"temp29_950",-0.00175358791553785,0.00337069415600942
"temp29_951",-0.00427292810966347,-0.000104678094261808
"temp29_952",-0.00328952600502653,0.0012314237374117
"temp29_953",-0.00498490974719096,0.00666153705235653
"temp29_954",-0.000785720687320598,0.00598765985099282
"temp29_955",-0.00512915264531564,0.00630194754391953
"temp29_956",-0.00290736277599505,0.00587312519852129
"temp29_957",-0.00220877193545121,0.00583611542967984
"temp29_958",-0.000788226559036923,0.00597756877822213
"temp29_959",-0.00498233546181829,0.00664445233414879
"temp29_960",-0.000795485920312683,0.00596843388097376
"temp29_961",-0.00275923524819735,0.00185522303772874
"temp29_962",-0.00180664265748114,0.00338234044025498
"temp29_963",-0.00682485739340854,0.00334695296663982
"temp29_964",-0.00564664499251412,-0.00211488776580477
"temp29_965",-0.00757903881967981,-0.00107851485605387
"temp29_966",-0.00536124108272967,-0.00165040986113646
"temp29_967",-0.0136891742890559,-0.00483212573961112
"temp29_968",-0.00211058915829016,0.00267534849457398
"temp29_969",-0.0131633865297676,-0.00243553317253323
"temp29_970",-0.0100268247479668,-0.00128749205595748
"temp29_971",-0.0131474746633435,-0.00267264551430842
"temp29_972",-0.0131488848513411,-0.00264305801779892
"temp29_973",-0.0068048762097043,-0.00580797394500358
"temp29_974",-0.0138663068919394,-0.00525484832095564
"temp29_975",-0.00511603022791453,-0.00461131515600999
"temp29_976",-0.000852665536083113,0.00618459149211144
"temp29_977",-0.00183255402526408,0.00335674077472753
"temp29_978",-0.00389676796571267,0.00315628389077502
"temp29_979",-0.00682439425263828,0.00333588809419773
"temp29_980",-0.00184271902514691,0.00364128296981282
"temp29_981",-0.00180167030781059,0.00351446659951316
"temp29_982",-0.00202798203515062,0.00465765440082934
"temp29_983",-0.00740484620054614,0.00227531097006157
"temp29_984",-0.00790688284404331,0.00506214346042922
"temp29_985",-0.00711449685863612,0.00361525589808627
"temp29_986",-0.00702091202216519,0.00352150335523685
"temp29_987",-0.00717011461210724,0.00367505379852133
"temp29_988",-0.00181906772470503,0.00644624285380502
"temp29_989",-0.00196870421996151,0.00551355369989302
"temp29_990",-0.00177153720738793,0.00342743379169536
"temp29_991",-0.00292855898178973,0.00541007557409648
"temp29_992",-0.0133505319660897,-0.00370846063030464
"temp29_993",-0.0133575217379589,-0.00373672254748155
"temp29_994",-0.0133162468359413,-0.00355330546802429
"temp29_995",-0.0131030317855532,-0.00552831452231519
"temp29_996",-0.00942182242260627,0.000669062179769245
"temp29_997",-0.0104248910885702,-0.0050718885860654
"temp29_998",-0.0132026259613392,-0.003168262337405
"temp29_999",-0.0131567014926431,-0.00251998013212156
"temp29_1000",-0.00715477507353673,-0.00108228324364174
"temp37_1",0.00578661910526589,0.000190889583158812
"temp37_2",0.0096919378838048,-0.000558765406234862
"temp37_3",0.004108528431941,-0.00472625494523742
"temp37_4",0.00740862627497698,0.000643712433263086
"temp37_5",0.0043793222717293,-0.00071399292340325
"temp37_6",0.0103927019267974,-0.00165653410401661
"temp37_7",0.00944484932311592,0.000231441698293611
"temp37_8",0.0043594370856901,-0.00559341766180059
"temp37_9",0.00833589431367617,0.000782148663802235
"temp37_10",0.00655021559612412,0.000450485488148894
"temp37_11",0.00387868274631316,-0.00149593490648014
"temp37_12",0.00506440113196126,-0.000250307498713068
"temp37_13",0.00376185809328348,-0.0038085246037469
"temp37_14",0.0107168680828621,-0.00193676536942256
"temp37_15",0.0100861357368283,-0.00126450781770405
"temp37_16",0.00937614389005155,0.000562050668820497
"temp37_17",0.00345268253993302,-0.0027565238656453
"temp37_18",0.0045006095236427,-0.00608210225167603
"temp37_19",0.00981266180050404,-0.000858586914774409
"temp37_20",0.00951710344451193,-4.11474556548868e-05
"temp37_21",0.00878977990589315,0.00147020134904794
"temp37_22",0.00696806304303983,0.000885893419070862
"temp37_23",0.00784631599290386,0.00123220495391515
"temp37_24",0.00363574096541176,-0.00193898384934165
"temp37_25",0.00616666530553885,0.000445741360137937
"temp37_26",0.00541401927052879,-1.43015760098281e-05
"temp37_27",0.00410677385829138,-0.00106791916838947
"temp37_28",0.00470288172542191,-0.000455422966433535
"temp37_29",0.00424332647519321,-0.00518918376369377
"temp37_30",0.00383844457556616,-0.00403149824876574
"temp37_31",0.00460466941027048,-0.00656927689007801
"temp37_32",0.00417133407094262,-0.00494138820563577
"temp37_33",0.00454988015712312,-0.00632133362578099
"temp37_34",0.00356939784316417,-0.00320745849942955
"temp37_35",0.00351762296698359,-0.00300628454787327
"temp37_36",0.00429963979255777,-0.00538382783079084
"temp37_37",0.00392301815677269,-0.00423957247112229
"temp37_38",0.0105900062384537,-0.00184023068151167
"temp37_39",0.00563433622693628,5.45928481750291e-05
"temp37_40",0.0044318214661081,-0.00583263212354589
"temp37_41",0.00989013149727045,-0.00099477718375624
"temp37_42",0.00974990516417097,-0.000711001382359461
"temp37_43",0.00956233777510525,-0.000177489883847994
"temp37_44",0.00948052725392739,9.76471472330614e-05
"temp37_45",0.00934608972432885,0.000743108100207664
"temp37_46",0.00904543694727634,0.00147018352308184
"temp37_47",0.00809091363199328,0.00129158570984251
"temp37_48",0.00718636012775459,0.000983792054026559
"temp37_49",0.00855423703995321,0.00142540146451515
"temp37_50",0.00350606586050535,-0.00215917786645908
"temp37_51",0.00635984426462625,0.000569888158037846
"temp37_52",0.00423755189743052,-0.000881795506507523
"temp37_53",0.00675515565037234,0.000785923539143947
"temp37_54",0.00762111348350333,0.00115395417957368
"temp37_55",0.00375725685383786,-0.00171509743140405
"temp37_56",0.00489510447369645,-0.000378800758776378
"temp37_57",0.00523568485885549,-0.00013036165518079
"temp37_58",0.00597502685183382,0.000316236436794285
"temp37_59",0.00398919015283967,-0.00127778716870721
"temp37_60",0.00453193008135093,-0.000570378605321503
"temp37_61",0.00379984664382571,-0.00392022974609677
"temp37_62",0.00420662767819512,-0.00506457375862648
"temp37_63",0.00348640980752538,-0.00288923980139025
"temp37_64",0.0110022032556927,-0.00208955718627743
"temp37_65",0.00965070709325922,-0.000436538079981477
"temp37_66",0.00337797275134921,-0.00240990806460659
"temp37_67",0.00407003095199991,-0.00459404255802218
"temp37_68",0.0108193419993347,-0.00199453615673447
"temp37_69",0.0105204681873092,-0.0017833463388156
"temp37_70",0.00942693233370334,0.000313921240873304
"temp37_71",0.00939289877488256,0.000474509976609517
"temp37_72",0.010267068322282,-0.00150700860279875
"temp37_73",0.0100304290631675,-0.00119508406183484
"temp37_74",0.0101597653252221,-0.00136496688689596
"temp37_75",0.00553195533204552,4.93843041043004e-05
"temp37_76",0.00608198719540382,0.000254417326322373
"temp37_77",0.00447117162649225,-0.00596094726646112
"temp37_78",0.00439547636586131,-0.00571381379361065
"temp37_79",0.00397553044121367,-0.00436175162506382
"temp37_80",0.0098498685246478,-0.000929375525965469
"temp37_81",0.00972037712186231,-0.000634655921339404
"temp37_82",0.0106564829402386,-0.00189239633644817
"temp37_83",0.00457400894923999,-0.00644421391435267
"temp37_84",0.00452758341890166,-0.00619981708218263
"temp37_85",0.00958445808933982,-0.000245156460105866
"temp37_86",0.00954002084995684,-0.000109985017913163
"temp37_87",0.00949784732696035,2.87116788460806e-05
"temp37_88",0.00977790290134009,-0.000781151422241765
"temp37_89",0.00946035226006707,0.000163313886987612
"temp37_90",0.00895122009943922,0.000811254103318615
"temp37_91",0.00432718450175263,-0.00548659135510759
"temp37_92",0.00373111124785348,-0.00371843868357745
"temp37_93",0.00992829663824235,-0.0010513743124418
"temp37_94",0.00786990141421317,0.00073423661780158
"temp37_95",0.00696345828308875,0.000564195862629404
"temp37_96",0.00919243604124073,0.00144963461901866
"temp37_97",0.00820868382493274,0.00132246376640606
"temp37_98",0.0086708831260046,0.00145274270486889
"temp37_99",0.00729679639268134,0.00102448680369722
"temp37_100",0.00344277024247426,-0.00227581876273282
"temp37_101",0.00707637597883877,0.000933056411397501
"temp37_102",0.00773368880538078,0.00119245995343524
"temp37_103",0.00645814262300071,0.000628606025129198
"temp37_104",0.00685908069922888,0.000834020462677202
"temp37_105",0.00417212904388834,-0.000970806091912504
"temp37_106",0.00357325544897364,-0.00204711580772734
"temp37_107",0.00382076348442535,-0.0016065453542291
"temp37_108",0.00844097808865752,0.00139123324838979
"temp37_109",0.00796675326382299,0.00126290230300161
"temp37_110",0.00935949354529657,0.000663155279188251
"temp37_111",0.00497975099228701,-0.000316757047976159
"temp37_112",0.00626115286278883,0.000510727471821476
"temp37_113",0.00532341745695835,-7.01457571135499e-05
"temp37_114",0.00430653183125319,-0.000796074204393828
"temp37_115",0.0039346356847252,-0.00138563875020734
"temp37_116",0.00369774676669154,-0.00183215998779302
"temp37_117",0.00665483720668036,0.000734365593891711
"temp37_118",0.00751252432134246,0.00111070794626715
"temp37_119",0.0048009351938645,-0.000418784752519493
"temp37_120",0.00460891895223904,-0.000501770254488933
"temp37_121",0.00588006165406033,0.000252250981887162
"temp37_122",0.00515004950042479,-0.000188256348933206
"temp37_123",0.00404551402858382,-0.00117055865259787
"temp37_124",0.00445531523495557,-0.000638445550335053
"temp37_125",0.00388958933651517,-0.0041605020133744
"temp37_126",0.0103058128679347,-0.00155382881217702
"temp37_127",0.00962852739073205,-0.000369579773968983
"temp37_128",0.0101994509142527,-0.00141851196524092
"temp37_129",0.0110553932927831,-0.00210963034256226
"temp37_130",0.0109510136411029,-0.00206456173296824
"temp37_131",0.0101275431136592,-0.00132145249903233
"temp37_132",0.0099973428917781,-0.00115271464264024
"temp37_133",0.00353257493335933,-0.00306714519578703
"temp37_134",0.00966903486105768,-0.000485590012964325
"temp37_135",0.00571866612989253,0.000148990075035762
"temp37_136",0.00936847568370207,0.000612710750699983
"temp37_137",0.00404515699869988,-0.00452801202127987
"temp37_138",0.00959960956419905,-0.0002901356271771
"temp37_139",0.0103548408787042,-0.00161305039346711
"temp37_140",0.0108582923171174,-0.00201754567088998
"temp37_141",0.0107794167288715,-0.00197479270297679
"temp37_142",0.0104853971280701,-0.00175363439042539
"temp37_143",0.00943599313574162,0.0002727080080972
"temp37_144",0.00940183305329473,0.000435129346608564
"temp37_145",0.00941807560125132,0.000353819056859011
"temp37_146",0.00995168360301421,-0.00108924499429284
"temp37_147",0.0104219427933916,-0.00169089791833903
"temp37_148",0.0100571830757131,-0.00122953509052278
"temp37_149",0.0102394844348018,-0.00147293757795391
"temp37_150",0.0105564144240065,-0.00181425408134844
"temp37_151",0.0055911766226262,7.7262625242891e-05
"temp37_152",0.00502234120306213,-0.000299456322884731
"temp37_153",0.00547291663661435,1.78666541373548e-05
"temp37_154",0.00603533549306341,0.000355608453034214
"temp37_155",0.00886459816010339,0.00147614883281655
"temp37_156",0.00928671973206095,0.000785073743856195
"temp37_157",0.00631724961034343,0.000354120579887317
"temp37_158",0.00585505434106864,0.000150184550660242
"temp37_159",0.00448700427412925,-0.00602163548767853
"temp37_160",0.00441313140276191,-0.00577228914020841
"temp37_161",0.00445012005775073,-0.005896089243953
"temp37_162",0.00437787260064343,-0.0056541820448071
"temp37_163",0.00983098468492539,-0.000892735677409421
"temp37_164",0.00970704864305885,-0.000596296559515344
"temp37_165",0.0045900850447736,-0.00650636986531163
"temp37_166",0.0106272011314916,-0.00186895020443569
"temp37_167",0.004539227559009,-0.0062603456943259
"temp37_168",0.00455960364402248,-0.00638196671574028
"temp37_169",0.00542699821859626,-4.44007110052468e-05
"temp37_170",0.00451344234656348,-0.0061399053641857
"temp37_171",0.00950699246887232,-6.3572756150634e-06
"temp37_172",0.00955039206219233,-0.000143717460395587
"temp37_173",0.00952840439187275,-7.47355640780163e-05
"temp37_174",0.00948922203576491,6.3276266386581e-05
"temp37_175",0.00947045176761203,0.000131159699558292
"temp37_176",0.00976411470420845,-0.000746751067763871
"temp37_177",0.0094515593414791,0.000196386800065218
"temp37_178",0.00863102234759433,0.00080805936100208
"temp37_179",0.00338194045682534,-0.0023931912516498
"temp37_180",0.00434322833793463,-0.00553954956037845
"temp37_181",0.00431372189815746,-0.00543448124973982
"temp37_182",0.0099081537649269,-0.00102421464191087
"temp37_183",0.00979296970294275,-0.000812984588944944
"temp37_184",0.00810754883709829,0.000755052975937317
"temp37_185",0.00718569793038028,0.000598618948223369
"temp37_186",0.00763510430705111,0.000697956881598735
"temp37_187",0.00674984711309074,0.000526771252314095
"temp37_188",0.00963936469644082,-0.000403774582263238
"temp37_189",0.00911861694089226,0.00146177104238918
"temp37_190",0.00826680035179154,0.00133846729448612
"temp37_191",0.00873031727268762,0.00146213609728601
"temp37_192",0.00341362596632636,-0.00233067299700587
"temp37_193",0.00735016951591842,0.00104304985028847
"temp37_194",0.0072426177803392,0.0010023888187701
"temp37_195",0.00691324824052686,0.000861807180990867
"temp37_196",0.00849812955668321,0.00140872352238301
"temp37_197",0.00779001735538838,0.00121241330187926
"temp37_198",0.00650634890979557,0.000656465566141348
"temp37_199",0.00347254830052081,-0.00221834475688414
"temp37_200",0.00802915376504662,0.00127845063297043
"temp37_201",0.00414154562177084,-0.00102111286908237
"temp37_202",0.00354115317606086,-0.00210312567386509
"temp37_203",0.00378875955811214,-0.00166068447048099
"temp37_204",0.00815048007429788,0.00130514549742671
"temp37_205",0.00713036996769165,0.000959971969950629
"temp37_206",0.0038504393536142,-0.00154980449077409
"temp37_207",0.00420406546362481,-0.000925113409513325
"temp37_208",0.0067053709738772,0.00076105070273397
"temp37_209",0.00360439965393655,-0.0019917133427496
"temp37_210",0.00702236086840667,0.000909454927369728
"temp37_211",0.00756575270402835,0.0011328448433713
"temp37_212",0.00434265955496011,-0.000754878326983191
"temp37_213",0.00640863726197539,0.000600390804662483
"temp37_214",0.00372654702672459,-0.00177360515785719
"temp37_215",0.00396081338023696,-0.00133141028704886
"temp37_216",0.00536875917135601,-4.1621318981076e-05
"temp37_217",0.00680566595846982,0.000810149891449805
"temp37_218",0.00838332759687537,0.00137285895118265
"temp37_219",0.0079059283080521,0.00124817109152518
"temp37_220",0.00767712921990611,0.00117376931271461
"temp37_221",0.00935267573665192,0.000696158088814004
"temp37_222",0.00660561501044206,0.000707074650952615
"temp37_223",0.00493836569864171,-0.000348779358070229
"temp37_224",0.00475139164400506,-0.000436346113048508
"temp37_225",0.00465540262088051,-0.000476178533771376
"temp37_226",0.00401661871158365,-0.00122473913391911
"temp37_227",0.00366879900412774,-0.00188896819127183
"temp37_228",0.00390604690587671,-0.00144017857527805
"temp37_229",0.00427171524236431,-0.00083942199009904
"temp37_230",0.00621393412561142,0.00047745764992427
"temp37_231",0.00592651148086636,0.000283961445677586
"temp37_232",0.00519340171437788,-0.000160510428935636
"temp37_233",0.00527950393416057,-0.000100435041064319
"temp37_234",0.00745967888537911,0.00108691472870898
"temp37_235",0.0048507858156496,-0.000404113010665397
"temp37_236",0.00449328690130053,-0.000602848030319591
"temp37_237",0.0045698679004608,-0.000534412365735285
"temp37_238",0.00407534237402438,-0.00111831678390596
"temp37_239",0.00510766956468751,-0.00021839305709644
"temp37_240",0.00441745185041692,-0.000675704516168634
"temp37_241",0.00368524169931645,-0.0035855092614558
"temp37_242",0.00358140693123546,-0.00325031288574837
"temp37_243",0.0101804566556948,-0.00139098906663775
"temp37_244",0.00418480045407597,-0.00499415293498973
"temp37_245",0.00957200210747225,-0.00020644007130736
"temp37_246",0.00973815066678308,-0.000679735637645147
"temp37_247",0.00986568371790087,-0.000954877375348986
"temp37_248",0.0103249305851505,-0.00157856022208043
"temp37_249",0.0102864265221106,-0.00153034028838732
"temp37_250",0.00349552988695632,-0.00292151482598045
"temp37_251",0.00581386091529689,0.000131369344549152
"temp37_252",0.00961818542205454,-0.000342576794519485
"temp37_253",0.0102171926144796,-0.00144135838080747
"temp37_254",0.0038269023990246,-0.00399901229935385
"temp37_255",0.00416160421710669,-0.00490396597448814
"temp37_256",0.0110818442495114,-0.00212081051155529
"temp37_257",0.0110279311245317,-0.00209991140319049
"temp37_258",0.0109756812886939,-0.00207735824246977
"temp37_259",0.010926062083487,-0.00205158419544549
"temp37_260",0.00967729162717818,-0.000511778711877455
"temp37_261",0.0101439323491152,-0.00134311561453969
"temp37_262",0.0100138306535855,-0.00117334877263547
"temp37_263",0.00938734096582366,0.000498694047959126
"temp37_264",0.00965955188492286,-0.000460596920558618
"temp37_265",0.00899305610510581,0.0014739571004725
"temp37_266",0.00613036970175852,0.00042236976085961
"temp37_267",0.00575252834878664,0.000169242701563487
"temp37_268",0.00568445029955253,0.000128473128581874
"temp37_269",0.00937254086728,0.000587190616505076
"temp37_270",0.00936401886139878,0.000638453194024218
"temp37_271",0.0101109295643216,-0.00129706924225261
"temp37_272",0.00998094505546325,-0.00113224915915121
"temp37_273",0.00405685109759278,-0.00456056988317062
"temp37_274",0.00987802604399602,-0.000975483778478224
"temp37_275",0.0107380273770196,-0.00195161497560168
"temp37_276",0.009592262611158,-0.000267385944103959
"temp37_277",0.0103709302475773,-0.00163158382223544
"temp37_278",0.0108782686836003,-0.00202896466270314
"temp37_279",0.0107996551686526,-0.00198390558198867
"temp37_280",0.0108389292383743,-0.00200649755816503
"temp37_281",0.0107602544710155,-0.00196269801052374
"temp37_282",0.0106861042668346,-0.00191512463709614
"temp37_283",0.00934903202904299,0.000719150092862837
"temp37_284",0.00878742009923363,0.000817869417185771
"temp37_285",0.0104694745083229,-0.00173771553012879
"temp37_286",0.0103396809924114,-0.00159596107155891
"temp37_287",0.00944056385917233,0.000252623717240439
"temp37_288",0.00940570223600772,0.000413624220203228
"temp37_289",0.0094316643307092,0.000293845258091455
"temp37_290",0.00942249824495627,0.000333756744520111
"temp37_291",0.00939720826276612,0.000455130225240438
"temp37_292",0.00941340578020435,0.000372891220251938
"temp37_293",0.00996358494953295,-0.0011083975653141
"temp37_294",0.0108985611299459,-0.00204041142945365
"temp37_295",0.00993981161243112,-0.00107005158815034
"temp37_296",0.0104377389903393,-0.00170657542581558
"temp37_297",0.0100720327677677,-0.00124708615273066
"temp37_298",0.0102531951892821,-0.00148943969436041
"temp37_299",0.0100424409295808,-0.00121375635310015
"temp37_300",0.010539964799406,-0.00180144694640503
"temp37_301",0.010504471832197,-0.0017691702037234
"temp37_302",0.00923732055706209,0.00143952055454133
"temp37_303",0.00562031143366753,9.27711773767672e-05
"temp37_304",0.00512462042447961,-0.000226367219984952
"temp37_305",0.0055616139693156,6.27268240138483e-05
"temp37_306",0.00550182275813512,3.62259116685421e-05
"temp37_307",0.00606504646797295,0.000376017320145331
"temp37_308",0.00629165626930352,0.000529798979599612
"temp37_309",0.00890298398538168,0.00147724688857659
"temp37_310",0.0060045239238087,0.000337936479172758
"temp37_311",0.00882660881376739,0.00147377395861688
"temp37_312",0.00859206481956766,0.00143431282298319
"temp37_313",0.009343219879668,0.000765069741315918
"temp37_314",0.00911048626717749,0.000797163830663048
"temp37_315",0.0093794654447099,0.000540978696716515
"temp37_316",0.00643474747537774,0.000401046693214956
"temp37_317",0.00619970031008615,0.000302944270765318
"temp37_318",0.00596773022202961,0.000197946524061876
"temp37_319",0.00412893403097834,-0.00479699516705126
"temp37_320",0.00364136072399665,-0.00343891157221566
"temp37_321",0.00449427068810029,-0.00605236952208725
"temp37_322",0.00442168825598706,-0.00580175559290176
"temp37_323",0.00446057349841488,-0.00592836013243969
"temp37_324",0.0044792200166689,-0.00599198998868988
"temp37_325",0.00438608598180556,-0.00568373776024431
"temp37_326",0.00440427406505569,-0.0057431177558579
"temp37_327",0.0044409418884953,-0.00586390522216977
"temp37_328",0.00983966612787082,-0.000911517866435673
"temp37_329",0.00436874368255124,-0.00562362557045748
"temp37_330",0.00971362707042522,-0.000615421903885357
"temp37_331",0.00982148080261546,-0.000874916675614123
"temp37_332",0.00969950781295495,-0.000577434856515223
"temp37_333",0.00459796937623607,-0.00653757421573912
"temp37_334",0.00354311722091571,-0.00310504504384475
"temp37_335",0.00454325233648217,-0.00629036820037299
"temp37_336",0.00456714212470488,-0.00641257513815337
"temp37_337",0.00458115522533359,-0.00647618448566171
"temp37_338",0.00552944023711132,6.38505170471673e-06
"temp37_339",0.0106117470536914,-0.00185930713202938
"temp37_340",0.00451983718801746,-0.00616968043731003
"temp37_341",0.00453329237188793,-0.00622950493725946
"temp37_342",0.00455420685294486,-0.00635119475528026
"temp37_343",0.0053265291281637,-0.000100916434067017
"temp37_344",0.00450688188373629,-0.00611129381405306
"temp37_345",0.0104516668276552,-0.00172097248511366
"temp37_346",0.010227706446321,-0.00145791298638533
"temp37_347",0.00951260043708444,-2.2998054492217e-05
"temp37_348",0.00955647735006196,-0.000160591628349842
"temp37_349",0.00950286057854092,1.14966040899898e-05
"temp37_350",0.0095345207513152,-9.18458126527529e-05
"temp37_351",0.00947585904721528,0.000115229275052531
"temp37_352",0.00949354796613735,4.62748540688506e-05
"temp37_353",0.00977036196934084,-0.000764103803651099
"temp37_354",0.00952349337540332,-5.67734345838839e-05
"temp37_355",0.00946554486204033,0.000147231069079178
"temp37_356",0.0094846146292995,8.01057944457803e-05
"temp37_357",0.00945548806340224,0.000179820635639619
"temp37_358",0.00975689917498347,-0.000729221957657027
"temp37_359",0.0084823788315726,0.0007983154704647
"temp37_360",0.00500271370643538,-0.000299214554038676
"temp37_361",0.00435151632360509,-0.00556571379261645
"temp37_362",0.00402798103126681,-0.00448576171618656
"temp37_363",0.00432138414157999,-0.00546064372043372
"temp37_364",0.0043355366145084,-0.00551275633610546
"temp37_365",0.00944848785400241,0.000214796921665434
"temp37_366",0.00346988648764221,-0.0028223738842887
"temp37_367",0.00991852746944525,-0.00103762540491958
"temp37_368",0.0100968018935047,-0.00127860810367756
"temp37_369",0.00979940513426283,-0.000829410287185185
"temp37_370",0.00978521971601322,-0.000797365436917357
"temp37_371",0.00822150372648097,0.00077025457551773
"temp37_372",0.00729866954236962,0.000622720332660912
"temp37_373",0.0077528065337635,0.000717903818109097
"temp37_374",0.00798813361859195,0.000746910255198369
"temp37_375",0.00707320372641422,0.00058175173118017
"temp37_376",0.00685616963137554,0.000542180612628047
"temp37_377",0.00752133589126033,0.000674586329400832
"temp37_378",0.0066481396242508,0.000489730615740639
"temp37_379",0.00964442461890024,-0.00042069525496118
"temp37_380",0.00915567504630191,0.00145597392072895
"temp37_381",0.00829578084857792,0.00134703250276695
"temp37_382",0.0073781183288256,0.00105469659541052
"temp37_383",0.00339883844178493,-0.00235896788727882
"temp37_384",0.00963361666134747,-0.000386456850354818
"temp37_385",0.00732331918120725,0.00103257379376609
"temp37_386",0.00412395837171977,-0.00104512806054633
"temp37_387",0.00352324486496581,-0.00213086600805113
"temp37_388",0.00852608237414617,0.00141713743705558
"temp37_389",0.00870041284956187,0.0014585489742934
"temp37_390",0.00694045489415313,0.000874720988039614
"temp37_391",0.00377271384024861,-0.00168798864086998
"temp37_392",0.00342747131189778,-0.00230254138443992
"temp37_393",0.0078178626750482,0.001222213409862
"temp37_394",0.00653170484941709,0.00066969897508494
"temp37_395",0.00715858221504715,0.000972429195316434
"temp37_396",0.00805975815626253,0.00128477730331352
"temp37_397",0.00823719981782696,0.00133074739900531
"temp37_398",0.00348884391628378,-0.00218736618449819
"temp37_399",0.00818018209638099,0.00131393962932881
"temp37_400",0.00726893159329577,0.00101314481955688
"temp37_401",0.00960886572574896,-0.00031922921843588
"temp37_402",0.00721415783058018,0.000992683837244315
"temp37_403",0.00799770791367203,0.00127050904065741
"temp37_404",0.00345673714827202,-0.00224799199389169
"temp37_405",0.00812008586647212,0.0012985907932781
"temp37_406",0.00648274650641877,0.000643836461246269
"temp37_407",0.0067297916818858,0.000773679869164518
"temp37_408",0.00380494359928508,-0.00163285025929196
"temp37_409",0.0038354976414382,-0.00157821799737197
"temp37_410",0.00418773037764914,-0.000946838517759645
"temp37_411",0.00355709410637501,-0.00207609357812288
"temp37_412",0.00759238858155488,0.00114399598032737
"temp37_413",0.00358953935101077,-0.00201878532396025
"temp37_414",0.00688566180318998,0.000848308507579543
"temp37_415",0.00539059872209095,-2.66812572437591e-05
"temp37_416",0.00776217096439802,0.00120241503501644
"temp37_417",0.00793633863749487,0.0012555784114032
"temp37_418",0.0039483076348024,-0.00135884939227119
"temp37_419",0.0043244173354987,-0.000775858353136714
"temp37_420",0.00371207239856352,-0.00180300751675339
"temp37_421",0.00770525118401693,0.00118372691142155
"temp37_422",0.00415713038547297,-0.000996595027140552
"temp37_423",0.00841216609220547,0.00138244022348223
"temp37_424",0.00683269796963057,0.000822601468798145
"temp37_425",0.00704878327598119,0.000921411976549845
"temp37_426",0.00710322009496731,0.000945904963745168
"temp37_427",0.00391946542591555,-0.001411902017509
"temp37_428",0.00428884021938089,-0.000817098929412085
"temp37_429",0.00623757705161147,0.000494111032745649
"temp37_430",0.00495824287832137,-0.000332123843252201
"temp37_431",0.00530131765486631,-8.55329390722783e-05
"temp37_432",0.00472778660436291,-0.00044520091171848
"temp37_433",0.00467943982386929,-0.000465460353518209
"temp37_434",0.00386525333194035,-0.00152230327936834
"temp37_435",0.00422106520079591,-0.000903229006620847
"temp37_436",0.00699552657142585,0.00089747615978675
"temp37_437",0.00403106284596063,-0.00119717197687726
"temp37_438",0.00361924315158952,-0.00196511978963227
"temp37_439",0.00374112882126491,-0.00174419842412281
"temp37_440",0.00436081008871435,-0.000733824267779444
"temp37_441",0.00595119030122431,0.000298239002233054
"temp37_442",0.00835491847705491,0.00136366855483034
"temp37_443",0.00397568946218574,-0.00130386921463875
"temp37_444",0.00368453539179569,-0.00186148748136214
"temp37_445",0.00638420261147527,0.000584866705765026
"temp37_446",0.00678070081064871,0.00079871431793389
"temp37_447",0.00753953971235476,0.00112225026675832
"temp37_448",0.00521475982454565,-0.000146775821604651
"temp37_449",0.00787619214662479,0.001241358106898
"temp37_450",0.00764885573599842,0.00116463690038984
"temp37_451",0.00667990231188122,0.000746277962242613
"temp37_452",0.00748593083987677,0.00109786663111353
"temp37_453",0.00663056575297696,0.000719428499213744
"temp37_454",0.00657975701370568,0.00069602100105014
"temp37_455",0.00743075366057111,0.00107758869881277
"temp37_456",0.00487441633108208,-0.000394411282102863
"temp37_457",0.00477601826944286,-0.000427679903625007
"temp37_458",0.00491704215772899,-0.000364407155218971
"temp37_459",0.00447420137294678,-0.000620189144630381
"temp37_460",0.00455048338827947,-0.000551962659267994
"temp37_461",0.00525725335501362,-0.000115823601263248
"temp37_462",0.00463197829404525,-0.000488629087306783
"temp37_463",0.00517272478314532,-0.000176316380945441
"temp37_464",0.00406020823890256,-0.00114411768139109
"temp37_465",0.00400287000105638,-0.00125121327394002
"temp37_466",0.00365186228323997,-0.0019134955571002
"temp37_467",0.004254527052687,-0.000860494535097441
"temp37_468",0.00389301357693363,-0.00146873866204255
"temp37_469",0.00590334921803913,0.000268216845056445
"temp37_470",0.00482547404047446,-0.000412103137058561
"temp37_471",0.00439830736699449,-0.000694720934295074
"temp37_472",0.00451329936442405,-0.000587308038445545
"temp37_473",0.00458960654573334,-0.000518343044822281
"temp37_474",0.00409136318249527,-0.00109210727563558
"temp37_475",0.00508570586446224,-0.000234787882305603
"temp37_476",0.00443625969628677,-0.000655706431357444
"temp37_477",0.00572380138032156,9.20045096117781e-05
"temp37_478",0.00357582873620592,-0.00322904533308193
"temp37_479",0.00414463248874058,-0.00484740771063054
"temp37_480",0.0101895078023379,-0.00140507261594213
"temp37_481",0.00957699235519461,-0.000220432234102871
"temp37_482",0.0101702391551312,-0.00137804037234695
"temp37_483",0.00956769593473517,-0.000191500098614109
"temp37_484",0.0097441732101115,-0.000694399335638689
"temp37_485",0.00973260148197093,-0.000664127931423291
"temp37_486",0.00935618605844807,0.000679019024639156
"temp37_487",0.00972610373224342,-0.000649809969475973
"temp37_488",0.00504543739281607,-0.000266355416260443
"temp37_489",0.00344615467120068,-0.00272941078100696
"temp37_490",0.0103153544254132,-0.0015657674020421
"temp37_491",0.0102961683259823,-0.00154214196003104
"temp37_492",0.0102760149787488,-0.00151902985346271
"temp37_493",0.00985809048987229,-0.000941166015321874
"temp37_494",0.00907718654053778,0.00146663958364135
"temp37_495",0.00618790007142593,0.000458918215525689
"temp37_496",0.00584842500891809,0.00023030686806813
"temp37_497",0.00580723003534054,0.000201915069088027
"temp37_498",0.00875663456432559,0.00146619479603497
"temp37_499",0.00370665459653125,-0.00364701178334322
"temp37_500",0.00411341028919482,-0.004745815669384
"temp37_501",0.00962373270774342,-0.000355759561447786
"temp37_502",0.0102078764785717,-0.00143012904548821
"temp37_503",0.0101191242216952,-0.00130914232829981
"temp37_504",0.00488301842342552,-0.000391142246617278
"temp37_505",0.00415586620765133,-0.00488505639223941
"temp37_506",0.0110950615068153,-0.00212546808371084
"temp37_507",0.0109886953111925,-0.00208393795591534
"temp37_508",0.0110682140279307,-0.00211507655342343
"temp37_509",0.0110421321485521,-0.00210416933393896
"temp37_510",0.00960320959691912,-0.000303957231718686
"temp37_511",0.0110152563350276,-0.00209482021683523
"temp37_512",0.0109627745736585,-0.00207178101540135
"temp37_513",0.0109383140702467,-0.00205864897158006
"temp37_514",0.0109133357198762,-0.00204550180085575
"temp37_515",0.00968129903684503,-0.000524773485178954
"temp37_516",0.00401189235224951,-0.00444546217540241
"temp37_517",0.00967305978113375,-0.0004987950907758
"temp37_518",0.0101523868656915,-0.00135363233642214
"temp37_519",0.0101359367748935,-0.00133224815881821
"temp37_520",0.0100219020761898,-0.00118436071221478
"temp37_521",0.0100060087111528,-0.00116232977250442
"temp37_522",0.00966459161662695,-0.00047265518564208
"temp37_523",0.00938489701342987,0.000511750162940524
"temp37_524",0.00901914709849209,0.00147245611884652
"temp37_525",0.00965501650993606,-0.000448680938299673
"temp37_526",0.00896798433883383,0.00147532665187684
"temp37_527",0.00864950654818622,0.00144813943241909
"temp37_528",0.00930756007388255,0.00142149179869326
"temp37_529",0.00614841744330826,0.00043403790027153
"temp37_530",0.00576933198441775,0.000181575379742118
"temp37_531",0.00634201644752566,0.000557155602377618
"temp37_532",0.00611297446055452,0.000410117057915003
"temp37_533",0.00570128396719491,0.000138871943671884
"temp37_534",0.00566715850698415,0.000118404027405824
"temp37_535",0.00937426582122399,0.000574787173310225
"temp37_536",0.00990140769991798,-0.00101433438315576
"temp37_537",0.00936610325120892,0.0006260912709564
"temp37_538",0.00961373685075952,-0.000331075023863122
"temp37_539",0.00998866709975945,-0.00114092071370638
"temp37_540",0.00936193462512081,0.000651527097985118
"temp37_541",0.00997363994139011,-0.00112242424276056
"temp37_542",0.00988421526895579,-0.000985442580413636
"temp37_543",0.00545566205606197,9.37181917538079e-06
"temp37_544",0.0107484807408558,-0.00195654586068024
"temp37_545",0.00987156938313539,-0.00096463576713706
"temp37_546",0.0106001393473274,-0.00184980518588789
"temp37_547",0.0106727599670225,-0.00190648347331928
"temp37_548",0.0105698017968209,-0.00182475251878775
"temp37_549",0.0107296727126922,-0.00194430925352686
"temp37_550",0.00959548892766378,-0.000278916793071372
"temp37_551",0.0106363867222598,-0.00187712164898609
"temp37_552",0.0104111172909842,-0.0016784171280579
"temp37_553",0.0103788473141928,-0.00164086153926243
"temp37_554",0.00954679802295339,-0.000133243675823727
"temp37_555",0.00958890003386427,-0.000256033279176194
"temp37_556",0.0103625183698963,-0.00162143746837599
"temp37_557",0.00416720344881495,-0.00492595378688951
"temp37_558",0.00534152486404047,-9.13431967426128e-05
"temp37_559",0.0108090944424645,-0.00198912406427513
"temp37_560",0.0108483563105571,-0.00201220854756665
"temp37_561",0.0108682605982726,-0.00202310324082021
"temp37_562",0.0101038404530761,-0.00128806637627383
"temp37_563",0.0107705084310435,-0.00196854213428674
"temp37_564",0.010695265975218,-0.00192132159503713
"temp37_565",0.0107891020588247,-0.00197999338362819
"temp37_566",0.010828947779307,-0.00200087951018313
"temp37_567",0.00935080416283311,0.000707398705983239
"temp37_568",0.00934744782902814,0.000731496949279962
"temp37_569",0.00886810473659327,0.000817557322853123
"temp37_570",0.00870774284950636,0.000813132191106185
"temp37_571",0.00840903212822614,0.000790500134716214
"temp37_572",0.0104617657615633,-0.00173000267508157
"temp37_573",0.00980379153512098,-0.00084043147024138
"temp37_574",0.0103473283520701,-0.00160434570689773
"temp37_575",0.00944249658858022,0.000241718843954126
"temp37_576",0.0103326707791347,-0.00158628276268365
"temp37_577",0.00940771790096528,0.00040338526369374
"temp37_578",0.0094383249036117,0.000262966580912889
"temp37_579",0.00943394542669683,0.000283239699580996
"temp37_580",0.00942419773719435,0.000323446343738549
"temp37_581",0.00940421683542376,0.000424555845476532
"temp37_582",0.00939968380540415,0.000444883449087045
"temp37_583",0.00941594252654974,0.000362948687464558
"temp37_584",0.00942031872305118,0.000343604005845204
"temp37_585",0.0094297367671897,0.00030342831240304
"temp37_586",0.00939503211651371,0.000464682779210946
"temp37_587",0.00941132218209468,0.000382865474502551
"temp37_588",0.00995768418038317,-0.00109899055464844
"temp37_589",0.0099462227047314,-0.00107943398691132
"temp37_590",0.0108880531944513,-0.00203495522986285
"temp37_591",0.0105814463111829,-0.00183397665246013
"temp37_592",0.00409564046522503,-0.00467821100284836
"temp37_593",0.0099339589115175,-0.001061285149581
"temp37_594",0.0100788060592905,-0.00125560170691676
"temp37_595",0.0102601980166839,-0.00149796285339883
"temp37_596",0.0100494551070372,-0.00122265028886983
"temp37_597",0.010064902287072,-0.00123809290433285
"temp37_598",0.0102462849336052,-0.00148122377578552
"temp37_599",0.00968848663007293,-0.00054803464521837
"temp37_600",0.00926008433316804,0.0014346111463304
"temp37_601",0.0104780312516959,-0.00174584480859067
"temp37_602",0.010532046975409,-0.00179343659543259
"temp37_603",0.0104959856815273,-0.00176220499533669
"temp37_604",0.00563553522114447,0.000101103065704159
"temp37_605",0.00517670217724824,-0.000191512749579102
"temp37_606",0.00921475931343682,0.00144489475541626
"temp37_607",0.00557617697438117,6.95075082963122e-05
"temp37_608",0.00551658340134308,4.20136248645828e-05
"temp37_609",0.00560627412745101,8.5204643601163e-05
"temp37_610",0.00507331418267018,-0.000262851143930242
"temp37_611",0.00642432023564034,0.000608446282177874
"temp37_612",0.00630726597208486,0.000539095831367643
"temp37_613",0.0060801808600454,0.00038512880836219
"temp37_614",0.00548732652393467,2.75967952727603e-05
"temp37_615",0.00892268879825977,0.00147704784130715
"temp37_616",0.00604994299366413,0.000365265286829434
"temp37_617",0.00601986036901841,0.000345898612883983
"temp37_618",0.00627615492205069,0.00052107948342308
"temp37_619",0.00888309163005479,0.00147679197342996
"temp37_620",0.00861021855416602,0.00143926523810096
"temp37_621",0.00845839337986327,0.00139694495619828
"temp37_622",0.00880804061347963,0.00147244040308064
"temp37_623",0.00857272343281081,0.0014306312500795
"temp37_624",0.00934442099557681,0.000754346337474114
"temp37_625",0.00934052071356195,0.000775368305458208
"temp37_626",0.00920019094180326,0.000790410149572563
"temp37_627",0.0093812429077035,0.000530318336901047
"temp37_628",0.00937787607746397,0.000551690831959285
"temp37_629",0.00649279895551388,0.000423382192871
"temp37_630",0.00625724442564238,0.000329955708091148
"temp37_631",0.00602517970587617,0.000224000606703347
"temp37_632",0.00637591389178658,0.000379049880583318
"temp37_633",0.00614034849140656,0.000278266923247324
"temp37_634",0.00591173385978617,0.000173169268257858
"temp37_635",0.0107085857110313,-0.00193154197385651
"temp37_636",0.00449704636205046,-0.00606696088041748
"temp37_637",0.00442714095523398,-0.00581734996853742
"temp37_638",0.00448298351827476,-0.00600638646915917
"temp37_639",0.00446653561770466,-0.00594502167092256
"temp37_640",0.0044904134178383,-0.0060372147685586
"temp37_641",0.00440901083861512,-0.0057574455851719
"temp37_642",0.00445540715700951,-0.0059121031227778
"temp37_643",0.00439038765625132,-0.00569856247784598
"temp37_644",0.00441672589077421,-0.00578702193859673
"temp37_645",0.00444483063309097,-0.00588035942673472
"temp37_646",0.00447611637693338,-0.00597670650030873
"temp37_647",0.00438173994154955,-0.00566890139311134
"temp37_648",0.0043731433675349,-0.00563939160047958
"temp37_649",0.00439963225117162,-0.00572837278209694
"temp37_650",0.00443640444633839,-0.00584816657978331
"temp37_651",0.00971695326653183,-0.000625729512026272
"temp37_652",0.00982620287590479,-0.00088423769691885
"temp37_653",0.00983537448109534,-0.000901961720262819
"temp37_654",0.00436390145848571,-0.00560841502662654
"temp37_655",0.00971020290514639,-0.000606224546829471
"temp37_656",0.00970325996514233,-0.000587349247966355
"temp37_657",0.00981683252650362,-0.000866857243443638
"temp37_658",0.00969587615488795,-0.000568188372228325
"temp37_659",0.00460111691113228,-0.00655348843317258
"temp37_660",0.00454676566713331,-0.00630555001567186
"temp37_661",0.00458545910100054,-0.00649071354487353
"temp37_662",0.00459362726477372,-0.00652238044759386
"temp37_663",0.00457099602019375,-0.00642777696533015
"temp37_664",0.00558131867230653,3.07648253677467e-05
"temp37_665",0.00452333167034409,-0.00618458543358025
"temp37_666",0.00454099001253906,-0.00627486755604467
"temp37_667",0.00453646548319621,-0.00624534484478417
"temp37_668",0.00456295402485702,-0.00639723438316849
"temp37_669",0.00455657659909364,-0.00636722854721538
"temp37_670",0.00457757711373445,-0.00645988592790627
"temp37_671",0.00547935729925065,-2.04881483680493e-05
"temp37_672",0.00451011843737832,-0.00612522927832029
"temp37_673",0.00453070782800726,-0.0062144030742559
"temp37_674",0.00451609065477394,-0.00615522983734092
"temp37_675",0.00455177307447748,-0.00633586428060961
"temp37_676",0.00527803314871393,-0.000131897087142002
"temp37_677",0.00450450432795301,-0.00609668773975606
"temp37_678",0.0102335641414507,-0.00146609249595105
"temp37_679",0.0102222888505145,-0.00145007664685461
"temp37_680",0.0051195683583308,-0.000209927955985032
"temp37_681",0.0095147515933158,-3.18264872047552e-05
"temp37_682",0.00955941927164532,-0.000169185310559311
"temp37_683",0.00947820368430596,0.000106345811091437
"temp37_684",0.00949560871006233,3.71616964020389e-05
"temp37_685",0.00955363627264554,-0.000152099859356099
"temp37_686",0.00953727215465378,-0.000100472870272884
"temp37_687",0.0095095424565076,-1.50782816055259e-05
"temp37_688",0.00950452743743404,2.1430391086513e-06
"temp37_689",0.00884304612327036,0.00147438006241556
"temp37_690",0.0097742472963218,-0.00077227946200631
"temp37_691",0.00949984181402946,1.98666992158248e-05
"temp37_692",0.00952631449173642,-6.62711605577282e-05
"temp37_693",0.00953163576467031,-8.38359811976872e-05
"temp37_694",0.0094732098270082,0.000122378512988845
"temp37_695",0.00946814961041231,0.000139283927734083
"temp37_696",0.00949110061564399,5.50104455677638e-05
"temp37_697",0.00948703944101064,7.24195628669574e-05
"temp37_698",0.00945753766521659,0.000171379972388034
"temp37_699",0.00976754033589592,-0.000755628329156949
"temp37_700",0.00976051824348871,-0.000738075452377981
"temp37_701",0.00856985011656077,0.000804430175645259
"temp37_702",0.00946293994705726,0.000155251165379354
"temp37_703",0.00952038735278972,-4.88906736780943e-05
"temp37_704",0.00945366373288906,0.000188303644465586
"temp37_705",0.00948245006099928,8.84410786761659e-05
"temp37_706",0.00975334133039191,-0.000719968887504183
"temp37_707",0.00958210148713265,-0.000236993968803055
"temp37_708",0.0093707844126269,0.000604762733609237
"temp37_709",0.00501445381217678,-0.000289837232694715
"temp37_710",0.00542654403678324,-7.26091903578507e-06
"temp37_711",0.00435492596841981,-0.00557958021846025
"temp37_712",0.00499107818664499,-0.000307797837020111
"temp37_713",0.00432348392470841,-0.00547324198959591
"temp37_714",0.0043387111311828,-0.00552585557110869
"temp37_715",0.00434821593003719,-0.00555238029730965
"temp37_716",0.00944999350770606,0.000206642681606106
"temp37_717",0.0040229668544615,-0.00447395084055349
"temp37_718",0.00431715039868323,-0.00544718088995804
"temp37_719",0.00433185245030369,-0.00549983430780899
"temp37_720",0.00944660844878265,0.000223407468589305
"temp37_721",0.00378934588527239,-0.00388950891435618
"temp37_722",0.00410240657845492,-0.00470518736967664
"temp37_723",0.0040876036207398,-0.00465120779573747
"temp37_724",0.00992346089491069,-0.0010441506076507
"temp37_725",0.00991366765980609,-0.00103073979580766
"temp37_726",0.0100915957709786,-0.00127170257900159
"temp37_727",0.00978880343837453,-0.000805085386704795
"temp37_728",0.00979619897828732,-0.000820862224534979
"temp37_729",0.00978165308489,-0.000788926459468394
"temp37_730",0.00735378086106776,0.000631656041610868
"temp37_731",0.00816432522112714,0.000762523493744782
"temp37_732",0.00781214357532206,0.000725388564038624
"temp37_733",0.00804788160111553,0.000751491516884379
"temp37_734",0.00724197952806879,0.000610295798836509
"temp37_735",0.00712978891858525,0.000591758887017475
"temp37_736",0.00690926095089492,0.000552769737960266
"temp37_737",0.00954245572739865,-0.000118256219824087
"temp37_738",0.00792814305069831,0.000743043116854385
"temp37_739",0.00769381107255351,0.000707869412602058
"temp37_740",0.00757673882365571,0.00068862883315083
"temp37_741",0.00701768322808285,0.00057282224094517
"temp37_742",0.00669774364332658,0.000509057844165025
"temp37_743",0.0068024068304376,0.000537598976355103
"temp37_744",0.00746385160885175,0.000658144728186221
"temp37_745",0.00659875082085099,0.000469832283313287
"temp37_746",0.00964758074685158,-0.00042862078895384
"temp37_747",0.0091738094078019,0.00145325653107497
"temp37_748",0.00831088602798639,0.00135170583669938
"temp37_749",0.00739110087277014,0.00105979517936709
"temp37_750",0.0033914915123336,-0.00237312419541742
"temp37_751",0.00964211948965494,-0.000411729254040714
"temp37_752",0.00963617093189364,-0.000395342950729899
"temp37_753",0.00913718793349079,0.00145881018427359
"temp37_754",0.00695417338692208,0.000878580841493291
"temp37_755",0.00411518058897105,-0.00105666081729453
"temp37_756",0.00825186511801283,0.00133559592805804
"temp37_757",0.00783234718265009,0.00122701045854831
"temp37_758",0.00819449893540701,0.00131843565167444
"temp37_759",0.00854019762161725,0.00142204223681784
"temp37_760",0.00376519732894353,-0.00170175737445573
"temp37_761",0.00736435298525665,0.00104848290448382
"temp37_762",0.00351409743685285,-0.0021442711914621
"temp37_763",0.0080756574230142,0.00128836131152444
"temp37_764",0.00342013550179813,-0.00231656722218812
"temp37_765",0.00654391519226807,0.000676822537956325
"temp37_766",0.0082812502090939,0.00134164070717963
"temp37_767",0.00340589201279984,-0.00234513065753964
"temp37_768",0.00717231437993077,0.000977367935616179
"temp37_769",0.00349723082565418,-0.00217290458734075
"temp37_770",0.00733674313237885,0.00103790571837586
"temp37_771",0.00728341767132976,0.00101847758315531
"temp37_772",0.00963110610626415,-0.000377972797542664
"temp37_773",0.00394074003639205,-0.00137137204107626
"temp37_774",0.004315025170218,-0.000785744640072816
"temp37_775",0.00348086922069755,-0.0022034291767278
"temp37_776",0.00370457393441549,-0.00181704135299454
"temp37_777",0.00731014356789441,0.00102910332892929
"temp37_778",0.00413251574781736,-0.00103244777128062
"temp37_779",0.00344946964087401,-0.00226221812813548
"temp37_780",0.0086857854626319,0.0014553709168891
"temp37_781",0.0035317472837103,-0.00211701192813418
"temp37_782",0.00851204657304077,0.00141374155959158
"temp37_783",0.00777639630285088,0.00120792114565979
"temp37_784",0.00540269163380153,-2.17252952354692e-05
"temp37_785",0.00760665043400927,0.00115082641888872
"temp37_786",0.00714468169460753,0.00096547924333303
"temp37_787",0.00842634903665587,0.00138668478499871
"temp37_788",0.00706258834768032,0.000926508792568852
"temp37_789",0.00674250219826436,0.000780273011833304
"temp37_790",0.00379726396236593,-0.00164715018974866
"temp37_791",0.00651936252300137,0.00066337690691397
"temp37_792",0.00822291445700186,0.00132736670898164
"temp37_793",0.00382814674996546,-0.00159209442463817
"temp37_794",0.00343540809842496,-0.00228921886006733
"temp37_795",0.00417977690115606,-0.00095885969780035
"temp37_796",0.00354901157826572,-0.00208943620598692
"temp37_797",0.00378038828121652,-0.0016740752476996
"temp37_798",0.0035816050079041,-0.00203222967414322
"temp37_799",0.00689924755449149,0.000855423475323032
"temp37_800",0.00795146078619033,0.00125937266096589
"temp37_801",0.00692723526968307,0.000868436249071308
"temp37_802",0.00771936688610532,0.00118786392469817
"temp37_803",0.00414952172734522,-0.00100957966396854
"temp37_804",0.00684570292338261,0.000829134106921715
"temp37_805",0.00801400347656262,0.00127446736463
"temp37_806",0.00711672025889873,0.000953355713481731
"temp37_807",0.00813531243481932,0.00130165225357849
"temp37_808",0.00816501525044375,0.00130898821039189
"temp37_809",0.00804472465712664,0.00128173552936958
"temp37_810",0.00780404359389142,0.00121790331488595
"temp37_811",0.00725598275930084,0.00100817875006571
"temp37_812",0.00722809693370917,0.000998231552930995
"temp37_813",0.00960606017292665,-0.000312020107351357
"temp37_814",0.00720022361315926,0.000989627676252347
"temp37_815",0.00624961642578189,0.000502873332752494
"temp37_816",0.00391297227197283,-0.00142594334461674
"temp37_817",0.00428065104061509,-0.000828171811334579
"temp37_818",0.00531217940004162,-7.76169008764948e-05
"temp37_819",0.00496944242725709,-0.000324928415429305
"temp37_820",0.00471500181099805,-0.000449974212731684
"temp37_821",0.00469119976313574,-0.000460778005861077
"temp37_822",0.00422958091438439,-0.00089202142412583
"temp37_823",0.00416489713074855,-0.000984224748264385
"temp37_824",0.0038719185021417,-0.00150904171322153
"temp37_825",0.00433329921321393,-0.000764695969515115
"temp37_826",0.00769122984968188,0.00117823974942546
"temp37_827",0.0035653524196247,-0.00206080448595257
"temp37_828",0.00647048080454823,0.00063633012831392
"temp37_829",0.00810563400660579,0.00129507265190626
"temp37_830",0.00396837917305128,-0.00131767416780192
"temp37_831",0.00798255010627344,0.00126624613174511
"temp37_832",0.00596267170099035,0.000307853859863558
"temp37_833",0.00381232269978075,-0.0016196345010566
"temp37_834",0.00402365053279597,-0.00121077840726819
"temp37_835",0.00346474089319763,-0.00223341374836861
"temp37_836",0.00373339626643053,-0.00175890843672404
"temp37_837",0.00766325512375419,0.001168852285906
"temp37_838",0.00361146028285402,-0.00197869872645541
"temp37_839",0.00367694828289484,-0.00187562262263256
"temp37_840",0.00639655556959101,0.000592463686252535
"temp37_841",0.00384313139023239,-0.00156409958803806
"temp37_842",0.00371893656038511,-0.00178762548058584
"temp37_843",0.00419569052066663,-0.00093577096172494
"temp37_844",0.00789115251604742,0.00124436920121225
"temp37_845",0.00359723459809793,-0.00200480813489046
"temp37_846",0.00755290802973467,0.00112784181372007
"temp37_847",0.00435218274699142,-0.000744449998452247
"temp37_848",0.0070355393849853,0.000914915432176295
"temp37_849",0.00687247004410246,0.000841409439534024
"temp37_850",0.00669243526239056,0.000753228237509357
"temp37_851",0.00537906958584926,-3.43550408699835e-05
"temp37_852",0.00836928509642871,0.00136825145422927
"temp37_853",0.00774776126994746,0.00119808036586854
"temp37_854",0.00395394805051509,-0.00134457292097085
"temp37_855",0.00522498636589559,-0.000137883641199841
"temp37_856",0.00679374064947965,0.000805677820221949
"temp37_857",0.00671742283789827,0.000768050714564809
"temp37_858",0.00700866407403306,0.000903853065957514
"temp37_859",0.00681903431671524,0.000815205664690759
"temp37_860",0.00708979090610099,0.000938677129305019
"temp37_861",0.00757912421182607,0.00113865864324064
"temp37_862",0.00792144340549537,0.00125136520105851
"temp37_863",0.00749910138650145,0.00110314257461864
"temp37_864",0.00664272979762816,0.000727041573072668
"temp37_865",0.00392649988799243,-0.00139732465426072
"temp37_866",0.00429735906499567,-0.000806188201127475
"temp37_867",0.00622598811977329,0.000486582023675257
"temp37_868",0.00494800522275991,-0.000340219247584749
"temp37_869",0.00476372751260403,-0.000431915424929072
"temp37_870",0.00492817205782577,-0.000357210783088215
"temp37_871",0.00473921502432994,-0.000440763443695363
"temp37_872",0.00462012709717316,-0.000494726156113074
"temp37_873",0.00747288014206257,0.00109197692998891
"temp37_874",0.00446461943391422,-0.000628507205954698
"temp37_875",0.00454133275499586,-0.000561106461013206
"temp37_876",0.00526828736903436,-0.00010888796374164
"temp37_877",0.00466763152565625,-0.000470584659743425
"temp37_878",0.00698132640618924,0.000892229891893566
"temp37_879",0.00437021592378771,-0.000723756029572474
"temp37_880",0.00385825845329956,-0.00153676039792954
"temp37_881",0.00399602320662915,-0.00126439964716807
"temp37_882",0.00364433616201622,-0.00192649199312077
"temp37_883",0.00421266107344199,-0.000913919688148406
"temp37_884",0.00593839173916217,0.00029280023982001
"temp37_885",0.00520442190675472,-0.000153846728963224
"temp37_886",0.00834076612388232,0.00135991491435597
"temp37_887",0.00405369118150163,-0.00115900165134822
"temp37_888",0.00374904603654437,-0.00172929173349587
"temp37_889",0.00388600051738273,-0.00148276149433309
"temp37_890",0.00403797756170509,-0.0011836433429323
"temp37_891",0.00362724988192744,-0.00195256438390067
"temp37_892",0.00424627543739242,-0.000871507932569336
"temp37_893",0.00398198329034082,-0.00129088351199118
"temp37_894",0.00369084163607102,-0.00184740268542484
"temp37_895",0.00676800646093857,0.000792081332538543
"temp37_896",0.00752592826306068,0.00111676441616567
"temp37_897",0.00786161476812698,0.00123548404737703
"temp37_898",0.00763476336838492,0.00115860570429383
"temp37_899",0.00666697814953245,0.000740603069579683
"temp37_900",0.00661824558576078,0.000713640889204206
"temp37_901",0.00659245521603781,0.00070189250689931
"temp37_902",0.00744540783364375,0.00108204794483367
"temp37_903",0.00902873996578722,0.000804846322742811
"temp37_904",0.00742243527190687,0.000646164570379079
"temp37_905",0.00656265354959934,0.000452890577349593
"temp37_906",0.00486166054608928,-0.000401740478832699
"temp37_907",0.00478863428941428,-0.00042425124442675
"temp37_908",0.00490609704705798,-0.000372367580894917
"temp37_909",0.00483823834523426,-0.000409423787147302
"temp37_910",0.00524645529837987,-0.000123622287869353
"temp37_911",0.00448342281690766,-0.000611210929144093
"temp37_912",0.00438868281164535,-0.000704091879361023
"temp37_913",0.00450309326544918,-0.0005950463443779
"temp37_914",0.0045601015430674,-0.000542870577033823
"temp37_915",0.00408362429310773,-0.00110568221118182
"temp37_916",0.00464341247307495,-0.000482704118795973
"temp37_917",0.00457986811567464,-0.000527260073522155
"temp37_918",0.00589186227256401,0.000260986501239808
"temp37_919",0.00516105826995059,-0.000182469850148748
"temp37_920",0.00509652222810955,-0.000226381507484476
"temp37_921",0.00406715417803771,-0.00113071731966754
"temp37_922",0.00400994181187544,-0.00123772771350333
"temp37_923",0.0036605231114111,-0.00190215565055428
"temp37_924",0.00426323598689115,-0.000849382393942835
"temp37_925",0.00389954118557762,-0.00145551904135837
"temp37_926",0.00414263702303283,-0.00483783639217337
"temp37_927",0.00481273127317563,-0.000415459545356653
"temp37_928",0.00452257521380444,-0.000579119292239561
"temp37_929",0.00440785238035347,-0.00068543757672984
"temp37_930",0.00459877389347594,-0.000509604420472159
"temp37_931",0.00442719614741717,-0.000666453211118743
"temp37_932",0.00409939844641269,-0.00108042614122917
"temp37_933",0.00444554577542753,-0.000646836671985657
"temp37_934",0.00337629172002152,-0.00244468882646002
"temp37_935",0.0059929828345451,0.000329111799355142
"temp37_936",0.00567861762787501,7.44502774439439e-05
"temp37_937",0.00366823923817056,-0.00353512236907121
"temp37_938",0.00364494594577727,-0.00345422913407618
"temp37_939",0.0053841926335835,-6.84134791794392e-05
"temp37_940",0.0041478699684459,-0.00485762836022991
"temp37_941",0.0101946249972523,-0.00141162407139888
"temp37_942",0.00413514615652706,-0.00481524219428962
"temp37_943",0.00957932834315649,-0.000227381873080498
"temp37_944",0.0101849924856305,-0.00139759137897784
"temp37_945",0.0101747483941556,-0.00138509831578403
"temp37_946",0.00957439810593188,-0.000213323056601488
"temp37_947",0.00956951951118981,-0.000199058326654731
"temp37_948",0.0101644920599306,-0.00137204504712845
"temp37_949",0.00956498574847739,-0.000184500676049673
"temp37_950",0.00405226842133446,-0.00454732941233945
"temp37_951",0.0097468118153223,-0.000702756619489716
"temp37_952",0.00974115112494203,-0.000686793825135326
"temp37_953",0.00973536220701924,-0.00067172240666201
"temp37_954",0.00935819254924234,0.000671564421138993
"temp37_955",0.00972927328323359,-0.000656975503173978
"temp37_956",0.00935448027214433,0.000686564221845591
"temp37_957",0.0097227820149979,-0.000642777828568254
"temp37_958",0.00505429621804849,-0.000258892386955876
"temp37_959",0.0050359559526801,-0.000273174238584638
"temp37_960",0.00871696909298698,0.00146043848240906
"temp37_961",0.00937155351502491,0.000596367664922307
"temp37_962",0.00938850003878955,0.000491329641361707
"temp37_963",0.0103203383062378,-0.00157155957900118
"temp37_964",0.0103012957994162,-0.00154746593475365
"temp37_965",0.00591407095830578,0.000274686838455575
"temp37_966",0.00999286077398016,-0.0011474699169387
"temp37_967",0.0103110501627105,-0.00155973103358669
"temp37_968",0.010281271006281,-0.00152519353041382
"temp37_969",0.0102916759070222,-0.00153601800654609
"temp37_970",0.009861939585113,-0.000947065011365859
"temp37_971",0.0102714451839736,-0.00151268412513806
"temp37_972",0.00909339132228177,0.00146488208609688
"temp37_973",0.00637059831008902,0.000575771832308047
"temp37_974",0.00585896126550153,0.000237232336666634
"temp37_975",0.00619849639207243,0.000466032172958299
"temp37_976",0.00906122527422056,0.00146855997731852
"temp37_977",0.00583868703271429,0.000222615547596533
"temp37_978",0.00581733690083088,0.000208619725313405
"temp37_979",0.00617720487349537,0.000452397205354718
"temp37_980",0.00514073093746136,-0.000194358948057663
"temp37_981",0.00579695645803043,0.000196577549043806
"temp37_982",0.00572865993731337,0.000154549781380531
"temp37_983",0.00876858050438404,0.0014679053936405
"temp37_984",0.00874365169010996,0.00146480655349627
"temp37_985",0.00370342713511426,-0.00363757062929039
"temp37_986",0.00498662138995444,-0.000322525680226489
"temp37_987",0.00985416461711785,-0.000934899870951547
"temp37_988",0.00962595041753021,-0.000362702735161922
"temp37_989",0.00962075712300223,-0.00034939772562309
"temp37_990",0.0102120540671176,-0.00143590539791187
"temp37_991",0.0037519552626645,-0.00377992205141729
"temp37_992",0.0102034088868594,-0.00142440371144763
"temp37_993",0.00827786779538328,0.000775081791229049
"temp37_994",0.0101234361047991,-0.00131495180423162
"temp37_995",0.0101150482526477,-0.00130314499177603
"temp37_996",0.00491807969855482,-0.000369262819433338
"temp37_997",0.00415328354021569,-0.00487643527784812
"temp37_998",0.0111018210302687,-0.00212816258421447
"temp37_999",0.0110883372173141,-0.00212407533047504
"temp37_1000",0.0110749750116199,-0.00211872048876602
