fig|267671.5.peg.6|LIC10002	lil:LA_0002	100	373	0	0	1	373	1	373	6.09e-257	704
fig|267671.5.peg.11|LIC10007	afu:AF_0745	22.8	219	131	7	63	256	88	293	1.26e-06	55.5
fig|267671.5.peg.17|LIC10014	lil:LA_0014	100	362	0	0	1	362	1	362	4.67e-260	711
fig|267671.5.peg.22|LIC10019	lil:LA_0020	100	247	0	0	1	247	1	247	1.33e-174	485
fig|267671.5.peg.29|LIC10024	lil:LA_0027	99.7	758	2	0	1	758	1	758	0.0	1463
fig|267671.5.peg.35|LIC10029	lil:LA_0033	100	282	0	0	1	282	1	282	1.06e-202	559
fig|267671.5.peg.37|LIC10031	lic:LIC_10031	100	658	0	0	1	658	1	658	0.0	1367
fig|267671.5.peg.39|LIC10033	lagg:B0E33_08875	31.4	137	65	3	39	173	44	153	6.48e-11	66.2
fig|267671.5.peg.43|LIC10037	reh:H16_A3737	31.2	513	320	13	33	527	29	526	3.34e-64	223
fig|267671.5.peg.46|LIC10039	lic:LIC_10039	100	234	0	0	1	234	1	234	1.83e-170	473
fig|267671.5.peg.47|LIC10040	lic:LIC_10040	100	322	0	0	1	322	1	322	6.52e-224	616
fig|267671.5.peg.50|LIC10043	apai:APAC_0499	39.6	96	58	0	3	98	157	252	1.91e-17	90.9
fig|267671.5.peg.53|LIC10045	lil:LA_0051	100	312	0	0	1	312	1	312	3.54e-232	636
fig|267671.5.peg.54|LIC10046	lil:LA_0052	100	389	0	0	1	389	1	389	1.25e-264	724
fig|267671.5.peg.55|LIC10047	ceb:B0D95_03505	29.9	177	109	6	5	173	8	177	2.70e-11	64.7
fig|267671.5.peg.56|LIC10048	lic:LIC_10048	100	439	0	0	1	439	1	439	0.0	870
fig|267671.5.peg.58|LIC10050	hyf:DTO96_101282	36.5	104	66	0	584	687	1155	1258	2.10e-10	70.9
fig|267671.5.peg.59|LIC10051	lil:LA_0057	100	280	0	0	1	280	1	280	9.00e-194	536
fig|267671.5.peg.61|LIC10052	seon:BWZ22_11605	31.3	80	55	0	188	267	239	318	4.07e-04	48.5
fig|267671.5.peg.64|LIC10055	lil:LA_0062	100	235	0	0	1	235	1	235	9.38e-169	469
fig|267671.5.peg.70|LIC10060	rev:HUE57_01805	43.2	95	54	0	497	591	358	452	3.48e-13	80.5
fig|267671.5.peg.74|LIC10063	rev:HUE57_01805	49.0	98	46	3	418	513	358	453	1.16e-14	85.1
fig|267671.5.peg.76|LIC10065	lil:LA_0072	100	173	0	0	1	173	1	173	5.27e-124	351
fig|267671.5.peg.77|LIC10066	lkm:EFP84_11195	87.3	260	33	0	1	260	1	260	6.27e-159	446
fig|267671.5.peg.82|LIC10071	grs:C7S20_17155	25.9	255	135	8	1	247	1	209	4.28e-06	55.8
fig|267671.5.peg.84|LIC10072	lil:LA_0080	100	249	0	0	1	249	1	249	1.55e-174	485
fig|267671.5.peg.85|LIC10073	lie:LIF_A0072	100	283	0	0	1	283	1	283	1.65e-211	581
fig|267671.5.peg.86|LIC10074	lic:LIC_10074	100	281	0	0	1	281	1	281	1.52e-206	568
fig|267671.5.peg.87|LIC10075	lie:LIF_A0074	100	234	0	0	1	234	1	234	5.87e-167	464
fig|267671.5.peg.93|LIC10079	paeu:BN889_05176	42.0	150	87	0	28	177	193	342	1.61e-33	126
fig|267671.5.peg.97|LIC10086	mfe:Mefer_1472	31.3	128	79	5	235	360	24	144	7.25e-04	46.6
fig|267671.5.peg.103|LIC10092	lic:LIC_10092	100	285	0	0	1	285	1	285	2.01e-213	586
fig|267671.5.peg.105|LIC10094	lic:LIC_10094	100	683	0	0	1	683	3	685	0.0	1332
fig|267671.5.peg.107|LIC10096	lil:LA_0108	100	219	0	0	1	219	1	219	1.46e-164	457
fig|267671.5.peg.109|LIC10098	lic:LIC_10098	100	591	0	0	1	591	1	591	0.0	1181
fig|267671.5.peg.110|LIC10099	mbu:Mbur_1899	37.6	218	125	4	491	707	250	457	4.41e-34	142
fig|267671.5.peg.112|LIC10101	lic:LIC_10101	100	500	0	0	1	500	1	500	0.0	987
fig|267671.5.peg.122|LIC10112	lil:LA_0124	100	206	0	0	1	206	1	206	7.82e-149	416
fig|267671.5.peg.123|LIC10113	lil:LA_0125	100	210	0	0	1	210	1	210	5.09e-156	435
fig|267671.5.peg.124|LIC10114	lil:LA_0126	100	241	0	0	1	241	1	241	6.32e-170	473
fig|267671.5.peg.128|LIC10118	lic:LIC_10118	100	273	0	0	1	273	1	273	9.16e-179	498
fig|267671.5.peg.131|LIC10120	oxy:HCG48_15465	30.3	373	155	12	222	559	443	745	6.21e-29	128
fig|267671.5.peg.132|LIC10121	lic:LIC_10121	100	318	0	0	1	318	1	318	2.37e-224	617
fig|267671.5.peg.136|LIC10125	hadh:FRZ61_40400	26.9	119	87	0	713	831	700	818	2.84e-04	52.0
fig|267671.5.peg.138|LIC10127	ccl:Clocl_1669	29.7	155	88	7	49	195	21	162	2.56e-08	59.7
fig|267671.5.peg.141|LIC10130	ran:Riean_0111	29.6	179	111	7	35	207	220	389	2.87e-07	56.2
fig|267671.5.peg.142|LIC10131	lic:LIC_10131	100	433	0	0	1	433	1	433	0.0	885
fig|267671.5.peg.143|LIC10132	cbi:CLJ_B0032	50.2	247	122	1	343	588	63	309	8.36e-65	233
fig|267671.5.peg.148|LIC10136	pth:PTH_0951	31.3	217	127	5	386	591	16	221	9.48e-20	99.8
fig|267671.5.peg.154|LIC10140	lil:LA_0157	100	380	0	0	1	380	1	380	8.33e-279	759
fig|267671.5.peg.155|LIC10141	dao:Desac_2111	39.3	270	156	5	1	268	1	264	4.80e-59	214
fig|267671.5.peg.164|LIC10150	lil:LA_0171	100	417	0	0	1	417	1	417	2.55e-310	842
fig|267671.5.peg.173|LIC10159	lic:LIC_10159	100	456	0	0	1	456	1	456	0.0	875
fig|267671.5.peg.174|LIC10160	lil:LA_0181	100	420	0	0	1	420	1	420	9.49e-303	823
fig|267671.5.peg.178|LIC10162	lil:LA_0185	100	464	0	0	1	464	1	464	0.0	907
fig|267671.5.peg.216|LIC10191	hhy:Halhy_4875	42.1	76	36	3	114	187	422	491	4.27e-08	58.2
fig|267671.5.peg.217|LIC10192	hhm:BN341_18130	30.1	163	94	6	93	248	80	229	2.53e-08	61.2
fig|267671.5.peg.218|LIC10193	lic:LIC_10193	100	280	0	0	1	280	1	280	6.22e-210	577
fig|267671.5.peg.219|LIC10194	amyt:AMYT_0392	39.6	230	117	4	9	238	3	210	1.14e-42	149
fig|267671.5.peg.221|LIC10196	chd:Calhy_1552	29.5	258	168	5	1	252	1	250	8.34e-27	111
fig|267671.5.peg.223|LIC10198	lil:LA_0229	100	271	0	0	1	271	1	271	4.35e-201	554
fig|267671.5.peg.225|LIC10199	bmet:BMMGA3_11710	31.9	160	98	6	270	421	626	782	1.90e-08	63.2
fig|267671.5.peg.226|LIC10200	pbf:CFX0092_A3065	32.2	335	213	4	4	332	24	350	2.18e-49	174
fig|267671.5.peg.227|LIC10201	pbf:CFX0092_A3065	28.7	328	218	8	3	326	24	339	2.17e-22	102
fig|267671.5.peg.229|LIC10203	lil:LA_0235	100	321	0	0	1	321	1	321	1.91e-236	647
fig|267671.5.peg.230|LIC10204	lil:LA_0237	100	237	0	0	1	237	53	289	1.28e-161	453
fig|267671.5.peg.232|LIC10205	lil:LA_0238	100	315	0	0	1	315	1	315	1.02e-212	587
fig|267671.5.peg.236|LIC10208	lil:LA_0242	100	321	0	0	1	321	1	321	4.36e-242	662
fig|267671.5.peg.237|LIC10209	lic:LIC_10209	100	534	0	0	1	534	1	534	0.0	1063
fig|267671.5.peg.238|LIC10210	lil:LA_0244	99.5	186	1	0	1	186	29	214	1.06e-129	367
fig|267671.5.peg.245|LIC10216	lil:LA_0251	100	530	0	0	1	530	1	530	0.0	1087
fig|267671.5.peg.249|LIC10220	ckl:CKL_3081	22.2	261	161	9	11	254	9	244	3.09e-04	47.4
fig|267671.5.peg.250|LIC10221	lic:LIC_10221	100	486	0	0	1	486	1	486	0.0	946
fig|267671.5.peg.251|LIC10222	lic:LIC_10222	100	1136	0	0	1	1136	38	1173	0.0	2206
fig|267671.5.peg.256|LIC10224	hmo:HM1_1592	36.4	99	48	5	36	131	499	585	7.95e-08	59.3
fig|267671.5.peg.271|LIC10233	aai:AARI_04680	31.1	180	118	2	27	202	15	192	8.68e-18	87.4
fig|267671.5.peg.276|LIC10237	caby:Cabys_2095	30.4	125	82	2	194	313	31	155	4.34e-09	64.7
fig|267671.5.peg.287|LIC10245	lis:LIL_10245	99.6	712	3	0	1	712	1	712	0.0	1384
fig|267671.5.peg.290|LIC10249	kci:CKCE_0355	26.4	144	96	4	238	373	35	176	7.97e-04	46.2
fig|267671.5.peg.294|LIC10253	lil:LA_0296	100	415	0	0	1	415	1	415	0.0	862
fig|267671.5.peg.295|LIC10254	sth:STH1805	32.8	122	73	3	75	193	319	434	1.75e-11	68.6
fig|267671.5.peg.298|LIC10257	rme:Rmet_0810	33.8	142	88	4	2	141	5	142	4.84e-16	77.8
fig|267671.5.peg.308|LIC10266	mvo:Mvol_0397	23.3	202	129	2	85	286	23	198	1.60e-08	59.7
fig|267671.5.peg.309|LIC10268	caby:Cabys_2095	35.4	96	56	1	19	114	36	125	3.42e-10	65.1
fig|267671.5.peg.311|LIC10270	lic:LIC_10270	100	416	0	0	1	416	1	416	2.35e-310	842
fig|267671.5.peg.313|LIC10272	nmv:NITMOv2_0338	34.4	192	107	8	1	177	1	188	2.91e-11	73.2
fig|267671.5.peg.319|LIC10277	rau:MC5_02555	33.9	115	68	3	6	112	9	123	1.75e-05	51.6
fig|267671.5.peg.327|LIC10282	lil:LA_0325	100	340	0	0	1	340	1	340	2.73e-241	661
fig|267671.5.peg.328|LIC10283	lil:LA_0326	99.7	313	1	0	1	313	1	313	7.63e-223	612
fig|267671.5.peg.331|LIC10286	lic:LIC_10286	100	838	0	0	1	838	1	838	0.0	1698
fig|267671.5.peg.334|LIC10287	lil:LA_0332	100	128	0	0	1	128	1	128	4.82e-96	276
fig|267671.5.peg.335|LIC10288	lil:LA_0333	100	242	0	0	1	242	1	242	2.04e-171	476
fig|267671.5.peg.336|LIC10289	lil:LA_0334	100	94	0	0	1	94	1	94	5.24e-57	175
fig|267671.5.peg.337|LIC10290	lil:LA_0335	100	466	0	0	1	466	1	466	0.0	872
fig|267671.5.peg.343|LIC10293	lic:LIC_10293	100	331	0	0	1	331	1	331	6.42e-240	657
fig|267671.5.peg.345|LIC10294	tto:Thethe_02117	45.8	131	70	1	33	162	185	315	4.32e-22	95.5
fig|267671.5.peg.356|LIC10302	mthd:A3224_11795	24.2	223	154	7	96	309	34	250	1.38e-07	59.7
fig|267671.5.peg.365|LIC10309	lic:LIC_10309	100	964	0	0	1	964	1	964	0.0	1932
fig|267671.5.peg.366|LIC10310	lil:LA_0361	100	130	0	0	1	130	1	130	1.43e-89	260
fig|267671.5.peg.367|LIC10311	lil:LA_0362	100	396	0	0	1	396	1	396	8.60e-296	804
fig|267671.5.peg.372|LIC10315	lil:LA_0366	100	363	0	0	1	363	13	375	4.10e-262	716
fig|267671.5.peg.374|LIC10317	lil:LA_0369	100	145	0	0	1	145	1	145	2.66e-99	286
fig|267671.5.peg.381|LIC10323	aft:BBF96_06095	35.5	307	174	4	2	306	3	287	2.45e-57	192
fig|267671.5.peg.385|LIC10327	mpi:Mpet_0440	28.9	135	89	2	15	149	40	167	4.14e-05	48.9
fig|267671.5.peg.390|LIC10331	agv:OJF2_64560	35.1	185	102	2	2	168	182	366	1.88e-20	98.6
fig|267671.5.peg.395|LIC10336	geo:Geob_0659	23.7	198	142	5	136	329	202	394	3.99e-07	58.5
fig|267671.5.peg.409|LIC10350	ndv:NDEV_0242	43.3	67	34	2	3	66	4	69	2.35e-06	51.2
fig|267671.5.peg.411|LIC10351	aai:AARI_04680	27.0	200	138	2	24	216	18	216	2.90e-16	85.1
fig|267671.5.peg.413|LIC10353	dsf:UWK_03168	27.9	240	164	5	229	462	1	237	2.48e-20	100
fig|267671.5.peg.417|LIC10357	lic:LIC_10357	100	322	0	0	1	322	1	322	9.40e-233	638
fig|267671.5.peg.420|LIC10360	fnu:FN1424	45.1	113	61	1	202	313	445	557	5.21e-19	93.6
fig|267671.5.peg.423|LIC10363	lic:LIC_10363	100	394	0	0	1	394	1	394	1.10e-281	768
fig|267671.5.peg.424|LIC10364	npu:Npun_R3683	50.6	231	103	2	1	231	1	220	1.53e-72	225
fig|267671.5.peg.426	fsy:FsymDg_0641	56.8	44	19	0	10	53	92	135	2.35e-12	64.7
fig|267671.5.peg.427	frx:F7310_09940	55.6	63	28	0	3	65	155	217	1.02e-17	78.2
fig|267671.5.peg.436|LIC10373	lem:LEN_1815	24.3	337	194	17	160	487	52	336	3.38e-05	52.8
fig|267671.5.peg.449|LIC10382	bsed:DN745_03645	30.4	460	298	6	17	462	28	479	2.94e-61	218
fig|267671.5.peg.450|LIC10383	lic:LIC_10383	100	548	0	0	1	548	5	552	0.0	1108
fig|267671.5.peg.459|LIC10389	kal:KALB_1452	25.1	211	140	6	296	490	326	534	1.04e-09	67.8
fig|267671.5.peg.460|LIC10390	cag:Cagg_0949	49.5	111	48	2	1	111	281	383	1.52e-24	100
fig|267671.5.peg.466|LIC10396	lil:LA_0457	100	393	0	0	1	393	1	393	7.37e-275	751
fig|267671.5.peg.468|LIC10398	lie:LIF_A0392	99.8	443	1	0	1	443	1	443	0.0	895
fig|267671.5.peg.474|LIC10403	lic:LIC_10403	100	151	0	0	1	151	1	151	3.43e-98	284
fig|267671.5.peg.475|LIC10404	kst:KSMBR1_2007	37.0	127	77	1	2	125	14	140	1.01e-17	83.2
fig|267671.5.peg.476|LIC10405	tvi:Thivi_0880	25.1	231	153	4	244	470	9	223	3.16e-08	63.5
fig|267671.5.peg.481|LIC10409	lic:LIC_10409	100	428	0	0	1	428	1	428	5.79e-308	837
fig|267671.5.peg.487|LIC10414	tpe:Tpen_1516	33.0	264	152	12	46	299	25	273	6.93e-18	90.5
fig|267671.5.peg.508|LIC10426	lic:LIC_10426	100	297	0	0	1	297	1	297	1.31e-215	593
fig|267671.5.peg.509|LIC10428	lil:LA_3823	100	233	0	0	1	233	20	252	4.23e-164	458
fig|267671.5.peg.510|LIC10429	lic:LIC_10429	100	312	0	0	1	312	1	312	2.26e-219	603
fig|267671.5.peg.512|LIC10431	slac:SKTS_14590	23.7	169	127	2	2	170	412	578	7.40e-12	68.9
fig|267671.5.peg.513|LIC10432	jeo:JMA_18660	29.4	170	100	6	200	354	36	200	8.74e-04	48.1
fig|267671.5.peg.519|LIC10437	lic:LIC_10437	99.8	453	1	0	1	453	46	498	0.0	878
fig|267671.5.peg.522|LIC10440	rpne:NCTC8284_03738	48.2	114	57	1	1	114	199	310	5.74e-27	106
fig|267671.5.peg.526|LIC10443	lie:LIF_A3045	100	536	0	0	1	536	1	536	0.0	1058
fig|267671.5.peg.527|LIC10444	lil:LA_3802	100	348	0	0	1	348	1	348	4.61e-253	692
fig|267671.5.peg.528|LIC10445	lil:LA_3801	100	610	0	0	1	610	1	610	0.0	1211
fig|267671.5.peg.529|LIC10446	lic:LIC_10446	100	460	0	0	1	460	1	460	0.0	901
fig|267671.5.peg.534|LIC10452	dov:DSCO28_00810	58.7	230	92	2	1	228	9	237	7.68e-90	274
fig|267671.5.peg.540|LIC10458	rhoz:GXP67_10580	25.2	286	177	7	12	282	17	280	9.69e-23	100
fig|267671.5.peg.543|LIC10459	ssm:Spirs_4303	46.6	335	172	3	104	431	11	345	6.26e-99	305
fig|267671.5.peg.544|LIC10460	bjs:MY9_2859	31.8	129	76	3	1	124	1	122	3.96e-08	53.9
fig|267671.5.peg.548|LIC10464	bacq:DOE78_23410	28.6	189	123	6	47	232	1151	1330	7.91e-05	54.7
fig|267671.5.peg.554|LIC10468	tpx:Turpa_1461	37.1	237	147	2	22	257	16	251	7.70e-47	161
fig|267671.5.peg.558|LIC10472	lil:LA_3764	99.8	422	1	0	1	422	1	422	2.09e-307	835
fig|267671.5.peg.559|LIC10473	lic:LIC_10473	100	882	0	0	1	882	1	882	0.0	1780
fig|267671.5.peg.564|LIC10477	puv:PUV_21100	45.9	181	96	1	3	181	490	670	4.42e-48	171
fig|267671.5.peg.566|LIC10478	lxy:O159_26620	39.1	87	36	4	97	180	14	86	2.78e-04	47.0
fig|267671.5.peg.572|LIC10484	lil:LA_3747	100	449	0	0	1	449	1	449	0.0	880
fig|267671.5.peg.573|LIC10485	tpx:Turpa_1643	28.3	187	128	3	37	219	32	216	9.01e-10	64.3
fig|267671.5.peg.608|LIC10517	lic:LIC_10517	100	863	0	0	1	863	1	863	0.0	1757
fig|267671.5.peg.611|LIC10518	pth:PTH_0951	34.5	203	126	4	21	221	25	222	6.69e-26	112
fig|267671.5.peg.615|LIC10522	thf:MA03_04635	33.0	233	128	5	7	215	6	234	2.50e-26	112
fig|267671.5.peg.625|LIC10528	dae:Dtox_2305	29.9	405	248	9	135	521	72	458	7.99e-43	165
fig|267671.5.peg.627|LIC10529	csy:CENSYa_2006	33.8	157	86	6	210	364	39	179	4.58e-05	51.6
fig|267671.5.peg.629|LIC10531	lic:LIC_10531	100	347	0	0	1	347	1	347	4.20e-244	669
fig|267671.5.peg.630|LIC10532	iva:Isova_2221	30.6	216	132	5	387	591	44	252	7.02e-21	103
fig|267671.5.peg.632|LIC10534	dax:FDQ92_04305	30.0	636	349	16	112	731	182	737	4.45e-60	223
fig|267671.5.peg.637|LIC10537	hhy:Halhy_4875	40.7	113	66	1	544	656	382	493	1.04e-15	86.7
fig|267671.5.peg.638|LIC10538	lagg:B0E33_10030	26.4	220	141	5	332	531	20	238	9.57e-09	64.7
fig|267671.5.peg.643|LIC10541	bsym:CIT39_05030	54.1	61	28	0	125	185	128	188	6.76e-15	76.3
fig|267671.5.peg.645|LIC10543	lkm:EFP84_03675	49.7	577	276	3	1	563	1	577	2.29e-201	580
fig|267671.5.peg.647|LIC10545	mbc:MYB_02065	34.4	154	99	2	1	154	1	152	2.37e-19	90.1
fig|267671.5.peg.648|LIC10546	lic:LIC_10546	100	357	0	0	1	357	1	357	2.07e-265	724
fig|267671.5.peg.651|LIC10547	ome:OLMES_1571	25.4	114	80	2	78	187	83	195	7.53e-04	47.4
fig|267671.5.peg.656|LIC10549	lis:LIL_10555	100	175	0	0	1	175	1	175	1.06e-124	353
fig|267671.5.peg.660|LIC10551	sauo:BV401_39280	26.0	323	213	10	46	352	58	370	6.96e-21	99.4
fig|267671.5.peg.661|LIC10552	arp:NIES39_E02730	35.0	426	248	6	210	607	557	981	2.12e-56	212
fig|267671.5.peg.662|LIC10553	nst:Nstercoris_00483	26.1	241	159	6	19	252	15	243	3.15e-18	87.0
fig|267671.5.peg.668|LIC10557	obg:Verru16b_02434	33.6	125	78	3	5	126	204	326	1.12e-10	66.6
fig|267671.5.peg.682|LIC10565	lis:LIL_10573	100	267	0	0	1	267	1	267	1.09e-183	509
fig|267671.5.peg.688|LIC10571	lic:LIC_10571	100	429	0	0	1	429	1	429	6.86e-296	807
fig|267671.5.peg.691|LIC10574	lil:LA_3636	100	424	0	0	1	424	1	424	0.0	870
fig|267671.5.peg.693|LIC10576	chz:CHSO_3588	26.8	168	105	3	316	473	219	378	9.17e-07	57.8
fig|267671.5.peg.697|LIC10580	kal:KALB_1452	32.1	221	139	5	362	579	326	538	7.64e-22	105
fig|267671.5.peg.698|LIC10581	lil:LA_3629	100	192	0	0	1	192	1	192	8.54e-137	385
fig|267671.5.peg.699|LIC10582	lic:LIC_10582	100	473	0	0	1	473	1	473	0.0	948
fig|267671.5.peg.700|LIC10583	lil:LA_3627	100	387	0	0	1	387	51	437	3.09e-283	773
fig|267671.5.peg.704|LIC10586	lic:LIC_10586	100	917	0	0	1	917	1	917	0.0	1792
fig|267671.5.peg.705|LIC10587	bamt:AJ82_21170	32.3	248	153	5	114	358	194	429	9.86e-22	101
fig|267671.5.peg.707|LIC10589	scot:HBA18_16695	39.4	94	52	2	562	653	475	565	1.43e-08	64.7
fig|267671.5.peg.709|LIC10591	camp:CFT03427_1061	32.6	95	61	1	5	99	2	93	3.99e-12	66.6
fig|267671.5.peg.711|LIC10592	hyf:DTO96_101282	37.7	106	65	1	275	380	1149	1253	1.53e-08	63.2
fig|267671.5.peg.712|LIC10593	lil:LB_118	28.5	410	256	14	17	401	26	423	2.29e-26	122
fig|267671.5.peg.713|LIC10594	lil:LA_3613	100	348	0	0	1	348	1	348	3.73e-243	667
fig|267671.5.peg.719|LIC10598	lkm:EFP84_08625	27.1	413	293	7	16	424	10	418	3.27e-30	133
fig|267671.5.peg.721|LIC10600	htu:Htur_2338	34.4	122	78	1	11	132	207	326	3.33e-19	87.0
fig|267671.5.peg.722|LIC10601	htu:Htur_2338	41.7	115	55	4	19	124	17	128	2.39e-16	79.7
fig|267671.5.peg.723|LIC10602	lst:LSS_18828	39.1	274	164	1	15	288	12	282	5.21e-63	206
fig|267671.5.peg.725|LIC10603	meku:HUW50_24170	27.3	417	239	11	232	616	3	387	9.43e-28	123
fig|267671.5.peg.731|LIC10607	pvd:CFBP1590__4426	31.8	371	243	5	3	372	6	367	2.33e-53	186
fig|267671.5.peg.738|LIC10610	lic:LIC_10610	100	161	0	0	1	161	1	161	5.82e-113	322
fig|267671.5.peg.741|LIC10612	dsd:GD606_04755	38.2	89	51	2	49	133	66	154	4.91e-08	56.6
fig|267671.5.peg.747|LIC10617	gai:IMCC3135_16340	36.4	486	262	7	12	497	10	448	1.48e-95	302
fig|267671.5.peg.748|LIC10618	lic:LIC_10618	100	257	0	0	1	257	1	257	3.43e-191	528
fig|267671.5.peg.751|LIC10620	mcb:Mycch_4622	25.5	149	106	2	180	323	219	367	1.30e-05	53.1
fig|267671.5.peg.756|LIC10625	lil:LA_3573	100	247	0	0	1	247	1	247	9.74e-177	490
fig|267671.5.peg.763|LIC10629	lil:LA_3565	100	515	0	0	1	515	1	515	0.0	1040
fig|267671.5.peg.765|LIC10631	lagg:B0E33_10030	26.7	232	148	9	2	229	4	217	1.17e-10	67.4
fig|267671.5.peg.766|LIC10632	rvi:RVIR1_05940	23.9	389	260	8	31	387	33	417	2.88e-22	105
fig|267671.5.peg.767|LIC10633	lic:LIC_10633	100	103	0	0	1	103	1	103	9.27e-71	211
fig|267671.5.peg.768|LIC10634	lic:LIC_10634	100	413	0	0	1	413	4	416	9.11e-305	828
fig|267671.5.peg.769|LIC10635	cuj:CUL131002_1183c	44.5	137	73	2	5	138	433	569	1.14e-27	112
fig|267671.5.peg.770|LIC10636	bagr:BA6348_06555	37.8	90	55	1	21	109	12	101	3.23e-11	62.4
fig|267671.5.peg.772|LIC10638	fbt:D770_25305	41.2	114	59	2	1	106	1	114	1.35e-17	85.1
fig|267671.5.peg.777|LIC10641	kor:AWR26_15100	29.9	234	159	3	14	247	559	787	2.79e-19	96.7
fig|267671.5.peg.787|LIC10648	lic:LIC_10648	100	647	0	0	1	647	1	647	0.0	1302
fig|267671.5.peg.790|LIC10652	lis:LIL_10662	98.7	230	3	0	1	230	1	230	4.83e-164	457
fig|267671.5.peg.795|LIC10657	lil:LA_3540	99.8	507	1	0	1	507	19	525	0.0	1061
fig|267671.5.peg.797|LIC10659	pmo:Pmob_0026	23.3	180	123	5	3	179	2	169	6.77e-06	50.1
fig|267671.5.peg.801|LIC10663	rsm:CMR15_20106	27.6	145	96	3	12	153	12	150	2.56e-07	54.7
fig|267671.5.peg.802|LIC10664	rso:RSc0992	29.8	151	94	2	11	161	8	146	4.87e-14	73.9
fig|267671.5.peg.804|LIC10666	bbar:RHAL1_02630	42.2	64	37	0	7	70	12	75	3.03e-07	53.5
fig|267671.5.peg.807|LIC10667	lil:LA_3529	100	138	0	0	1	138	1	138	3.17e-99	285
fig|267671.5.peg.813|LIC10671	lagg:B0E33_10030	28.8	226	149	4	8	230	7	223	1.73e-15	81.6
fig|267671.5.peg.824|LIC10675	pth:PTH_0951	27.5	200	125	5	24	206	25	221	1.35e-09	63.2
fig|267671.5.peg.827|LIC10678	msa:Mycsm_05708	42.6	129	73	1	11	139	6	133	9.09e-23	103
fig|267671.5.peg.828|LIC10679	lil:LA_3513	100	285	0	0	1	285	1	285	1.07e-208	574
fig|267671.5.peg.830|LIC10681	tnr:Thena_1233	36.7	218	109	8	2	198	982	1191	2.86e-33	132
fig|267671.5.peg.835|LIC10684	izh:FEM41_11950	35.3	85	46	3	33	112	326	406	4.31e-07	52.8
fig|267671.5.peg.836|LIC10685	scot:HBA18_16695	47.9	94	42	1	339	432	483	569	1.92e-13	79.3
fig|267671.5.peg.846|LIC10690	lic:LIC_12677	37.9	103	56	2	1	97	1	101	2.86e-09	66.6
fig|267671.5.peg.858|LIC10700	lic:LIC_10700	100	259	0	0	1	259	1	259	1.04e-177	494
fig|267671.5.peg.869|LIC10710	gme:Gmet_1528	33.6	113	70	4	6	116	34	143	3.14e-11	62.0
fig|267671.5.peg.879|LIC10717	grc:GI584_06905	32.2	236	130	10	276	504	36	248	5.05e-23	104
fig|267671.5.peg.880|LIC10718	rle:RL0959	38.2	434	262	4	46	473	38	471	4.59e-91	290
fig|267671.5.peg.881|LIC10719	fsi:Flexsi_0525	29.0	124	79	2	399	520	73	189	1.10e-05	52.8
fig|267671.5.peg.887|LIC10721	hmo:HM1_1592	27.5	160	100	7	103	261	451	595	2.68e-06	55.8
fig|267671.5.peg.893	rbm:TEF_07415	24.7	259	177	8	344	588	437	691	4.95e-07	59.3
fig|267671.5.peg.894	rbm:TEF_07415	25.1	223	152	6	369	580	474	692	1.33e-08	64.3
fig|267671.5.peg.895|LIC10728	lic:LIC_10728	100	318	0	0	1	318	1	318	2.69e-230	632
fig|267671.5.peg.900|LIC10731	pgo:FSB84_05040	25.4	252	130	9	38	250	560	792	1.01e-08	63.9
fig|267671.5.peg.904|LIC10733	lic:LIC_10733	100	495	0	0	1	495	1	495	0.0	959
fig|267671.5.peg.908|LIC10736	pact:CA264_10595	41.2	148	85	2	6	152	225	371	2.03e-30	118
fig|267671.5.peg.909|LIC10737	lkm:EFP84_11230	27.0	159	104	3	71	218	70	227	3.53e-10	65.1
fig|267671.5.peg.911|LIC10739	lic:LIC_10739	100	363	0	0	1	363	1	363	2.46e-251	689
fig|267671.5.peg.927|LIC10753	lic:LIC_10753	100	1226	0	0	1	1226	1	1226	0.0	2413
fig|267671.5.peg.928|LIC10754	lil:LA_3419	100	1404	0	0	1	1404	1	1404	0.0	2728
fig|267671.5.peg.937|LIC10759	lis:LIL_10777	100	301	0	0	1	301	1	301	4.58e-218	599
fig|267671.5.peg.941|LIC10763	lic:LIC_10763	100	977	0	0	1	977	1	977	0.0	1910
fig|267671.5.peg.951|LIC10771	hyj:FHG12_12845	31.3	192	113	7	44	223	27	211	3.54e-15	77.0
fig|267671.5.peg.974|LIC10789	haxi:HAALTHF_04080n	38.4	138	84	1	777	913	504	641	3.53e-17	92.8
fig|267671.5.peg.978|LIC10791	tpx:Turpa_2698	27.9	129	87	2	21	147	42	166	2.54e-05	50.4
fig|267671.5.peg.980|LIC10793	mbah:HYN46_07285	24.2	194	106	7	284	454	186	361	5.93e-06	54.7
fig|267671.5.peg.985|LIC10799	lie:LIF_A2699	99.6	243	1	0	1	243	1	243	6.06e-169	470
fig|267671.5.peg.986|LIC10800	lic:LIC_10800	100	265	0	0	1	265	1	265	7.87e-176	489
fig|267671.5.peg.988|LIC10801	lil:LA_3363	100	391	0	0	1	391	1	391	2.36e-295	802
fig|267671.5.peg.993|LIC10806	lep:Lepto7376_4199	26.4	435	225	15	265	681	390	747	1.57e-22	109
fig|267671.5.peg.995|LIC10807	sjp:SJA_C1-19860	44.8	165	89	1	1	163	1	165	1.14e-41	143
fig|267671.5.peg.996|LIC10808	din:Selin_2041	26.4	121	88	1	24	144	205	324	2.33e-08	58.5
fig|267671.5.peg.997|LIC10809	lil:LA_3354	100	343	0	0	1	343	1	343	2.11e-251	687
fig|267671.5.peg.1002|LIC10813	fcl:A4G17_00490	38.2	437	259	5	3	431	4	437	1.29e-79	272
fig|267671.5.peg.1031|LIC10833	chel:AL346_11035	47.2	142	62	1	42	170	17	158	2.90e-38	133
fig|267671.5.peg.1036|LIC10836	abaw:D5400_05875	26.5	136	95	3	76	210	43	174	1.48e-06	53.1
fig|267671.5.peg.1037|LIC10837	fcr:HYN56_01755	25.7	241	144	12	1	227	1	220	4.67e-05	50.4
fig|267671.5.peg.1038|LIC10838	fat:DVK85_06060	50.4	121	58	1	20	140	330	448	6.67e-35	130
fig|267671.5.peg.1041|LIC10841	lie:LIF_A2654	100	348	0	0	1	348	1	348	2.52e-241	662
fig|267671.5.peg.1042|LIC10842	saga:M5M_19155	45.1	275	150	1	1	274	370	644	5.59e-72	239
fig|267671.5.peg.1043|LIC10843	lil:LA_3305	100	270	0	0	1	270	1	270	1.23e-186	517
fig|267671.5.peg.1046|LIC10846	lil:LA_3302	100	126	0	0	1	126	1	126	4.16e-87	254
fig|267671.5.peg.1047|LIC10847	dol:Dole_0034	45.8	72	39	0	2	73	687	758	6.41e-16	75.9
fig|267671.5.peg.1051|LIC10852	lil:LA_3296	100	248	0	0	1	248	1	248	2.28e-171	477
fig|267671.5.peg.1053|LIC10854	lil:LA_3294	100	226	0	0	1	226	16	241	2.68e-158	442
fig|267671.5.peg.1054|LIC10855	lic:LIC_10855	100	302	0	0	1	302	1	302	6.46e-214	589
fig|267671.5.peg.1055|LIC10856	lic:LIC_10856	100	389	0	0	1	389	1	389	7.15e-280	763
fig|267671.5.peg.1057|LIC10858	lic:LIC_10858	100	576	0	0	1	576	1	576	0.0	1132
fig|267671.5.peg.1058|LIC10859	lil:LA_3289	100	397	0	0	1	397	1	397	1.48e-292	796
fig|267671.5.peg.1059|LIC10860	lil:LA_3288	100	264	0	0	1	264	1	264	3.27e-188	521
fig|267671.5.peg.1061|LIC10862	lil:LA_3286	99.9	721	1	0	1	721	50	770	0.0	1427
fig|267671.5.peg.1062|LIC10863	lil:LA_3285	100	634	0	0	1	634	1	634	0.0	1279
fig|267671.5.peg.1065|LIC10865	psl:Psta_4204	33.3	189	113	5	87	267	59	242	3.28e-21	98.6
fig|267671.5.peg.1080|LIC10874	tak:Tharo_1296	32.4	238	131	6	792	1028	3	211	7.71e-28	118
fig|267671.5.peg.1083|LIC10877	lby:Lbys_1799	33.7	92	50	3	85	176	458	538	6.77e-04	45.8
fig|267671.5.peg.1098|LIC10889	acm:AciX9_0202	35.9	78	49	1	119	196	48	124	1.93e-08	59.3
fig|267671.5.peg.1110|LIC10900	lic:LIC_10900	100	467	0	0	1	467	1	467	0.0	892
fig|267671.5.peg.1111|LIC10901	lil:LA_3234	99.3	139	1	0	1	139	298	436	6.82e-88	267
fig|267671.5.peg.1122|LIC10913	lil:LA_3219	100	274	0	0	1	274	1	274	1.64e-202	558
fig|267671.5.peg.1124|LIC10916	lic:LIC_10916	100	319	0	0	1	319	1	319	3.79e-226	621
fig|267671.5.peg.1127|LIC10918	rso:RSc0992	27.3	150	97	4	14	162	8	146	1.68e-05	49.7
fig|267671.5.peg.1130|LIC10922	star:G3545_23690	30.2	268	171	11	530	791	572	829	4.89e-23	113
fig|267671.5.peg.1131|LIC10923	lgt:E4T54_05160	47.5	118	60	2	4	120	5	121	4.42e-30	117
fig|267671.5.peg.1133|LIC10925	mew:MSWAN_2205	27.4	230	118	6	32	261	17	197	2.79e-16	82.0
fig|267671.5.peg.1163|LIC10948	lagg:B0E33_10030	24.8	210	138	4	1	191	6	214	1.51e-09	67.0
fig|267671.5.peg.1164|LIC10949	svl:Strvi_6015	51.0	257	123	2	1	255	15	270	5.44e-85	259
fig|267671.5.peg.1167|LIC10950	dfl:DFE_1957	29.3	358	240	7	10	363	51	399	6.16e-33	140
fig|267671.5.peg.1168|LIC10952	tah:SU86_008830	38.9	72	44	0	177	248	3	74	7.01e-07	56.2
fig|267671.5.peg.1172|LIC10955	lic:LIC_10955	100	663	0	0	1	663	1	663	0.0	1293
fig|267671.5.peg.1176|LIC10958	bxe:Bxe_C1266	44.8	335	184	1	1	335	1	334	3.08e-91	281
fig|267671.5.peg.1177|LIC10959	toq:HCG51_04390	39.8	430	250	5	6	431	5	429	1.35e-103	321
fig|267671.5.peg.1187|LIC10966	pfe:PSF113_3716	35.2	108	69	1	10	117	120	226	7.42e-08	58.9
fig|267671.5.peg.1192|LIC10969	lie:LIF_A2534	100	390	0	0	1	390	1	390	4.54e-288	784
fig|267671.5.peg.1193|LIC10970	lkm:EFP84_15395	100	387	0	0	32	418	1	387	1.10e-281	769
fig|267671.5.peg.1205|LIC10974	lil:LA_3135	100	403	0	0	1	403	1	403	4.38e-288	785
fig|267671.5.peg.1211|LIC10976	trs:Terro_0874	30.0	100	65	1	149	248	408	502	2.11e-07	58.9
fig|267671.5.peg.1212|LIC10977	sbu:SpiBuddy_3010	23.2	259	186	4	21	274	36	286	6.02e-04	47.8
fig|267671.5.peg.1216|LIC10982	nsh:GXM_10276	28.3	265	167	6	6	266	36	281	2.48e-19	93.6
fig|267671.5.peg.1224|LIC10989	aba:Acid345_2395	25.0	292	193	6	3	274	6	291	2.36e-16	91.7
fig|267671.5.peg.1226|LIC10991	cthd:CDO33_11130	32.7	505	306	9	74	574	282	756	2.20e-60	223
fig|267671.5.peg.1228|LIC10993	ter:Tery_3412	29.0	217	148	3	657	867	465	681	2.78e-16	90.5
fig|267671.5.peg.1229|LIC10994	kst:KSMBR1_1896	41.3	121	68	1	4	121	3	123	7.08e-21	92.8
fig|267671.5.peg.1230|LIC10995	sen:SACE_4756	40.6	101	36	5	77	173	133	213	6.80e-05	50.8
fig|267671.5.peg.1232|LIC10996	lew:DAI21_21145	27.6	221	142	7	84	290	51	267	4.35e-11	68.2
fig|267671.5.peg.1235|LIC10999	mec:Q7C_28	46.3	313	164	3	17	328	433	742	3.41e-93	298
fig|267671.5.peg.1236|LIC11000	sulz:C1J03_13380	29.2	185	110	6	15	196	17	183	4.34e-13	73.9
fig|267671.5.peg.1240|LIC11003	pib:BBD41_29180	50.0	56	23	2	406	461	623	673	2.52e-04	50.4
fig|267671.5.peg.1242|LIC11005	lil:LA_3095	100	374	0	0	1	374	1	374	9.38e-282	766
fig|267671.5.peg.1250|LIC11011	lil:LA_3086	100	304	0	0	1	304	1	304	5.54e-216	594
fig|267671.5.peg.1251|LIC11012	lic:LIC_11012	100	674	0	0	1	674	1	674	0.0	1305
fig|267671.5.peg.1252|LIC11013	vir:X953_15095	18.5	481	314	15	106	544	86	530	5.96e-08	62.4
fig|267671.5.peg.1256|LIC11016	lil:LA_3080	100	433	0	0	1	433	1	433	4.43e-310	843
fig|267671.5.peg.1260|LIC11018	lst:LSS_15791	78.5	261	56	0	1	261	1	261	2.82e-155	438
fig|267671.5.peg.1269|LIC11024	mag:amb1082	34.9	321	202	3	1	316	9	327	1.84e-51	179
fig|267671.5.peg.1285|LIC11038	lis:LIL_12594	99.5	434	2	0	1	434	1	434	0.0	878
fig|267671.5.peg.1286|LIC11039	lic:LIC_11039	100	247	0	0	1	247	10	256	7.20e-172	478
fig|267671.5.peg.1287|LIC11040	lil:LA_3540	51.1	180	84	2	60	236	337	515	3.22e-56	192
fig|267671.5.peg.1294|LIC11045	paco:AACT_2965	39.9	404	236	3	4	404	1	400	1.13e-96	300
fig|267671.5.peg.1299|LIC11048	lic:LIC_12677	75.4	69	17	0	1	69	1	69	3.82e-25	109
fig|267671.5.peg.1304|LIC11051	lic:LIC_12677	73.1	67	18	0	1	67	1	67	5.36e-22	106
fig|267671.5.peg.1309|LIC11054	alv:Alvin_1507	45.6	125	64	2	10	130	467	591	7.55e-22	95.5
fig|267671.5.peg.1326|LIC11064	hmo:HM1_1592	42.0	88	51	0	236	323	500	587	3.06e-13	76.6
fig|267671.5.peg.1327|LIC11065	bba:Bd1820	37.7	223	131	1	46	268	17	231	4.71e-42	159
fig|267671.5.peg.1331|LIC11068	lys:LBYS11_15145	28.5	200	129	8	45	238	5	196	7.17e-09	60.8
fig|267671.5.peg.1333|LIC11070	bce:BC2176	28.5	369	260	4	10	377	7	372	1.57e-30	126
fig|267671.5.peg.1335|LIC11072	ful:C4N20_15045	32.1	131	74	4	12	136	1	122	2.38e-07	56.2
fig|267671.5.peg.1338|LIC11075	lic:LIC_11075	100	642	0	0	1	642	1	642	0.0	1268
fig|267671.5.peg.1339|LIC11076	lic:LIC_11076	100	194	0	0	1	194	1	194	8.52e-138	387
fig|267671.5.peg.1345|LIC11081	aai:AARI_04680	35.0	177	113	2	34	210	18	192	5.69e-26	111
fig|267671.5.peg.1359|LIC11093	this:HZT40_01845	27.5	207	143	3	6	210	398	599	3.58e-14	79.0
fig|267671.5.peg.1361|LIC11095	lil:LA_2968	98.2	383	6	1	4	385	59	441	1.50e-263	724
fig|267671.5.peg.1362|LIC11096	fad:CDH04_06500	36.0	89	56	1	5	93	3	90	7.71e-14	69.3
fig|267671.5.peg.1368|LIC11101	lic:LIC_11101	100	560	0	0	1	560	1	560	0.0	1097
fig|267671.5.peg.1370|LIC11103	sen:SACE_4756	33.1	124	59	5	81	200	136	239	1.66e-05	52.8
fig|267671.5.peg.1371|LIC11104	ais:BUW96_08720	30.2	179	105	5	49	223	402	564	1.39e-15	80.9
fig|267671.5.peg.1372|LIC11105	pfla:Pflav_041560	50.3	527	208	4	317	841	1	475	3.17e-153	471
fig|267671.5.peg.1373|LIC11106	lil:LA_2955	100	265	0	0	1	265	1	265	3.54e-188	521
fig|267671.5.peg.1374|LIC11107	tmr:Tmar_1404	32.8	265	154	6	28	290	15	257	1.26e-24	110
fig|267671.5.peg.1377|LIC11110	ppd:Ppro_1380	36.9	111	69	1	5	114	3	113	8.41e-17	86.3
fig|267671.5.peg.1382|LIC11115	lil:LA_2947	99.6	282	1	0	1	282	4	285	1.91e-208	573
fig|267671.5.peg.1384|LIC11117	lic:LIC_11117	100	719	0	0	1	719	1	719	0.0	1463
fig|267671.5.peg.1386|LIC11119	kphy:AOZ06_22185	31.0	116	73	5	55	165	557	670	1.73e-06	56.6
fig|267671.5.peg.1391|LIC11123	lil:LA_2935	99.5	370	2	0	1	370	1	370	4.20e-267	729
fig|267671.5.peg.1393|LIC11125	psyh:D0S48_12660	45.7	175	87	1	135	309	158	324	1.46e-37	141
fig|267671.5.peg.1394|LIC11126	psyh:D0S48_12660	45.2	168	87	1	134	301	158	320	8.42e-35	134
fig|267671.5.peg.1395|LIC11127	agv:OJF2_49420	39.4	208	115	2	110	313	109	309	1.66e-36	139
fig|267671.5.peg.1396|LIC11128	psyh:D0S48_12660	47.6	168	83	1	136	303	158	320	8.03e-37	139
fig|267671.5.peg.1397|LIC11129	ccz:CCALI_01052	34.5	313	178	7	24	315	163	469	5.82e-38	145
fig|267671.5.peg.1398|LIC11130	ccz:CCALI_01052	33.1	305	179	6	25	309	164	463	5.49e-37	143
fig|267671.5.peg.1400|LIC11131	psyh:D0S48_12660	46.0	176	86	1	136	311	158	324	1.61e-38	144
fig|267671.5.peg.1401|LIC11132	lil:LA_2924	100	475	0	0	1	475	1	475	0.0	927
fig|267671.5.peg.1404|LIC11136	cale:FDN13_13375	29.2	154	102	2	7	159	3	150	9.79e-12	71.2
fig|267671.5.peg.1408|LIC11140	lic:LIC_11140	100	646	0	0	1	646	1	646	0.0	1326
fig|267671.5.peg.1409|LIC11141	mic:Mic7113_6438	30.5	187	126	3	19	202	36	221	4.40e-18	87.8
fig|267671.5.peg.1411|LIC11143	mfw:mflW37_3950	35.3	170	104	4	25	192	200	365	2.16e-21	95.5
fig|267671.5.peg.1414|LIC11145	gpi:GPICK_07935	31.5	248	146	5	5	249	2	228	8.86e-23	100
fig|267671.5.peg.1417|LIC11147	dlu:A6035_03435	40.8	152	86	2	9	159	19	167	4.77e-33	120
fig|267671.5.peg.1421|LIC11149	hmo:HM1_1592	43.1	116	62	3	128	242	486	598	1.30e-18	90.9
fig|267671.5.peg.1422|LIC11150	mxa:MXAN_0034	23.5	217	151	4	22	235	23	227	1.34e-09	63.2
fig|267671.5.peg.1436|LIC11159	lic:LIC_11159	100	472	0	0	1	472	19	490	0.0	929
fig|267671.5.peg.1445|LIC11166	samb:SAM23877_5630	31.6	117	78	1	24	138	24	140	2.11e-14	75.9
fig|267671.5.peg.1454|LIC11175	lic:LIC_11175	100	364	0	0	1	364	1	364	6.36e-259	708
fig|267671.5.peg.1462|LIC11181	sod:Sant_1609	33.3	111	62	3	168	278	73	171	1.04e-06	55.8
fig|267671.5.peg.1464|LIC11183	baj:BCTU_367	35.1	114	63	3	67	178	7	111	2.20e-10	66.2
fig|267671.5.peg.1471|LIC11189	doa:AXF15_00100	40.6	128	67	3	528	648	522	647	8.67e-19	97.1
fig|267671.5.peg.1476|LIC11194	lil:LA_2841	100	330	0	0	1	330	1	330	4.55e-244	667
fig|267671.5.peg.1477|LIC11195	lil:LA_2840	100	311	0	0	1	311	1	311	3.94e-224	615
fig|267671.5.peg.1481|LIC11197	nmv:NITMOv2_0464	46.8	124	66	0	4	127	9	132	5.56e-35	130
fig|267671.5.peg.1482|LIC11198	lil:LA_2834	100	423	0	0	1	423	1	423	2.90e-294	802
fig|267671.5.peg.1485|LIC11199	dal:Dalk_2094	30.6	605	378	9	170	754	157	739	8.60e-85	290
fig|267671.5.peg.1486|LIC11200	mbu:Mbur_2108	28.8	250	169	8	635	881	244	487	2.58e-21	104
fig|267671.5.peg.1487|LIC11201	pdx:Psed_6431	33.3	147	81	4	5	148	1	133	3.32e-13	70.1
fig|267671.5.peg.1488|LIC11202	oxy:HCG48_15465	27.0	285	137	10	143	369	470	741	1.25e-11	73.6
fig|267671.5.peg.1489|LIC11203	vas:GT360_09370	32.7	398	251	8	8	400	7	392	4.09e-61	207
fig|267671.5.peg.1494|LIC11209	din:Selin_2041	28.3	120	86	0	11	130	206	325	1.07e-08	57.8
fig|267671.5.peg.1502|LIC11216	hht:F506_08165	36.9	141	89	0	352	492	387	527	1.54e-13	79.7
fig|267671.5.peg.1506|LIC11219	roc:HF520_08005	39.8	196	110	3	1	193	4	194	2.03e-33	130
fig|267671.5.peg.1507|LIC11220	rhj:HZY79_11435	26.8	142	104	0	302	443	255	396	1.07e-06	57.8
fig|267671.5.peg.1510|LIC11221	lep:Lepto7376_4199	32.0	362	157	12	844	1189	459	747	4.14e-31	138
fig|267671.5.peg.1522|LIC11231	dwd:DSCW_59070	43.1	51	29	0	1	51	17	67	4.63e-05	48.9
fig|267671.5.peg.1523|LIC11232	mvz:myaer102_12110	26.5	215	149	4	5	213	4	215	6.25e-15	78.2
fig|267671.5.peg.1539|LIC11247	tph:TPChic_0981	24.2	161	118	2	234	390	5	165	9.35e-04	48.5
fig|267671.5.peg.1554|LIC11257	lic:LIC_11257	100	520	0	0	1	520	1	520	0.0	993
fig|267671.5.peg.1559|LIC11261	twi:Thewi_1939	32.2	516	251	20	125	619	32	469	6.87e-55	199
fig|267671.5.peg.1560|LIC11262	cpy:Cphy_1337	32.0	150	97	1	342	491	279	423	4.76e-12	75.1
fig|267671.5.peg.1565|LIC11265	cle:Clole_1194	28.8	66	46	1	1	66	575	639	4.50e-04	42.4
fig|267671.5.peg.1566|LIC11266	lil:LA_2749	100	136	0	0	1	136	1	136	5.50e-99	285
fig|267671.5.peg.1567|LIC11267	mtea:DK419_27425	63.2	310	112	2	24	331	507	816	3.31e-133	404
fig|267671.5.peg.1573	kci:CKCE_0405	28.0	193	132	5	2	193	429	615	6.94e-14	75.5
fig|267671.5.peg.1577|LIC11276	bcoh:BC6307_10860	27.7	148	102	3	67	211	50	195	4.49e-11	67.0
fig|267671.5.peg.1578|LIC11277	lil:LA_2736	100	487	0	0	1	487	1	487	0.0	969
fig|267671.5.peg.1579|LIC11278	mos:AXE82_07685	38.1	118	71	1	51	166	578	695	4.89e-17	83.2
fig|267671.5.peg.1580|LIC11280	tmo:TMO_0687	30.6	144	91	3	18	152	22	165	4.15e-10	67.4
fig|267671.5.peg.1583|LIC11283	echa:ECHHL_0552	29.5	112	78	1	18	129	13	123	3.71e-06	50.8
fig|267671.5.peg.1585|LIC11285	lil:LA_2727	100	303	0	0	1	303	13	315	3.65e-212	585
fig|267671.5.peg.1592|LIC11291	mmet:MCMEM_0128	29.9	184	123	4	117	296	270	451	7.53e-16	83.6
fig|267671.5.peg.1594	mbu:Mbur_1899	32.5	191	124	3	117	303	270	459	5.35e-22	101
fig|267671.5.peg.1596|LIC11294	bbd:Belba_1407	55.3	257	109	3	444	695	6	261	3.80e-94	297
fig|267671.5.peg.1599|LIC11296	fnu:FN1094	39.4	358	197	7	9	347	4	360	1.82e-71	231
fig|267671.5.peg.1602|LIC11298	lil:LA_2706	100	367	0	0	1	367	1	367	8.17e-268	731
fig|267671.5.peg.1604|LIC11300	pace:A6070_09145	39.1	179	105	2	213	390	136	311	1.88e-34	135
fig|267671.5.peg.1606|LIC11302	lil:LA_2702	100	224	0	0	1	224	1	224	6.61e-159	443
fig|267671.5.peg.1608|LIC11303	lic:LIC_11303	100	416	0	0	1	416	14	429	3.47e-317	860
fig|267671.5.peg.1609|LIC11304	lil:LA_2699	100	374	0	0	1	374	1	374	9.66e-275	749
fig|267671.5.peg.1614|LIC11308	lic:LIC_11308	100	370	0	0	1	370	1	370	1.53e-269	735
fig|267671.5.peg.1615|LIC11309	sdn:Sden_2470	33.0	379	239	6	48	414	2	377	2.90e-56	202
fig|267671.5.peg.1616|LIC11310	lil:LA_2690	100	155	0	0	1	155	1	155	3.15e-105	302
fig|267671.5.peg.1617|LIC11311	lil:LA_2689	100	372	0	0	1	372	14	385	3.13e-264	723
fig|267671.5.peg.1618|LIC11312	hhl:Halha_2401	27.1	347	233	8	2	333	432	773	2.32e-32	133
fig|267671.5.peg.1619|LIC11313	djj:COP05_06865	28.2	266	151	12	165	418	168	405	3.34e-07	58.5
fig|267671.5.peg.1623|LIC11317	tpx:Turpa_2775	36.1	396	234	5	92	473	29	419	6.64e-59	218
fig|267671.5.peg.1624|LIC11318	ngg:RG540_CH38170	44.8	384	207	2	7	390	6	384	4.39e-105	320
fig|267671.5.peg.1637	trd:THERU_06435	32.1	249	141	8	12	247	6	239	1.33e-17	86.7
fig|267671.5.peg.1638	mkc:kam1_547	28.0	157	99	5	30	185	24	167	3.60e-09	60.8
fig|267671.5.peg.1639|LIC11332	ctc:CTC_01706	27.4	339	207	8	6	330	5	318	1.39e-23	107
fig|267671.5.peg.1652|LIC11343	lic:LIC_11343	100	427	0	0	1	427	19	445	2.91e-305	831
fig|267671.5.peg.1659|LIC11350	lic:LIC_11350	100	586	0	0	1	586	1	586	0.0	1141
fig|267671.5.peg.1663|LIC11353	bcw:Q7M_741	47.2	106	56	0	1	106	1	106	1.21e-22	97.8
fig|267671.5.peg.1664|LIC11354	lil:LA_2633	100	412	0	0	1	412	1	412	2.06e-302	822
fig|267671.5.peg.1665|LIC11355	lil:LA_2632	100	320	0	0	1	320	1	320	7.71e-231	633
fig|267671.5.peg.1668|LIC11357	lic:LIC_11357	100	342	0	0	1	342	1	342	6.52e-250	683
fig|267671.5.peg.1670|LIC11359	lic:LIC_11359	100	392	0	0	1	392	1	392	2.26e-289	787
fig|267671.5.peg.1674|LIC11363	lil:LA_2623	100	218	0	0	1	218	1	218	2.22e-154	431
fig|267671.5.peg.1675|LIC11364	lul:LPB138_03425	32.5	228	148	2	3	230	7	228	5.23e-30	117
fig|267671.5.peg.1676|LIC11365	hch:HCH_01597	32.3	164	91	5	98	248	198	354	4.12e-13	76.3
fig|267671.5.peg.1679|LIC11368	lil:LA_2616	99.3	740	5	0	1	740	2	741	0.0	1391
fig|267671.5.peg.1689|LIC11378	metf:CFE53_03355	25.5	247	163	7	35	268	8	246	5.47e-06	53.1
fig|267671.5.peg.1696	lil:LA_2598	100	95	0	0	1	95	1	95	8.32e-59	180
fig|267671.5.peg.1712|LIC11398	dol:Dole_2976	35.8	95	56	1	61	155	62	151	2.12e-10	67.8
fig|267671.5.peg.1713|LIC11399	hmo:HM1_1592	42.0	81	36	3	277	355	519	590	1.44e-07	59.7
fig|267671.5.peg.1714|LIC11400	smur:BWP33_01885	37.0	284	163	4	23	290	7	290	6.09e-53	182
fig|267671.5.peg.1715|LIC11401	pom:MED152_04280	27.6	413	245	12	181	554	139	536	1.65e-26	121
fig|267671.5.peg.1718|LIC11404	apre:CNX65_15855	26.8	261	186	2	54	314	52	307	2.94e-21	102
fig|267671.5.peg.1721|LIC11407	mad:HP15_p187g91	48.3	87	41	1	660	746	456	538	6.38e-12	75.5
fig|267671.5.peg.1725|LIC11409	lil:LA_2570	100	569	0	0	1	569	24	592	0.0	1120
fig|267671.5.peg.1726|LIC11410	lic:LIC_11410	100	161	0	0	1	161	1	161	2.45e-105	303
fig|267671.5.peg.1730|LIC11411	lil:LA_3529	42.9	98	56	0	1	98	34	131	1.23e-21	87.8
fig|267671.5.peg.1732|LIC11412	fnf:BSQ88_05960	37.1	294	171	4	9	302	4	283	1.24e-60	205
fig|267671.5.peg.1733|LIC11413	lil:LA_2561	99.7	619	2	0	1	619	1	619	0.0	1166
fig|267671.5.peg.1739|LIC11420	cga:Celgi_2410	39.3	89	54	0	60	148	70	158	2.49e-12	69.3
fig|267671.5.peg.1742|LIC11422	xce:Xcel_2419	38.2	55	34	0	172	226	284	338	6.82e-06	53.9
fig|267671.5.peg.1744|LIC11424	gur:Gura_3046	37.6	109	65	1	20	128	494	599	9.58e-15	75.1
fig|267671.5.peg.1745|LIC11425	lep:Lepto7376_4199	32.0	281	150	9	127	370	471	747	1.25e-24	111
fig|267671.5.peg.1747|LIC11426	apm:HIMB5_00008340	25.3	245	166	8	123	359	427	662	8.09e-11	69.7
fig|267671.5.peg.1752|LIC11430	meku:HUW50_02925	36.4	107	64	2	40	144	18	122	1.83e-12	72.4
fig|267671.5.peg.1753|LIC11431	dal:Dalk_2094	29.3	133	89	2	9	140	14	142	4.14e-09	60.1
fig|267671.5.peg.1754|LIC11432	rhl:LPU83_pLPU83d0820	29.1	673	403	21	222	860	406	1038	6.96e-60	227
fig|267671.5.peg.1756|LIC11433	mbu:Mbur_1899	33.1	272	171	5	200	467	196	460	6.58e-36	144
fig|267671.5.peg.1757|LIC11434	lagg:B0E33_10030	27.7	235	141	6	3	231	6	217	4.47e-10	69.3
fig|267671.5.peg.1760|LIC11437	lic:LIC_11437	100	960	0	0	1	960	1	960	0.0	1800
fig|267671.5.peg.1761|LIC11438	nfn:NFRAN_1376	43.2	148	73	3	2	139	825	971	3.54e-29	117
fig|267671.5.peg.1763|LIC11440	mbu:Mbur_1899	31.3	479	293	15	8	475	9	462	1.67e-47	176
fig|267671.5.peg.1767|LIC11444	dms:E8L03_02300	40.4	334	181	4	4	321	3	334	4.99e-69	224
fig|267671.5.peg.1768|LIC11445	lil:LA_2527	100	447	0	0	1	447	1	447	0.0	867
fig|267671.5.peg.1769|LIC11446	bcoh:BC6307_17615	24.4	295	189	10	9	295	1	269	2.04e-09	63.2
fig|267671.5.peg.1780|LIC11452	ppz:H045_08195	27.8	259	176	6	1	252	4	258	2.05e-26	113
fig|267671.5.peg.1781|LIC11453	lic:LIC_11453	100	427	0	0	1	427	1	427	3.17e-300	818
fig|267671.5.peg.1782|LIC11454	lic:LIC_11454	100	285	0	0	1	285	1	285	6.66e-203	560
fig|267671.5.peg.1785|LIC11457	lil:LA_2511	100	277	0	0	1	277	1	277	8.69e-195	538
fig|267671.5.peg.1787|LIC11459	psu:Psesu_2996	36.3	344	214	2	132	471	133	475	6.99e-64	219
fig|267671.5.peg.1788|LIC11460	lil:LA_2508	100	96	0	0	1	96	1	96	9.29e-61	185
fig|267671.5.peg.1789|LIC11461	lic:LIC_11461	100	487	0	0	1	487	1	487	0.0	951
fig|267671.5.peg.1790|LIC11462	lil:LA_2506	100	256	0	0	1	256	1	256	4.46e-182	504
fig|267671.5.peg.1791|LIC11463	fia:NA23_08610	33.8	136	71	5	80	211	44	164	2.20e-07	58.2
fig|267671.5.peg.1793|LIC11465	dfd:Desfe_0908	28.8	236	129	9	45	259	63	280	9.34e-10	64.3
fig|267671.5.peg.1800|LIC11470	lic:LIC_11470	100	316	0	0	1	316	1	316	1.74e-225	619
fig|267671.5.peg.1823|LIC11484	clo:HMPREF0868_0893	27.4	197	136	3	36	225	304	500	6.85e-13	73.2
fig|267671.5.peg.1834|LIC11495	kal:KALB_1452	32.7	205	134	3	18	220	341	543	8.42e-18	89.7
fig|267671.5.peg.1836|LIC11497	tnp:Tnap_0551	35.6	101	58	2	40	137	36	132	3.30e-08	58.5
fig|267671.5.peg.1839|LIC11500	htq:FRZ44_08400	27.6	257	140	10	4	249	167	388	7.90e-11	67.4
fig|267671.5.peg.1849|LIC11509	ppse:BN5_0692	24.1	373	249	11	3	352	28	389	1.89e-15	84.0
fig|267671.5.peg.1851|LIC11511	eat:EAT1b_2867	35.1	154	88	3	5	158	3	144	6.63e-21	94.4
fig|267671.5.peg.1854|LIC11515	sok:D0B54_20820	30.0	260	178	2	534	789	430	689	3.94e-24	115
fig|267671.5.peg.1856|LIC11517	ecn:Ecaj_0437	35.2	508	285	7	45	538	15	492	3.37e-97	310
fig|267671.5.peg.1857|LIC11518	kde:CDSE_0044	28.1	559	263	18	28	579	4	430	2.08e-30	131
fig|267671.5.peg.1859|LIC11520	afw:Anae109_2257	36.4	107	60	4	3	106	195	296	4.37e-08	60.8
fig|267671.5.peg.1862|LIC11523	hht:F506_08165	39.9	153	78	3	762	900	384	536	1.50e-14	84.3
fig|267671.5.peg.1865|LIC11526	mthr:MSTHT_0740	40.2	117	70	0	3	119	9	125	2.78e-20	88.6
fig|267671.5.peg.1866|LIC11527	brm:Bmur_0931	26.0	150	111	0	19	168	10	159	4.54e-08	61.2
fig|267671.5.peg.1867|LIC11528	bof:FQV39_14950	39.7	252	126	7	328	564	549	789	7.51e-36	152
fig|267671.5.peg.1868|LIC11529	lil:LA_2420	100	312	0	0	1	312	1	312	1.66e-221	609
fig|267671.5.peg.1872|LIC11534	lic:LIC_11534	100	183	0	0	1	183	1	183	1.43e-126	358
fig|267671.5.peg.1873|LIC11535	bsca:BBSC_0689	21.6	348	203	7	46	333	80	417	4.30e-11	71.6
fig|267671.5.peg.1874|LIC11536	roc:HF520_02550	32.5	123	77	4	297	418	426	543	6.28e-11	70.5
fig|267671.5.peg.1877|LIC11538	lis:LIL_11658	99.1	337	3	0	1	337	1	337	1.28e-233	642
fig|267671.5.peg.1878|LIC11539	lil:LA_2410	100	158	0	0	1	158	1	158	8.99e-111	316
fig|267671.5.peg.1879|LIC11540	lil:LA_2409	100	538	0	0	1	538	1	538	0.0	1077
fig|267671.5.peg.1880|LIC11541	lil:LA_2408	100	287	0	0	1	287	1	287	3.74e-210	578
fig|267671.5.peg.1883|LIC11544	dwd:DSCW_47150	33.8	231	152	1	1	230	9	239	6.92e-36	139
fig|267671.5.peg.1886|LIC11547	arca:HC352_05765	32.9	76	51	0	11	86	164	239	3.03e-09	57.0
fig|267671.5.peg.1887|LIC11548	lfs:HFV01_24045	28.6	206	121	6	405	596	626	819	1.25e-10	71.2
fig|267671.5.peg.1888|LIC11549	cbi:CLJ_B0032	50.2	231	114	1	131	360	63	293	9.44e-62	218
fig|267671.5.peg.1891|LIC11552	lil:LA_2396	100	315	0	0	1	315	1	315	5.01e-229	628
fig|267671.5.peg.1893|LIC11554	lic:LIC_11554	100	215	0	0	1	215	1	215	5.90e-153	427
fig|267671.5.peg.1898|LIC11558	lil:LA_2388	100	231	0	0	1	231	1	231	6.89e-169	469
fig|267671.5.peg.1900|LIC11560	salx:SALLE_v1c03860	35.4	209	115	4	10	218	16	204	1.74e-20	95.5
fig|267671.5.peg.1903|LIC11563	amyy:YIM_28115	35.7	126	80	1	196	321	549	673	1.88e-16	87.4
fig|267671.5.peg.1906|LIC11566	mka:MK0192	28.7	174	94	6	202	348	34	204	1.63e-06	57.4
fig|267671.5.peg.1908|LIC11568	hmo:HM1_1592	44.3	122	66	2	194	314	474	594	1.64e-18	92.4
fig|267671.5.peg.1925|LIC11585	lic:LIC_11585	100	74	0	0	1	74	1	74	1.79e-48	152
fig|267671.5.peg.1926|LIC11586	lic:LIC_11586	100	352	0	0	1	352	1	352	2.83e-265	723
fig|267671.5.peg.1927|LIC11587	lie:LIF_A1928	100	1201	0	0	1	1201	1	1201	0.0	2397
fig|267671.5.peg.1933|LIC11594	llm:llmg_1854	27.8	209	131	5	5	204	3	200	2.40e-19	87.8
fig|267671.5.peg.1936|LIC11597	lic:LIC_11597	100	516	0	0	1	516	1	516	0.0	1014
fig|267671.5.peg.1937|LIC11598	net:Neut_0908	35.8	159	102	0	7	165	442	600	1.56e-29	119
fig|267671.5.peg.1942|LIC11602	rba:RB10127	41.8	304	169	6	155	452	164	465	9.87e-75	247
fig|267671.5.peg.1945|LIC11605	efv:CHH26_09260	38.2	76	46	1	8	82	4	79	7.84e-11	62.0
fig|267671.5.peg.1946|LIC11606	metb:AW729_01355	27.2	276	154	11	2	274	3	234	1.72e-10	65.9
fig|267671.5.peg.1949|LIC11609	lil:LA_2335	100	204	0	0	1	204	1	204	2.16e-145	407
fig|267671.5.peg.1952|LIC11610	lic:LIC_11610	100	310	0	0	1	310	1	310	6.21e-216	595
fig|267671.5.peg.1957|LIC11615	lic:LIC_11615	100	585	0	0	1	585	1	585	0.0	1163
fig|267671.5.peg.1958|LIC11616	lil:LA_2326	100	323	0	0	1	323	1	323	1.99e-239	655
fig|267671.5.peg.1960|LIC11618	lic:LIC_11618	100	256	0	0	1	256	1	256	1.79e-172	480
fig|267671.5.peg.1961|LIC11619	tpx:Turpa_1643	24.7	190	137	3	31	215	29	217	9.41e-14	75.9
fig|267671.5.peg.1969|LIC11626	lic:LIC_11626	100	281	0	0	1	281	1	281	1.91e-200	553
fig|267671.5.peg.1970|LIC11627	tte:TTE0275	25.8	182	118	4	152	328	163	332	1.46e-11	71.6
fig|267671.5.peg.1974|LIC11630	lic:LIC_11630	100	681	0	0	1	681	1	681	0.0	1330
fig|267671.5.peg.1976|LIC11632	dat:HRM2_08670	31.4	535	338	9	76	595	786	1306	2.62e-64	235
fig|267671.5.peg.1977|LIC11633	lic:LIC_11633	100	337	0	0	1	337	1	337	2.07e-239	656
fig|267671.5.peg.1978|LIC11634	agu:AS4_34150	31.2	189	118	3	3	182	10	195	8.43e-17	82.0
fig|267671.5.peg.1985|LIC11642	rba:RB10127	43.6	305	160	8	87	381	163	465	1.26e-70	234
fig|267671.5.peg.1989|LIC11646	lic:LIC_11646	100	301	0	0	1	301	1	301	3.12e-225	617
fig|267671.5.peg.1991|LIC11647	rum:CK1_05510	41.6	125	64	3	115	237	17	134	2.01e-14	78.2
fig|267671.5.peg.1996|LIC11652	lil:LA_2286	100	214	0	0	1	214	1	214	2.50e-149	418
fig|267671.5.peg.1999|LIC11655	lic:LIC_11655	100	511	0	0	1	511	1	511	0.0	1006
fig|267671.5.peg.2000|LIC11656	lic:LIC_11656	100	208	0	0	1	208	1	208	4.86e-144	404
fig|267671.5.peg.2007|LIC11663	lil:LA_2274	100	374	0	0	1	374	1	374	1.95e-274	748
fig|267671.5.peg.2011	lil:LA_2269	99.0	103	1	0	1	103	272	374	3.26e-63	201
fig|267671.5.peg.2013	lil:LA_2269	99.6	246	1	0	1	246	1	246	1.46e-171	482
fig|267671.5.peg.2017|LIC11672	lie:LIF_A1847	99.6	255	1	0	1	255	1	255	1.48e-175	488
fig|267671.5.peg.2019|LIC11674	lic:LIC_11674	100	563	0	0	1	563	1	563	0.0	1134
fig|267671.5.peg.2020|LIC11675	lil:LA_2261	100	550	0	0	1	550	1	550	0.0	1095
fig|267671.5.peg.2021|LIC11676	ial:IALB_0540	30.8	133	72	5	11	129	33	159	6.78e-06	51.6
fig|267671.5.peg.2031|LIC11685	sdz:Asd1617_00381	32.6	184	117	3	5	181	297	480	1.61e-18	87.8
fig|267671.5.peg.2040|LIC11691	salh:HMF8227_02526	47.4	95	50	0	322	416	488	582	3.06e-12	75.5
fig|267671.5.peg.2047|LIC11697	phe:Phep_0675	27.3	271	142	14	132	393	613	837	3.28e-06	55.8
fig|267671.5.peg.2048|LIC11698	lil:LA_2237	100	405	0	0	1	405	1	405	1.60e-291	794
fig|267671.5.peg.2049|LIC11699	lic:LIC_11699	100	550	0	0	1	550	1	550	0.0	1076
fig|267671.5.peg.2058|LIC11707	lil:LA_2226	100	342	0	0	1	342	33	374	4.56e-251	687
fig|267671.5.peg.2059|LIC11708	oac:Oscil6304_5106	27.5	273	159	7	140	375	452	722	1.75e-14	81.3
fig|267671.5.peg.2060|LIC11709	arp:NIES39_E02730	32.6	426	257	10	193	595	575	993	3.88e-46	185
fig|267671.5.peg.2061|LIC11710	saf:SULAZ_1426	35.1	348	221	3	13	359	6	349	3.95e-56	203
fig|267671.5.peg.2065|LIC11713	hhy:Halhy_4875	36.7	109	64	2	226	334	390	493	1.65e-08	62.0
fig|267671.5.peg.2067|LIC11716	sfla:SPHFLASMR4Y_01522	25.2	202	139	5	87	282	100	295	1.46e-06	55.8
fig|267671.5.peg.2068|LIC11717	psuu:Psuf_007680	72.9	155	42	0	6	160	391	545	2.28e-69	247
fig|267671.5.peg.2072|LIC11720	acel:acsn021_25590	23.6	331	177	15	173	476	63	344	7.49e-10	67.0
fig|267671.5.peg.2073|LIC11721	aka:TKWG_11425	24.1	174	95	5	39	211	332	469	1.84e-05	51.2
fig|267671.5.peg.2078|LIC11726	lil:LA_2202	100	528	0	0	1	528	1	528	0.0	1018
fig|267671.5.peg.2079|LIC11728	lil:LA_2200	100	186	0	0	1	186	1	186	2.57e-144	403
fig|267671.5.peg.2080|LIC11729	cbei:LF65_02094	32.8	685	387	18	2	650	3	650	1.19e-88	295
fig|267671.5.peg.2081	tpx:Turpa_2775	23.6	348	254	5	60	398	74	418	8.31e-19	95.9
fig|267671.5.peg.2088|LIC11735	lic:LIC_11735	100	265	0	0	1	265	1	265	4.34e-198	546
fig|267671.5.peg.2089	lil:LA_2190	97.4	38	1	0	4	41	267	304	5.90e-16	73.6
fig|267671.5.peg.2091|LIC11737	mtt:Ftrac_2743	24.3	247	159	8	27	265	26	252	1.71e-04	48.1
fig|267671.5.peg.2092|LIC11738	nja:NSJP_0442	28.1	559	357	16	52	577	142	688	2.47e-48	187
fig|267671.5.peg.2097	cbe:Cbei_4080	26.0	123	91	0	2	124	5	127	9.63e-06	47.8
fig|267671.5.peg.2104|LIC11746	lic:LIC_11746	100	338	0	0	1	338	1	338	2.72e-240	659
fig|267671.5.peg.2105|LIC11747	lic:LIC_11747	100	624	0	0	1	624	22	645	0.0	1246
fig|267671.5.peg.2107|LIC11749	dal:Dalk_2094	27.7	575	352	13	45	573	180	736	9.07e-43	169
fig|267671.5.peg.2110|LIC11752	thk:CCZ27_14180	30.4	194	131	2	183	374	136	327	5.65e-21	99.8
fig|267671.5.peg.2113|LIC11754	weo:ASM33_05685	31.3	147	85	4	202	345	36	169	7.81e-11	67.0
fig|267671.5.peg.2116|LIC11756	sti:Sthe_0940	34.3	268	173	3	14	278	291	558	1.81e-40	162
fig|267671.5.peg.2126|LIC11764	kqi:F1D05_15540	26.8	310	205	7	74	366	91	395	2.54e-24	108
fig|267671.5.peg.2129|LIC11766	lis:LIL_11890	99.3	586	4	0	1	586	1	586	0.0	1120
fig|267671.5.peg.2130|LIC11767	lil:LA_2153	100	406	0	0	1	406	1	406	2.99e-292	796
fig|267671.5.peg.2131|LIC11768	lil:LA_2152	100	358	0	0	1	358	1	358	1.37e-250	686
fig|267671.5.peg.2132|LIC11769	csq:CSCA_1240	37.0	119	69	4	10	125	3	118	3.63e-09	59.3
fig|267671.5.peg.2136|LIC11773	lil:LA_2147	100	218	0	0	1	218	1	218	1.63e-156	437
fig|267671.5.peg.2138|LIC11775	lil:LA_2145	100	293	0	0	1	293	1	293	6.67e-207	570
fig|267671.5.peg.2139|LIC11776	fbe:FF125_09250	23.9	197	107	5	65	241	700	873	3.36e-06	53.9
fig|267671.5.peg.2141|LIC11777	lic:LIC_11777	99.7	358	1	0	1	358	11	368	4.26e-261	713
fig|267671.5.peg.2142|LIC11778	lic:LIC_11778	100	433	0	0	1	433	1	433	0.0	866
fig|267671.5.peg.2143|LIC11779	lil:LA_2141	100	221	0	0	1	221	1	221	3.40e-155	434
fig|267671.5.peg.2144|LIC11780	lil:LA_2140	100	376	0	0	1	376	1	376	2.44e-269	735
fig|267671.5.peg.2145|LIC11781	lil:LA_2139	100	326	0	0	1	326	1	326	7.11e-230	631
fig|267671.5.peg.2149|LIC11786	lic:LIC_11786	100	320	0	0	1	320	1	320	8.04e-233	638
fig|267671.5.peg.2151|LIC11788	baci:B1NLA3E_17845	25.6	262	152	9	25	262	20	262	1.61e-11	68.9
fig|267671.5.peg.2153|LIC11790	lic:LIC_11790	100	404	0	0	1	404	1	404	5.77e-289	787
fig|267671.5.peg.2156|LIC11792	lis:LIL_11918	99.7	301	1	0	1	301	1	301	2.57e-224	615
fig|267671.5.peg.2163|LIC11799	lil:LA_2119	100	496	0	0	1	496	1	496	0.0	994
fig|267671.5.peg.2166	lil:LA_2116	100	202	0	0	1	202	1	202	5.98e-151	421
fig|267671.5.peg.2167|LIC11803	lic:LIC_11803	100	460	0	0	1	460	1	460	0.0	891
fig|267671.5.peg.2168|LIC11804	kal:KALB_1452	33.2	223	144	3	4	224	325	544	9.91e-27	115
fig|267671.5.peg.2172|LIC11808	mpli:E1742_16830	32.9	73	46	1	2	74	4	73	1.41e-05	46.6
fig|267671.5.peg.2173|LIC11809	sali:L593_11230	31.1	74	50	1	31	103	14	87	1.68e-05	47.8
fig|267671.5.peg.2174|LIC11810	pmt:PMT_1961	35.1	77	45	2	1	77	2	73	7.61e-06	47.4
fig|267671.5.peg.2175|LIC11811	hcv:FTV88_0636	52.4	332	154	2	10	338	446	776	2.13e-112	349
fig|267671.5.peg.2176|LIC11812	lic:LIC_11812	100	520	0	0	1	520	1	520	0.0	1036
fig|267671.5.peg.2177|LIC11813	lic:LIC_11813	100	577	0	0	1	577	1	577	0.0	1125
fig|267671.5.peg.2184|LIC11820	lil:LA_2097	100	333	0	0	1	333	1	333	6.17e-239	655
fig|267671.5.peg.2185|LIC11821	lil:LA_2096	100	206	0	0	1	206	1	206	2.08e-153	428
fig|267671.5.peg.2186|LIC11822	lil:LA_2095	100	465	0	0	1	465	1	465	0.0	931
fig|267671.5.peg.2187|LIC11823	pcay:FRD00_28285	29.3	92	64	1	384	475	24	114	4.58e-07	57.8
fig|267671.5.peg.2188|LIC11824	pth:PTH_0951	27.8	212	130	6	21	226	25	219	1.31e-11	70.1
fig|267671.5.peg.2189|LIC11825	lil:LA_2092	100	195	0	0	1	195	1	195	6.97e-133	375
fig|267671.5.peg.2196|LIC11831	lil:LA_2087	100	603	0	0	1	603	1	603	0.0	1204
fig|267671.5.peg.2197|LIC11832	lie:LIF_A1687	100	133	0	0	1	133	1	133	9.97e-96	276
fig|267671.5.peg.2205|LIC11839	nga:Ngar_c06000	30.1	256	73	9	30	265	723	892	2.08e-15	82.4
fig|267671.5.peg.2206|LIC11840	lil:LA_2076	100	470	0	0	1	470	1	470	0.0	905
fig|267671.5.peg.2219|LIC11852	lic:LIC_11852	100	434	0	0	1	434	1	434	0.0	864
fig|267671.5.peg.2220|LIC11853	lil:LA_2061	100	366	0	0	1	366	1	366	3.49e-273	744
fig|267671.5.peg.2221|LIC11854	pbas:SMSP2_01647	43.6	195	107	2	13	204	398	592	3.14e-50	176
fig|267671.5.peg.2222|LIC11855	lic:LIC_11855	100	320	0	0	1	320	32	351	1.65e-228	629
fig|267671.5.peg.2225|LIC11858	pth:PTH_0951	31.5	213	141	3	18	229	22	230	1.72e-24	107
fig|267671.5.peg.2227|LIC11860	lic:LIC_11860	100	282	0	0	1	282	15	296	1.79e-202	559
fig|267671.5.peg.2230|LIC11863	lil:LA_2051	100	488	0	0	1	488	1	488	0.0	959
fig|267671.5.peg.2231|LIC11864	lil:LA_2050	100	358	0	0	1	358	1	358	1.62e-258	706
fig|267671.5.peg.2232|LIC11865	lxy:O159_16300	26.8	354	239	11	16	360	33	375	1.81e-15	84.3
fig|267671.5.peg.2233|LIC11866	lic:LIC_11866	100	368	0	0	1	368	1	368	5.62e-255	698
fig|267671.5.peg.2234|LIC11867	lil:LA_2047	100	504	0	0	1	504	1	504	0.0	987
fig|267671.5.peg.2237|LIC11870	lie:LIF_A1650	100	173	0	0	1	173	1	173	1.03e-130	368
fig|267671.5.peg.2240|LIC11873	ade:Adeh_0371	24.8	258	172	9	1	249	5	249	1.31e-10	67.0
fig|267671.5.peg.2244|LIC11875	lic:LIC_10546	29.8	336	212	9	52	373	30	355	4.83e-39	148
fig|267671.5.peg.2255|LIC11884	hhd:HBHAL_2473	32.8	366	232	8	54	415	737	1092	1.66e-49	186
fig|267671.5.peg.2258|LIC11886	pts:CUJ90_21645	32.0	150	62	5	32	180	815	925	2.22e-10	64.7
fig|267671.5.peg.2267|LIC11895	len:LEP3755_10520	26.3	217	140	6	227	430	444	653	1.45e-10	69.7
fig|267671.5.peg.2268|LIC11896	slac:SKTS_23530	36.8	117	70	2	21	133	11	127	1.49e-21	94.7
fig|267671.5.peg.2269|LIC11897	lil:LA_2010	100	326	0	0	1	326	2	327	5.05e-237	649
fig|267671.5.peg.2270|LIC11898	lil:LA_2009	100	324	0	0	1	324	1	324	1.90e-233	640
fig|267671.5.peg.2271	lil:LA_2008	98.5	458	7	0	1	458	1	458	3.64e-308	840
fig|267671.5.peg.2280|LIC11906	lil:LA_2001	100	224	0	0	1	224	1	224	1.24e-163	455
fig|267671.5.peg.2282|LIC11910	gsk:KN400_2489	32.1	237	148	7	28	261	14	240	5.10e-30	119
fig|267671.5.peg.2283|LIC11911	sala:ESZ53_12840	41.9	645	355	6	65	700	77	710	7.84e-151	462
fig|267671.5.peg.2285|LIC11913	lic:LIC_11913	100	495	0	0	1	495	1	495	0.0	983
fig|267671.5.peg.2288|LIC11914	fes:HER31_17020	31.2	125	84	1	130	254	467	589	4.80e-14	77.8
fig|267671.5.peg.2289|LIC11915	lic:LIC_11915	100	214	0	0	1	214	1	214	1.84e-160	446
fig|267671.5.peg.2295|LIC11919	lil:LA_1986	100	508	0	0	1	508	1	508	0.0	980
fig|267671.5.peg.2297|LIC11921	keu:S101446_00590	25.8	252	169	5	24	275	610	843	8.85e-13	76.6
fig|267671.5.peg.2302|LIC11926	ttr:Tter_0104	30.5	236	134	9	6	219	8	235	6.53e-15	79.7
fig|267671.5.peg.2304|LIC11928	cbut:ATN24_11095	33.7	178	112	4	44	215	32	209	1.06e-17	91.7
fig|267671.5.peg.2305|LIC11929	gsb:GSUB_07665	33.5	194	118	3	3	191	5	192	4.04e-25	104
fig|267671.5.peg.2308	ccj:UL81_08255	42.6	129	71	2	2	127	3	131	1.64e-25	104
fig|267671.5.peg.2310|LIC11934	lbi:LEPBI_I2850	41.6	418	231	4	13	427	11	418	2.57e-94	295
fig|267671.5.peg.2320|LIC11945	axo:NH44784_059261	31.0	232	150	5	1	226	3	230	2.73e-25	105
fig|267671.5.peg.2324|LIC11949	rub:GBA63_11955	26.7	273	190	4	69	331	75	347	1.44e-25	113
fig|267671.5.peg.2329|LIC11954	lil:LA_1951	100	432	0	0	1	432	1	432	4.38e-305	830
fig|267671.5.peg.2335|LIC11957	lgt:E4T54_05160	51.0	102	50	0	1	102	20	121	1.89e-27	110
fig|267671.5.peg.2339	bid:Bind_3797	33.8	77	47	1	4	80	515	587	9.71e-10	59.3
fig|267671.5.peg.2340	pmut:DPM13_18890	34.5	113	64	3	1	108	131	238	1.66e-10	62.8
fig|267671.5.peg.2349|LIC11970	scu:SCE1572_02470	22.7	331	205	11	279	602	67	353	7.65e-07	58.2
fig|267671.5.peg.2355|LIC11976	lil:LA_1930	100	376	0	0	1	376	1	376	1.32e-273	746
fig|267671.5.peg.2357|LIC11978	mjl:Mjls_5689	43.8	96	52	2	10	104	10	104	7.08e-19	80.5
fig|267671.5.peg.2361|LIC11981	deo:CAY53_10930	31.9	113	76	1	147	259	24	135	1.70e-08	60.8
fig|267671.5.peg.2369|LIC11989	ehl:EHLA_0966	37.8	82	44	4	212	286	27	108	2.44e-05	52.0
fig|267671.5.peg.2373|LIC11992	lis:LIL_12111	100	407	0	0	1	407	1	407	8.29e-295	802
fig|267671.5.peg.2375|LIC11994	cct:CC1_05430	41.1	56	33	0	15	70	16	71	4.93e-06	48.9
fig|267671.5.peg.2381|LIC11998	pmy:Pmen_1295	25.0	280	180	9	8	283	3	256	2.32e-13	74.3
fig|267671.5.peg.2383|LIC12000	con:TQ29_11650	28.2	195	108	6	50	234	12	184	4.56e-07	58.2
fig|267671.5.peg.2384|LIC12001	lil:LA_1898	100	226	0	0	1	226	1	226	8.63e-156	436
fig|267671.5.peg.2385|LIC12002	lil:LA_1897	100	637	0	0	1	637	1	637	0.0	1291
fig|267671.5.peg.2386|LIC12003	lil:LA_1896	100	243	0	0	1	243	1	243	1.83e-179	497
fig|267671.5.peg.2392|LIC12008	lic:LIC_12184	45.2	166	90	1	72	237	2	166	8.76e-39	137
fig|267671.5.peg.2394|LIC12009	lil:LA_1889	100	313	0	0	1	313	1	313	1.01e-227	625
fig|267671.5.peg.2395|LIC12010	cpeg:CPELA_01210	30.0	233	126	10	1	206	39	261	2.50e-11	72.0
fig|267671.5.peg.2396|LIC12011	bsto:C0V70_02780	29.6	216	121	7	10	222	24	211	6.85e-19	87.8
fig|267671.5.peg.2402|LIC12017	ial:IALB_1063	29.0	138	77	4	575	701	18	145	2.05e-05	54.7
fig|267671.5.peg.2405|LIC12019	rca:Rcas_1545	30.5	699	419	15	11	653	246	933	1.62e-88	301
fig|267671.5.peg.2413|LIC12025	lic:LIC_12025	100	435	0	0	1	435	1	435	0.0	873
fig|267671.5.peg.2414|LIC12026	lil:LA_1865	100	284	0	0	1	284	1	284	7.50e-204	562
fig|267671.5.peg.2415|LIC12027	lkm:EFP84_03100	93.1	321	22	0	1	321	1	321	4.07e-222	611
fig|267671.5.peg.2416|LIC12028	lic:LIC_12028	100	471	0	0	1	471	1	471	0.0	939
fig|267671.5.peg.2418|LIC12030	fia:NA23_08610	35.2	142	73	5	81	218	38	164	1.23e-08	62.0
fig|267671.5.peg.2419|LIC12031	star:G3545_23690	25.8	337	223	11	26	348	346	669	1.46e-18	97.4
fig|267671.5.peg.2420|LIC12032	lil:LA_1859	100	481	0	0	1	481	1	481	0.0	1004
fig|267671.5.peg.2421|LIC12033	plu:plu4830	34.5	58	38	0	38	95	275	332	1.04e-04	47.8
fig|267671.5.peg.2450|LIC12058	dwd:DSCW_34400	39.6	212	110	2	2	195	4	215	1.73e-38	150
fig|267671.5.peg.2451|LIC12059	arp:NIES39_E02730	37.9	174	102	3	27	196	815	986	7.03e-20	92.8
fig|267671.5.peg.2452|LIC12060	ter:Tery_3412	34.9	407	240	8	549	935	457	858	9.84e-54	210
fig|267671.5.peg.2456|LIC12063	lbl:LBL_1296	85.9	234	30	1	19	249	24	257	1.23e-150	425
fig|267671.5.peg.2466|LIC12072	lic:LIC_12072	100	199	0	0	1	199	18	216	1.63e-146	410
fig|267671.5.peg.2468|LIC12074	lic:LIC_12074	100	111	0	0	1	111	6	116	7.11e-73	217
fig|267671.5.peg.2472|LIC12078	dsf:UWK_03168	28.7	237	156	6	261	488	14	246	1.22e-16	89.0
fig|267671.5.peg.2473|LIC12079	kal:KALB_1452	25.9	232	162	4	20	251	336	557	1.69e-17	87.8
fig|267671.5.peg.2477|LIC12082	lic:LIC_12082	100	309	0	0	1	309	1	309	2.97e-218	600
fig|267671.5.peg.2483|LIC12085	plut:EI981_14185	32.7	159	82	8	10	153	236	384	4.49e-09	60.5
fig|267671.5.peg.2486|LIC12087	amac:MASE_09290	24.9	229	172	0	20	248	20	248	1.07e-22	107
fig|267671.5.peg.2487|LIC12088	synp:Syn7502_00472	32.5	126	72	6	9	133	8	121	5.11e-08	55.5
fig|267671.5.peg.2491|LIC12090	lil:LA_1704	100	335	0	0	1	335	1	335	2.73e-243	666
fig|267671.5.peg.2492|LIC12091	lic:LIC_12091	100	396	0	0	1	396	1	396	2.49e-279	762
fig|267671.5.peg.2497|LIC12094	lic:LIC_12094	100	250	0	0	1	250	1	250	5.84e-175	486
fig|267671.5.peg.2500|LIC12097	oac:Oscil6304_5106	27.1	280	161	8	134	370	445	724	6.53e-17	88.6
fig|267671.5.peg.2501|LIC12098	bok:DM82_134	35.9	92	58	1	4	94	33	124	8.50e-08	59.7
fig|267671.5.peg.2504|LIC12101	lic:LIC_12101	100	418	0	0	1	418	1	418	9.07e-300	816
fig|267671.5.peg.2505|LIC12102	lic:LIC_12102	100	586	0	0	1	586	11	596	0.0	1142
fig|267671.5.peg.2508|LIC12104	lec:LGMK_02530	24.5	143	107	1	12	153	4	146	2.04e-05	51.6
fig|267671.5.peg.2509|LIC12105	dau:Daud_2046	40.2	122	61	3	17	138	39	148	1.31e-16	79.7
fig|267671.5.peg.2512|LIC12108	lic:LIC_12108	100	601	0	0	1	601	1	601	0.0	1196
fig|267671.5.peg.2518|LIC12114	dsf:UWK_01734	24.5	347	226	10	46	363	526	865	1.58e-20	99.8
fig|267671.5.peg.2527|LIC12119	xyl:ET495_09035	26.9	223	134	9	43	257	42	243	5.87e-08	59.7
fig|267671.5.peg.2530|LIC12122	mik:FOE78_04005	23.7	224	136	6	10	217	55	259	1.04e-05	53.1
fig|267671.5.peg.2531|LIC12123	lil:LA_1662	100	294	0	0	1	294	1	294	2.85e-213	587
fig|267671.5.peg.2532|LIC12124	lic:LIC_12124	100	349	0	0	1	349	1	349	1.11e-265	724
fig|267671.5.peg.2533|LIC12125	lic:LIC_12125	100	306	0	0	1	306	1	306	7.12e-229	627
fig|267671.5.peg.2534|LIC12126	lil:LA_1659	100	186	0	0	1	186	1	186	9.70e-140	392
fig|267671.5.peg.2535|LIC12127	pul:NT08PM_0488	23.1	363	253	8	2	355	459	804	6.56e-08	62.0
fig|267671.5.peg.2536|LIC12128	rca:Rcas_3648	30.8	227	152	2	6	227	444	670	6.64e-31	127
fig|267671.5.peg.2538|LIC12130	ag:AAS55722	49.2	364	181	2	1	363	1	361	2.29e-117	349
fig|267671.5.peg.2539|LIC12131	ag:AAS55720	50.4	123	59	2	12	134	6	126	1.07e-35	125
fig|267671.5.peg.2545|LIC12137	hni:W911_04430	36.7	215	133	2	179	390	261	475	1.08e-38	150
fig|267671.5.peg.2547|LIC12139	vvm:VVMO6_02768	65.6	375	129	0	1	375	1	375	2.69e-183	518
fig|267671.5.peg.2548|LIC12140	ras:RAS_p070	25.3	300	175	12	3	264	4	292	1.24e-08	62.0
fig|267671.5.peg.2549|LIC12141	lic:LIC_12141	100	344	0	0	1	344	1	344	1.92e-243	667
fig|267671.5.peg.2550|LIC12142	mbur:EQU24_04450	25.1	279	181	10	83	358	63	316	8.18e-10	65.9
fig|267671.5.peg.2553|LIC12145	sdl:Sdel_1788	25.6	133	90	4	69	194	84	214	6.18e-05	52.4
fig|267671.5.peg.2554|LIC12146	pbk:Back11_01900	24.4	201	121	6	35	210	13	207	9.16e-06	52.4
fig|267671.5.peg.2556|LIC12148	msd:MYSTI_05750	24.7	178	125	5	3	179	443	612	1.00e-05	52.8
fig|267671.5.peg.2557|LIC12149	lil:LA_1634	100	317	0	0	1	317	1	317	4.87e-237	649
fig|267671.5.peg.2558|LIC12150	lil:LA_1633	100	150	0	0	1	150	1	150	2.43e-111	317
fig|267671.5.peg.2559|LIC12151	lil:LA_1632	100	363	0	0	1	363	1	363	1.73e-276	752
fig|267671.5.peg.2560|LIC12152	lil:LA_1631	100	255	0	0	1	255	1	255	9.82e-190	524
fig|267671.5.peg.2562|LIC12153	lil:LA_1629	100	312	0	0	1	312	21	332	3.50e-221	609
fig|267671.5.peg.2563|LIC12154	paf:PAM18_3946	24.3	309	200	10	31	314	44	343	1.36e-12	73.6
fig|267671.5.peg.2564|LIC12155	lie:LIF_A1313	99.6	226	1	0	1	226	32	257	9.63e-158	442
fig|267671.5.peg.2565|LIC12156	lgn:ABM34_10260	31.6	231	146	5	4	224	8	236	3.17e-27	115
fig|267671.5.peg.2566|LIC12157	lic:LIC_12157	100	251	0	0	1	251	1	251	1.88e-176	490
fig|267671.5.peg.2567|LIC12158	lil:LA_1624	100	251	0	0	1	251	1	251	1.44e-180	500
fig|267671.5.peg.2570|LIC12161	lic:LIC_12161	99.5	203	1	0	1	203	17	219	2.50e-145	408
fig|267671.5.peg.2572|LIC12163	ag:AAF67507	26.1	617	355	18	12	602	29	570	1.15e-37	154
fig|267671.5.peg.2573|LIC12164	hcp:HCN_1199	43.7	206	112	2	79	283	1	203	9.55e-53	176
fig|267671.5.peg.2574|LIC12165	hcv:FTV88_2809	24.2	298	204	10	42	324	25	315	6.46e-16	83.2
fig|267671.5.peg.2575|LIC12166	ipo:Ilyop_0062	27.2	345	220	9	7	336	6	334	5.50e-23	104
fig|267671.5.peg.2576|LIC12167	lil:LA_1615	100	209	0	0	1	209	1	209	2.24e-154	431
fig|267671.5.peg.2577|LIC12168	clt:CM240_1652	31.8	377	237	8	17	389	28	388	1.68e-45	166
fig|267671.5.peg.2578|LIC12169	bgw:VE98_C0001G0439	37.8	328	200	3	126	450	10	336	1.20e-63	221
fig|267671.5.peg.2580|LIC12171	pys:Py04_1589	39.9	228	129	5	124	344	5	231	8.04e-42	154
fig|267671.5.peg.2581|LIC12172	gka:GK3126	58.9	384	156	2	2	384	3	385	4.04e-153	442
fig|267671.5.peg.2582|LIC12173	ecm:EcSMS35_3232	52.7	334	154	2	13	342	3	336	3.01e-111	332
fig|267671.5.peg.2584|LIC12175	naf:GQ61_04745	30.4	381	232	7	14	379	1	363	1.64e-43	160
fig|267671.5.peg.2585|LIC12176	lil:LA_1606	100	330	0	0	1	330	1	330	7.54e-243	664
fig|267671.5.peg.2586|LIC12177	adp:NCTC12871_01317	40.4	225	129	3	5	227	2	223	8.07e-41	149
fig|267671.5.peg.2588|LIC12179	lil:LA_1603	100	315	0	0	1	315	1	315	2.19e-223	614
fig|267671.5.peg.2589|LIC12180	run:DR864_11465	27.9	251	160	9	1	236	11	255	3.43e-15	78.2
fig|267671.5.peg.2590|LIC12181	dug:HH213_09665	33.6	125	80	2	9	133	160	281	8.99e-17	80.1
fig|267671.5.peg.2591|LIC12182	aai:AARI_04680	35.4	209	118	8	389	588	25	225	5.53e-20	100
fig|267671.5.peg.2593|LIC12184	lic:LIC_12184	100	171	0	0	1	171	1	171	1.40e-118	337
fig|267671.5.peg.2594|LIC12185	lil:LA_1577	47.0	83	37	3	24	99	216	298	2.23e-12	66.6
fig|267671.5.peg.2595|LIC12186	lil:LA_1596	100	308	0	0	1	308	1	308	1.01e-229	629
fig|267671.5.peg.2596|LIC12187	arg:QT11_C0001G0506	34.1	367	221	7	10	356	353	718	1.26e-56	201
fig|267671.5.peg.2597|LIC12188	ag:CAK50784	32.9	383	251	4	10	386	13	395	9.43e-67	223
fig|267671.5.peg.2599|LIC12190	anm:GFC28_1688	31.5	108	71	1	66	170	36	143	3.84e-08	57.8
fig|267671.5.peg.2603|LIC12194	lic:LIC_12194	99.6	285	1	0	1	285	26	310	1.57e-207	572
fig|267671.5.peg.2604|LIC12195	lic:LIC_12195	100	265	0	0	1	265	1	265	6.64e-193	533
fig|267671.5.peg.2606|LIC12197	brad:BF49_6200	53.3	362	169	0	4	365	10	371	3.09e-138	403
fig|267671.5.peg.2607|LIC12198	aoz:HUE56_00815	68.8	365	114	0	1	365	1	365	8.89e-189	531
fig|267671.5.peg.2608|LIC12199	arg:QT11_C0001G0506	39.6	298	165	7	1	288	34	326	2.26e-55	196
fig|267671.5.peg.2609|LIC12200	synk:KR100_01405	48.7	495	244	4	14	508	8	492	2.96e-155	456
fig|267671.5.peg.2610|LIC12201	lic:LIC_12201	100	267	0	0	1	267	1	267	2.94e-197	544
fig|267671.5.peg.2611|LIC12202	lic:LIC_12202	100	329	0	0	1	329	1	329	3.46e-243	665
fig|267671.5.peg.2612|LIC12203	lil:LA_1579	100	185	0	0	1	185	1	185	7.97e-134	377
fig|267671.5.peg.2613|LIC12204	ncv:NCAV_0985	28.5	386	237	12	2	362	12	383	8.72e-39	147
fig|267671.5.peg.2614|LIC12205	lil:LA_1577	100	314	0	0	1	314	1	314	1.50e-234	642
fig|267671.5.peg.2615|LIC12206	malg:MALG_02854	40.0	95	57	0	2	96	12	106	1.41e-11	65.1
fig|267671.5.peg.2630|LIC12215	lkm:EFP84_17850	90.5	338	30	1	8	343	1	338	4.73e-240	658
fig|267671.5.peg.2631|LIC12216	anc:GBB76_17500	40.6	64	32	2	17	76	3	64	2.54e-04	44.3
fig|267671.5.peg.2632|LIC12217	scd:Spica_0619	28.7	94	62	1	149	242	298	386	5.54e-04	49.7
fig|267671.5.peg.2634|LIC12218	mbu:Mbur_1899	35.8	193	117	4	229	417	270	459	3.12e-29	124
fig|267671.5.peg.2636|LIC12220	clac:EG342_21975	29.8	151	104	1	48	196	47	197	3.90e-16	82.0
fig|267671.5.peg.2643|LIC12226	thec:FFX45_12040	32.5	200	111	7	77	273	78	256	3.28e-19	90.9
fig|267671.5.peg.2651|LIC12232	cpas:Clopa_4535	26.1	234	157	5	8	230	5	233	1.91e-13	76.6
fig|267671.5.peg.2653|LIC12233	lil:LA_1532	100	351	0	0	1	351	1	351	1.37e-251	688
fig|267671.5.peg.2657|LIC12235	lmay:DPV73_12440	33.7	270	170	5	8	269	14	282	1.53e-33	138
fig|267671.5.peg.2658|LIC12236	bmar:HF888_03850	34.2	114	73	2	13	125	209	321	4.07e-12	67.8
fig|267671.5.peg.2668|LIC12243	lic:LIC_12243	100	353	0	0	1	353	1	353	7.41e-257	702
fig|267671.5.peg.2671|LIC12246	lil:LA_1516	100	297	0	0	1	297	1	297	2.08e-212	585
fig|267671.5.peg.2674|LIC12248	lic:LIC_12248	100	250	0	0	1	250	1	250	9.01e-179	496
fig|267671.5.peg.2677|LIC12251	lil:LA_1511	100	532	0	0	1	532	1	532	0.0	1065
fig|267671.5.peg.2684|LIC12256	hmo:HM1_1592	35.7	115	59	3	92	206	499	598	1.20e-08	60.5
fig|267671.5.peg.2688|LIC12259	arth:C3B78_09960	25.5	271	162	8	225	456	653	922	8.80e-05	53.5
fig|267671.5.peg.2700|LIC12268	dfg:B0537_05970	43.7	325	182	1	425	749	15	338	2.50e-84	276
fig|267671.5.peg.2701|LIC12269	lil:LA_1487	99.5	375	2	0	1	375	1	375	2.68e-277	755
fig|267671.5.peg.2707|LIC12273	caby:Cabys_1654	33.7	341	218	5	14	349	162	499	7.65e-52	184
fig|267671.5.peg.2709|LIC12275	lil:LA_1481	100	257	0	0	1	257	1	257	2.67e-179	498
fig|267671.5.peg.2713|LIC12279	lil:LA_1476	100	205	0	0	1	205	1	205	1.85e-151	423
fig|267671.5.peg.2714|LIC12280	lil:LA_1477	100	418	0	0	1	418	1	418	2.33e-302	822
fig|267671.5.peg.2723|LIC12290	lil:LA_1466	100	559	0	0	1	559	1	559	0.0	1157
fig|267671.5.peg.2725|LIC12291	lic:LIC_12291	100	466	0	0	1	466	1	466	0.0	920
fig|267671.5.peg.2726|LIC12292	lil:LA_1463	100	162	0	0	1	162	1	162	2.76e-107	308
fig|267671.5.peg.2727|LIC12293	lic:LIC_12293	100	376	0	0	1	376	1	376	8.06e-284	772
fig|267671.5.peg.2732|LIC12294	lil:LA_1459	100	436	0	0	1	436	1	436	3.41e-317	862
fig|267671.5.peg.2733|LIC12295	kal:KALB_1452	30.9	204	119	6	39	226	341	538	1.31e-14	82.0
fig|267671.5.peg.2739|LIC12301	lil:LA_1451	100	254	0	0	1	254	1	254	1.82e-180	500
fig|267671.5.peg.2752|LIC12311	dwd:DSCW_47150	33.7	205	131	3	2	205	6	206	8.21e-22	99.0
fig|267671.5.peg.2753|LIC12312	lil:LA_1437	100	298	0	0	1	298	1	298	1.65e-214	590
fig|267671.5.peg.2754|LIC12313	mmal:CKJ54_13250	29.4	109	75	2	3	110	9	116	3.26e-13	69.7
fig|267671.5.peg.2759|LIC12316	lgt:E4T54_05160	39.3	122	74	0	9	130	10	131	2.85e-22	96.3
fig|267671.5.peg.2761|LIC12317	lic:LIC_12317	100	429	0	0	1	429	3	431	0.0	868
fig|267671.5.peg.2764|LIC12320	spoa:EQM13_17665	42.7	253	141	2	1	252	3	252	6.35e-64	205
fig|267671.5.peg.2767|LIC12322	lil:LA_1424	100	593	0	0	1	593	1	593	0.0	1181
fig|267671.5.peg.2768|LIC12323	stq:Spith_2022	27.8	281	190	8	21	293	824	1099	3.17e-21	100
fig|267671.5.peg.2769|LIC12324	sur:STAUR_4866	22.7	695	457	18	297	975	464	1094	9.60e-19	100
fig|267671.5.peg.2772|LIC12327	oac:Oscil6304_2141	59.8	214	85	1	273	486	139	351	5.05e-75	245
fig|267671.5.peg.2775|LIC12328	lic:LIC_12328	100	152	0	0	1	152	1	152	1.11e-108	310
fig|267671.5.peg.2778|LIC12331	acip:CBP36_07200	31.2	199	123	6	5	194	41	234	2.97e-17	84.7
fig|267671.5.peg.2783|LIC12334	lic:LIC_12334	100	328	0	0	1	328	1	328	1.06e-232	639
fig|267671.5.peg.2784|LIC12335	lil:LA_1409	100	415	0	0	1	415	1	415	6.42e-303	823
fig|267671.5.peg.2786|LIC12336	labr:CHH27_17525	26.4	163	101	7	111	262	117	271	9.55e-04	47.8
fig|267671.5.peg.2799|LIC12346	bme:BMEI1779	39.8	322	189	5	1	319	1	320	1.59e-64	212
fig|267671.5.peg.2800|LIC12347	dfc:DFI_08165	31.0	116	75	2	135	250	235	345	8.02e-05	50.1
fig|267671.5.peg.2803|LIC12350	lic:LIC_12350	100	464	0	0	1	464	1	464	0.0	949
fig|267671.5.peg.2809|LIC12354	mym:A176_005178	30.8	182	112	5	85	261	85	257	6.74e-14	78.6
fig|267671.5.peg.2813|LIC12357	trb:HB776_07385	29.4	303	182	8	6	283	23	318	1.48e-17	92.8
fig|267671.5.peg.2826|LIC12367	vbc:C5Q97_19795	41.3	92	52	2	3	94	231	320	2.76e-12	66.6
fig|267671.5.peg.2832|LIC12372	rce:RC1_0642	27.9	165	111	2	1	162	15	174	2.04e-13	74.3
fig|267671.5.peg.2839|LIC12377	dsf:UWK_01734	24.4	307	188	8	29	301	534	830	2.21e-12	74.3
fig|267671.5.peg.2840|LIC12378	lbj:LBJ_0070	28.7	289	160	10	6	275	5	266	1.18e-20	94.7
fig|267671.5.peg.2842|LIC12379	arp:NIES39_E02730	28.3	233	142	5	245	460	597	821	2.77e-24	112
fig|267671.5.peg.2843|LIC12380	rhz:RHPLAN_22740	32.8	116	66	2	11	126	7	110	3.29e-13	71.2
fig|267671.5.peg.2845|LIC12382	abg:Asbog_01676	37.2	148	79	3	60	195	67	212	5.29e-19	91.3
fig|267671.5.peg.2847|LIC12384	sbu:SpiBuddy_3010	24.1	174	122	4	5	174	46	213	3.37e-05	51.2
fig|267671.5.peg.2850|LIC12388	ssan:NX02_08950	27.9	122	86	2	26	146	15	135	2.53e-04	46.6
fig|267671.5.peg.2852|LIC12390	apre:CNX65_15855	29.2	322	213	5	1	310	52	370	5.39e-34	142
fig|267671.5.peg.2853|LIC12391	pel:SAR11G3_00092	24.4	262	166	9	125	378	77	314	4.80e-15	81.3
fig|267671.5.peg.2855|LIC12392	lic:LIC_12392	100	494	0	0	1	494	7	500	0.0	976
fig|267671.5.peg.2859|LIC12396	ssob:DK181_03195	25.0	208	146	5	27	229	31	233	1.82e-04	47.8
fig|267671.5.peg.2864|LIC12400	lic:LIC_12400	100	914	0	0	1	914	1	914	0.0	1867
fig|267671.5.peg.2866|LIC12402	taci:TDSAC_1210	32.3	746	430	22	30	720	204	929	1.04e-88	308
fig|267671.5.peg.2876|LIC12407	lil:LA_1313	100	473	0	0	1	473	1	473	0.0	973
fig|267671.5.peg.2885|LIC12416	lic:LIC_12416	100	216	0	0	1	216	1	216	6.12e-151	422
fig|267671.5.peg.2886|LIC12417	sku:Sulku_0580	49.2	124	58	2	227	348	215	335	7.22e-25	112
fig|267671.5.peg.2893|LIC12421	deu:DBW_0325	31.3	208	129	7	37	234	47	250	1.10e-12	76.3
fig|267671.5.peg.2895|LIC12422	kst:KSMBR1_2855	41.7	367	205	4	5	366	1	363	6.65e-94	290
fig|267671.5.peg.2901|LIC12427	chrb:DK843_09075	27.8	237	136	10	140	367	612	822	2.07e-08	62.8
fig|267671.5.peg.2902|LIC12428	iva:Isova_2221	32.8	201	128	4	26	221	45	243	1.45e-18	90.1
fig|267671.5.peg.2905|LIC12431	lis:LIL_20263	27.7	148	103	3	18	165	34	177	1.11e-08	61.2
fig|267671.5.peg.2907|LIC12433	gpb:HDN1F_24370	25.7	382	250	10	280	635	266	639	1.76e-25	118
fig|267671.5.peg.2910|LIC12436	rxy:Rxyl_0854	24.1	395	256	10	240	620	272	636	1.26e-16	90.1
fig|267671.5.peg.2919|LIC12443	lil:LA_1264	100	335	0	0	1	335	1	335	2.93e-238	653
fig|267671.5.peg.2921|LIC12445	lil:LA_1262	100	205	0	0	1	205	1	205	1.91e-144	405
fig|267671.5.peg.2924|LIC12447	piv:NCTC13079_00754	31.1	344	225	5	27	361	298	638	2.45e-49	187
fig|267671.5.peg.2925	lil:LA_1259	100	229	0	0	1	229	1	229	2.29e-157	440
fig|267671.5.peg.2926|LIC12449	lic:LIC_12449	100	440	0	0	1	440	1	440	3.05e-316	859
fig|267671.5.peg.2927|LIC12450	lil:LA_1257	100	305	0	0	1	305	1	305	7.29e-217	597
fig|267671.5.peg.2928|LIC12451	lil:LA_1256	100	363	0	0	1	363	1	363	8.01e-257	702
fig|267671.5.peg.2931|LIC12454	acp:A2cp1_2585	35.1	111	71	1	1	111	1	110	1.58e-15	76.6
fig|267671.5.peg.2932|LIC12455	dfl:DFE_0669	30.8	107	71	1	7	113	6	109	3.53e-09	64.3
fig|267671.5.peg.2937|LIC12458	lil:LA_1247	100	176	0	0	1	176	1	176	1.69e-126	357
fig|267671.5.peg.2945|LIC12465	lic:LIC_12465	100	638	0	0	1	638	1	638	0.0	1306
fig|267671.5.peg.2946|LIC12466	lic:LIC_12466	100	362	0	0	1	362	2	363	4.04e-268	731
fig|267671.5.peg.2961|LIC12474	lil:LA_1224	100	920	0	0	1	920	1	920	0.0	1831
fig|267671.5.peg.2962|LIC12475	lic:LIC_12475	100	467	0	0	1	467	1	467	0.0	910
fig|267671.5.peg.2963|LIC12476	lic:LIC_12476	100	421	0	0	1	421	1	421	2.43e-285	780
fig|267671.5.peg.2964|LIC12477	dax:FDQ92_04305	32.1	683	336	19	33	704	135	700	7.46e-85	291
fig|267671.5.peg.2970|LIC12481	red:roselon_00100	55.2	174	77	1	2	175	627	799	1.79e-50	178
fig|267671.5.peg.2973|LIC12482	hht:F506_08165	34.6	130	85	0	406	535	398	527	1.11e-10	70.9
fig|267671.5.peg.2975|LIC12484	achr:C2U31_11105	28.3	152	86	4	7	144	416	558	1.48e-05	49.3
fig|267671.5.peg.2982|LIC12490	caba:SBC2_75270	27.5	178	127	2	19	195	328	504	3.85e-11	67.4
fig|267671.5.peg.2988|LIC12495	lic:LIC_12495	100	257	0	0	1	257	1	257	4.08e-174	484
fig|267671.5.peg.2989|LIC12496	spkc:KC8_06955	23.4	248	168	9	223	456	465	704	1.09e-04	51.2
fig|267671.5.peg.2994|LIC12500	salh:HMF8227_02526	48.4	91	47	0	454	544	503	593	2.83e-13	79.3
fig|267671.5.peg.2999|LIC12504	lgt:E4T54_05160	46.0	124	65	2	5	127	11	133	9.43e-31	119
fig|267671.5.peg.3000|LIC12505	oxy:HCG48_22930	54.2	144	66	0	14	157	2	145	6.89e-41	162
fig|267671.5.peg.3001|LIC12506	lil:LA_1184	100	530	0	0	1	530	1	530	0.0	1043
fig|267671.5.peg.3004|LIC12508	lil:LA_1182	100	370	0	0	1	370	1	370	8.85e-269	733
fig|267671.5.peg.3006|LIC12510	tco:Theco_3533	26.3	293	165	9	18	275	11	287	3.86e-11	71.2
fig|267671.5.peg.3011|LIC12515	hfr:G5S34_23215	25.3	285	186	8	39	320	1	261	4.58e-15	79.7
fig|267671.5.peg.3012|LIC12516	dal:Dalk_3789	53.6	659	293	5	1	657	1	648	6.10e-263	742
fig|267671.5.peg.3018|LIC12520	lil:LA_1166	100	214	0	0	1	214	1	214	5.93e-157	437
fig|267671.5.peg.3019|LIC12521	mmas:MYMAC_004443	21.9	430	289	11	301	723	456	845	1.27e-16	93.2
fig|267671.5.peg.3025|LIC12526	iva:Isova_2221	38.3	227	125	3	20	237	44	264	9.03e-33	135
fig|267671.5.peg.3028|LIC12529	mee:DA075_27050	62.1	306	113	3	7	310	497	801	1.83e-121	372
fig|267671.5.peg.3034|LIC12534	lil:LA_1147	100	401	0	0	1	401	1	401	9.61e-291	791
fig|267671.5.peg.3035|LIC12535	lil:LA_1145	100	200	0	0	1	200	1	200	1.03e-141	398
fig|267671.5.peg.3036|LIC12536	lil:LA_1144	100	466	0	0	1	466	1	466	0.0	944
fig|267671.5.peg.3042|LIC12541	lic:LIC_12541	100	336	0	0	1	336	1	336	2.23e-238	654
fig|267671.5.peg.3043|LIC12542	lil:LA_1139	100	248	0	0	1	248	1	248	4.41e-169	471
fig|267671.5.peg.3044|LIC12543	rci:RCIX207	27.0	196	130	8	147	339	206	391	6.97e-07	57.8
fig|267671.5.peg.3045|LIC12544	azz:DEW08_08080	36.4	88	54	1	6	93	20	105	4.59e-06	55.1
fig|267671.5.peg.3053|LIC12551	lic:LIC_12551	100	545	0	0	1	545	22	566	0.0	1096
fig|267671.5.peg.3059|LIC12554	lkm:EFP84_14305	74.8	337	85	0	1	337	1	337	1.05e-192	538
fig|267671.5.peg.3062|LIC12556	hgn:E6W36_08880	48.7	78	37	1	379	456	60	134	3.57e-14	77.0
fig|267671.5.peg.3069|LIC12560	lil:LA_1119	100	145	0	0	1	145	1	145	2.87e-103	296
fig|267671.5.peg.3075|LIC12562	lie:LIF_A0904	100	377	0	0	1	377	1	377	1.97e-280	763
fig|267671.5.peg.3078|LIC12563	csep:CP523_01015	27.7	339	210	9	344	665	4	324	2.41e-29	125
fig|267671.5.peg.3079|LIC12564	lil:LA_1111	100	344	0	0	1	344	1	344	1.84e-241	662
fig|267671.5.peg.3080|LIC12565	lil:LA_1110	100	425	0	0	1	425	1	425	0.0	877
fig|267671.5.peg.3084|LIC12570	mett:CIT01_05130	23.7	291	183	9	64	324	75	356	4.15e-07	58.5
fig|267671.5.peg.3088|LIC12573	lil:LA_1102	100	390	0	0	1	390	1	390	2.28e-272	744
fig|267671.5.peg.3089|LIC12574	lil:LA_1101	100	291	0	0	1	291	1	291	5.71e-207	570
fig|267671.5.peg.3091|LIC12576	tfr:BR63_15455	37.9	66	30	2	205	270	28	82	5.87e-04	48.9
fig|267671.5.peg.3093|LIC12578	hmc:HYPMC_2860	22.8	276	202	4	3	269	7	280	9.55e-12	71.2
fig|267671.5.peg.3094|LIC12579	lic:LIC_12579	100	398	0	0	34	431	1	398	1.39e-281	769
fig|267671.5.peg.3104|LIC12589	lic:LIC_12589	100	192	0	0	1	192	1	192	4.08e-144	403
fig|267671.5.peg.3106|LIC12591	prs:B9H02_05145	49.3	888	399	7	1	884	1	841	3.60e-296	843
fig|267671.5.peg.3111|LIC12595	blut:EW640_13100	35.0	200	122	4	53	252	54	245	6.84e-29	117
fig|267671.5.peg.3115|LIC12598	lic:LIC_12598	99.8	432	1	0	1	432	13	444	2.35e-312	849
fig|267671.5.peg.3116|LIC12599	hhy:Halhy_3688	26.0	235	131	11	41	268	52	250	1.83e-07	57.4
fig|267671.5.peg.3138|LIC12617	lil:LA_1048	100	238	0	0	1	238	1	238	2.39e-168	468
fig|267671.5.peg.3139|LIC12618	lil:LA_1047	100	422	0	0	1	422	1	422	4.40e-309	840
fig|267671.5.peg.3141|LIC12620	mcs:DR90_1300	29.1	673	353	16	108	767	157	718	1.17e-66	242
fig|267671.5.peg.3143|LIC12622	hmo:HM1_1592	41.6	125	68	3	241	360	474	598	1.34e-15	84.3
fig|267671.5.peg.3149|LIC12627	lmay:DPV73_12440	35.5	265	169	2	5	267	10	274	2.25e-41	159
fig|267671.5.peg.3153|LIC12629	lil:LA_1032	100	275	0	0	1	275	1	275	1.63e-198	548
fig|267671.5.peg.3155|LIC12630	sye:Syncc9902_0114	27.1	129	87	1	54	182	51	172	1.15e-06	55.8
fig|267671.5.peg.3156|LIC12631	lic:LIC_12631	99.8	607	1	0	1	607	17	623	0.0	1070
fig|267671.5.peg.3158|LIC12632	lil:LA_1027	99.6	567	2	0	1	567	1	567	0.0	1108
fig|267671.5.peg.3176|LIC12646	nja:NSJP_0442	30.6	660	369	16	263	906	163	749	9.14e-81	283
fig|267671.5.peg.3177|LIC12647	tav:G4V39_07670	29.9	211	137	5	54	256	668	875	1.68e-19	94.7
fig|267671.5.peg.3178|LIC12648	lic:LIC_12648	100	189	0	0	1	189	1	189	7.93e-136	382
fig|267671.5.peg.3190|LIC12655	bon:A361_25325	41.5	82	46	2	82	162	60	140	4.89e-06	53.9
fig|267671.5.peg.3205|LIC12670	lic:LIC_12670	100	749	0	0	1	749	1	749	0.0	1451
fig|267671.5.peg.3212|LIC12676	lic:LIC_12677	88.9	72	8	0	1	72	1	72	8.24e-30	129
fig|267671.5.peg.3213|LIC12677	lic:LIC_12677	100	501	0	0	1	501	1	501	0.0	880
fig|267671.5.peg.3216|LIC12679	lic:LIC_12679	100	495	0	0	1	495	21	515	0.0	1010
fig|267671.5.peg.3222|LIC12681	lil:LA_0973	100	106	0	0	1	106	1	106	5.94e-73	216
fig|267671.5.peg.3223|LIC12682	lwl:FHG68_03790	80.8	276	53	0	2	277	7	282	4.94e-157	444
fig|267671.5.peg.3225|LIC12684	pth:PTH_0951	32.9	207	130	5	19	218	18	222	4.26e-25	111
fig|267671.5.peg.3236|LIC12694	lic:LIC_12694	100	1498	0	0	1	1498	1	1498	0.0	2931
fig|267671.5.peg.3246|LIC12701	lil:LA_0947	100	698	0	0	1	698	1	698	0.0	1339
fig|267671.5.peg.3248|LIC12703	sbr:SY1_23010	31.3	249	156	7	1	241	14	255	3.87e-18	90.1
fig|267671.5.peg.3250|LIC12705	mym:A176_004709	40.2	97	54	2	403	495	106	202	7.12e-06	56.2
fig|267671.5.peg.3256|LIC12711	lic:LIC_12711	97.5	40	1	0	1	40	103	142	1.71e-19	79.7
fig|267671.5.peg.3263|LIC12716	lic:LIC_12716	100	248	0	0	1	248	65	312	2.09e-173	484
fig|267671.5.peg.3265|LIC12718	lil:LA_0929	100	234	0	0	1	234	1	234	3.39e-166	462
fig|267671.5.peg.3275|LIC12725	lie:LIF_A0748	100	266	0	0	1	266	1	266	6.33e-187	518
fig|267671.5.peg.3284|LIC12733	lil:LA_0909	100	148	0	0	1	148	1	148	7.57e-105	300
fig|267671.5.peg.3291|LIC12737	bhy:BHWA1_00699	24.9	245	156	10	4	235	415	644	4.53e-10	68.9
fig|267671.5.peg.3292|LIC12738	thef:E1B22_09150	29.8	104	73	0	33	136	40	143	1.46e-06	52.4
fig|267671.5.peg.3293|LIC12739	aalg:AREALGSMS7_02917	44.1	143	80	0	6	148	15	157	2.40e-36	135
fig|267671.5.peg.3298|LIC12742	thg:TCELL_1277	52.3	130	55	5	33	157	8	135	5.77e-36	127
fig|267671.5.peg.3299|LIC12743	barc:AOA65_1904	35.0	120	65	4	35	151	36	145	1.90e-11	64.7
fig|267671.5.peg.3300|LIC12744	emi:Emin_1130	29.5	376	238	1	22	397	4	352	9.10e-52	183
fig|267671.5.peg.3301|LIC12745	colw:A3Q33_18170	37.0	146	90	1	14	159	13	156	1.20e-31	116
fig|267671.5.peg.3302|LIC12746	dat:HRM2_16600	45.1	401	217	3	19	418	131	529	9.56e-116	356
fig|267671.5.peg.3315|LIC12757	caba:SBC2_75270	37.7	69	43	0	12	80	347	415	1.43e-07	56.2
fig|267671.5.peg.3324|LIC12761	lic:LIC_12761	100	487	0	0	1	487	10	496	0.0	956
fig|267671.5.peg.3326|LIC12762	dsf:UWK_03168	26.6	293	185	9	236	502	4	292	8.40e-18	92.4
fig|267671.5.peg.3328|LIC12764	lic:LIC_12764	100	560	0	0	1	560	1	560	0.0	1096
fig|267671.5.peg.3330|LIC12765	skn:SKUN_00108	35.9	142	85	3	21	162	224	359	4.09e-16	80.1
fig|267671.5.peg.3336|LIC12770	lic:LIC_12770	100	199	0	0	1	199	1	199	1.93e-141	397
fig|267671.5.peg.3337|LIC12771	lic:LIC_12771	100	416	0	0	1	416	1	416	2.55e-289	789
fig|267671.5.peg.3338|LIC12772	lil:LA_0853	100	290	0	0	1	290	1	290	1.49e-197	546
fig|267671.5.peg.3339|LIC12773	oho:Oweho_0539	31.7	161	98	6	163	320	225	376	7.82e-09	63.2
fig|267671.5.peg.3346|LIC12780	palg:HFP57_00660	42.5	146	80	3	139	282	13	156	5.39e-29	113
fig|267671.5.peg.3348|LIC12782	lil:LA_0845	100	298	0	0	1	298	1	298	6.92e-207	571
fig|267671.5.peg.3349|LIC12783	wgl:WIGMOR_0620	26.8	339	219	8	40	366	36	357	1.48e-19	98.6
fig|267671.5.peg.3352|LIC12786	lil:LA_0840	100	252	0	0	1	252	1	252	3.38e-175	487
fig|267671.5.peg.3354|LIC12788	lic:LIC_12788	100	463	0	0	1	463	1	463	0.0	919
fig|267671.5.peg.3359|LIC12792	lil:LA_0833	100	257	0	0	1	257	1	257	1.10e-187	519
fig|267671.5.peg.3360|LIC12793	lil:LA_0832	100	252	0	0	1	252	1	252	5.66e-183	506
fig|267671.5.peg.3365|LIC12795	lil:LA_0828	100	441	0	0	1	441	1	441	1.69e-317	862
fig|267671.5.peg.3371|LIC12801	acry:AC20117_02015	27.1	218	145	9	27	235	23	235	3.95e-14	76.3
fig|267671.5.peg.3374|LIC12802	lkm:EFP84_15905	80.0	185	37	0	1	185	1	185	1.74e-111	322
fig|267671.5.peg.3379|LIC12807	ppsc:EHS13_33865	30.5	118	80	2	16	131	14	131	1.52e-11	68.6
fig|267671.5.peg.3380|LIC12808	lkm:EFP84_06165	26.4	405	277	12	10	397	11	411	3.38e-24	113
fig|267671.5.peg.3385|LIC12811	ttk:TST_0380	25.5	267	160	10	20	266	10	257	6.68e-04	47.8
fig|267671.5.peg.3388|LIC12814	lil:LA_0806	100	204	0	0	1	204	1	204	4.68e-140	394
fig|267671.5.peg.3394|LIC12820	lic:LIC_12820	100	352	0	0	1	352	1	352	4.25e-251	687
fig|267671.5.peg.3405|LIC12829	lil:LA_0790	100	429	0	0	1	429	1	429	0.0	862
fig|267671.5.peg.3407|LIC12830	lil:LA_0789	99.0	506	5	0	1	506	34	539	0.0	969
fig|267671.5.peg.3408|LIC12831	sper:EW093_15790	30.0	180	113	7	74	249	483	653	5.88e-13	75.5
fig|267671.5.peg.3411|LIC12834	saci:Sinac_5692	26.1	184	128	5	128	308	67	245	1.52e-08	61.2
fig|267671.5.peg.3418|LIC12839	lic:LIC_12839	100	280	0	0	1	280	41	320	3.51e-196	544
fig|267671.5.peg.3420|LIC12841	lic:LIC_12841	100	408	0	0	1	408	1	408	1.84e-303	824
fig|267671.5.peg.3423|LIC12842	bhk:B4U37_19410	28.5	386	249	14	3	381	41	406	2.41e-27	117
fig|267671.5.peg.3429|LIC12846	lil:LA_0765	100	325	0	0	1	325	1	325	7.88e-222	611
fig|267671.5.peg.3435|LIC12852	lis:LIL_12946	100	181	0	0	1	181	1	181	2.78e-123	350
fig|267671.5.peg.3460|LIC12875	gao:A2G06_08380	34.8	328	178	15	13	319	7	319	6.41e-34	137
fig|267671.5.peg.3461|LIC12876	azc:AZC_0928	31.4	153	87	3	2	141	30	177	7.34e-11	71.6
fig|267671.5.peg.3469|LIC12883	lil:LA_0727	100	1106	0	0	1	1106	1	1106	0.0	2145
fig|267671.5.peg.3470|LIC12884	alus:STSP2_02144	25.4	515	298	25	331	794	43	522	3.95e-24	113
fig|267671.5.peg.3492|LIC12901	lwl:FHG68_16685	69.2	65	20	0	1	65	1	65	4.37e-19	99.0
fig|267671.5.peg.3493|LIC12902	paut:Pdca_14000	30.2	162	107	3	64	224	2	158	1.08e-09	66.2
fig|267671.5.peg.3502|LIC12909	lil:LA_0693	100	405	0	0	1	405	1	405	1.64e-284	776
fig|267671.5.peg.3519|LIC12921	salh:HMF8227_02526	64.9	57	20	0	503	559	509	565	1.09e-10	71.2
fig|267671.5.peg.3521|LIC12923	bsto:C0V70_17775	34.1	88	52	3	222	309	23	104	8.06e-04	48.1
fig|267671.5.peg.3522	tee:Tel_08575	31.7	246	147	9	9	246	2	234	3.58e-19	97.4
fig|267671.5.peg.3526|LIC12925	lil:LA_0671	100	426	0	0	1	426	1	426	3.34e-306	833
fig|267671.5.peg.3532|LIC12928	barb:AOA66_0944	24.5	237	146	7	6	237	5	213	6.52e-10	64.3
fig|267671.5.peg.3542|LIC12934	lic:LIC_12934	100	330	0	0	1	330	1	330	1.36e-245	671
fig|267671.5.peg.3551|LIC12943	aaxa:NCTC10138_01451	37.7	151	88	3	2	149	488	635	2.54e-27	112
fig|267671.5.peg.3552|LIC12944	piv:NCTC13079_00754	27.9	308	209	6	49	344	323	629	5.01e-23	107
fig|267671.5.peg.3554|LIC12945	tpx:Turpa_1643	26.4	201	142	3	21	216	17	216	9.30e-16	81.6
fig|267671.5.peg.3555|LIC12946	asz:ASN_1158	33.3	114	61	4	5	103	15	128	6.54e-04	46.2
fig|267671.5.peg.3563|LIC12949	lic:LIC_12949	100	313	0	0	1	313	1	313	6.01e-220	605
fig|267671.5.peg.3564|LIC12950	lic:LIC_12950	100	430	0	0	1	430	1	430	2.20e-313	851
fig|267671.5.peg.3568|LIC12954	syf:Synpcc7942_2454	25.1	203	139	1	80	269	191	393	1.03e-07	58.9
fig|267671.5.peg.3569|LIC12955	lic:LIC_12955	100	153	0	0	1	153	3	155	5.63e-103	296
fig|267671.5.peg.3574|LIC12960	def:CNY67_05635	33.7	383	238	8	26	404	64	434	9.89e-54	198
fig|267671.5.peg.3579|LIC12964	lil:LA_0618	100	324	0	0	1	324	1	324	1.34e-233	640
fig|267671.5.peg.3592|LIC12974	ccro:CMC5_022300	29.6	135	80	5	13	144	338	460	6.13e-04	45.4
fig|267671.5.peg.3593|LIC12975	sen:SACE_0728	30.0	227	151	4	27	248	48	271	1.13e-16	84.0
fig|267671.5.peg.3596|LIC12978	mbc:MYB_02065	27.6	152	107	2	26	177	2	150	6.67e-10	63.5
fig|267671.5.peg.3597|LIC12979	sua:Saut_0637	35.4	113	73	0	16	128	134	246	1.20e-15	81.3
fig|267671.5.peg.3600|LIC12981	lil:LA_0595	100	208	0	0	1	208	1	208	8.13e-152	424
fig|267671.5.peg.3601|LIC12982	lic:LIC_12982	100	739	0	0	1	739	1	739	0.0	1394
fig|267671.5.peg.3603|LIC12984	aaxa:NCTC10138_00241	32.2	59	40	0	23	81	10	68	2.11e-04	44.3
fig|267671.5.peg.3609|LIC12988	lic:LIC_12988	100	306	0	0	1	306	1	306	3.49e-220	605
fig|267671.5.peg.3615|LIC12992	lil:LA_0579	100	741	0	0	1	741	1	741	0.0	1415
fig|267671.5.peg.3619|LIC12996	psed:DM292_00360	27.0	137	95	2	6	140	30	163	2.17e-08	58.5
fig|267671.5.peg.3627|LIC13003	prm:EW15_1629	34.7	101	63	2	159	259	12	109	5.03e-06	54.7
fig|267671.5.peg.3628|LIC13004	lil:LA_0565	99.7	394	1	0	1	394	1	394	7.89e-291	791
fig|267671.5.peg.3633|LIC13009	lil:LA_0560	100	557	0	0	1	557	1	557	0.0	1097
fig|267671.5.peg.3641|LIC13016	lic:LIC_13016	100	187	0	0	1	187	1	187	5.38e-133	375
fig|267671.5.peg.3649|LIC13022	hhd:HBHAL_2473	29.7	384	242	8	10	386	730	1092	3.60e-53	196
fig|267671.5.peg.3653|LIC13026	lie:LIF_A0444	100	234	0	0	1	234	1	234	1.01e-167	466
fig|267671.5.peg.3654|LIC13027	lic:LIC_13027	100	229	0	0	1	229	1	229	7.78e-174	481
fig|267671.5.peg.3657|LIC13030	lbj:LBJ_2844	79.6	196	40	0	1	196	1	196	2.23e-109	316
fig|267671.5.peg.3658|LIC13031	tig:THII_3121	29.7	377	232	9	19	366	7	379	4.27e-38	145
fig|267671.5.peg.3660|LIC13033	tje:TJEJU_0922	26.5	291	148	11	128	408	171	405	1.67e-11	72.4
fig|267671.5.peg.3668|LIC13039	thef:E1B22_09150	31.0	84	58	0	28	111	27	110	4.73e-06	50.8
fig|267671.5.peg.3670|LIC13041	clg:Calag_1231	29.9	144	83	3	9	146	7	138	6.86e-10	59.3
fig|267671.5.peg.3671|LIC13042	afs:AFR_33235	30.7	88	60	1	5	91	294	381	1.37e-05	47.4
fig|267671.5.peg.3677|LIC13046	lil:LA_0512	100	340	0	0	1	340	1	340	1.71e-161	459
fig|267671.5.peg.3685|LIC13050	ksk:KSE_73870	31.6	225	136	8	75	291	742	956	2.24e-14	80.9
fig|267671.5.peg.3705|LIC13066	lem:LEN_1815	27.4	329	167	21	151	454	55	336	1.45e-07	60.1
fig|267671.5.peg.3717|LIC13072	lil:LA_3843	100	681	0	0	1	681	1	681	0.0	1312
fig|267671.5.peg.3731|LIC13082	bof:FQV39_14950	30.4	365	243	5	134	494	562	919	7.25e-46	178
fig|267671.5.peg.3735|LIC13085	lil:LA_3863	99.5	207	1	0	1	207	1	207	2.05e-140	395
fig|267671.5.peg.3740|LIC13088	cyj:Cyan7822_3999	27.7	202	126	5	1	196	554	741	1.17e-15	80.5
fig|267671.5.peg.3747|LIC13094	lil:LA_3874	100	250	0	0	1	250	1	250	5.00e-176	489
fig|267671.5.peg.3748|LIC13095	mthd:A3224_11795	28.9	128	88	1	29	156	75	199	2.33e-04	48.1
fig|267671.5.peg.3750|LIC13100	thb:N186_08950	26.7	240	149	11	5	228	7	235	6.34e-06	53.1
fig|267671.5.peg.3755|LIC13104	lic:LIC_13104	100	383	0	0	1	383	2	384	1.05e-276	754
fig|267671.5.peg.3756|LIC13105	lil:LA_3888	100	445	0	0	1	445	1	445	0.0	879
fig|267671.5.peg.3759|LIC13108	cte:CT2056	30.9	233	143	7	1	219	1	229	2.72e-15	79.3
fig|267671.5.peg.3760|LIC13109	bsto:C0V70_18545	31.2	295	182	6	25	300	32	324	9.47e-30	121
fig|267671.5.peg.3761|LIC13110	des:DSOUD_1479	41.3	104	61	0	4	107	2	105	3.56e-16	87.0
fig|267671.5.peg.3762|LIC13111	oxy:HCG48_15465	27.2	276	149	6	535	762	459	730	1.02e-17	94.4
fig|267671.5.peg.3764|LIC13113	pset:THL1_3734	26.7	281	182	5	2	268	35	305	1.24e-23	102
fig|267671.5.peg.3769|LIC13117	tni:TVNIR_1685	31.1	122	73	5	108	221	24	142	3.09e-11	67.0
fig|267671.5.peg.3770|LIC13118	tig:THII_3121	48.3	391	186	4	11	400	6	381	4.81e-122	363
fig|267671.5.peg.3773|LIC13120	enf:AKI40_0896	28.4	419	281	9	129	538	57	465	7.15e-46	173
fig|267671.5.peg.3779|LIC13126	camu:CA2015_3809	40.9	127	70	4	235	358	646	770	7.85e-12	73.2
fig|267671.5.peg.3782|LIC13129	lwl:FHG68_17280	86.6	715	83	1	1	715	1	702	0.0	1251
fig|267671.5.peg.3783|LIC13130	fmo:C4N19_00565	27.9	201	89	8	353	524	149	322	2.34e-05	54.3
fig|267671.5.peg.3786|LIC13133	mhad:B586_07090	31.6	345	187	8	2	313	16	344	2.37e-36	139
fig|267671.5.peg.3791|LIC13136	laj:A0128_11770	58.6	582	240	1	1	582	1	581	2.92e-245	692
fig|267671.5.peg.3792|LIC13137	cazo:G3A45_04400	27.5	335	208	11	11	326	231	549	4.16e-24	108
fig|267671.5.peg.3793|LIC13138	lic:LIC_13138	100	318	0	0	1	318	13	330	1.41e-228	628
fig|267671.5.peg.3797|LIC13141	lic:LIC_13141	100	228	0	0	1	228	1	228	3.81e-160	447
fig|267671.5.peg.3798|LIC13142	lic:LIC_13142	100	180	0	0	1	180	1	180	1.81e-123	350
fig|267671.5.peg.3799|LIC13143	ftu:FTT_1317c	31.8	110	66	3	228	334	98	201	2.96e-06	55.8
fig|267671.5.peg.3801|LIC13145	lic:LIC_13145	100	335	0	0	1	335	1	335	6.91e-237	650
fig|267671.5.peg.3804|LIC13147	sus:Acid_2404	26.3	179	114	7	103	278	71	234	1.21e-04	49.3
fig|267671.5.peg.3811|LIC13153	lil:LA_3948	99.7	320	1	0	1	320	4	323	2.58e-232	637
fig|267671.5.peg.3812|LIC13154	lil:LA_3949	100	259	0	0	1	259	1	259	1.43e-136	390
fig|267671.5.peg.3823|LIC13162	lic:LIC_13162	100	380	0	0	1	380	1	380	5.86e-279	760
fig|267671.5.peg.3824|LIC13163	lil:LA_3958	100	265	0	0	1	265	1	265	6.11e-189	523
fig|267671.5.peg.3825|LIC13164	lic:LIC_13164	100	149	0	0	1	149	1	149	3.74e-101	291
fig|267671.5.peg.3830|LIC13168	lic:LIC_13168	100	340	0	0	1	340	1	340	4.58e-249	681
fig|267671.5.peg.3835|LIC13172	shn:Shewana3_4117	21.8	435	208	14	3	424	7	322	8.17e-08	60.1
fig|267671.5.peg.3838|LIC13175	sagr:SAIL_4900	25.5	145	99	2	1	144	7	143	3.06e-04	47.4
fig|267671.5.peg.3839|LIC13176	ag:CAK50787	29.7	333	214	8	14	344	2	316	2.04e-32	129
fig|267671.5.peg.3841|LIC13178	lil:LA_3975	100	95	0	0	1	95	1	95	1.32e-64	194
fig|267671.5.peg.3842|LIC13179	dco:SAMEA4475696_1400	29.9	87	59	2	25	109	15	101	9.82e-05	47.0
fig|267671.5.peg.3843|LIC13180	bih:BIP78_1315	33.7	83	49	2	4	82	2	82	1.55e-06	50.8
fig|267671.5.peg.3846|LIC13182	lil:LA_3980	100	262	0	0	1	262	1	262	1.56e-185	514
fig|267671.5.peg.3856|LIC13190	scu:SCE1572_50720	28.7	164	116	1	166	328	56	219	7.74e-16	84.0
fig|267671.5.peg.3857|LIC13191	dto:TOL2_C14850	30.3	509	335	8	2	503	5	500	5.52e-67	232
fig|267671.5.peg.3858|LIC13192	arp:NIES39_E02730	32.9	444	260	10	394	801	559	1000	2.24e-48	192
fig|267671.5.peg.3860|LIC13193	lic:LIC_13193	100	359	0	0	1	359	1	359	2.67e-253	693
fig|267671.5.peg.3861|LIC13194	lic:LIC_13194	100	1135	0	0	1	1135	1	1135	0.0	2279
fig|267671.5.peg.3862|LIC13195	lil:LA_3999	100	522	0	0	1	522	1	522	0.0	1071
fig|267671.5.peg.3863|LIC13196	tsu:Tresu_1685	23.4	218	146	5	18	230	12	213	2.49e-04	47.0
fig|267671.5.peg.3867|LIC13198	lil:LA_4004	100	510	0	0	1	510	1	510	0.0	1061
fig|267671.5.peg.3871|LIC13201	lic:LIC_13201	100	1398	0	0	1	1398	1	1398	0.0	2719
fig|267671.5.peg.3872|LIC13202	lil:LA_4009	99.5	574	3	0	1	574	1	574	0.0	1166
fig|267671.5.peg.3879|LIC13207	cps:CPS_4301	40.3	159	87	2	44	198	162	316	1.33e-22	100
fig|267671.5.peg.3880|LIC13208	lie:LIF_A3207	99.5	222	1	0	1	222	1	222	1.98e-159	444
fig|267671.5.peg.3881|LIC13209	gog:C1280_15680	37.5	56	35	0	4	59	414	469	3.50e-07	50.4
fig|267671.5.peg.3894|LIC13219	lis:LIL_13316	99.5	808	4	0	1	808	1	808	0.0	1582
fig|267671.5.peg.3897|LIC13222	lic:LIC_13222	99.7	319	1	0	1	319	5	323	3.14e-235	644
fig|267671.5.peg.3907|LIC13232	spne:SPN034156_07570	30.6	232	154	5	7	232	1	231	4.02e-25	105
fig|267671.5.peg.3910|LIC13236	fmi:F0R74_09270	32.2	87	59	0	246	332	424	510	6.88e-05	50.8
fig|267671.5.peg.3915|LIC13240	pdag:4362423_01603	49.4	255	126	2	45	298	10	262	7.40e-72	227
fig|267671.5.peg.3917|LIC13242	dto:TOL2_C38020	23.5	264	179	4	3	250	6	262	2.65e-15	80.9
fig|267671.5.peg.3920|LIC13244	lil:LA_4067	100	398	0	0	1	398	1	398	5.82e-295	802
fig|267671.5.peg.3929|LIC13250	hgn:E6W36_08880	36.9	111	62	3	474	583	63	166	1.71e-10	66.6
fig|267671.5.peg.3930|LIC13251	lil:LA_4079	100	432	0	0	1	432	1	432	1.10e-314	855
fig|267671.5.peg.3931|LIC13252	tsl:A3L11_05140	32.1	131	58	8	85	208	11	117	3.03e-06	51.2
fig|267671.5.peg.3938|LIC13257	amu:Amuc_1190	30.7	309	204	6	33	337	31	333	1.68e-34	134
fig|267671.5.peg.3939|LIC13258	cfus:CYFUS_006241	38.2	76	40	1	7	82	310	378	5.23e-09	57.8
fig|267671.5.peg.3943|LIC13262	lil:LA_4092	100	446	0	0	1	446	1	446	0.0	881
fig|267671.5.peg.3944|LIC13263	wwe:P147_WWE3C01G0212	34.5	119	72	2	23	135	28	146	8.35e-07	57.4
fig|267671.5.peg.3956|LIC13269	gba:J421_2715	46.8	126	63	2	11	133	3	127	4.52e-26	108
fig|267671.5.peg.3957|LIC13270	arp:NIES39_E02730	24.7	465	291	12	27	434	355	817	7.52e-32	135
fig|267671.5.peg.3958|LIC13271	lic:LIC_13271	100	383	0	0	1	383	3	385	6.04e-274	748
fig|267671.5.peg.3960|LIC13273	pel:SAR11G3_00208	24.1	257	184	4	533	784	425	675	8.06e-16	88.2
fig|267671.5.peg.3968|LIC13279	lic:LIC_13279	100	507	0	0	1	507	1	507	0.0	990
fig|267671.5.peg.3970|LIC13280	lie:LIF_A3279	100	149	0	0	1	149	1	149	5.75e-105	301
fig|267671.5.peg.3971|LIC13281	lic:LIC_13281	100	534	0	0	1	534	1	534	0.0	1069
fig|267671.5.peg.3973|LIC13282	lic:LIC_13282	100	681	0	0	1	681	1	681	0.0	1344
fig|267671.5.peg.3974|LIC13283	hmo:HM1_1592	41.9	124	71	1	195	318	476	598	2.91e-22	103
fig|267671.5.peg.3980|LIC13288	mbu:Mbur_1899	30.5	190	129	2	189	375	270	459	6.60e-21	99.8
fig|267671.5.peg.3981|LIC13289	mbu:Mbur_1899	35.4	192	117	5	152	338	270	459	4.12e-24	108
fig|267671.5.peg.3994|LIC13300	vcp:H9L18_12175	33.9	369	223	9	61	422	79	433	3.55e-50	187
fig|267671.5.peg.3995|LIC13301	lil:LA_4139	100	421	0	0	1	421	1	421	1.36e-307	836
fig|267671.5.peg.4008|LIC13310	lil:LA_4150	100	341	0	0	1	341	1	341	5.78e-248	678
fig|267671.5.peg.4009|LIC13311	pel:SAR11G3_00761	31.1	463	282	10	2	449	10	450	5.49e-55	195
fig|267671.5.peg.4014|LIC13316	kal:KALB_1452	34.6	188	117	4	3	187	351	535	3.15e-17	87.4
fig|267671.5.peg.4018|LIC13318	lkm:EFP84_19320	26.0	346	246	7	21	359	36	378	3.84e-25	114
fig|267671.5.peg.4026|LIC13324	lic:LIC_13324	100	403	0	0	1	403	1	403	2.47e-294	801
fig|267671.5.peg.4027|LIC13325	lil:LA_4167	100	160	0	0	1	160	1	160	2.88e-108	310
fig|267671.5.peg.4028|LIC13326	lil:LA_4168	100	137	0	0	1	137	1	137	3.18e-94	273
fig|267671.5.peg.4031|LIC13328	lil:LA_4171	100	488	0	0	1	488	1	488	0.0	976
fig|267671.5.peg.4033|LIC13330	csn:Cyast_1025	31.2	125	74	5	5	128	18	131	5.89e-07	52.8
fig|267671.5.peg.4034|LIC13331	mpy:Mpsy_1340	24.6	386	255	13	135	505	126	490	3.27e-16	87.4
fig|267671.5.peg.4037|LIC13334	reh:H16_A3737	29.3	512	352	6	4	510	16	522	4.66e-60	212
fig|267671.5.peg.4040|LIC13336	lic:LIC_13336	100	392	0	0	1	392	1	392	3.48e-293	797
fig|267671.5.peg.4050|LIC13345	lil:LA_4190	100	521	0	0	1	521	1	521	0.0	1033
fig|267671.5.peg.4059|LIC13353	cthe:Chro_2389	28.9	450	310	6	3	444	2	449	2.26e-50	182
fig|267671.5.peg.4063|LIC13356	lic:LIC_13356	100	344	0	0	1	344	1	344	6.00e-247	676
fig|267671.5.peg.4064|LIC13357	lil:LA_4205	100	265	0	0	1	265	1	265	8.08e-194	535
fig|267671.5.peg.4065|LIC13358	lic:LIC_13358	100	194	0	0	1	194	1	194	1.94e-143	402
fig|267671.5.peg.4074|LIC13365	hmo:HM1_1592	49.5	101	50	1	193	292	486	586	7.88e-18	89.7
fig|267671.5.peg.4075|LIC13366	lic:LIC_13366	100	358	0	0	1	358	1	358	4.65e-258	705
fig|267671.5.peg.4076|LIC13367	lil:LA_4216	100	561	0	0	1	561	1	561	0.0	1124
fig|267671.5.peg.4077|LIC13368	lil:LA_4217	100	202	0	0	1	202	1	202	8.45e-142	398
fig|267671.5.peg.4078|LIC13369	lil:LA_4218	100	279	0	0	1	279	1	279	7.76e-199	549
fig|267671.5.peg.4079|LIC13370	lil:LA_4219	100	416	0	0	1	416	1	416	3.85e-300	816
fig|267671.5.peg.4080|LIC13371	lil:LA_4220	100	305	0	0	1	305	1	305	5.58e-221	607
fig|267671.5.peg.4081|LIC13372	lil:LA_4221	100	246	0	0	1	246	1	246	8.73e-184	508
fig|267671.5.peg.4087|LIC13376	psv:PVLB_26557	25.5	412	269	13	6	403	21	408	7.16e-25	111
fig|267671.5.peg.4096|LIC13382	syf:Synpcc7942_2454	29.9	308	207	3	30	336	122	421	1.56e-37	144
fig|267671.5.peg.4098|LIC13384	lagg:B0E33_10030	28.7	247	157	5	1	247	1	228	1.27e-19	95.9
fig|267671.5.peg.4099|LIC13385	pth:PTH_0951	28.9	218	149	3	26	243	24	235	6.26e-20	96.3
fig|267671.5.peg.4106|LIC13392	mhi:Mhar_1198	24.6	191	118	7	78	262	55	225	6.84e-05	52.4
fig|267671.5.peg.4109|LIC13393	lil:LA_4242	100	333	0	0	1	333	1	333	4.72e-243	665
fig|267671.5.peg.4110|LIC13394	mad:HP15_p187g91	50.6	79	36	1	346	421	453	531	1.97e-11	72.8
fig|267671.5.peg.4112|LIC13396	laj:A0128_18850	74.7	479	119	1	1	477	1	479	1.80e-279	769
fig|267671.5.peg.4113|LIC13397	lic:LIC_13397	100	443	0	0	1	443	1	443	0.0	907
fig|267671.5.peg.4114|LIC13398	hhy:Halhy_3688	31.2	247	162	4	27	272	30	269	3.15e-36	135
fig|267671.5.peg.4115|LIC13399	lic:LIC_13399	100	287	0	0	1	287	1	287	7.55e-210	577
fig|267671.5.peg.4117|LIC13401	scot:HBA18_16695	45.6	90	49	0	321	410	481	570	1.17e-11	73.6
fig|267671.5.peg.4118|LIC13402	tbz:BK011_03200	40.0	110	62	1	159	264	641	750	8.86e-15	80.1
fig|267671.5.peg.4120|LIC13404	lic:LIC_13404	100	661	0	0	1	661	1	661	0.0	1360
fig|267671.5.peg.4121|LIC13405	lil:LA_4255	100	183	0	0	1	183	1	183	2.12e-128	363
fig|267671.5.peg.4122|LIC13406	txy:Thexy_2067	26.7	393	247	12	25	403	18	383	1.45e-21	101
fig|267671.5.peg.4128|LIC13409	lil:LA_4261	99.1	319	3	0	1	319	1	319	2.35e-220	607
fig|267671.5.peg.4131|LIC13412	thig:FE785_09965	24.4	361	239	7	4	363	3	330	9.37e-28	121
fig|267671.5.peg.4132|LIC13413	lil:LA_4266	100	387	0	0	1	387	1	387	2.19e-273	746
fig|267671.5.peg.4134|LIC13415	seon:BWZ22_11605	30.5	154	94	3	393	533	436	589	9.74e-08	61.2
fig|267671.5.peg.4143|LIC13423	hala:Hrd1104_02780	25.4	350	250	5	109	452	12	356	8.64e-26	114
fig|267671.5.peg.4144|LIC13424	tsc:TSC_c14200	41.8	122	64	2	138	252	129	250	5.72e-17	84.0
fig|267671.5.peg.4148|LIC13429	age:AA314_02457	26.3	156	100	6	23	172	284	430	1.62e-04	48.1
fig|267671.5.peg.4149|LIC13430	tth:TT_C0815	27.5	276	169	11	15	286	7	255	7.42e-15	78.6
fig|267671.5.peg.4151|LIC13431	kal:KALB_1452	31.7	202	123	4	1	193	368	563	4.58e-17	86.3
fig|267671.5.peg.4153|LIC13433	lic:LIC_13433	100	372	0	0	1	372	11	382	1.06e-268	734
fig|267671.5.peg.4158|LIC13438	lil:LA_4295	100	183	0	0	1	183	1	183	1.09e-130	369
fig|267671.5.peg.4162|LIC13441	thef:E1B22_09150	37.5	80	50	0	30	109	32	111	2.50e-06	51.6
fig|267671.5.peg.4163|LIC13442	lic:LIC_13442	100	161	0	0	1	161	5	165	2.16e-118	336
fig|267671.5.peg.4164|LIC13443	sld:T261_0279	31.3	128	79	4	20	145	30	150	5.54e-08	59.3
fig|267671.5.peg.4174|LIC13453	hmo:HM1_1592	33.1	157	102	2	195	348	438	594	6.26e-16	85.1
fig|267671.5.peg.4188|LIC13469	lic:LIC_13469	100	371	0	0	1	371	1	371	5.08e-232	640
fig|267671.5.peg.4189|LIC13470	azr:CJ010_18915	35.5	307	168	11	7	310	138	417	1.80e-39	148
fig|267671.5.peg.4192|LIC13472	lil:LA_4330	99.5	201	1	0	1	201	1	201	2.70e-133	377
fig|267671.5.peg.4193|LIC13474	lil:LA_4331	100	479	0	0	1	479	1	479	0.0	933
fig|267671.5.peg.4194|LIC13475	mesp:C1M53_11155	31.7	104	68	1	1	101	601	704	2.05e-09	59.3
fig|267671.5.peg.4198|LIC13478	fva:FV113G1_16900	26.5	253	163	7	25	274	18	250	7.13e-15	78.2
fig|267671.5.peg.4199|LIC13479	hhy:Halhy_4875	27.3	194	122	3	248	426	304	493	8.12e-15	82.4
fig|267671.5.peg.4200|LIC13480	lil:LA_4339	100	417	0	0	1	417	1	417	6.21e-286	781
fig|267671.5.peg.4210|LIC13489	ceu:A7L45_06245	26.1	249	155	10	11	246	9	241	4.15e-07	55.8
fig|267671.5.peg.4212|LIC13491	whe:EFA59_08055	28.5	330	170	10	53	377	10	278	1.45e-22	105
fig|267671.5.peg.4219|LIC13495	lic:LIC_13495	100	635	0	0	1	635	1	635	0.0	1254
fig|267671.5.peg.4220|LIC13496	lil:LA_4360	100	307	0	0	1	307	1	307	5.36e-220	605
fig|267671.5.peg.4221|LIC13497	lil:LA_4361	100	310	0	0	1	310	1	310	3.80e-226	620
fig|267671.5.peg.4223|LIC20002	lic:LIC_20002	100	293	0	0	1	293	18	310	7.35e-215	591
fig|267671.5.peg.4226|LIC20005	lis:LIL_20004	98.9	274	3	0	1	274	1	274	8.74e-198	546
fig|267671.5.peg.4228|LIC20006	bcoh:BC6307_04420	29.7	286	164	8	9	281	6	267	3.28e-25	106
fig|267671.5.peg.4230|LIC20008	lic:LIC_20008	100	289	0	0	1	289	1	289	9.19e-212	582
fig|267671.5.peg.4231|LIC20009	lil:LB_011	99.8	542	1	0	1	542	1	542	0.0	1079
fig|267671.5.peg.4232|LIC20010	lic:LIC_20010	100	317	0	0	1	317	1	317	6.83e-228	625
fig|267671.5.peg.4233|LIC20011	lic:LIC_20011	100	443	0	0	1	443	1	443	0.0	870
fig|267671.5.peg.4234|LIC20012	kit:CFP65_1165	21.4	224	148	7	91	286	121	344	3.47e-04	48.5
fig|267671.5.peg.4235|LIC20013	sat:SYN_00875	26.1	211	134	4	5	207	5	201	1.12e-17	86.3
fig|267671.5.peg.4236|LIC20014	lil:LB_016	100	340	0	0	1	340	1	340	3.00e-254	694
fig|267671.5.peg.4237|LIC20015	lil:LB_017	100	449	0	0	1	449	31	479	0.0	895
fig|267671.5.peg.4239|LIC20017	lic:LIC_20017	100	427	0	0	1	427	1	427	9.91e-304	827
fig|267671.5.peg.4243|LIC20018	lic:LIC_20018	100	302	0	0	1	302	1	302	1.95e-224	615
fig|267671.5.peg.4247|LIC20022	ter:Tery_3252	27.7	155	104	3	1	153	13	161	1.49e-05	49.7
fig|267671.5.peg.4249|LIC20025	bgf:BC1003_5327	27.0	111	79	2	2	111	42	151	4.06e-07	52.8
fig|267671.5.peg.4251|LIC20026	phc:BBI08_16515	38.8	188	113	1	2	189	7	192	3.68e-30	117
fig|267671.5.peg.4252|LIC20027	lyj:FKV23_08795	38.6	153	91	2	2	153	265	415	6.55e-23	99.0
fig|267671.5.peg.4253|LIC20028	mbs:MRBBS_2005	21.4	379	265	10	9	375	12	369	1.07e-11	73.2
fig|267671.5.peg.4256|LIC20031	shv:AAT16_01780	33.2	187	121	2	8	190	6	192	1.78e-22	98.2
fig|267671.5.peg.4267|LIC20037	mka:MK0192	30.9	366	157	12	17	322	12	341	1.92e-23	107
fig|267671.5.peg.4270|LIC20040	tpz:Tph_c17350	23.6	191	114	6	86	266	402	570	3.40e-05	51.6
fig|267671.5.peg.4279|LIC20049	pcay:FRD00_27810	29.0	262	167	11	41	293	7	258	2.06e-15	81.3
fig|267671.5.peg.4282|LIC20052	lil:LB_068	100	273	0	0	1	273	1	273	1.71e-208	573
fig|267671.5.peg.4286|LIC20054	vbr:A6E01_18825	23.3	202	132	7	5	202	2	184	1.41e-05	50.8
fig|267671.5.peg.4290|LIC20058	lil:LB_074	100	670	0	0	1	670	1	670	0.0	1320
fig|267671.5.peg.4299|LIC20062	lil:LB_079	98.8	86	1	0	1	86	7	92	2.31e-53	166
fig|267671.5.peg.4302|LIC20064	lil:LB_082	100	254	0	0	1	254	1	254	7.00e-169	471
fig|267671.5.peg.4303|LIC20065	ipo:Ilyop_2170	41.4	70	38	1	3	72	533	599	4.07e-08	53.9
fig|267671.5.peg.4304|LIC20066	dat:HRM2_10850	38.5	226	137	2	21	245	293	517	2.77e-38	145
fig|267671.5.peg.4306|LIC20067	roo:G5S37_20100	35.4	99	60	2	14	109	223	320	1.45e-08	58.2
fig|267671.5.peg.4307|LIC20068	lil:LB_086	100	361	0	0	1	361	1	361	1.76e-259	709
fig|267671.5.peg.4310|LIC20071	pof:GS400_07980	39.3	61	34	1	185	245	215	272	8.45e-05	51.6
fig|267671.5.peg.4314|LIC20074	lil:LB_093	100	645	0	0	1	645	1	645	0.0	1285
fig|267671.5.peg.4315|LIC20075	lic:LIC_20075	100	979	0	0	1	979	1	979	0.0	1825
fig|267671.5.peg.4316|LIC20076	wfu:AXE80_12400	33.7	95	61	2	36	129	39	132	5.28e-04	46.6
fig|267671.5.peg.4317|LIC20077	gsk:KN400_2489	34.3	233	141	5	116	340	33	261	1.00e-32	130
fig|267671.5.peg.4320|LIC20079	got:AXE85_03695	34.6	246	158	2	20	263	10	254	4.42e-36	134
fig|267671.5.peg.4321|LIC20080	lil:LA_3529	34.1	126	83	0	11	136	6	131	6.31e-25	97.8
fig|267671.5.peg.4323|LIC20082	bbar:RHAL1_02630	28.0	293	196	6	19	304	14	298	4.52e-27	117
fig|267671.5.peg.4324|LIC20083	lil:LB_106	100	436	0	0	1	436	1	436	0.0	868
fig|267671.5.peg.4325|LIC20084	sbn:Sbal195_2227	30.5	95	56	3	2	94	78	164	2.69e-06	49.3
fig|267671.5.peg.4326|LIC20085	lil:LB_108	100	1247	0	0	1	1247	1	1247	0.0	2459
fig|267671.5.peg.4330|LIC20088	lil:LB_111	100	431	0	0	1	431	1	431	0.0	872
fig|267671.5.peg.4331|LIC20089	shd:SUTH_02109	29.4	326	215	9	8	326	28	345	2.88e-29	129
fig|267671.5.peg.4332|LIC20090	lil:LB_114	100	291	0	0	1	291	4	294	6.12e-205	565
fig|267671.5.peg.4333|LIC20091	lis:LIL_20102	99.6	249	1	0	1	249	24	272	3.07e-175	488
fig|267671.5.peg.4337|LIC20094	lil:LB_118	99.9	721	1	0	1	721	1	721	0.0	1375
fig|267671.5.peg.4339|LIC20096	tav:G4V39_09295	31.1	135	82	3	151	285	75	198	5.25e-10	65.1
fig|267671.5.peg.4340|LIC20097	lil:LB_121	100	270	0	0	1	270	1	270	3.82e-190	526
fig|267671.5.peg.4342|LIC20099	lil:LB_123	100	179	0	0	1	179	1	179	2.04e-124	352
fig|267671.5.peg.4343|LIC20100	dsf:UWK_03168	29.6	196	132	3	10	203	11	202	1.36e-20	97.1
fig|267671.5.peg.4350|LIC20104	camu:CA2015_3809	33.7	101	65	1	280	378	675	775	2.97e-08	62.0
fig|267671.5.peg.4351|LIC20105	cmr:Cycma_3864	39.0	123	71	3	234	353	655	776	1.50e-15	84.3
fig|267671.5.peg.4352|LIC20106	gxl:H845_1457	33.0	264	161	6	269	525	585	839	8.30e-36	148
fig|267671.5.peg.4358|LIC20111	spkc:KC8_06955	26.9	253	170	9	237	479	442	689	7.98e-15	83.6
fig|267671.5.peg.4367|LIC20119	lie:LIF_B121	100	207	0	0	1	207	1	207	3.58e-150	420
fig|267671.5.peg.4368|LIC20120	lil:LB_150	100	315	0	0	1	315	1	315	1.48e-221	609
fig|267671.5.peg.4369|LIC20121	lil:LB_151	99.5	863	4	0	1	863	1	863	0.0	1692
fig|267671.5.peg.4370|LIC20122	lic:LIC_20122	100	194	0	0	1	194	1	194	1.21e-137	387
fig|267671.5.peg.4371|LIC20123	fnf:BSQ88_02390	30.6	222	137	7	2	206	11	232	3.58e-16	82.0
fig|267671.5.peg.4372|LIC20124	lic:LIC_20124	100	454	0	0	1	454	1	454	0.0	907
fig|267671.5.peg.4373|LIC20125	lil:LB_155	100	178	0	0	1	178	1	178	8.70e-130	366
fig|267671.5.peg.4374|LIC20126	lic:LIC_20126	100	254	0	0	1	254	1	254	1.95e-175	488
fig|267671.5.peg.4375|LIC20127	lil:LB_157	100	497	0	0	1	497	1	497	0.0	961
fig|267671.5.peg.4376|LIC20128	lic:LIC_20128	100	385	0	0	1	385	1	385	1.29e-280	764
fig|267671.5.peg.4377|LIC20129	lil:LB_159	99.6	252	1	0	1	252	1	252	2.21e-180	500
fig|267671.5.peg.4378|LIC20130	lic:LIC_20130	100	411	0	0	1	411	1	411	4.82e-296	806
fig|267671.5.peg.4379|LIC20131	lic:LIC_20131	100	223	0	0	1	223	1	223	1.97e-155	434
fig|267671.5.peg.4380|LIC20132	lic:LIC_20132	100	367	0	0	1	367	1	367	1.39e-259	710
fig|267671.5.peg.4381|LIC20133	fse:DI487_07280	31.0	226	133	9	33	245	36	251	1.02e-13	75.5
fig|267671.5.peg.4383|LIC20135	lbj:LBJ_4177	75.8	393	90	1	2	389	4	396	2.76e-217	605
fig|267671.5.peg.4390|LIC20138	mib:UY43_C0001G0711	42.3	281	147	6	280	556	6	275	8.13e-56	198
fig|267671.5.peg.4393|LIC20141	pyn:PNA2_1717	25.7	296	173	10	18	292	80	349	3.61e-08	60.1
fig|267671.5.peg.4395|LIC20142	lil:LB_176	100	177	0	0	1	177	1	177	1.19e-122	348
fig|267671.5.peg.4415|LIC20159	psf:PSE_3210	35.5	346	204	7	4	333	13	355	1.10e-49	182
fig|267671.5.peg.4417|LIC20161	hty:BN2458_PEG0800	28.1	360	219	15	25	373	21	351	1.29e-13	78.6
fig|267671.5.peg.4424|LIC20168	een:BBD30_05545	54.4	103	47	0	12	114	8	110	3.10e-30	117
fig|267671.5.peg.4428|LIC20171	lil:LB_215	100	244	0	0	1	244	6	249	7.38e-183	506
fig|267671.5.peg.4441|LIC20178	dori:FH5T_13955	32.1	137	83	4	240	370	441	573	1.57e-06	56.6
fig|267671.5.peg.4443|LIC20180	tmc:LMI_0371	35.2	250	153	4	9	255	3	246	2.57e-34	140
fig|267671.5.peg.4444|LIC20181	tkm:TK90_0100	40.0	180	100	2	315	486	252	431	1.12e-32	135
fig|267671.5.peg.4446|LIC20182	tkm:TK90_0100	43.1	181	97	3	343	519	252	430	7.49e-34	139
fig|267671.5.peg.4447|LIC20183	arp:NIES39_E02730	35.5	425	233	11	442	830	562	981	4.45e-51	201
fig|267671.5.peg.4457|LIC20191	dth:DICTH_1476	36.0	75	40	3	58	129	61	130	2.64e-06	57.0
fig|267671.5.peg.4458|LIC20192	rgn:RGna_12855	28.7	202	127	4	5	190	13	213	7.87e-16	83.6
fig|267671.5.peg.4461|LIC20195	tfr:BR63_10070	59.1	421	171	1	7	426	5	425	8.51e-165	475
fig|267671.5.peg.4464|LIC20197	rix:RO1_41120	27.8	180	111	6	406	578	1126	1293	1.40e-09	68.6
fig|267671.5.peg.4467|LIC20199	lic:LIC_20199	100	472	0	0	1	472	1	472	0.0	929
fig|267671.5.peg.4469|LIC20201	bex:A11Q_1665	26.4	106	69	3	19	115	27	132	9.58e-04	46.2
fig|267671.5.peg.4472|LIC20203	sbu:SpiBuddy_3010	24.9	177	127	3	8	183	5	176	1.70e-08	62.0
fig|267671.5.peg.4474|LIC20204	lic:LIC_20204	100	383	0	0	1	383	1	383	1.92e-290	789
fig|267671.5.peg.4476|LIC20206	vhl:BME96_17885	33.3	201	115	8	14	205	15	205	2.01e-21	93.2
fig|267671.5.peg.4478|LIC20208	lic:LIC_20208	100	626	0	0	1	626	1	626	0.0	1229
fig|267671.5.peg.4479|LIC20209	lic:LIC_20209	100	732	0	0	1	732	1	732	0.0	1432
fig|267671.5.peg.4489|LIC20217	paeu:BN889_03330	28.3	113	76	2	7	114	8	120	9.49e-05	46.6
fig|267671.5.peg.4492|LIC20219	ant:Arnit_0892	24.3	243	158	10	10	246	8	230	4.61e-09	61.2
fig|267671.5.peg.4493|LIC20220	thap:FNC98_11570	33.2	382	227	7	129	508	171	526	2.20e-48	181
fig|267671.5.peg.4498|LIC20224	oxy:HCG48_15465	28.3	357	161	8	350	680	444	731	1.99e-27	124
fig|267671.5.peg.4499|LIC20225	ock:EXM22_00360	28.3	212	144	4	8	211	9	220	1.69e-20	92.0
fig|267671.5.peg.4500|LIC20226	lic:LIC_20226	100	249	0	0	1	249	1	249	2.82e-186	514
fig|267671.5.peg.4501|LIC20227	lil:LB_293	100	177	0	0	1	177	1	177	1.90e-128	362
fig|267671.5.peg.4504|LIC20229	let:O77CONTIG1_04657	35.6	132	79	2	23	153	52	178	4.83e-15	81.6
fig|267671.5.peg.4505|LIC20230	lic:LIC_20230	100	365	0	0	1	365	1	365	1.00e-276	753
fig|267671.5.peg.4514	lis:LIL_20251	99.6	275	1	0	1	275	1	275	2.42e-200	552
fig|267671.5.peg.4515	lil:LB_311	100	280	0	0	1	280	1	280	1.36e-213	586
fig|267671.5.peg.4516|LIC20238	dto:TOL2_C19140	54.9	113	51	0	175	287	165	277	5.76e-38	140
fig|267671.5.peg.4517|LIC20239	lil:LB_312a	98.6	72	1	0	1	72	54	125	1.10e-47	152
fig|267671.5.peg.4519|LIC20241	lic:LIC_20241	100	379	0	0	1	379	11	389	7.27e-275	750
fig|267671.5.peg.4520|LIC20242	asf:SFBM_1308	28.2	124	64	4	163	270	120	234	1.26e-04	49.3
fig|267671.5.peg.4524|LIC20246	bof:FQV39_14950	33.3	234	151	3	542	771	563	795	1.24e-25	120
fig|267671.5.peg.4525|LIC20247	cpo:COPRO5265_1143	42.7	89	46	2	83	166	210	298	2.33e-08	58.9
fig|267671.5.peg.4527	lis:LIL_20263	99.5	185	1	0	1	185	1	185	1.21e-109	336
fig|267671.5.peg.4528|LIC20249	lic:LIC_20249	100	757	0	0	1	757	1	757	0.0	1505
fig|267671.5.peg.4529|LIC20250	hyf:DTO96_101282	28.0	100	72	0	278	377	1154	1253	5.43e-06	55.1
fig|267671.5.peg.4530|LIC20251	mbn:Mboo_2331	33.0	324	194	9	2	308	167	484	3.27e-38	147
fig|267671.5.peg.4533|LIC20254	tjr:TherJR_1765	39.0	118	70	1	4	119	8	125	4.12e-22	97.8
fig|267671.5.peg.4535|LIC20256	lil:LB_335	100	97	0	0	1	97	1	97	1.31e-65	197
fig|267671.5.peg.4548|LIC20264	lil:LB_353	100	486	0	0	1	486	1	486	0.0	939
fig|267671.5.peg.4550|LIC20266	lic:LIC_20266	100	349	0	0	1	349	1	349	1.09e-256	701
fig|267671.5.peg.4559|LIC20274	thn:NK55_08865	57.5	40	17	0	10	49	8	47	7.21e-04	46.2
fig|267671.5.peg.4560|LIC20275	bcw:Q7M_741	34.9	86	49	2	50	134	24	103	3.59e-04	48.1
