fig|355277.4.peg.1|LBJ_0001	lbj:LBJ_0001	100	635	0	0	1	635	1	635	0.0	1251
fig|355277.4.peg.2|LBJ_0002	lbj:LBJ_0002	100	307	0	0	1	307	1	307	6.52e-221	607
fig|355277.4.peg.3|LBJ_0003	lbj:LBJ_0003	100	312	0	0	1	312	1	312	1.33e-227	624
fig|355277.4.peg.7|LBJ_0005	lbj:LBJ_0005	100	373	0	0	1	373	1	373	2.04e-255	700
fig|355277.4.peg.12|LBJ_0010	metc:MTCT_1105	27.3	128	84	4	43	169	66	185	2.94e-05	51.2
fig|355277.4.peg.18|LBJ_0014	cbi:CLJ_B0032	26.4	227	136	6	23	218	81	307	2.29e-14	79.3
fig|355277.4.peg.19|LBJ_0015	lbj:LBJ_0015	100	362	0	0	1	362	1	362	5.45e-259	708
fig|355277.4.peg.22|LBJ_0018	lbj:LBJ_0018	99.9	716	1	0	1	716	29	744	0.0	1356
fig|355277.4.peg.31|LBJ_0024	lbj:LBJ_0024	100	417	0	0	1	417	1	417	1.30e-303	825
fig|355277.4.peg.40|LBJ_0030	ceu:A7L45_06245	26.1	249	155	10	11	246	9	241	1.99e-08	59.7
fig|355277.4.peg.43|LBJ_0033	lbj:LBJ_0033	100	235	0	0	1	235	1	235	3.55e-173	480
fig|355277.4.peg.44|LBJ_0034	lbj:LBJ_0034	100	322	0	0	1	322	1	322	1.26e-221	610
fig|355277.4.peg.47|LBJ_0037	hebr:AEBR_0662	34.1	132	86	1	3	133	131	262	6.50e-19	95.5
fig|355277.4.peg.49|LBJ_0039	lbj:LBJ_0039	100	312	0	0	1	312	1	312	8.69e-233	637
fig|355277.4.peg.50|LBJ_0040	lbj:LBJ_0040	100	389	0	0	1	389	1	389	8.77e-265	725
fig|355277.4.peg.51|LBJ_0041	ceb:B0D95_03505	28.8	177	111	7	5	173	8	177	3.81e-10	61.6
fig|355277.4.peg.52|LBJ_0042	lbj:LBJ_0042	100	439	0	0	1	439	1	439	0.0	873
fig|355277.4.peg.54|LBJ_0044	hhy:Halhy_4875	37.3	102	64	0	558	659	390	491	3.34e-10	69.3
fig|355277.4.peg.56|LBJ_0045	lbj:LBJ_0045	100	280	0	0	1	280	1	280	6.89e-198	546
fig|355277.4.peg.63|LBJ_0051	aoz:HUE56_20200	28.1	128	92	0	7	134	7	134	6.32e-08	60.1
fig|355277.4.peg.66|LBJ_0053	lbj:LBJ_0053	100	238	0	0	1	238	1	238	2.04e-169	471
fig|355277.4.peg.71|LBJ_0058	rev:HUE57_01805	41.7	96	56	0	497	592	358	453	5.37e-12	76.6
fig|355277.4.peg.73|LBJ_0060	rev:HUE57_01805	42.7	96	55	0	453	548	358	453	3.24e-13	80.5
fig|355277.4.peg.75|LBJ_0062	lbj:LBJ_0062	100	173	0	0	1	173	1	173	1.29e-124	352
fig|355277.4.peg.76|LBJ_0063	lbl:LBL_3017	99.6	253	1	0	1	253	8	260	1.41e-176	491
fig|355277.4.peg.79|LBJ_0066	cbv:U729_2196	32.0	122	71	4	6	118	2	120	9.18e-05	44.7
fig|355277.4.peg.81|LBJ_0068	pgs:CPT03_09920	22.8	492	282	23	74	539	38	457	2.15e-05	53.5
fig|355277.4.peg.83|LBJ_0069	lbj:LBJ_0069	99.6	246	1	0	1	246	5	250	5.56e-172	478
fig|355277.4.peg.84|LBJ_0070	lbj:LBJ_0070	99.6	283	1	0	25	307	1	283	6.47e-213	586
fig|355277.4.peg.85|LBJ_0071	lbj:LBJ_0071	100	281	0	0	1	281	1	281	4.54e-208	572
fig|355277.4.peg.86|LBJ_0072	lbj:LBJ_0072	100	234	0	0	1	234	1	234	1.68e-166	463
fig|355277.4.peg.91	paeu:BN889_05176	37.8	90	56	0	1	90	253	342	8.51e-17	78.6
fig|355277.4.peg.101|LBJ_0086	lbj:LBJ_0086	100	683	0	0	1	683	1	683	0.0	1343
fig|355277.4.peg.104|LBJ_0088	lbj:LBJ_0088	100	219	0	0	1	219	1	219	2.94e-164	456
fig|355277.4.peg.106|LBJ_0090	lbj:LBJ_0090	100	578	0	0	1	578	14	591	0.0	1148
fig|355277.4.peg.107|LBJ_0091	mbu:Mbur_1899	37.2	218	126	4	499	715	250	457	2.11e-33	140
fig|355277.4.peg.109|LBJ_0092	lbj:LBJ_0092	100	497	0	0	1	497	1	497	0.0	975
fig|355277.4.peg.119|LBJ_0101	lbj:LBJ_0101	100	193	0	0	1	193	14	206	3.08e-138	389
fig|355277.4.peg.120|LBJ_0102	lbj:LBJ_0102	100	210	0	0	1	210	1	210	4.19e-155	432
fig|355277.4.peg.121|LBJ_0103	lbj:LBJ_0103	100	241	0	0	1	241	1	241	4.45e-170	473
fig|355277.4.peg.126|LBJ_0107	lbj:LBJ_0107	100	292	0	0	1	292	1	292	6.78e-220	603
fig|355277.4.peg.132|LBJ_0114	lbj:LBJ_0114	100	270	0	0	1	270	1	270	8.63e-187	518
fig|355277.4.peg.134|LBJ_0116	oxy:HCG48_15465	30.6	373	154	13	217	554	443	745	4.46e-29	128
fig|355277.4.peg.135|LBJ_0117	lbj:LBJ_0117	100	318	0	0	1	318	1	318	1.43e-225	620
fig|355277.4.peg.140|LBJ_0121	esj:SJ05684_b53010	24.5	151	113	1	692	841	398	548	9.58e-05	53.1
fig|355277.4.peg.142|LBJ_0123	ccl:Clocl_1669	31.1	122	70	5	48	167	53	162	9.27e-08	57.8
fig|355277.4.peg.148|LBJ_0127	tam:Theam_0828	29.7	192	104	9	21	203	217	386	4.54e-06	52.8
fig|355277.4.peg.149|LBJ_0128	lbj:LBJ_0128	100	425	0	0	1	425	1	425	0.0	873
fig|355277.4.peg.150|LBJ_0129	ag:AAC25032	41.6	346	165	7	338	678	224	537	1.25e-64	228
fig|355277.4.peg.154|LBJ_0132	pth:PTH_0951	31.7	224	131	5	382	594	9	221	7.55e-21	103
fig|355277.4.peg.159|LBJ_0136	lbj:LBJ_0136	100	380	0	0	1	380	1	380	1.96e-277	756
fig|355277.4.peg.161|LBJ_0137	dao:Desac_2111	38.9	270	157	5	1	268	1	264	2.54e-58	212
fig|355277.4.peg.165|LBJ_0140	lbl:LBL_2943	100	202	0	0	1	202	1	202	6.95e-141	396
fig|355277.4.peg.166|LBJ_0141	pmat:BBI11_01925	26.3	339	228	7	41	368	11	338	1.51e-30	129
fig|355277.4.peg.174|LBJ_0149	lbj:LBJ_0149	100	456	0	0	1	456	1	456	0.0	879
fig|355277.4.peg.176	lwl:FHG68_00785	96.7	359	12	0	1	359	62	420	5.36e-245	675
fig|355277.4.peg.178|LBJ_0153	lbj:LBJ_0153	100	464	0	0	1	464	1	464	0.0	907
fig|355277.4.peg.185|LBJ_0158	hhy:Halhy_4875	34.8	112	64	4	78	187	387	491	6.92e-09	60.5
fig|355277.4.peg.186|LBJ_0159	hhm:BN341_18130	28.9	166	98	6	108	266	80	232	2.20e-08	61.6
fig|355277.4.peg.187|LBJ_0160	lbj:LBJ_0160	100	280	0	0	1	280	1	280	1.53e-210	578
fig|355277.4.peg.188|LBJ_0161	amyt:AMYT_0392	38.5	231	118	5	12	241	3	210	2.24e-39	140
fig|355277.4.peg.190|LBJ_0163	toc:Toce_1656	34.6	283	164	8	1	279	1	266	6.27e-33	127
fig|355277.4.peg.191|LBJ_0164	mei:Msip34_0490	37.7	69	39	1	35	99	23	91	1.94e-05	47.4
fig|355277.4.peg.192|LBJ_0165	lbj:LBJ_0165	100	271	0	0	1	271	1	271	2.15e-201	555
fig|355277.4.peg.193|LBJ_0166	bmet:BMMGA3_11710	25.8	178	125	4	301	472	619	795	7.07e-05	52.0
fig|355277.4.peg.194|LBJ_0167	pbf:CFX0092_A3065	34.7	340	202	4	2	332	22	350	2.09e-54	187
fig|355277.4.peg.195|LBJ_0168	pbf:CFX0092_A3065	31.1	257	159	7	87	338	107	350	9.89e-25	108
fig|355277.4.peg.197|LBJ_0170	lbj:LBJ_0170	100	318	0	0	1	318	1	318	2.23e-238	652
fig|355277.4.peg.201|LBJ_0173	caba:SBC2_75270	31.1	122	79	4	34	153	373	491	1.64e-04	47.0
fig|355277.4.peg.204|LBJ_0175	hmo:HM1_1592	42.7	124	70	1	195	318	476	598	1.59e-22	103
fig|355277.4.peg.205|LBJ_0176	lbj:LBJ_0176	100	681	0	0	1	681	1	681	0.0	1354
fig|355277.4.peg.206	lmay:DPV73_04530	92.7	248	18	0	1	248	1	248	6.44e-160	459
fig|355277.4.peg.207	lmay:DPV73_04530	92.1	240	19	0	1	240	268	507	1.62e-152	439
fig|355277.4.peg.213|LBJ_0182	apm:HIMB5_00008340	28.0	232	160	5	538	764	416	645	1.62e-17	93.6
fig|355277.4.peg.215|LBJ_0184	lbj:LBJ_0184	100	383	0	0	1	383	3	385	7.35e-275	750
fig|355277.4.peg.216|LBJ_0185	arp:NIES39_E02730	24.9	466	291	12	32	440	355	818	1.11e-31	134
fig|355277.4.peg.217|LBJ_0186	gba:J421_2715	47.5	118	59	1	11	125	3	120	2.46e-25	106
fig|355277.4.peg.224|LBJ_0193	wwe:P147_WWE3C01G0212	32.2	174	107	4	23	186	28	200	9.26e-10	66.6
fig|355277.4.peg.225|LBJ_0194	lbj:LBJ_0194	100	422	0	0	1	422	69	490	6.43e-305	832
fig|355277.4.peg.229|LBJ_0197	cfus:CYFUS_006241	38.2	76	40	1	7	82	310	378	7.14e-09	57.4
fig|355277.4.peg.230	luo:HHL09_11985	39.6	53	32	0	9	61	3	55	3.20e-06	48.9
fig|355277.4.peg.231	mict:FIU95_11750	28.4	229	159	3	1	224	100	328	2.71e-20	93.2
fig|355277.4.peg.235|LBJ_0202	ote:Oter_1332	39.9	213	125	2	52	262	65	276	5.53e-44	156
fig|355277.4.peg.237|LBJ_0204	tsl:A3L11_05140	33.6	131	56	8	97	220	11	117	5.05e-06	50.8
fig|355277.4.peg.238|LBJ_0205	lbj:LBJ_0205	100	432	0	0	1	432	1	432	3.66e-313	851
fig|355277.4.peg.239|LBJ_0206	hgn:E6W36_08880	29.3	215	113	5	361	575	2	177	4.84e-11	68.2
fig|355277.4.peg.243|LBJ_0210	lbj:LBJ_0210	100	398	0	0	1	398	1	398	3.51e-296	805
fig|355277.4.peg.246|LBJ_0212	dwd:DSCW_56680	28.5	256	174	3	3	255	8	257	2.80e-27	113
fig|355277.4.peg.248|LBJ_0214	bsun:A4G13_10170	46.2	266	137	3	6	270	1	261	6.65e-72	226
fig|355277.4.peg.260	bsed:DN745_17615	27.0	200	133	3	38	237	384	570	7.63e-19	90.9
fig|355277.4.peg.268|LBJ_0229	hbl:XJ32_05000	25.4	185	117	6	32	204	234	409	2.66e-04	50.1
fig|355277.4.peg.270|LBJ_0231	lbj:LBJ_0231	100	300	0	0	1	300	1	300	3.94e-223	612
fig|355277.4.peg.275|LBJ_0234	lbj:LBJ_0234	100	802	0	0	1	802	1	802	0.0	1578
fig|355277.4.peg.285|LBJ_0242	tim:GMBLW1_29770	44.9	49	27	0	4	52	415	463	1.87e-07	51.2
fig|355277.4.peg.286|LBJ_0243	lbl:LBL_2837	100	207	0	0	1	207	11	217	4.05e-147	412
fig|355277.4.peg.287|LBJ_0244	thap:FNC98_01570	41.8	146	81	1	62	203	178	323	5.25e-22	99.4
fig|355277.4.peg.288|LBJ_0245	laj:A0128_20760	25.7	421	272	14	15	406	5	413	3.20e-22	108
fig|355277.4.peg.290	lbl:LBL_2834	99.6	272	1	0	1	272	28	299	2.55e-185	517
fig|355277.4.peg.291	lbl:LBL_2834	97.9	48	1	0	1	48	304	351	2.33e-23	94.4
fig|355277.4.peg.297|LBJ_0248	laj:A0128_16915	29.3	420	278	8	13	424	8	416	2.53e-32	139
fig|355277.4.peg.299|LBJ_0250	htu:Htur_2338	32.0	122	81	1	11	132	207	326	4.46e-17	81.3
fig|355277.4.peg.300|LBJ_0251	htu:Htur_2338	41.7	115	55	4	19	124	17	128	3.30e-16	79.3
fig|355277.4.peg.302|LBJ_0252	lst:LSS_18828	39.3	285	170	1	22	306	1	282	1.49e-64	211
fig|355277.4.peg.303|LBJ_0253	meku:HUW50_24170	26.0	416	244	10	270	653	3	386	1.45e-26	120
fig|355277.4.peg.305|LBJ_0255	lie:LIF_A2931	82.0	267	47	1	1	266	1	267	9.96e-150	424
fig|355277.4.peg.306|LBJ_0256	arp:NIES39_E02730	27.2	298	193	5	95	370	523	818	7.35e-23	106
fig|355277.4.peg.310|LBJ_0258	tig:THII_3121	29.2	377	234	9	19	366	7	379	1.63e-36	141
fig|355277.4.peg.313|LBJ_0259	mye:AB431_06460	33.0	330	197	11	3	313	13	337	2.56e-39	147
fig|355277.4.peg.319|LBJ_0263	laj:A0128_11770	57.5	586	248	1	1	586	1	585	2.42e-239	677
fig|355277.4.peg.326|LBJ_0266	scl:sce8975	29.7	165	115	1	159	322	61	225	1.51e-17	89.0
fig|355277.4.peg.327|LBJ_0267	dto:TOL2_C14850	30.4	480	315	8	2	473	5	473	5.97e-66	229
fig|355277.4.peg.328	lmay:DPV73_03925	91.5	1210	77	4	2	1208	90	1276	0.0	2135
fig|355277.4.peg.329	lwl:FHG68_02755	97.8	90	2	0	1	90	1	90	1.43e-49	173
fig|355277.4.peg.330|LBJ_0270	lbj:LBJ_0270	100	574	0	0	1	574	1	574	0.0	1168
fig|355277.4.peg.336|LBJ_0275	fjo:Fjoh_4313	29.0	169	119	1	7	175	3	170	2.45e-21	96.7
fig|355277.4.peg.347|LBJ_0280	lbj:LBJ_0280	100	235	0	0	1	235	1	235	6.34e-167	464
fig|355277.4.peg.348|LBJ_0281	lbj:LBJ_0281	99.8	413	1	0	1	413	10	422	1.82e-301	820
fig|355277.4.peg.350|LBJ_0283	dax:FDQ92_04305	31.7	785	392	19	13	785	108	760	3.53e-101	335
fig|355277.4.peg.352|LBJ_0285	hmo:HM1_1592	42.4	125	67	3	241	360	474	598	4.17e-16	85.9
fig|355277.4.peg.354|LBJ_0287	ciu:G4D55_07260	31.1	74	51	0	30	103	25	98	2.08e-05	48.9
fig|355277.4.peg.356|LBJ_0288	din:Selin_2550	42.6	183	104	1	2	184	1	182	8.56e-41	156
fig|355277.4.peg.358|LBJ_0289	lbj:LBJ_0289	100	275	0	0	1	275	1	275	3.16e-196	542
fig|355277.4.peg.360|LBJ_0290	sye:Syncc9902_0114	25.6	129	89	1	54	182	51	172	1.56e-05	52.4
fig|355277.4.peg.361|LBJ_0291	lwl:FHG68_02890	89.0	473	52	0	1	473	169	641	0.0	899
fig|355277.4.peg.369|LBJ_0297	lbj:LBJ_0297	100	652	0	0	1	652	1	652	0.0	1313
fig|355277.4.peg.380|LBJ_0307	sok:D0B54_20820	28.5	242	164	6	1497	1731	445	684	8.05e-18	96.3
fig|355277.4.peg.381|LBJ_0308	lep:Lepto7376_3648	31.9	113	63	4	3	106	53	160	1.48e-04	51.6
fig|355277.4.peg.384|LBJ_0311	scl:sce7073	24.9	213	115	10	33	220	187	379	8.08e-04	47.0
fig|355277.4.peg.387	nsh:GXM_10276	26.7	262	169	7	6	263	36	278	2.07e-19	93.6
fig|355277.4.peg.398|LBJ_0321	lbj:LBJ_0321	100	324	0	0	5	328	1	324	9.09e-233	639
fig|355277.4.peg.402|LBJ_0323	lbj:LBJ_0323	100	161	0	0	1	161	1	161	2.03e-113	323
fig|355277.4.peg.406|LBJ_0327	dsd:GD606_04755	32.6	129	77	4	16	134	27	155	5.75e-07	53.5
fig|355277.4.peg.410|LBJ_0331	gai:IMCC3135_16340	35.1	484	267	6	14	497	12	448	1.82e-93	297
fig|355277.4.peg.411|LBJ_0332	lbj:LBJ_0332	100	257	0	0	1	257	1	257	9.82e-191	526
fig|355277.4.peg.413|LBJ_0333	wba:UR17_C0001G0513	28.6	185	105	7	148	307	168	350	2.39e-08	61.6
fig|355277.4.peg.418|LBJ_0338	lbj:LBJ_0338	100	246	0	0	1	246	1	246	3.15e-177	491
fig|355277.4.peg.421|LBJ_0340	mtai:Mtai_v1c04510	31.8	107	53	4	37	132	243	340	4.48e-04	44.7
fig|355277.4.peg.422|LBJ_0341	gme:Gmet_1528	33.0	103	62	4	6	104	34	133	3.37e-08	53.9
fig|355277.4.peg.427	lbl:LBL_2733	99.4	158	1	0	1	158	141	298	1.51e-106	311
fig|355277.4.peg.428	lbl:LBL_2733	100	107	0	0	1	107	1	107	3.14e-64	202
fig|355277.4.peg.432|LBJ_0346	lbj:LBJ_0346	100	149	0	0	1	149	1	149	9.17e-102	293
fig|355277.4.peg.433|LBJ_0347	lbj:LBJ_0347	100	265	0	0	1	265	1	265	6.11e-189	523
fig|355277.4.peg.434|LBJ_0348	lbj:LBJ_0348	100	380	0	0	1	380	1	380	1.18e-278	759
fig|355277.4.peg.438|LBJ_0352	cyj:Cyan7822_3999	27.8	194	120	5	7	194	562	741	6.93e-15	78.2
fig|355277.4.peg.443|LBJ_0354	lew:DAI21_21145	26.9	216	142	7	1	203	55	267	4.39e-07	55.1
fig|355277.4.peg.448|LBJ_0356	mec:Q7C_28	48.1	312	158	3	3	313	434	742	2.57e-95	303
fig|355277.4.peg.450|LBJ_0357	bof:FQV39_05315	23.6	276	180	9	26	290	26	281	5.12e-12	70.9
fig|355277.4.peg.455|LBJ_0360	dov:DSCO28_00810	59.6	230	90	2	1	228	9	237	7.68e-90	274
fig|355277.4.peg.461|LBJ_0367	lbj:LBJ_0367	100	460	0	0	1	460	1	460	0.0	894
fig|355277.4.peg.462|LBJ_0368	lbj:LBJ_0368	100	610	0	0	1	610	1	610	0.0	1209
fig|355277.4.peg.463|LBJ_0369	lbj:LBJ_0369	100	348	0	0	1	348	1	348	1.61e-253	693
fig|355277.4.peg.464	lmay:DPV73_03330	98.4	245	4	0	1	245	1	245	1.35e-164	471
fig|355277.4.peg.465	lwl:FHG68_17400	95.9	271	11	0	1	271	266	536	3.88e-188	531
fig|355277.4.peg.468|LBJ_0372	rpne:NCTC8284_03738	48.2	114	57	1	1	114	199	310	1.58e-26	105
fig|355277.4.peg.470|LBJ_0373	pvo:PVOR_31199	29.8	141	72	3	122	262	48	161	6.83e-10	63.5
fig|355277.4.peg.472|LBJ_0377	caby:Cabys_2095	34.4	96	57	1	19	114	36	125	3.42e-10	65.1
fig|355277.4.peg.474|LBJ_0379	lbj:LBJ_0379	100	416	0	0	1	416	1	416	2.75e-309	840
fig|355277.4.peg.477|LBJ_0381	nmv:NITMOv2_0338	34.4	192	107	8	1	177	1	188	2.91e-11	73.2
fig|355277.4.peg.481|LBJ_0383	rau:MC5_02555	34.6	107	67	2	2	105	5	111	1.73e-05	51.6
fig|355277.4.peg.486|LBJ_0386	beba:BWI17_10595	31.5	184	124	1	6	187	272	455	3.45e-24	109
fig|355277.4.peg.487|LBJ_0387	lbj:LBJ_0387	100	318	0	0	1	318	1	318	1.81e-228	627
fig|355277.4.peg.490|LBJ_0389	sphc:CVN68_11335	44.2	156	74	1	27	169	2	157	1.04e-35	127
fig|355277.4.peg.492|LBJ_0391	lbj:LBJ_0391	100	228	0	0	1	228	1	228	5.42e-160	446
fig|355277.4.peg.493|LBJ_0392	lbj:LBJ_0392	100	180	0	0	1	180	1	180	5.20e-123	349
fig|355277.4.peg.494|LBJ_0393	ftu:FTT_1317c	31.8	110	66	3	228	334	98	201	5.19e-06	55.1
fig|355277.4.peg.496|LBJ_0395	lbj:LBJ_0395	100	335	0	0	1	335	1	335	4.86e-237	650
fig|355277.4.peg.498|LBJ_0397	sus:Acid_2404	25.3	178	117	7	103	278	71	234	1.62e-04	48.9
fig|355277.4.peg.502|LBJ_0403	lbj:LBJ_0403	100	511	0	0	1	511	1	511	0.0	1042
fig|355277.4.peg.508|LBJ_0407	lbj:LBJ_0407	100	323	0	0	1	323	1	323	1.83e-235	645
fig|355277.4.peg.509|LBJ_0408	lbj:LBJ_0408	100	259	0	0	1	259	1	259	7.84e-134	383
fig|355277.4.peg.513|LBJ_0410	lbj:LBJ_0410	100	340	0	0	1	340	1	340	2.27e-249	682
fig|355277.4.peg.516|LBJ_0412	pxv:FXF36_01135	49.3	69	34	1	349	416	238	306	1.19e-09	65.5
fig|355277.4.peg.520|LBJ_0416	lbj:LBJ_0416	100	95	0	0	1	95	1	95	9.31e-65	195
fig|355277.4.peg.523|LBJ_0418	beb:AEM42_03085	38.4	86	49	2	2	85	15	98	2.83e-07	53.1
fig|355277.4.peg.526|LBJ_0420	lbj:LBJ_0420	100	262	0	0	7	268	1	262	9.04e-182	504
fig|355277.4.peg.538|LBJ_0430	mas:Mahau_1997	31.0	410	246	14	129	521	71	460	9.71e-44	168
fig|355277.4.peg.545|LBJ_0435	thf:MA03_04635	32.6	230	133	6	7	215	6	234	1.28e-25	110
fig|355277.4.peg.548	lwl:FHG68_16335	93.0	57	4	0	1	57	1	57	5.45e-27	107
fig|355277.4.peg.549	lmay:DPV73_02980	88.6	236	26	1	1	235	80	315	1.87e-139	412
fig|355277.4.peg.550	lmay:DPV73_02980	97.1	378	11	0	2	379	335	712	3.65e-255	713
fig|355277.4.peg.558	laj:A0128_06555	75.0	56	12	1	1	56	1	54	5.63e-21	84.3
fig|355277.4.peg.559	laj:A0128_06555	76.9	26	6	0	1	26	108	133	2.19e-07	48.5
fig|355277.4.peg.561|LBJ_0445	lbj:LBJ_0445	100	338	0	0	1	338	1	338	3.84e-171	484
fig|355277.4.peg.566|LBJ_0448	lbj:LBJ_0448	100	233	0	0	1	233	1	233	9.78e-170	471
fig|355277.4.peg.572|LBJ_0451	lbj:LBJ_0451	100	255	0	0	1	255	1	255	1.04e-175	488
fig|355277.4.peg.581	lmay:DPV73_08820	34.7	72	46	1	1	72	1	71	8.11e-07	52.8
fig|355277.4.peg.585|LBJ_0460	hmo:HM1_1592	31.1	103	60	2	147	249	494	585	2.81e-07	58.9
fig|355277.4.peg.591|LBJ_0463	pvd:CFBP1590__4426	33.7	371	236	5	3	372	6	367	1.42e-55	191
fig|355277.4.peg.595|LBJ_0465	lbj:LBJ_0465	100	493	0	0	1	493	1	493	0.0	967
fig|355277.4.peg.597|LBJ_0466	dsf:UWK_03168	26.6	241	159	8	236	465	4	237	1.97e-16	88.2
fig|355277.4.peg.600	lic:LIC_13027	82.8	174	30	0	1	174	56	229	3.03e-111	321
fig|355277.4.peg.601|LBJ_0469	lmay:DPV73_02790	94.9	236	12	0	1	236	13	248	3.80e-160	448
fig|355277.4.peg.602|LBJ_0470	pgo:FSB84_05040	22.6	217	118	6	56	233	587	792	5.72e-06	55.1
fig|355277.4.peg.605|LBJ_0473	lbj:LBJ_0473	100	92	0	0	19	110	1	92	5.50e-56	173
fig|355277.4.peg.607|LBJ_0475	lbj:LBJ_0475	100	527	0	0	1	527	1	527	0.0	1025
fig|355277.4.peg.608|LBJ_0476	lbj:LBJ_0476	100	358	0	0	1	358	1	358	4.65e-258	705
fig|355277.4.peg.609|LBJ_0477	cpy:Cphy_1337	25.1	271	190	6	95	364	156	414	4.86e-13	77.0
fig|355277.4.peg.610|LBJ_0478	lbj:LBJ_0478	100	370	0	0	8	377	1	370	9.48e-259	708
fig|355277.4.peg.611|LBJ_0479	lbj:LBJ_0479	100	500	0	0	1	500	1	500	0.0	988
fig|355277.4.peg.614|LBJ_0482	lbl:LBL_2597	100	173	0	0	1	173	1	173	7.22e-131	368
fig|355277.4.peg.618|LBJ_0485	ade:Adeh_0371	26.3	251	165	9	1	243	5	243	8.02e-13	73.6
fig|355277.4.peg.621|LBJ_0487	lic:LIC_10546	28.9	336	215	9	65	386	30	355	2.31e-36	141
fig|355277.4.peg.625|LBJ_0489	cjt:EG359_14410	30.4	158	96	6	45	198	468	615	6.10e-10	68.6
fig|355277.4.peg.626|LBJ_0490	lbj:LBJ_0490	100	252	0	0	1	252	1	252	3.27e-182	504
fig|355277.4.peg.627|LBJ_0491	lbj:LBJ_0491	100	257	0	0	1	257	1	257	9.05e-187	516
fig|355277.4.peg.631	puv:PUV_21100	44.3	131	73	0	1	131	495	625	2.03e-32	125
fig|355277.4.peg.640|LBJ_0498	abut:Ami103574_14870	27.5	109	79	0	25	133	26	134	9.42e-04	44.3
fig|355277.4.peg.641|LBJ_0499	aalg:AREALGSMS7_02917	44.1	143	80	0	6	148	15	157	9.10e-36	133
fig|355277.4.peg.645|LBJ_0502	thg:TCELL_1277	53.5	129	53	5	34	157	9	135	2.32e-35	126
fig|355277.4.peg.646|LBJ_0503	barc:AOA65_1904	36.7	79	47	2	76	151	67	145	1.01e-09	60.1
fig|355277.4.peg.647|LBJ_0504	emi:Emin_1130	30.3	376	235	1	21	396	4	352	1.55e-53	188
fig|355277.4.peg.648|LBJ_0505	mad:HP15_4172	37.5	144	88	1	15	158	4	145	2.07e-29	110
fig|355277.4.peg.649|LBJ_0506	dat:HRM2_16600	44.4	405	222	3	19	422	131	533	4.96e-116	357
fig|355277.4.peg.663|LBJ_0518	caba:SBC2_75270	29.1	172	106	4	12	174	347	511	5.03e-09	60.5
fig|355277.4.peg.670|LBJ_0523	baj:BCTU_367	34.4	125	67	4	74	194	7	120	8.97e-11	67.4
fig|355277.4.peg.672|LBJ_0524	lbj:LBJ_0524	100	515	0	0	1	515	1	515	0.0	1040
fig|355277.4.peg.675|LBJ_0526	lbj:LBJ_0526	99.5	219	1	0	1	219	46	264	4.84e-144	407
fig|355277.4.peg.678|LBJ_0527	lst:LSS_20845	63.4	481	171	2	261	741	145	620	9.47e-228	655
fig|355277.4.peg.681|LBJ_0530	lbj:LBJ_0530	100	426	0	0	1	426	1	426	1.27e-310	844
fig|355277.4.peg.682|LBJ_0531	lbj:LBJ_0531	100	843	0	0	1	843	40	882	0.0	1707
fig|355277.4.peg.685|LBJ_0532	spse:SULPSESMR1_04931	32.5	240	142	7	12	243	5	232	6.14e-20	99.8
fig|355277.4.peg.686|LBJ_0533	cmiu:B1H56_09195	28.8	177	108	9	210	379	5	170	1.51e-04	49.3
fig|355277.4.peg.688|LBJ_0535	salh:HMF8227_02526	63.2	57	21	0	502	558	509	565	4.37e-10	69.3
fig|355277.4.peg.689|LBJ_0536	salh:HMF8227_02526	63.2	57	21	0	505	561	509	565	4.40e-10	69.3
fig|355277.4.peg.693|LBJ_0538	lbj:LBJ_0538	100	405	0	0	1	405	1	405	2.84e-285	778
fig|355277.4.peg.704|LBJ_0546	pca:Pcar_0622	25.1	223	157	6	22	236	55	275	2.34e-13	74.7
fig|355277.4.peg.709	lmay:DPV73_08820	65.5	29	10	0	25	53	4	32	7.87e-06	46.2
fig|355277.4.peg.713|LBJ_0552	lbj:LBJ_0552	100	441	0	0	1	441	1	441	3.38e-317	862
fig|355277.4.peg.721|LBJ_0558	fcl:A4G17_00490	39.5	433	251	5	3	427	4	433	8.88e-82	278
fig|355277.4.peg.728|LBJ_0564	slj:EGC82_02430	35.0	117	70	4	8	120	32	146	5.83e-08	58.9
fig|355277.4.peg.733|LBJ_0567	lbj:LBJ_0567	100	366	0	0	1	366	25	390	6.79e-270	737
fig|355277.4.peg.735|LBJ_0568	lbj:LBJ_0568	100	387	0	0	1	387	1	387	7.77e-283	770
fig|355277.4.peg.742	lbl:LBL_2507	99.5	182	1	0	1	182	222	403	8.75e-122	354
fig|355277.4.peg.743	lbl:LBL_2507	100	217	0	0	1	217	1	217	5.76e-149	425
fig|355277.4.peg.749	laj:A0128_02965	57.6	33	14	0	4	36	476	508	9.63e-04	39.7
fig|355277.4.peg.753|LBJ_0579	psed:DM292_00360	27.1	144	100	2	33	174	23	163	2.67e-07	56.2
fig|355277.4.peg.757|LBJ_0583	lbj:LBJ_0583	100	741	0	0	1	741	1	741	0.0	1416
fig|355277.4.peg.767|LBJ_0588	gac:GACE_2079	39.1	64	37	1	2	63	3	66	9.21e-04	41.2
fig|355277.4.peg.768|LBJ_0589	lbj:LBJ_0589	100	742	0	0	1	742	1	742	0.0	1416
fig|355277.4.peg.769	lwl:FHG68_15420	92.1	189	15	0	1	189	18	206	1.37e-125	357
fig|355277.4.peg.771|LBJ_0592	sua:Saut_0637	38.5	91	56	0	20	110	156	246	1.48e-15	80.5
fig|355277.4.peg.776|LBJ_0595	sen:SACE_0728	27.9	258	173	7	30	277	51	305	1.30e-14	78.2
fig|355277.4.peg.783|LBJ_0599	lbj:LBJ_0599	100	380	0	0	1	380	1	380	9.72e-278	757
fig|355277.4.peg.785|LBJ_0600	lbj:LBJ_0600	100	445	0	0	1	445	1	445	0.0	886
fig|355277.4.peg.790|LBJ_0603	cte:CT2056	31.5	222	132	7	1	208	1	216	3.74e-15	79.0
fig|355277.4.peg.791|LBJ_0604	bmx:BMS_3390	31.1	289	174	8	15	285	22	303	1.19e-31	126
fig|355277.4.peg.792|LBJ_0605	des:DSOUD_1479	41.0	100	59	0	1	100	6	105	1.93e-14	81.6
fig|355277.4.peg.793	oxy:HCG48_15465	29.1	285	148	8	2	237	462	741	7.24e-22	99.8
fig|355277.4.peg.797	lbj:LBJ_1721	46.8	47	25	0	1	47	1	47	1.97e-05	46.2
fig|355277.4.peg.803|LBJ_0613	csr:Cspa_c19240	32.5	117	79	0	1	117	1	117	8.84e-11	60.8
fig|355277.4.peg.808|LBJ_0617	ssm:Spirs_4303	46.9	335	171	3	99	426	11	345	5.33e-99	305
fig|355277.4.peg.810|LBJ_0618	tig:THII_3121	47.7	392	187	5	8	397	6	381	4.22e-117	351
fig|355277.4.peg.811|LBJ_0619	srd:SD10_11410	27.6	294	186	7	3	294	82	350	9.34e-21	98.6
fig|355277.4.peg.813|LBJ_0620	ppse:BN5_2370	27.5	251	170	4	38	280	41	287	1.10e-21	97.8
fig|355277.4.peg.822|LBJ_0628	lbj:LBJ_0628	100	234	0	0	1	234	1	234	1.68e-166	463
fig|355277.4.peg.823|LBJ_0629	lbj:LBJ_0629	100	345	0	0	1	345	1	345	1.17e-249	683
fig|355277.4.peg.824|LBJ_0630	wba:UR17_C0001G0521	31.0	197	128	3	250	444	10	200	1.18e-22	102
fig|355277.4.peg.829|LBJ_0634	lbj:LBJ_0634	100	187	0	0	1	187	1	187	7.64e-133	374
fig|355277.4.peg.843|LBJ_0643	dar:Daro_1993	24.9	257	184	5	347	595	445	700	1.53e-09	67.4
fig|355277.4.peg.844|LBJ_0644	sok:D0B54_20820	22.7	220	163	5	364	577	469	687	2.99e-05	53.5
fig|355277.4.peg.845|LBJ_0645	lbj:LBJ_0645	100	319	0	0	1	319	1	319	9.32e-227	623
fig|355277.4.peg.850|LBJ_0650	lbj:LBJ_0650	100	330	0	0	1	330	1	330	6.19e-242	662
fig|355277.4.peg.853|LBJ_0653	lmay:DPV73_08980	93.2	207	14	0	35	241	1	207	1.85e-129	369
fig|355277.4.peg.858|LBJ_0657	mmet:MCMEM_1464	25.9	193	117	7	157	342	86	259	2.91e-04	48.9
fig|355277.4.peg.860|LBJ_0659	cpb:Cphamn1_0616	28.2	142	89	4	2	133	6	144	4.69e-05	50.8
fig|355277.4.peg.862|LBJ_0661	lem:LEN_1815	23.3	283	171	13	205	479	49	293	2.22e-04	50.1
fig|355277.4.peg.864|LBJ_0663	caby:Cabys_2095	30.4	125	82	2	194	313	31	155	4.34e-09	64.7
fig|355277.4.peg.877|LBJ_0671	oli:FKG96_17325	24.9	181	109	8	107	277	132	295	2.84e-05	51.2
fig|355277.4.peg.882|LBJ_0675	kal:KALB_1452	31.0	226	140	5	5	221	325	543	6.58e-19	92.8
fig|355277.4.peg.885|LBJ_0677	dsf:UWK_03168	28.0	239	163	5	230	462	2	237	1.45e-19	97.8
fig|355277.4.peg.886|LBJ_0678	afi:Acife_0980	29.5	105	61	4	20	111	2	106	1.32e-04	48.1
fig|355277.4.peg.889|LBJ_0680	lbj:LBJ_0680	100	291	0	0	1	291	1	291	1.15e-206	570
fig|355277.4.peg.892	pth:PTH_0951	32.0	200	127	5	1	193	25	222	6.53e-22	101
fig|355277.4.peg.898|LBJ_0688	rso:RSc0992	29.4	153	92	2	10	160	8	146	2.30e-13	72.0
fig|355277.4.peg.901|LBJ_0690	bbar:RHAL1_02630	40.6	64	38	0	9	72	12	75	8.15e-07	52.4
fig|355277.4.peg.902|LBJ_0691	pth:PTH_0951	30.0	220	141	5	16	230	20	231	6.25e-16	82.8
fig|355277.4.peg.906|LBJ_0694	lagg:B0E33_10030	27.6	214	139	5	8	207	6	217	7.95e-10	63.9
fig|355277.4.peg.909|LBJ_0697	msa:Mycsm_05708	41.9	129	74	1	10	138	6	133	6.53e-23	104
fig|355277.4.peg.910|LBJ_0698	lbj:LBJ_0698	100	286	0	0	1	286	1	286	3.88e-207	570
fig|355277.4.peg.912|LBJ_0700	tnr:Thena_1233	35.9	223	104	8	2	198	982	1191	1.57e-31	127
fig|355277.4.peg.918|LBJ_0705	haxi:HAALTHF_04080n	33.2	220	130	6	699	914	435	641	6.69e-18	95.1
fig|355277.4.peg.921	lmay:DPV73_09295	92.8	69	5	0	1	69	51	119	3.06e-34	125
fig|355277.4.peg.922	lwl:FHG68_03980	95.4	280	13	0	1	280	153	432	9.54e-193	540
fig|355277.4.peg.923|LBJ_0709	masw:AM586_18645	25.4	260	138	13	61	279	19	263	1.39e-10	66.6
fig|355277.4.peg.929|LBJ_0714	acm:AciX9_0202	34.6	78	50	1	117	194	48	124	2.08e-07	56.2
fig|355277.4.peg.943|LBJ_0722	lbj:LBJ_0722	100	583	0	0	1	583	17	599	0.0	1110
fig|355277.4.peg.953|LBJ_0731	lbj:LBJ_0731	100	308	0	0	1	308	1	308	1.17e-219	604
fig|355277.4.peg.955|LBJ_0733	lbj:LBJ_0733	100	408	0	0	1	408	1	408	1.51e-302	822
fig|355277.4.peg.958|LBJ_0736	pbor:BSF38_01738	23.4	248	164	7	76	309	11	246	1.52e-08	61.2
fig|355277.4.peg.959|LBJ_0737	lbj:LBJ_0737	100	663	0	0	1	663	1	663	0.0	1300
fig|355277.4.peg.968|LBJ_0741	lbj:LBJ_0741	100	1498	0	0	1	1498	9	1506	0.0	2935
fig|355277.4.peg.973|LBJ_0745	psc:A458_12695	31.2	170	105	7	81	246	508	669	5.85e-13	75.5
fig|355277.4.peg.974|LBJ_0746	lbj:LBJ_0746	100	512	0	0	1	512	1	512	0.0	1020
fig|355277.4.peg.975|LBJ_0747	lbj:LBJ_0747	100	429	0	0	1	429	1	429	6.94e-317	860
fig|355277.4.peg.984|LBJ_0753	lbj:LBJ_0753	100	316	0	0	1	316	1	316	6.32e-228	625
fig|355277.4.peg.989|LBJ_0758	lbj:LBJ_0758	100	205	0	0	1	205	1	205	5.49e-144	404
fig|355277.4.peg.996|LBJ_0765	lkm:EFP84_06165	27.2	412	273	13	4	394	6	411	3.27e-23	110
fig|355277.4.peg.997|LBJ_0766	sdr:SCD_n01506	28.0	161	102	4	2	160	328	476	1.11e-09	63.5
fig|355277.4.peg.1003|LBJ_0771	lbj:LBJ_0771	100	214	0	0	1	214	1	214	2.14e-150	421
fig|355277.4.peg.1007|LBJ_0773	meku:HUW50_24125	29.5	346	195	11	315	651	6	311	2.41e-22	107
fig|355277.4.peg.1008|LBJ_0774	lbj:LBJ_0774	99.9	1094	1	0	1	1094	13	1106	0.0	2115
fig|355277.4.peg.1011	aii:E4K63_02220	38.6	44	27	0	4	47	38	81	1.39e-08	55.1
fig|355277.4.peg.1024|LBJ_0788	doa:AXF15_00100	41.6	125	64	3	533	650	522	644	1.17e-18	96.7
fig|355277.4.peg.1025|LBJ_0789	lbj:LBJ_0789	100	462	0	0	1	462	1	462	0.0	919
fig|355277.4.peg.1027|LBJ_0791	lbj:LBJ_0791	100	252	0	0	1	252	1	252	5.84e-176	489
fig|355277.4.peg.1032|LBJ_0796	lrs:PX52LOC_02668	27.8	388	232	15	20	390	38	394	1.26e-18	95.5
fig|355277.4.peg.1039|LBJ_0800	lbj:LBJ_0800	100	215	0	0	1	215	1	215	4.51e-157	438
fig|355277.4.peg.1043|LBJ_0802	doe:DENOEST_1290	30.8	237	134	7	789	1018	2	215	5.18e-30	124
fig|355277.4.peg.1060	lic:LIC_12677	59.5	84	33	1	1	83	1	84	3.23e-19	98.2
fig|355277.4.peg.1064|LBJ_0815	paut:Pdca_14000	29.6	162	108	3	64	224	2	158	2.85e-09	65.1
fig|355277.4.peg.1073|LBJ_0820	hhd:HBHAL_2473	30.6	389	242	8	10	391	730	1097	5.41e-58	209
fig|355277.4.peg.1075|LBJ_0821	lbj:LBJ_0821	100	495	0	0	1	495	1	495	0.0	961
fig|355277.4.peg.1076|LBJ_0822	roc:HF520_08005	31.9	160	94	7	6	157	7	159	1.62e-09	61.2
fig|355277.4.peg.1080|LBJ_0824	tmg:US01_C0001G0121	25.5	306	165	12	146	427	135	401	2.87e-12	74.3
fig|355277.4.peg.1088	malk:MalAC0309_0109	58.8	34	14	0	5	38	176	209	9.65e-07	52.4
fig|355277.4.peg.1095|LBJ_0837	pls:VT03_00610	33.8	77	48	2	24	100	787	860	9.37e-04	44.7
fig|355277.4.peg.1096|LBJ_0838	lbj:LBJ_0838	100	374	0	0	1	374	1	374	1.82e-279	761
fig|355277.4.peg.1098|LBJ_0840	pib:BBD41_29180	50.0	56	23	2	409	464	623	673	7.48e-04	48.9
fig|355277.4.peg.1100|LBJ_0841	lbj:LBJ_0841	100	304	0	0	1	304	1	304	2.75e-216	595
fig|355277.4.peg.1101|LBJ_0842	lbj:LBJ_0842	100	674	0	0	1	674	1	674	0.0	1299
fig|355277.4.peg.1102|LBJ_0843	vir:X953_15095	18.1	474	324	17	99	537	86	530	2.49e-05	53.9
fig|355277.4.peg.1105|LBJ_0845	lbj:LBJ_0845	100	433	0	0	1	433	1	433	7.99e-313	850
fig|355277.4.peg.1108|LBJ_0847	lbj:LBJ_0847	100	268	0	0	1	268	1	268	3.31e-199	549
fig|355277.4.peg.1133|LBJ_0865	lbj:LBJ_0865	100	147	0	0	1	147	1	147	2.35e-103	296
fig|355277.4.peg.1137|LBJ_0869	mxa:MXAN_4597	25.9	174	117	5	162	333	262	425	3.31e-06	55.8
fig|355277.4.peg.1149|LBJ_0875	oca:OCAR_7391	29.1	320	186	10	23	320	24	324	3.68e-17	91.7
fig|355277.4.peg.1156|LBJ_0881	lkm:EFP84_07675	52.7	165	72	3	81	242	381	542	2.17e-50	178
fig|355277.4.peg.1163|LBJ_0887	spkc:KC8_06955	23.8	248	167	9	223	456	465	704	2.06e-05	53.5
fig|355277.4.peg.1164|LBJ_0888	lbj:LBJ_0888	100	257	0	0	1	257	1	257	6.30e-178	494
fig|355277.4.peg.1170|LBJ_0893	caba:SBC2_75270	27.1	188	127	4	20	200	328	512	1.32e-10	65.9
fig|355277.4.peg.1172|LBJ_0895	lwl:FHG68_05450	86.2	341	47	0	1	341	1	341	9.18e-211	585
fig|355277.4.peg.1173|LBJ_0896	saga:M5M_19155	44.0	275	153	1	1	274	370	644	3.20e-70	234
fig|355277.4.peg.1174|LBJ_0897	lbj:LBJ_0897	100	269	0	0	1	269	1	269	3.96e-187	518
fig|355277.4.peg.1177|LBJ_0900	lbj:LBJ_0900	100	124	0	0	1	124	1	124	2.43e-85	249
fig|355277.4.peg.1178|LBJ_0901	dol:Dole_0034	45.8	72	39	0	2	73	687	758	1.63e-15	74.7
fig|355277.4.peg.1183|LBJ_0906	lbj:LBJ_0906	100	246	0	0	1	246	1	246	7.96e-171	475
fig|355277.4.peg.1185|LBJ_0908	lbj:LBJ_0908	100	241	0	0	1	241	1	241	1.62e-172	479
fig|355277.4.peg.1186|LBJ_0909	lbj:LBJ_0909	100	304	0	0	1	304	1	304	1.42e-218	601
fig|355277.4.peg.1187|LBJ_0910	lbj:LBJ_0910	100	389	0	0	1	389	1	389	7.46e-282	768
fig|355277.4.peg.1189|LBJ_0912	lbj:LBJ_0912	100	576	0	0	1	576	1	576	0.0	1130
fig|355277.4.peg.1190|LBJ_0913	lbj:LBJ_0913	100	400	0	0	1	400	1	400	1.18e-295	804
fig|355277.4.peg.1191|LBJ_0914	lbj:LBJ_0914	100	264	0	0	1	264	1	264	3.14e-186	516
fig|355277.4.peg.1193|LBJ_0916	lbj:LBJ_0916	99.8	664	1	0	1	664	107	770	0.0	1313
fig|355277.4.peg.1194|LBJ_0917	lbj:LBJ_0917	100	635	0	0	1	635	1	635	0.0	1275
fig|355277.4.peg.1195|LBJ_0918	tvi:Thivi_0880	30.0	120	83	1	7	125	5	124	4.40e-04	45.4
fig|355277.4.peg.1202|LBJ_0925	lbj:LBJ_0925	100	174	0	0	1	174	1	174	8.41e-126	355
fig|355277.4.peg.1206|LBJ_0928	dfl:DFE_0669	30.8	107	71	1	7	113	6	109	3.47e-09	64.3
fig|355277.4.peg.1207|LBJ_0929	acp:A2cp1_2585	35.1	111	71	1	1	111	1	110	2.17e-15	76.3
fig|355277.4.peg.1210|LBJ_0932	lbj:LBJ_0932	100	363	0	0	1	363	1	363	3.81e-255	698
fig|355277.4.peg.1211|LBJ_0933	lbj:LBJ_0933	100	290	0	0	1	290	16	305	9.22e-207	570
fig|355277.4.peg.1212|LBJ_0934	lbj:LBJ_0934	100	440	0	0	1	440	1	440	0.0	866
fig|355277.4.peg.1213|LBJ_0935	lbj:LBJ_0935	100	230	0	0	1	230	1	230	4.98e-157	439
fig|355277.4.peg.1214|LBJ_0936	tfr:BR63_04245	29.8	373	250	6	188	555	293	658	6.85e-50	188
fig|355277.4.peg.1216|LBJ_0938	lbj:LBJ_0938	100	205	0	0	1	205	1	205	5.49e-144	404
fig|355277.4.peg.1218	lbl:LBL_2093	99.4	175	1	0	2	176	1	175	1.88e-117	341
fig|355277.4.peg.1219	lbl:LBL_2093	100	138	0	0	1	138	197	334	2.33e-91	273
fig|355277.4.peg.1225|LBJ_0946	mlg:CWB41_06285	33.0	203	106	9	381	563	93	285	4.73e-07	60.1
fig|355277.4.peg.1227|LBJ_0948	sbr:SY1_23010	34.4	273	152	10	5	261	3	264	2.21e-23	105
fig|355277.4.peg.1229|LBJ_0950	lbj:LBJ_0950	100	696	0	0	1	696	1	696	0.0	1343
fig|355277.4.peg.1239|LBJ_0958	kal:KALB_1452	29.8	205	120	6	39	226	341	538	9.48e-14	79.3
fig|355277.4.peg.1240|LBJ_0959	lbj:LBJ_0959	100	436	0	0	1	436	1	436	0.0	865
fig|355277.4.peg.1242|LBJ_0960	tsm:ASU32_21890	42.3	149	83	1	8	156	11	156	6.14e-32	117
fig|355277.4.peg.1243|LBJ_0961	lbj:LBJ_0961	100	361	0	0	1	361	16	376	1.69e-272	743
fig|355277.4.peg.1244|LBJ_0962	lbj:LBJ_0962	100	162	0	0	1	162	1	162	1.59e-106	306
fig|355277.4.peg.1245|LBJ_0963	lbj:LBJ_0963	100	466	0	0	1	466	1	466	0.0	922
fig|355277.4.peg.1246|LBJ_0964	lbj:LBJ_0964	100	559	0	0	1	559	1	559	0.0	1156
fig|355277.4.peg.1265|LBJ_0976	lbj:LBJ_0976	100	418	0	0	1	418	1	418	1.10e-300	818
fig|355277.4.peg.1266|LBJ_0977	lbj:LBJ_0977	100	205	0	0	1	205	1	205	5.52e-153	427
fig|355277.4.peg.1270|LBJ_0981	lbj:LBJ_0981	100	257	0	0	1	257	1	257	1.88e-179	498
fig|355277.4.peg.1273|LBJ_0983	caby:Cabys_1654	33.1	341	220	5	14	349	162	499	1.15e-49	179
fig|355277.4.peg.1276|LBJ_0986	lbj:LBJ_0986	100	377	0	0	2	378	1	377	2.05e-280	763
fig|355277.4.peg.1277|LBJ_0987	drm:Dred_1257	43.2	336	189	2	401	736	4	337	2.26e-82	271
fig|355277.4.peg.1279|LBJ_0989	hhm:BN341_18130	30.2	149	94	5	42	188	32	172	3.09e-06	55.5
fig|355277.4.peg.1300	dal:Dalk_2094	29.4	637	422	11	32	662	125	739	1.95e-86	292
fig|355277.4.peg.1301|LBJ_0999	mpy:Mpsy_3013	25.0	352	239	11	518	854	150	491	1.03e-20	102
fig|355277.4.peg.1302|LBJ_1000	dao:Desac_1272	29.9	127	77	1	11	137	21	135	2.92e-11	65.9
fig|355277.4.peg.1303|LBJ_1001	oxy:HCG48_15465	26.3	274	156	7	150	379	470	741	1.77e-11	73.2
fig|355277.4.peg.1304|LBJ_1002	vas:GT360_09370	31.8	399	253	8	8	400	7	392	9.54e-54	188
fig|355277.4.peg.1310|LBJ_1007	din:Selin_2041	28.2	110	77	1	1	108	216	325	4.41e-07	52.4
fig|355277.4.peg.1313|LBJ_1009	lbj:LBJ_1009	100	380	0	0	1	380	1	380	2.19e-274	748
fig|355277.4.peg.1319|LBJ_1014	hht:F506_08165	34.1	205	107	2	339	543	387	563	2.69e-14	82.0
fig|355277.4.peg.1320|LBJ_1015	roc:HF520_08005	38.3	196	113	3	1	193	4	194	4.96e-32	126
fig|355277.4.peg.1321|LBJ_1016	rhj:HZY79_11435	26.1	142	105	0	302	443	255	396	1.30e-05	54.3
fig|355277.4.peg.1322|LBJ_1017	lbj:LBJ_1017	100	371	0	0	1	371	1	371	4.42e-274	747
fig|355277.4.peg.1323|LBJ_1018	sdn:Sden_2470	34.3	382	228	9	48	412	2	377	3.62e-54	196
fig|355277.4.peg.1324|LBJ_1019	lbj:LBJ_1019	100	155	0	0	1	155	1	155	3.83e-106	304
fig|355277.4.peg.1325|LBJ_1020	lbj:LBJ_1020	100	372	0	0	1	372	1	372	1.03e-268	733
fig|355277.4.peg.1326|LBJ_1021	hhl:Halha_2401	27.8	353	229	9	2	336	432	776	8.41e-29	123
fig|355277.4.peg.1327|LBJ_1022	gai:IMCC3135_07185	28.8	139	90	4	155	285	144	281	2.92e-05	52.4
fig|355277.4.peg.1332|LBJ_1024	gpb:HDN1F_24370	24.3	382	255	10	280	635	266	639	5.30e-24	113
fig|355277.4.peg.1333|LBJ_1025	lis:LIL_20263	26.6	139	99	2	8	146	34	169	1.02e-04	49.3
fig|355277.4.peg.1338|LBJ_1028	pth:PTH_0951	30.7	205	131	5	21	220	25	223	1.82e-18	89.7
fig|355277.4.peg.1339|LBJ_1029	adp:NCTC12871_00394	28.8	222	125	10	148	357	139	339	5.58e-07	58.2
fig|355277.4.peg.1341|LBJ_1031	gim:F1728_26440	42.2	367	201	5	10	370	6	367	2.51e-91	283
fig|355277.4.peg.1342|LBJ_1032	halb:EKH57_00150	30.7	153	99	3	29	176	44	194	3.63e-10	68.6
fig|355277.4.peg.1344|LBJ_1034	nis:NIS_0883	44.9	147	70	4	202	346	202	339	1.31e-24	112
fig|355277.4.peg.1345|LBJ_1035	lbj:LBJ_1035	100	218	0	0	1	218	1	218	1.68e-149	419
fig|355277.4.peg.1353|LBJ_1043	lbj:LBJ_1043	100	473	0	0	1	473	1	473	0.0	972
fig|355277.4.peg.1357	aii:E4K63_02220	38.6	44	27	0	4	47	38	81	1.39e-08	55.1
fig|355277.4.peg.1371	nci:NCTC10296_00707	47.7	44	23	0	198	241	47	90	3.02e-04	45.4
fig|355277.4.peg.1374|LBJ_1060	lbj:LBJ_1060	100	478	0	0	1	478	1	478	0.0	923
fig|355277.4.peg.1387|LBJ_1067	hpr:PARA_02850	36.6	320	179	5	19	322	2	313	8.14e-53	182
fig|355277.4.peg.1388|LBJ_1068	pom:MED152_04280	28.5	383	218	13	213	554	169	536	2.86e-25	117
fig|355277.4.peg.1391|LBJ_1071	apre:CNX65_15855	28.7	261	181	2	54	314	52	307	2.47e-25	115
fig|355277.4.peg.1395|LBJ_1074	mad:HP15_p187g91	43.5	92	48	1	657	748	453	540	1.47e-11	74.3
fig|355277.4.peg.1397|LBJ_1076	lbj:LBJ_1076	100	556	0	0	1	556	14	569	0.0	1105
fig|355277.4.peg.1398|LBJ_1077	lbj:LBJ_1077	100	161	0	0	1	161	1	161	8.56e-106	304
fig|355277.4.peg.1399|LBJ_1078	lil:LA_3529	43.9	98	55	0	1	98	34	131	2.81e-20	84.3
fig|355277.4.peg.1400|LBJ_1079	ipo:Ilyop_0259	37.4	305	175	5	17	319	5	295	2.79e-64	214
fig|355277.4.peg.1401|LBJ_1080	lbj:LBJ_1080	100	579	0	0	19	597	1	579	0.0	1098
fig|355277.4.peg.1402|LBJ_1081	ark:D6B99_12610	34.6	107	56	2	29	135	52	144	2.74e-05	50.4
fig|355277.4.peg.1411|LBJ_1088	xce:Xcel_2419	38.2	55	34	0	131	185	284	338	1.58e-06	55.5
fig|355277.4.peg.1415	mbu:Mbur_1899	40.0	105	60	3	4	108	358	459	3.81e-16	78.2
fig|355277.4.peg.1419	aii:E4K63_02220	38.6	44	27	0	4	47	38	81	1.39e-08	55.1
fig|355277.4.peg.1424|LBJ_1097	lbj:LBJ_1097	100	326	0	0	1	326	1	326	3.57e-239	655
fig|355277.4.peg.1425|LBJ_1098	lbj:LBJ_1098	100	351	0	0	1	351	1	351	5.59e-251	687
fig|355277.4.peg.1430|LBJ_1101	tos:Theos_1053	33.7	83	44	2	42	115	351	431	3.51e-04	50.1
fig|355277.4.peg.1431|LBJ_1102	anc:GBB76_17500	40.6	64	32	2	17	76	3	64	1.86e-04	44.7
fig|355277.4.peg.1432|LBJ_1103	lbj:LBJ_1103	100	338	0	0	1	338	1	338	2.49e-261	712
fig|355277.4.peg.1439|LBJ_1108	lem:LEN_1815	23.5	264	162	13	151	403	104	338	7.62e-06	54.7
fig|355277.4.peg.1442|LBJ_1110	malg:MALG_02854	40.0	95	57	0	6	100	12	106	4.68e-12	66.6
fig|355277.4.peg.1443|LBJ_1111	lbj:LBJ_1111	100	318	0	0	1	318	1	318	4.32e-236	646
fig|355277.4.peg.1444|LBJ_1112	amo:Anamo_1314	35.5	203	126	3	93	291	95	296	2.54e-28	119
fig|355277.4.peg.1445|LBJ_1113	ful:C4N20_04100	37.0	108	64	2	2	107	223	328	1.52e-16	83.6
fig|355277.4.peg.1446|LBJ_1114	srq:SR187_6425	39.0	328	193	4	19	343	3	326	1.02e-65	216
fig|355277.4.peg.1447|LBJ_1115	prc:EW14_1495	39.7	204	113	3	5	206	7	202	1.40e-32	130
fig|355277.4.peg.1448|LBJ_1117	ag:AAF67507	28.2	618	336	20	12	597	29	570	7.06e-45	175
fig|355277.4.peg.1449|LBJ_1118	ded:DHBDCA_p2675	31.9	360	218	7	39	384	38	384	2.53e-49	176
fig|355277.4.peg.1450|LBJ_1119	smal:SMALA_0860	37.2	564	324	14	7	558	23	568	2.43e-97	316
fig|355277.4.peg.1451|LBJ_1120	dsx:GD604_01420	40.0	220	122	4	5	220	25	238	4.17e-39	157
fig|355277.4.peg.1452|LBJ_1121	pnp:IJ22_49070	31.6	392	240	5	1	388	1	368	7.24e-53	186
fig|355277.4.peg.1454|LBJ_1123	kol:Kole_1186	37.3	177	105	4	4	178	1	173	7.40e-28	107
fig|355277.4.peg.1455|LBJ_1124	grc:GI584_05290	22.2	338	234	9	19	342	12	334	3.93e-18	89.7
fig|355277.4.peg.1456|LBJ_1125	lbj:LBJ_1125	100	362	0	0	1	362	1	362	1.90e-259	709
fig|355277.4.peg.1457|LBJ_1126	thq:T2812B_01870	37.3	110	67	2	41	149	69	177	2.13e-12	71.2
fig|355277.4.peg.1458|LBJ_1127	dai:Desaci_3169	38.6	101	56	2	45	140	49	148	1.11e-09	62.8
fig|355277.4.peg.1461|LBJ_1129	mpro:BJP34_35180	34.8	230	146	3	1	229	1	227	1.47e-39	150
fig|355277.4.peg.1463|LBJ_1131	hmu:Hmuk_1466	36.4	247	150	2	14	253	14	260	6.45e-50	169
fig|355277.4.peg.1464|LBJ_1132	rru:Rru_A1059	35.2	287	183	3	12	297	2	286	3.09e-42	154
fig|355277.4.peg.1465|LBJ_1133	mcw:A8L33_09345	38.9	270	150	3	5	261	3	270	3.50e-52	177
fig|355277.4.peg.1467	ctx:Clo1313_2895	30.7	137	94	1	1	136	218	354	4.22e-14	73.2
fig|355277.4.peg.1469|LBJ_1136	lbj:LBJ_1136	100	401	0	0	1	401	1	401	3.26e-298	810
fig|355277.4.peg.1470|LBJ_1137	bpsa:BBU_1201	26.9	175	109	4	377	541	28	193	2.66e-11	72.8
fig|355277.4.peg.1473|LBJ_1140	lbj:LBJ_1140	100	219	0	0	1	219	5	223	7.38e-159	443
fig|355277.4.peg.1475|LBJ_1142	lbj:LBJ_1142	100	211	0	0	1	211	1	211	4.17e-151	422
fig|355277.4.peg.1476|LBJ_1143	lil:LA_1624	91.4	232	20	0	1	232	19	250	7.43e-151	424
fig|355277.4.peg.1477|LBJ_1144	lbj:LBJ_1144	100	251	0	0	1	251	1	251	1.88e-176	490
fig|355277.4.peg.1478|LBJ_1145	lgn:ABM34_10260	27.3	315	200	10	6	305	8	308	6.13e-26	111
fig|355277.4.peg.1479|LBJ_1146	lbj:LBJ_1146	100	223	0	0	1	223	32	254	3.79e-158	442
fig|355277.4.peg.1485|LBJ_1151	bbro:BAU06_11220	26.5	340	200	12	9	318	1001	1320	1.25e-18	92.8
fig|355277.4.peg.1486|LBJ_1152	efk:P856_82	38.6	101	54	3	125	219	89	187	8.96e-10	64.7
fig|355277.4.peg.1487|LBJ_1153	lwl:FHG68_08430	96.1	332	13	0	1	332	1	332	1.04e-225	621
fig|355277.4.peg.1489|LBJ_1155	this:HZT40_01820	27.8	227	152	6	6	229	333	550	1.59e-16	85.9
fig|355277.4.peg.1490|LBJ_1156	bav:BAV0087	33.6	113	66	3	1	113	299	402	7.68e-08	60.5
fig|355277.4.peg.1491|LBJ_1157	lbj:LBJ_1157	100	204	0	0	1	204	1	204	9.52e-149	416
fig|355277.4.peg.1492|LBJ_1158	lbj:LBJ_1158	99.6	244	1	0	1	244	11	254	2.82e-170	474
fig|355277.4.peg.1493|LBJ_1159	dat:HRM2_02350	28.6	203	130	7	59	258	136	326	6.66e-09	62.8
fig|355277.4.peg.1494|LBJ_1160	lil:LA_1606	74.2	329	85	0	4	332	2	330	2.16e-183	514
fig|355277.4.peg.1495|LBJ_1161	mlo:mlr6764	46.6	221	116	2	4	223	2	221	1.68e-62	200
fig|355277.4.peg.1496|LBJ_1162	lbj:LBJ_1162	100	281	0	0	1	281	1	281	1.40e-202	558
fig|355277.4.peg.1497|LBJ_1163	lbj:LBJ_1163	100	284	0	0	1	284	15	298	4.21e-202	558
fig|355277.4.peg.1498|LBJ_1164	lbj:LBJ_1164	100	329	0	0	1	329	8	336	2.45e-231	635
fig|355277.4.peg.1499|LBJ_1165	lbj:LBJ_1165	100	359	0	0	1	359	17	375	1.36e-259	710
fig|355277.4.peg.1501|LBJ_1167	bbt:BBta_1068	44.2	181	98	2	212	389	303	483	9.02e-44	164
fig|355277.4.peg.1505	malk:MalAC0309_0109	51.2	43	20	1	1	42	154	196	1.48e-08	54.7
fig|355277.4.peg.1506	pmut:DPM13_18890	36.1	83	46	2	9	89	161	238	2.08e-07	53.1
fig|355277.4.peg.1511|LBJ_1176	ag:AAS55720	47.7	132	67	2	9	140	3	132	5.34e-37	128
fig|355277.4.peg.1512|LBJ_1177	ag:AAS55722	49.5	364	180	2	1	363	1	361	1.74e-119	355
fig|355277.4.peg.1514|LBJ_1178	this:HZT40_01845	26.3	186	130	6	6	186	396	579	8.87e-06	52.8
fig|355277.4.peg.1516|LBJ_1179	rca:Rcas_3648	30.4	227	155	2	4	227	444	670	2.82e-30	125
fig|355277.4.peg.1518|LBJ_1180	ag:BAC00523	25.5	231	158	5	37	262	432	653	2.75e-10	69.7
fig|355277.4.peg.1519|LBJ_1181	lbj:LBJ_1181	100	186	0	0	1	186	1	186	9.70e-140	392
fig|355277.4.peg.1520|LBJ_1182	lbj:LBJ_1182	100	306	0	0	1	306	1	306	1.18e-227	624
fig|355277.4.peg.1521|LBJ_1183	lbj:LBJ_1183	100	349	0	0	1	349	1	349	4.19e-270	735
fig|355277.4.peg.1522|LBJ_1184	lbj:LBJ_1184	100	294	0	0	1	294	1	294	5.76e-213	586
fig|355277.4.peg.1523|LBJ_1185	mik:FOE78_04005	24.1	224	135	5	8	215	55	259	1.82e-05	52.4
fig|355277.4.peg.1526|LBJ_1187	dti:Desti_2538	25.7	202	134	4	61	255	586	778	3.27e-09	63.2
fig|355277.4.peg.1536|LBJ_1192	dsf:UWK_01734	23.7	350	230	10	59	379	524	865	5.02e-19	95.5
fig|355277.4.peg.1542|LBJ_1198	lbj:LBJ_1198	99.8	598	1	0	1	598	7	604	0.0	1186
fig|355277.4.peg.1545|LBJ_1201	dau:Daud_2046	41.0	122	60	3	19	140	39	148	7.23e-17	80.5
fig|355277.4.peg.1546|LBJ_1202	lec:LGMK_02530	21.8	234	165	4	12	235	4	229	1.97e-06	54.7
fig|355277.4.peg.1548|LBJ_1204	lbj:LBJ_1204	100	586	0	0	1	586	1	586	0.0	1145
fig|355277.4.peg.1549|LBJ_1205	lbj:LBJ_1205	100	419	0	0	1	419	1	419	1.25e-302	823
fig|355277.4.peg.1556|LBJ_1214	pseg:D3H65_14115	39.5	81	47	1	4	82	5	85	4.30e-09	62.4
fig|355277.4.peg.1557|LBJ_1215	oac:Oscil6304_5106	27.5	280	160	8	134	370	445	724	3.49e-18	92.4
fig|355277.4.peg.1560|LBJ_1218	lbj:LBJ_1218	100	250	0	0	1	250	1	250	6.09e-177	491
fig|355277.4.peg.1561|LBJ_1219	lbj:LBJ_1219	100	396	0	0	1	396	1	396	5.03e-279	761
fig|355277.4.peg.1562|LBJ_1220	lbj:LBJ_1220	100	335	0	0	1	335	1	335	7.84e-243	665
fig|355277.4.peg.1565|LBJ_1222	hau:Haur_0605	31.9	119	70	4	9	127	8	115	3.34e-09	59.7
fig|355277.4.peg.1566	lfs:HFV01_24045	36.4	132	64	3	48	167	695	818	6.09e-15	77.4
fig|355277.4.peg.1567	amac:MASE_09290	24.5	229	173	0	18	246	20	248	2.90e-23	105
fig|355277.4.peg.1569|LBJ_1225	plut:EI981_14185	33.3	159	81	8	11	154	236	384	2.14e-10	64.3
fig|355277.4.peg.1573|LBJ_1227	lbj:LBJ_1227	100	309	0	0	1	309	1	309	6.00e-218	600
fig|355277.4.peg.1576	kal:KALB_1452	25.9	193	133	5	16	204	336	522	5.71e-10	64.3
fig|355277.4.peg.1578	mpur:MARPU_11275	29.0	193	125	5	227	412	18	205	1.31e-13	79.0
fig|355277.4.peg.1584|LBJ_1234	lbj:LBJ_1234	100	116	0	0	1	116	1	116	8.08e-78	229
fig|355277.4.peg.1586|LBJ_1236	lbj:LBJ_1236	100	217	0	0	1	217	3	219	4.84e-158	441
fig|355277.4.peg.1604|LBJ_1247	lbl:LBL_1296	99.6	257	1	0	28	284	1	257	1.19e-189	525
fig|355277.4.peg.1609|LBJ_1250	bof:FQV39_14950	34.3	510	303	6	570	1076	564	1044	1.55e-71	266
fig|355277.4.peg.1610|LBJ_1251	dwd:DSCW_34400	41.0	210	106	2	4	195	6	215	9.10e-39	150
fig|355277.4.peg.1627|LBJ_1260	lbj:LBJ_1260	100	183	0	0	1	183	1	183	4.99e-127	359
fig|355277.4.peg.1628|LBJ_1261	bsca:BBSC_0689	22.0	387	228	11	11	333	41	417	5.70e-11	71.2
fig|355277.4.peg.1629|LBJ_1262	cth:Cthe_0605	34.9	126	73	4	297	418	248	368	8.74e-12	72.4
fig|355277.4.peg.1634	aii:E4K63_02220	38.6	44	27	0	4	47	38	81	1.91e-08	54.7
fig|355277.4.peg.1639|LBJ_1270	lbj:LBJ_1270	100	1196	0	0	1	1196	1	1196	0.0	2395
fig|355277.4.peg.1646|LBJ_1277	llm:llmg_1854	28.4	201	128	4	4	199	2	191	1.37e-15	77.8
fig|355277.4.peg.1649|LBJ_1280	lbj:LBJ_1280	100	516	0	0	1	516	1	516	0.0	1012
fig|355277.4.peg.1650|LBJ_1281	net:Neut_0908	36.3	160	102	0	7	166	442	601	1.10e-29	120
fig|355277.4.peg.1655|LBJ_1285	rba:RB10127	40.3	305	172	7	156	453	164	465	1.72e-71	238
fig|355277.4.peg.1657|LBJ_1287	mmob:F6R98_02375	46.7	45	24	0	4	48	33	77	7.20e-06	46.2
fig|355277.4.peg.1658|LBJ_1288	metb:AW729_01355	27.5	273	157	8	2	274	3	234	1.37e-14	77.4
fig|355277.4.peg.1661|LBJ_1291	lbj:LBJ_1291	100	204	0	0	1	204	1	204	1.52e-145	408
fig|355277.4.peg.1662|LBJ_1292	lbj:LBJ_1292	99.6	261	1	0	1	261	44	304	1.64e-183	510
fig|355277.4.peg.1667|LBJ_1297	lbj:LBJ_1297	100	585	0	0	1	585	1	585	0.0	1161
fig|355277.4.peg.1668|LBJ_1298	lbj:LBJ_1298	100	323	0	0	2	324	1	323	4.01e-237	649
fig|355277.4.peg.1670|LBJ_1300	lbj:LBJ_1300	100	236	0	0	1	236	21	256	2.41e-158	444
fig|355277.4.peg.1671|LBJ_1301	tpx:Turpa_1643	24.9	189	138	2	31	215	29	217	3.16e-13	74.3
fig|355277.4.peg.1678|LBJ_1308	lbj:LBJ_1308	100	281	0	0	1	281	1	281	1.70e-203	561
fig|355277.4.peg.1679|LBJ_1309	hty:BN2458_PEG0800	30.6	186	103	6	155	335	136	300	2.56e-13	77.8
fig|355277.4.peg.1681|LBJ_1311	tap:GZ22_01620	33.0	109	58	3	27	129	3	102	2.97e-06	50.4
fig|355277.4.peg.1682|LBJ_1312	lbj:LBJ_1312	100	681	0	0	1	681	1	681	0.0	1333
fig|355277.4.peg.1684|LBJ_1314	dat:HRM2_08670	30.8	536	342	9	52	572	785	1306	8.39e-65	236
fig|355277.4.peg.1685|LBJ_1315	lbj:LBJ_1315	100	301	0	0	1	301	1	301	4.04e-212	584
fig|355277.4.peg.1697|LBJ_1322	lbj:LBJ_1322	100	302	0	0	1	302	1	302	3.94e-224	615
fig|355277.4.peg.1698|LBJ_1323	rum:CK1_05510	41.9	124	65	5	113	235	17	134	4.25e-15	80.1
fig|355277.4.peg.1701|LBJ_1326	lbj:LBJ_1326	100	214	0	0	1	214	1	214	5.04e-149	417
fig|355277.4.peg.1704|LBJ_1329	lbj:LBJ_1329	100	511	0	0	1	511	1	511	0.0	1006
fig|355277.4.peg.1705|LBJ_1330	lbj:LBJ_1330	100	208	0	0	1	208	1	208	3.56e-146	410
fig|355277.4.peg.1713|LBJ_1337	lbj:LBJ_1337	100	381	0	0	1	381	1	381	3.83e-280	763
fig|355277.4.peg.1719	lmay:DPV73_13845	95.9	515	21	0	1	515	1	515	0.0	1016
fig|355277.4.peg.1720|LBJ_1343	lbj:LBJ_1343	99.7	327	1	0	1	327	12	338	8.88e-234	642
fig|355277.4.peg.1723|LBJ_1346	tga:TGAM_2041	28.2	110	67	3	4	107	47	150	8.81e-04	43.1
fig|355277.4.peg.1728|LBJ_1351	nja:NSJP_0442	29.0	545	341	15	65	575	156	688	8.88e-45	177
fig|355277.4.peg.1729|LBJ_1352	mtt:Ftrac_2743	24.7	247	158	8	41	279	26	252	7.86e-05	49.3
fig|355277.4.peg.1741|LBJ_1360	cbe:Cbei_1927	33.9	564	305	12	80	616	128	650	1.33e-81	276
fig|355277.4.peg.1744|LBJ_1361	lbj:LBJ_1361	100	188	0	0	1	188	1	188	3.00e-144	403
fig|355277.4.peg.1745|LBJ_1362	lbj:LBJ_1362	100	503	0	0	1	503	1	503	0.0	962
fig|355277.4.peg.1749|LBJ_1365	hhy:Halhy_4875	36.7	109	64	2	230	338	390	493	9.59e-09	62.8
fig|355277.4.peg.1753|LBJ_1368	arp:NIES39_E02730	32.3	415	249	11	205	595	587	993	3.93e-44	179
fig|355277.4.peg.1754|LBJ_1369	oac:Oscil6304_5106	27.8	277	165	7	140	381	452	728	1.28e-15	84.7
fig|355277.4.peg.1755|LBJ_1370	lbj:LBJ_1370	100	342	0	0	1	342	1	342	2.77e-251	687
fig|355277.4.peg.1764	aii:E4K63_02220	38.6	44	27	0	4	47	38	81	1.39e-08	55.1
fig|355277.4.peg.1765|LBJ_1380	lbj:LBJ_1380	100	533	0	0	1	533	18	550	0.0	1048
fig|355277.4.peg.1766|LBJ_1381	lbj:LBJ_1381	100	405	0	0	1	405	1	405	1.31e-290	791
fig|355277.4.peg.1767|LBJ_1382	hhy:Halhy_1056	38.7	75	42	2	316	386	746	820	2.86e-05	52.8
fig|355277.4.peg.1769|LBJ_1384	lbj:LBJ_1384	100	376	0	0	1	376	1	376	4.60e-274	747
fig|355277.4.peg.1774|LBJ_1388	lbj:LBJ_1388	100	255	0	0	1	255	1	255	6.57e-179	496
fig|355277.4.peg.1775	lmay:DPV73_14250	92.8	389	28	0	1	389	175	563	1.71e-272	751
fig|355277.4.peg.1776	lwl:FHG68_10200	88.0	166	20	0	1	166	1	166	1.34e-96	295
fig|355277.4.peg.1777	lwl:FHG68_10195	86.5	37	5	0	1	37	1	37	6.66e-11	59.7
fig|355277.4.peg.1778	lmay:DPV73_14245	95.0	240	12	0	1	240	42	281	1.05e-154	447
fig|355277.4.peg.1779	lmay:DPV73_14245	95.3	211	10	0	1	211	339	549	2.93e-139	405
fig|355277.4.peg.1780|LBJ_1391	ial:IALB_0540	31.5	127	75	4	11	127	33	157	3.71e-06	52.4
fig|355277.4.peg.1787|LBJ_1398	sdz:Asd1617_00381	30.6	180	118	3	5	177	300	479	6.16e-17	83.2
fig|355277.4.peg.1788|LBJ_1399	aka:TKWG_11425	25.3	174	95	5	39	212	332	470	1.77e-05	51.2
fig|355277.4.peg.1789|LBJ_1400	fbe:FF125_15645	24.4	328	186	17	180	489	84	367	2.62e-09	65.5
fig|355277.4.peg.1792|LBJ_1403	psuu:Psuf_007680	72.3	155	43	0	6	160	391	545	3.93e-69	246
fig|355277.4.peg.1793|LBJ_1404	porl:BG023_112656	26.8	164	111	4	78	235	87	247	2.57e-05	52.0
fig|355277.4.peg.1813|LBJ_1423	hmo:HM1_1592	37.9	161	97	3	127	285	435	594	2.19e-19	94.4
fig|355277.4.peg.1819|LBJ_1428	aab:A4R43_11530	34.9	126	81	1	196	321	548	672	1.07e-15	85.1
fig|355277.4.peg.1822|LBJ_1431	stur:STURON_00823	35.7	210	93	6	24	222	24	202	2.23e-21	97.8
fig|355277.4.peg.1824|LBJ_1433	lbj:LBJ_1433	100	222	0	0	1	222	1	222	2.50e-162	452
fig|355277.4.peg.1828|LBJ_1437	lbj:LBJ_1437	100	215	0	0	1	215	1	215	7.18e-154	430
fig|355277.4.peg.1830|LBJ_1439	lbj:LBJ_1439	100	315	0	0	1	315	1	315	2.13e-230	632
fig|355277.4.peg.1833|LBJ_1442	cbi:CLJ_B0032	46.0	274	140	3	90	358	23	293	2.40e-62	219
fig|355277.4.peg.1834|LBJ_1443	lfs:HFV01_24045	28.6	206	121	6	391	582	626	819	5.59e-09	65.9
fig|355277.4.peg.1835|LBJ_1444	rfs:C1I64_08745	37.3	75	37	2	1	72	154	221	2.75e-05	45.4
fig|355277.4.peg.1838|LBJ_1447	dwd:DSCW_47150	32.9	231	154	1	7	236	9	239	5.48e-35	137
fig|355277.4.peg.1841|LBJ_1450	lbj:LBJ_1450	100	287	0	0	1	287	1	287	1.52e-209	577
fig|355277.4.peg.1842|LBJ_1451	lbj:LBJ_1451	100	540	0	0	1	540	1	540	0.0	1075
fig|355277.4.peg.1843|LBJ_1452	lbj:LBJ_1452	100	158	0	0	1	158	1	158	1.05e-109	313
fig|355277.4.peg.1844|LBJ_1453	lmay:DPV73_14880	92.9	337	24	0	1	337	1	337	1.50e-216	598
fig|355277.4.peg.1849|LBJ_1458	htq:FRZ44_08400	26.4	254	147	8	4	249	167	388	7.90e-11	67.4
fig|355277.4.peg.1853|LBJ_1461	thz:CELL2_00920	36.6	101	57	2	40	137	36	132	4.94e-07	55.1
fig|355277.4.peg.1855|LBJ_1463	pth:PTH_0951	34.7	213	131	4	17	222	21	232	1.05e-23	107
fig|355277.4.peg.1869|LBJ_1474	oct:FTO60_14680	23.2	487	311	18	8	456	36	497	2.69e-21	102
fig|355277.4.peg.1872|LBJ_1477	apac:S7S_13375	30.9	97	59	2	69	165	297	385	1.18e-05	50.4
fig|355277.4.peg.1875|LBJ_1480	lbj:LBJ_1480	100	813	0	0	1	813	1	813	0.0	1522
fig|355277.4.peg.1890|LBJ_1491	lbj:LBJ_1491	100	315	0	0	1	315	1	315	4.61e-225	618
fig|355277.4.peg.1892|LBJ_1493	ehl:EHLA_0966	40.2	82	42	4	201	275	27	108	9.27e-06	53.1
fig|355277.4.peg.1896|LBJ_1496	lbj:LBJ_1496	100	408	0	0	1	408	1	408	4.44e-295	803
fig|355277.4.peg.1898|LBJ_1498	meth:MBMB1_0747	32.2	118	73	1	13	130	7	117	1.16e-08	55.8
fig|355277.4.peg.1901|LBJ_1500	pmy:Pmen_1295	25.4	279	186	7	8	286	3	259	8.26e-13	72.8
fig|355277.4.peg.1903|LBJ_1502	cqf:GBG65_03935	31.4	140	55	5	53	191	10	109	1.21e-07	59.3
fig|355277.4.peg.1905|LBJ_1503	lbj:LBJ_1503	100	226	0	0	1	226	1	226	2.89e-154	432
fig|355277.4.peg.1906|LBJ_1504	lbj:LBJ_1504	100	637	0	0	1	637	1	637	0.0	1290
fig|355277.4.peg.1907|LBJ_1505	lbj:LBJ_1505	100	243	0	0	1	243	1	243	9.06e-180	498
fig|355277.4.peg.1909|LBJ_1506	lbj:LBJ_1506	100	316	0	0	1	316	1	316	8.36e-233	638
fig|355277.4.peg.1911|LBJ_1508	rpt:Rpal_0824	30.0	257	137	9	13	234	23	271	8.50e-14	80.9
fig|355277.4.peg.1913|LBJ_1509	bsto:C0V70_02780	29.4	214	120	8	10	220	24	209	4.59e-18	85.5
fig|355277.4.peg.1930|LBJ_1520	cad:Curi_c17470	29.9	268	178	5	14	274	9	273	1.73e-30	121
fig|355277.4.peg.1931|LBJ_1521	lld:P620_14650	40.3	678	384	9	6	670	52	721	4.62e-151	461
fig|355277.4.peg.1933|LBJ_1523	lbj:LBJ_1523	100	495	0	0	1	495	1	495	0.0	986
fig|355277.4.peg.1935|LBJ_1525	mmb:Mmol_1788	26.2	237	167	6	22	254	361	593	5.26e-13	74.7
fig|355277.4.peg.1936|LBJ_1526	lbj:LBJ_1526	99.5	205	1	0	1	205	12	216	8.84e-148	414
fig|355277.4.peg.1941|LBJ_1530	lbj:LBJ_1530	100	434	0	0	1	434	75	508	7.16e-305	833
fig|355277.4.peg.1952|LBJ_1536	lbi:LEPBI_I2850	41.7	415	223	6	13	421	11	412	3.61e-91	287
fig|355277.4.peg.1954|LBJ_1538	mmin:MMIN_32670	42.2	128	72	1	2	127	3	130	1.22e-25	104
fig|355277.4.peg.1958|LBJ_1541	gsb:GSUB_07665	36.8	193	111	3	15	202	5	191	4.92e-27	110
fig|355277.4.peg.1959|LBJ_1542	mrm:A7982_09810	31.3	176	118	2	39	213	61	234	1.31e-17	91.7
fig|355277.4.peg.1961|LBJ_1544	mjh:JH146_0051	33.5	236	137	8	4	229	6	231	5.98e-21	96.3
fig|355277.4.peg.1974|LBJ_1553	xar:XB05_05130	34.5	235	137	8	1	225	1	228	1.35e-26	108
fig|355277.4.peg.1978|LBJ_1557	rub:GBA63_11955	27.5	280	179	6	73	335	75	347	7.04e-25	111
fig|355277.4.peg.1983|LBJ_1561	lbj:LBJ_1561	100	402	0	0	1	402	31	432	8.12e-284	775
fig|355277.4.peg.1987|LBJ_1564	lgt:E4T54_05160	49.6	119	60	0	1	119	6	124	1.28e-31	122
fig|355277.4.peg.2000	aii:E4K63_02220	40.9	44	26	0	4	47	38	81	7.41e-09	55.8
fig|355277.4.peg.2008|LBJ_1577	scu:SCE1572_02470	22.7	331	205	11	240	563	67	353	5.00e-06	55.5
fig|355277.4.peg.2015|LBJ_1583	lbj:LBJ_1583	100	376	0	0	1	376	1	376	2.19e-272	743
fig|355277.4.peg.2017|LBJ_1585	mjl:Mjls_5689	41.0	105	60	2	1	104	1	104	1.76e-19	82.0
fig|355277.4.peg.2020|LBJ_1588	deo:CAY53_10930	31.7	104	70	1	157	260	24	126	6.04e-09	62.4
fig|355277.4.peg.2038|LBJ_1598	lbj:LBJ_1598	100	485	0	0	1	485	1	485	0.0	1012
fig|355277.4.peg.2039|LBJ_1599	plu:plu4830	24.8	105	77	1	2	104	232	336	1.95e-05	50.1
fig|355277.4.peg.2047	rbm:TEF_07415	39.2	79	39	2	56	128	617	692	2.03e-05	48.5
fig|355277.4.peg.2048	dar:Daro_1993	34.6	133	78	4	158	281	431	563	1.06e-09	65.1
fig|355277.4.peg.2049|LBJ_1605	pla:Plav_1325	29.7	101	54	4	268	368	133	216	3.86e-04	47.8
fig|355277.4.peg.2052	lbl:LBL_1826	97.4	39	1	0	1	39	404	442	6.50e-19	82.4
fig|355277.4.peg.2053	lbl:LBL_1826	99.3	307	2	0	1	307	84	390	2.21e-215	599
fig|355277.4.peg.2054	lwl:FHG68_12185	98.4	129	2	0	1	129	1	129	2.35e-78	244
fig|355277.4.peg.2055	lkm:EFP84_00345	75.9	29	6	1	21	48	313	341	1.67e-04	42.4
fig|355277.4.peg.2060|LBJ_1611	ial:IALB_1063	29.0	138	77	4	575	701	18	145	2.04e-05	54.7
fig|355277.4.peg.2063|LBJ_1613	rrs:RoseRS_1899	31.5	695	414	17	11	653	246	930	7.39e-91	308
fig|355277.4.peg.2065|LBJ_1615	lbj:LBJ_1615	100	119	0	0	1	119	68	186	1.19e-79	237
fig|355277.4.peg.2073|LBJ_1622	metf:CFE53_03355	24.7	247	165	7	35	268	8	246	2.37e-05	51.2
fig|355277.4.peg.2086|LBJ_1632	lbj:LBJ_1632	100	638	0	0	1	638	106	743	0.0	1214
fig|355277.4.peg.2090|LBJ_1634	lil:LA_3843	27.8	356	238	7	36	382	38	383	1.14e-19	100
fig|355277.4.peg.2093|LBJ_1636	bhp:BHAMNSH16_09260	36.2	188	119	1	3	189	9	196	1.27e-28	114
fig|355277.4.peg.2095	lbl:LBL_1855	99.1	106	1	0	1	106	21	126	4.61e-67	206
fig|355277.4.peg.2098|LBJ_1640	lbj:LBJ_1640	100	392	0	0	1	392	1	392	9.58e-291	791
fig|355277.4.peg.2102	lwl:FHG68_12360	90.5	147	14	0	2	148	3	149	2.63e-92	274
fig|355277.4.peg.2103	lwl:FHG68_12360	90.1	81	8	0	1	81	180	260	4.29e-41	140
fig|355277.4.peg.2107|LBJ_1644	lbj:LBJ_1644	100	320	0	0	1	320	1	320	7.71e-231	633
fig|355277.4.peg.2108|LBJ_1645	lbj:LBJ_1645	100	386	0	0	1	386	1	386	4.85e-281	766
fig|355277.4.peg.2110|LBJ_1646	bcw:Q7M_741	45.7	116	63	0	1	116	1	116	1.87e-23	100
fig|355277.4.peg.2115|LBJ_1648	lbj:LBJ_1648	100	585	0	0	1	585	1	585	0.0	1133
fig|355277.4.peg.2117|LBJ_1650	lbj:LBJ_1650	100	435	0	0	1	435	1	435	0.0	875
fig|355277.4.peg.2118|LBJ_1651	lbj:LBJ_1651	100	284	0	0	1	284	1	284	1.24e-202	559
fig|355277.4.peg.2119|LBJ_1652	lbj:LBJ_1652	100	321	0	0	1	321	1	321	2.32e-237	650
fig|355277.4.peg.2120|LBJ_1653	lbj:LBJ_1653	100	474	0	0	1	474	1	474	0.0	944
fig|355277.4.peg.2127|LBJ_1658	fia:NA23_08610	31.7	139	70	6	44	175	44	164	3.28e-06	54.3
fig|355277.4.peg.2130|LBJ_1659	lbj:LBJ_1659	100	256	0	0	1	256	1	256	1.49e-180	501
fig|355277.4.peg.2131|LBJ_1660	lbj:LBJ_1660	100	485	0	0	1	485	1	485	0.0	948
fig|355277.4.peg.2132|LBJ_1661	lbj:LBJ_1661	98.9	94	1	0	1	94	3	96	7.04e-60	182
fig|355277.4.peg.2133|LBJ_1662	psu:Psesu_2996	37.2	331	203	2	145	471	146	475	4.99e-64	219
fig|355277.4.peg.2135|LBJ_1664	lbj:LBJ_1664	100	280	0	0	1	280	1	280	4.28e-192	532
fig|355277.4.peg.2138|LBJ_1667	lbj:LBJ_1667	100	285	0	0	1	285	1	285	2.60e-200	553
fig|355277.4.peg.2139|LBJ_1668	lbj:LBJ_1668	100	427	0	0	1	427	1	427	6.40e-300	817
fig|355277.4.peg.2140|LBJ_1669	ppz:H045_08195	28.2	259	175	6	1	252	4	258	8.18e-27	114
fig|355277.4.peg.2143|LBJ_1671	lbj:LBJ_1671	100	453	0	0	1	453	1	453	0.0	875
fig|355277.4.peg.2144|LBJ_1672	dms:E8L03_02300	39.8	334	183	4	4	321	3	334	5.59e-68	221
fig|355277.4.peg.2149	mbu:Mbur_1899	36.2	221	132	5	3	221	249	462	2.26e-33	130
fig|355277.4.peg.2152|LBJ_1679	taa:NMY3_00408	44.9	147	70	4	3	139	818	963	4.82e-29	117
fig|355277.4.peg.2154|LBJ_1680	lbj:LBJ_1680	100	963	0	0	1	963	1	963	0.0	1703
fig|355277.4.peg.2157|LBJ_1683	lagg:B0E33_10030	27.1	225	140	7	315	519	6	226	4.05e-09	66.2
fig|355277.4.peg.2158|LBJ_1684	mbu:Mbur_1899	33.5	272	170	5	202	469	196	460	2.90e-33	136
fig|355277.4.peg.2160|LBJ_1685	rhl:LPU83_pLPU83d0820	31.8	550	332	14	472	1006	517	1038	1.55e-60	231
fig|355277.4.peg.2161|LBJ_1686	dal:Dalk_2094	30.1	133	88	2	9	140	14	142	3.04e-09	60.5
fig|355277.4.peg.2162|LBJ_1688	ssan:NX02_18145	27.0	204	139	5	159	354	452	653	1.46e-10	69.3
fig|355277.4.peg.2163|LBJ_1689	lep:Lepto7376_4199	31.7	319	171	9	89	370	439	747	4.67e-26	115
fig|355277.4.peg.2164|LBJ_1690	gur:Gura_3046	36.0	111	68	1	15	125	492	599	6.34e-15	75.5
fig|355277.4.peg.2169	lmay:DPV73_12440	31.9	270	179	4	13	278	14	282	2.87e-34	137
fig|355277.4.peg.2171|LBJ_1694	bmar:HF888_03850	34.5	110	70	2	17	125	213	321	5.59e-12	67.4
fig|355277.4.peg.2179|LBJ_1700	lbj:LBJ_1700	100	353	0	0	1	353	1	353	3.67e-257	702
fig|355277.4.peg.2182|LBJ_1703	lbj:LBJ_1703	100	292	0	0	1	292	1	292	2.25e-209	577
fig|355277.4.peg.2185|LBJ_1705	lbj:LBJ_1705	100	250	0	0	1	250	1	250	3.14e-179	497
fig|355277.4.peg.2188|LBJ_1708	lbj:LBJ_1708	100	532	0	0	1	532	1	532	0.0	1066
fig|355277.4.peg.2194|LBJ_1712	pmy:Pmen_2030	30.4	148	100	2	20	164	496	643	3.56e-16	80.9
fig|355277.4.peg.2195|LBJ_1713	lbj:LBJ_1713	100	487	0	0	1	487	1	487	0.0	971
fig|355277.4.peg.2196|LBJ_1714	bcoh:BC6307_10860	27.7	148	102	3	19	163	50	195	4.98e-10	63.2
fig|355277.4.peg.2205|LBJ_1721	lbj:LBJ_1721	100	293	0	0	1	293	1	293	3.31e-207	571
fig|355277.4.peg.2207	lwl:FHG68_07945	100	19	0	0	29	47	1	19	2.44e-04	43.1
fig|355277.4.peg.2208|LBJ_1723	apy:YYU_03190	26.4	110	80	1	18	126	11	120	1.08e-06	52.4
fig|355277.4.peg.2218|LBJ_1730	mtea:DK419_27425	64.3	305	107	2	29	331	512	816	7.51e-135	408
fig|355277.4.peg.2223|LBJ_1733	lbj:LBJ_1733	100	136	0	0	1	136	1	136	2.24e-98	283
fig|355277.4.peg.2224|LBJ_1734	cle:Clole_1194	30.3	66	45	1	1	66	575	639	1.76e-04	43.5
fig|355277.4.peg.2228|LBJ_1737	cpy:Cphy_1337	33.3	150	95	1	342	491	279	423	6.73e-13	77.8
fig|355277.4.peg.2229|LBJ_1738	twi:Thewi_1939	32.8	466	237	16	165	619	69	469	1.89e-55	201
fig|355277.4.peg.2233|LBJ_1742	lbj:LBJ_1742	100	522	0	0	1	522	1	522	0.0	1004
fig|355277.4.peg.2261|LBJ_1765	mvz:myaer102_12110	27.4	215	147	4	5	213	4	215	4.26e-14	75.9
fig|355277.4.peg.2262|LBJ_1766	dwd:DSCW_59070	43.1	51	29	0	1	51	17	67	4.63e-05	48.9
fig|355277.4.peg.2284|LBJ_1777	ctc:CTC_01706	26.9	334	214	8	9	332	5	318	1.78e-20	98.2
fig|355277.4.peg.2285|LBJ_1778	mkc:kam1_547	30.5	141	86	5	49	188	38	167	8.62e-08	57.0
fig|355277.4.peg.2286|LBJ_1779	laj:A0128_00360	31.2	263	145	13	8	254	1	243	1.85e-19	91.7
fig|355277.4.peg.2305|LBJ_1792	clac:EG342_21975	30.5	164	107	2	41	202	47	205	1.97e-18	88.2
fig|355277.4.peg.2308|LBJ_1794	rht:NT26_3618	44.3	370	201	2	15	384	11	375	8.07e-99	304
fig|355277.4.peg.2310|LBJ_1795	cpas:Clopa_4535	26.9	234	155	5	8	230	5	233	5.75e-14	78.2
fig|355277.4.peg.2314|LBJ_1800	lbj:LBJ_1800	100	224	0	0	1	224	1	224	5.89e-162	451
fig|355277.4.peg.2320|LBJ_1807	lbj:LBJ_1807	100	332	0	0	1	332	1	332	1.15e-238	654
fig|355277.4.peg.2322	bof:FQV39_14950	38.1	244	141	4	333	569	549	789	6.29e-37	155
fig|355277.4.peg.2323	dak:DaAHT2_1538	34.5	145	85	3	15	156	12	149	2.37e-11	68.6
fig|355277.4.peg.2325|LBJ_1810	mthr:MSTHT_0740	39.3	117	71	0	3	119	9	125	5.42e-20	87.8
fig|355277.4.peg.2330|LBJ_1813	hht:F506_08165	37.6	181	99	3	707	873	384	564	2.81e-16	89.7
fig|355277.4.peg.2333|LBJ_1816	afw:Anae109_2257	34.6	107	62	4	3	106	195	296	7.81e-08	60.1
fig|355277.4.peg.2335|LBJ_1817	kga:ST1E_0045	28.2	472	222	10	103	569	66	425	3.50e-31	134
fig|355277.4.peg.2336|LBJ_1818	ecn:Ecaj_0437	34.6	508	288	7	40	533	15	492	4.51e-96	306
fig|355277.4.peg.2338|LBJ_1820	sok:D0B54_20820	29.6	260	179	2	532	787	430	689	2.24e-24	115
fig|355277.4.peg.2341|LBJ_1823	thef:E1B22_08265	36.1	147	81	2	5	151	31	164	2.69e-19	89.7
fig|355277.4.peg.2345	awu:BEN71_14785	29.3	123	81	2	18	137	89	208	8.32e-09	59.7
fig|355277.4.peg.2347	aii:E4K63_02220	38.6	44	27	0	4	47	38	81	1.39e-08	55.1
fig|355277.4.peg.2357	lwl:FHG68_12360	92.1	101	8	0	1	101	160	260	1.11e-55	178
fig|355277.4.peg.2368	lwl:FHG68_09620	83.5	115	14	2	5	119	506	615	3.34e-51	176
fig|355277.4.peg.2369|LBJ_1842	hfr:G5S34_23175	22.0	191	127	3	5	194	4	173	9.60e-06	50.4
fig|355277.4.peg.2370|LBJ_1843	dal:Dalk_2094	27.2	599	378	16	18	573	153	736	1.90e-41	166
fig|355277.4.peg.2375|LBJ_1847	sdx:C4B68_37085	29.6	203	140	2	183	383	140	341	1.76e-21	101
fig|355277.4.peg.2378|LBJ_1850	bts:Btus_1616	26.6	289	184	11	62	340	53	323	7.04e-12	73.2
fig|355277.4.peg.2381|LBJ_1853	sti:Sthe_0940	31.5	305	199	4	8	308	285	583	4.52e-40	161
fig|355277.4.peg.2384|LBJ_1856	dsw:QR90_05065	27.6	163	100	5	21	167	129	289	6.72e-04	45.4
fig|355277.4.peg.2388|LBJ_1859	arca:HC352_07250	26.0	311	208	7	74	369	96	399	1.85e-23	106
fig|355277.4.peg.2391|LBJ_1861	lbj:LBJ_1861	100	587	0	0	1	587	1	587	0.0	1131
fig|355277.4.peg.2392|LBJ_1862	lbj:LBJ_1862	100	406	0	0	1	406	1	406	4.25e-292	795
fig|355277.4.peg.2393|LBJ_1863	lbj:LBJ_1863	100	358	0	0	1	358	1	358	1.94e-250	686
fig|355277.4.peg.2394|LBJ_1864	ahs:AHALO_1314	36.3	91	58	0	42	132	38	128	1.94e-09	60.1
fig|355277.4.peg.2396|LBJ_1866	lbj:LBJ_1866	100	216	0	0	17	232	1	216	3.25e-157	439
fig|355277.4.peg.2398|LBJ_1868	lbj:LBJ_1868	100	293	0	0	1	293	1	293	9.09e-205	565
fig|355277.4.peg.2399|LBJ_1869	ark:D6B99_12610	31.4	191	115	4	67	243	49	237	7.35e-11	67.8
fig|355277.4.peg.2402|LBJ_1870	lbj:LBJ_1870	100	354	0	0	1	354	5	358	1.18e-259	709
fig|355277.4.peg.2403|LBJ_1871	lbj:LBJ_1871	100	433	0	0	1	433	1	433	0.0	864
fig|355277.4.peg.2404|LBJ_1872	lbj:LBJ_1872	100	221	0	0	1	221	1	221	1.33e-152	427
fig|355277.4.peg.2405|LBJ_1873	lbj:LBJ_1873	100	376	0	0	1	376	1	376	2.85e-268	733
fig|355277.4.peg.2406|LBJ_1874	lbj:LBJ_1874	100	326	0	0	1	326	1	326	1.50e-231	635
fig|355277.4.peg.2412|LBJ_1878	lbj:LBJ_1878	100	321	0	0	17	337	1	321	7.35e-236	647
fig|355277.4.peg.2414|LBJ_1880	sure:SporoP32a_04060	25.8	279	171	9	6	263	2	265	4.60e-12	70.5
fig|355277.4.peg.2416|LBJ_1882	lbj:LBJ_1882	100	405	0	0	1	405	1	405	6.24e-289	787
fig|355277.4.peg.2418	lst:LSS_09429	91.4	163	14	0	1	163	134	296	3.82e-103	302
fig|355277.4.peg.2419	lst:LSS_09429	79.4	131	24	1	22	152	3	130	1.03e-71	223
fig|355277.4.peg.2426|LBJ_1891	lbj:LBJ_1891	100	496	0	0	1	496	1	496	0.0	986
fig|355277.4.peg.2429|LBJ_1894	lbj:LBJ_1894	99.4	163	1	0	1	163	107	269	7.61e-118	338
fig|355277.4.peg.2430|LBJ_1895	lbl:LBL_1389	100	460	0	0	1	460	1	460	0.0	896
fig|355277.4.peg.2431|LBJ_1896	kal:KALB_1452	30.5	223	150	3	4	224	325	544	6.48e-24	107
fig|355277.4.peg.2434|LBJ_1899	mpli:E1742_16830	34.2	73	45	1	2	74	4	73	1.41e-05	46.6
fig|355277.4.peg.2435|LBJ_1900	hhb:Hhub_2575	33.8	74	48	1	31	103	15	88	3.43e-06	49.7
fig|355277.4.peg.2437|LBJ_1902	cchv:BTM20_06190	50.9	324	157	2	3	325	445	767	3.59e-110	342
fig|355277.4.peg.2438|LBJ_1903	lbj:LBJ_1903	100	520	0	0	1	520	1	520	0.0	1035
fig|355277.4.peg.2439|LBJ_1904	lbj:LBJ_1904	100	577	0	0	1	577	1	577	0.0	1123
fig|355277.4.peg.2447|LBJ_1911	lmay:DPV73_13490	96.4	332	12	0	1	332	1	332	2.47e-229	630
fig|355277.4.peg.2448|LBJ_1912	lbj:LBJ_1912	99.5	200	1	0	1	200	7	206	2.49e-148	415
fig|355277.4.peg.2449|LBJ_1913	lbj:LBJ_1913	100	406	0	0	1	406	60	465	6.38e-297	810
fig|355277.4.peg.2451|LBJ_1914	pcay:FRD00_14370	36.7	90	57	0	384	473	42	131	6.62e-07	57.4
fig|355277.4.peg.2452|LBJ_1915	pth:PTH_0951	28.1	210	140	3	17	226	21	219	1.65e-15	81.6
fig|355277.4.peg.2453|LBJ_1916	lbj:LBJ_1916	100	195	0	0	1	195	1	195	1.20e-133	377
fig|355277.4.peg.2458|LBJ_1923	lbj:LBJ_1923	100	603	0	0	1	603	1	603	0.0	1206
fig|355277.4.peg.2460|LBJ_1924	lst:LSS_09214	89.2	148	16	0	1	148	1	148	2.84e-96	279
fig|355277.4.peg.2469|LBJ_1931	nga:Ngar_c06000	31.4	226	56	7	56	268	756	895	1.54e-15	82.8
fig|355277.4.peg.2470|LBJ_1932	lbj:LBJ_1932	100	470	0	0	6	475	1	470	0.0	907
fig|355277.4.peg.2483|LBJ_1944	lbj:LBJ_1944	100	368	0	0	1	368	1	368	3.64e-276	752
fig|355277.4.peg.2484|LBJ_1945	pbas:SMSP2_01647	44.6	195	105	2	13	204	398	592	3.06e-51	179
fig|355277.4.peg.2485|LBJ_1946	lbj:LBJ_1946	100	320	0	0	1	320	32	351	2.35e-228	628
fig|355277.4.peg.2488|LBJ_1949	pth:PTH_0951	31.9	210	138	3	18	226	22	227	2.28e-24	107
fig|355277.4.peg.2490|LBJ_1951	lbj:LBJ_1951	100	295	0	0	1	295	1	295	3.60e-212	584
fig|355277.4.peg.2493|LBJ_1954	nba:CUN60_09890	28.6	161	86	6	108	249	257	407	4.07e-04	47.8
fig|355277.4.peg.2496|LBJ_1957	hhd:HBHAL_2473	31.8	371	246	7	54	420	737	1104	4.89e-50	187
fig|355277.4.peg.2506|LBJ_1964	len:LEP3755_10520	26.7	217	139	6	260	463	444	653	1.47e-12	76.3
fig|355277.4.peg.2507|LBJ_1965	slac:SKTS_23530	38.5	117	68	2	3	115	11	127	9.02e-23	97.4
fig|355277.4.peg.2509|LBJ_1966	lbj:LBJ_1966	100	327	0	0	1	327	1	327	3.04e-236	647
fig|355277.4.peg.2510|LBJ_1967	lbj:LBJ_1967	100	324	0	0	1	324	1	324	3.83e-233	639
fig|355277.4.peg.2511|LBJ_1968	lbj:LBJ_1968	100	471	0	0	1	471	1	471	3.88e-305	834
fig|355277.4.peg.2525|LBJ_1981	lbj:LBJ_1981	100	254	0	0	1	254	1	254	6.08e-179	496
fig|355277.4.peg.2536|LBJ_1990	bba:Bd1820	37.7	223	131	1	46	268	17	231	4.89e-42	159
fig|355277.4.peg.2537|LBJ_1991	hmo:HM1_1592	42.0	88	51	0	236	323	500	587	4.09e-13	76.3
fig|355277.4.peg.2557|LBJ_2002	lep:Lepto7376_4199	31.2	362	160	11	976	1321	459	747	1.33e-28	130
fig|355277.4.peg.2561|LBJ_2005	lbj:LBJ_2005	100	353	0	0	1	353	1	353	1.50e-256	701
fig|355277.4.peg.2562|LBJ_2006	lbj:LBJ_2006	100	420	0	0	1	420	1	420	1.05e-315	856
fig|355277.4.peg.2564|LBJ_2007	lbj:LBJ_2007	100	224	0	0	2	225	1	224	3.41e-159	444
fig|355277.4.peg.2566|LBJ_2009	pace:A6070_09145	36.2	188	116	2	204	390	127	311	9.70e-32	128
fig|355277.4.peg.2568|LBJ_2011	lbj:LBJ_2011	100	366	0	0	1	366	1	366	1.52e-267	730
fig|355277.4.peg.2571	aii:E4K63_02220	38.6	44	27	0	4	47	38	81	1.39e-08	55.1
fig|355277.4.peg.2573|LBJ_2015	fpf:DCC35_03270	54.4	259	112	3	440	693	4	261	1.14e-93	296
fig|355277.4.peg.2575|LBJ_2016	mbu:Mbur_1899	31.9	191	125	3	175	361	270	459	3.83e-21	100
fig|355277.4.peg.2577	mbu:Mbur_1899	28.8	191	131	3	43	229	270	459	1.77e-19	92.0
fig|355277.4.peg.2579|LBJ_2020	aeh:Mlg_1260	37.2	137	72	4	28	151	29	164	7.87e-10	67.8
fig|355277.4.peg.2581|LBJ_2022	lbj:LBJ_2022	100	309	0	0	20	328	1	309	5.97e-223	613
fig|355277.4.peg.2583|LBJ_2023	lbj:LBJ_2023	100	330	0	0	1	330	1	330	1.93e-245	671
fig|355277.4.peg.2587|LBJ_2026	lbj:LBJ_2026	100	362	0	0	52	413	1	362	6.96e-257	705
fig|355277.4.peg.2595|LBJ_2032	mcab:HXZ27_06155	27.9	208	140	4	23	225	26	228	3.28e-16	80.9
fig|355277.4.peg.2598	lst:LSS_19308	68.2	66	21	0	1	66	1	66	5.63e-23	96.7
fig|355277.4.peg.2604|LBJ_2037	lbj:LBJ_2037	100	472	0	0	1	472	1	472	0.0	921
fig|355277.4.peg.2615|LBJ_2047	mxa:MXAN_0034	25.0	216	147	5	20	232	21	224	7.24e-10	63.9
fig|355277.4.peg.2616|LBJ_2048	hmo:HM1_1592	42.2	116	63	3	128	242	486	598	8.03e-18	88.6
fig|355277.4.peg.2619|LBJ_2050	lbj:LBJ_2050	99.6	267	1	0	1	267	17	283	1.93e-199	550
fig|355277.4.peg.2625|LBJ_2055	ppd:Ppro_1380	34.2	111	72	1	2	111	3	113	9.45e-16	83.2
fig|355277.4.peg.2628|LBJ_2058	tmr:Tmar_1404	33.0	276	156	7	23	290	3	257	3.81e-25	111
fig|355277.4.peg.2629|LBJ_2059	lbj:LBJ_2059	100	267	0	0	1	267	1	267	2.59e-191	529
fig|355277.4.peg.2630|LBJ_2060	pfla:Pflav_041560	50.5	527	207	4	317	841	1	475	4.10e-154	473
fig|355277.4.peg.2634|LBJ_2063	lbj:LBJ_2063	100	560	0	0	1	560	1	560	0.0	1097
fig|355277.4.peg.2640|LBJ_2065	fad:CDH04_06500	36.0	89	56	1	5	93	3	90	8.11e-13	66.6
fig|355277.4.peg.2641	lmay:DPV73_10950	74.6	63	16	0	1	63	340	402	5.89e-24	98.2
fig|355277.4.peg.2643|LBJ_2067	say:TPY_1410	25.2	250	157	9	5	243	425	655	3.92e-15	81.6
fig|355277.4.peg.2663|LBJ_2083	aai:AARI_04680	35.6	177	112	1	34	210	18	192	6.56e-27	114
fig|355277.4.peg.2669|LBJ_2086	vbo:CKY39_28170	42.4	85	49	0	51	135	34	118	1.35e-13	72.0
fig|355277.4.peg.2686	aii:E4K63_02220	38.6	44	27	0	4	47	38	81	1.39e-08	55.1
fig|355277.4.peg.2689|LBJ_2101	lbj:LBJ_2101	100	187	0	0	1	187	1	187	6.54e-134	377
fig|355277.4.peg.2691|LBJ_2102	lbj:LBJ_2102	100	644	0	0	1	644	1	644	0.0	1251
fig|355277.4.peg.2695|LBJ_2105	ful:C4N20_15045	31.5	127	80	3	13	137	1	122	1.11e-06	54.3
fig|355277.4.peg.2697|LBJ_2107	caby:Cabys_569	28.6	364	259	1	25	388	19	381	8.56e-32	129
fig|355277.4.peg.2699|LBJ_2109	lbj:LBJ_2109	100	363	0	0	1	363	1	363	1.51e-261	714
fig|355277.4.peg.2700	roo:G5S37_20100	34.3	99	61	2	50	145	223	320	1.54e-07	56.2
fig|355277.4.peg.2701|LBJ_2111	dal:Dalk_2742	40.2	219	130	1	24	241	309	527	4.65e-42	155
fig|355277.4.peg.2702|LBJ_2112	ipo:Ilyop_2170	41.4	70	38	1	3	72	533	599	4.07e-08	53.9
fig|355277.4.peg.2704|LBJ_2113	lbj:LBJ_2113	100	254	0	0	1	254	1	254	1.65e-167	468
fig|355277.4.peg.2714|LBJ_2118	lbj:LBJ_2118	100	639	0	0	1	639	1	639	0.0	1310
fig|355277.4.peg.2716|LBJ_2119	lbj:LBJ_2119	99.7	359	1	0	1	359	5	363	1.40e-265	724
fig|355277.4.peg.2722|LBJ_2123	lbj:LBJ_2123	100	920	0	0	1	920	1	920	0.0	1830
fig|355277.4.peg.2723|LBJ_2124	lbj:LBJ_2124	100	467	0	0	1	467	1	467	0.0	905
fig|355277.4.peg.2724|LBJ_2125	lbj:LBJ_2125	100	413	0	0	1	413	1	413	2.06e-282	771
fig|355277.4.peg.2725|LBJ_2126	dax:FDQ92_04305	31.8	683	338	17	33	704	135	700	7.46e-85	291
fig|355277.4.peg.2729|LBJ_2129	red:roselon_00100	53.7	188	86	1	9	196	611	797	6.93e-53	186
fig|355277.4.peg.2731|LBJ_2130	lbj:LBJ_2130	100	415	0	0	1	415	1	415	2.02e-290	792
fig|355277.4.peg.2732|LBJ_2131	lbj:LBJ_2131	100	325	0	0	1	325	1	325	9.35e-230	631
fig|355277.4.peg.2737|LBJ_2135	dol:Dole_2976	38.8	85	52	0	64	148	65	149	1.62e-09	65.1
fig|355277.4.peg.2744	lwl:FHG68_13680	96.7	90	3	0	1	90	137	226	4.73e-51	174
fig|355277.4.peg.2745	lmay:DPV73_17225	93.3	135	9	0	1	135	1	135	1.81e-82	259
fig|355277.4.peg.2747|LBJ_2141	lbj:LBJ_2141	100	214	0	0	1	214	1	214	1.46e-157	439
fig|355277.4.peg.2749	dar:Daro_1993	28.6	234	158	4	681	906	467	699	8.92e-17	91.7
fig|355277.4.peg.2750	lil:LA_4008	22.8	302	194	8	75	375	584	847	4.93e-11	72.0
fig|355277.4.peg.2751	aba:Acid345_2395	24.2	194	128	4	102	279	102	292	4.14e-07	58.2
fig|355277.4.peg.2756|LBJ_2146	iva:Isova_2221	38.5	226	124	3	21	237	45	264	3.06e-32	133
fig|355277.4.peg.2758|LBJ_2148	ndp:E2C04_14660	27.2	158	103	4	57	214	377	522	9.17e-04	47.0
fig|355277.4.peg.2759|LBJ_2149	mno:Mnod_1799	62.2	307	111	3	1	305	499	802	1.46e-122	375
fig|355277.4.peg.2761|LBJ_2150	lbj:LBJ_2150	100	401	0	0	1	401	1	401	4.76e-291	792
fig|355277.4.peg.2763|LBJ_2151	lbj:LBJ_2151	100	198	0	0	1	198	1	198	1.21e-139	392
fig|355277.4.peg.2764|LBJ_2152	lbj:LBJ_2152	100	432	0	0	1	432	1	432	0.0	879
fig|355277.4.peg.2769|LBJ_2157	lbj:LBJ_2157	100	336	0	0	1	336	1	336	1.35e-239	657
fig|355277.4.peg.2770|LBJ_2158	lbj:LBJ_2158	100	248	0	0	1	248	1	248	5.37e-170	473
fig|355277.4.peg.2771|LBJ_2159	rci:RCIX207	27.0	196	130	6	126	318	206	391	2.93e-09	65.1
fig|355277.4.peg.2772|LBJ_2160	azz:DEW08_08080	36.4	88	54	1	6	93	20	105	4.62e-06	55.1
fig|355277.4.peg.2781|LBJ_2167	vbc:C5Q97_19795	39.4	94	54	3	24	116	229	320	2.82e-11	64.7
fig|355277.4.peg.2783|LBJ_2169	cbw:RR42_s3042	34.4	570	327	13	7	538	12	572	8.88e-99	330
fig|355277.4.peg.2786|LBJ_2172	dwd:DSCW_47150	34.1	205	130	3	2	205	6	206	4.45e-24	105
fig|355277.4.peg.2787|LBJ_2173	lbj:LBJ_2173	100	298	0	0	1	298	1	298	1.65e-214	590
fig|355277.4.peg.2788|LBJ_2174	mdu:MDUV_43190	24.2	120	84	3	1	114	1	119	9.22e-12	65.9
fig|355277.4.peg.2791	oac:Oscil6304_2455	45.0	160	86	2	69	226	51	210	1.88e-39	149
fig|355277.4.peg.2792	oxy:HCG48_15465	26.1	349	164	8	34	356	451	731	3.92e-19	95.1
fig|355277.4.peg.2793|LBJ_2177	pana:BBH88_02045	30.9	427	250	8	42	468	204	585	2.18e-52	192
fig|355277.4.peg.2795|LBJ_2178	lbj:LBJ_2178	100	430	0	0	1	430	1	430	5.71e-316	858
fig|355277.4.peg.2798|LBJ_2181	spoa:EQM13_17665	42.7	253	141	3	1	252	3	252	3.76e-60	195
fig|355277.4.peg.2800|LBJ_2183	lbj:LBJ_2183	100	595	0	0	1	595	1	595	0.0	1186
fig|355277.4.peg.2801|LBJ_2184	stq:Spith_2022	28.4	282	187	6	23	295	824	1099	1.09e-20	99.0
fig|355277.4.peg.2802|LBJ_2185	sur:STAUR_4866	23.3	694	453	20	297	976	464	1092	7.24e-15	87.4
fig|355277.4.peg.2805|LBJ_2188	ter:Tery_3999	56.9	216	92	1	271	486	137	351	2.56e-74	243
fig|355277.4.peg.2811|LBJ_2190	lbj:LBJ_2190	100	152	0	0	1	152	1	152	1.11e-108	310
fig|355277.4.peg.2825|LBJ_2205	lbj:LBJ_2205	100	315	0	0	1	315	1	315	6.10e-230	630
fig|355277.4.peg.2828|LBJ_2207	lbj:LBJ_2207	100	231	0	0	1	231	1	231	2.69e-166	462
fig|355277.4.peg.2833|LBJ_2211	lbj:LBJ_2211	100	266	0	0	1	266	1	266	3.66e-186	516
fig|355277.4.peg.2846|LBJ_2219	lbj:LBJ_2219	100	367	0	0	1	367	1	367	6.43e-265	723
fig|355277.4.peg.2849|LBJ_2221	tsn:W908_03785	27.1	288	159	10	13	265	8	279	2.70e-12	74.7
fig|355277.4.peg.2862|LBJ_2230	bme:BMEI1779	39.8	322	189	5	1	319	1	320	1.40e-62	207
fig|355277.4.peg.2863|LBJ_2231	dfc:DFI_08165	34.6	107	65	2	135	241	235	336	6.01e-05	50.4
fig|355277.4.peg.2866|LBJ_2234	lbj:LBJ_2234	100	464	0	0	1	464	1	464	0.0	945
fig|355277.4.peg.2868|LBJ_2235	lbj:LBJ_2235	100	145	0	0	1	145	1	145	1.00e-103	297
fig|355277.4.peg.2871	aii:E4K63_02220	38.6	44	27	0	4	47	38	81	1.39e-08	55.1
fig|355277.4.peg.2872	pmut:DPM13_18890	36.1	83	46	2	9	89	161	238	2.08e-07	53.1
fig|355277.4.peg.2874|LBJ_2242	rce:RC1_0642	31.6	117	80	0	1	117	15	131	1.75e-12	71.6
fig|355277.4.peg.2884|LBJ_2249	dsf:UWK_01734	24.0	338	204	9	26	329	527	845	7.08e-13	75.9
fig|355277.4.peg.2886|LBJ_2250	lkm:EFP84_11230	35.8	151	86	3	64	203	80	230	1.62e-15	79.7
fig|355277.4.peg.2887|LBJ_2251	arp:NIES39_E02730	27.9	269	179	5	206	462	555	820	6.48e-26	117
fig|355277.4.peg.2888|LBJ_2252	moc:BB934_28650	33.6	116	65	2	11	126	7	110	2.07e-14	74.7
fig|355277.4.peg.2891	hor:Hore_11350	21.5	186	84	6	33	193	47	195	7.29e-04	47.0
fig|355277.4.peg.2892|LBJ_2254	abg:Asbog_01676	41.1	146	72	3	82	215	67	210	7.50e-21	97.4
fig|355277.4.peg.2899|LBJ_2258	nsh:GXM_10276	23.5	221	155	6	76	294	71	279	8.05e-04	47.4
fig|355277.4.peg.2901|LBJ_2261	cpau:EHF44_24830	27.6	123	86	2	28	148	39	160	1.03e-04	47.8
fig|355277.4.peg.2903|LBJ_2263	apre:CNX65_15855	28.4	328	216	6	72	385	48	370	6.98e-31	134
fig|355277.4.peg.2904|LBJ_2264	pel:SAR11G3_00092	25.6	270	151	13	24	276	78	314	6.67e-15	79.3
fig|355277.4.peg.2909|LBJ_2266	ave:Arcve_1650	21.2	203	153	4	32	230	25	224	1.28e-06	53.9
fig|355277.4.peg.2915|LBJ_2270	lbj:LBJ_2270	100	914	0	0	1	914	1	914	0.0	1866
fig|355277.4.peg.2917|LBJ_2272	tnr:Thena_1233	31.1	750	454	17	30	730	204	939	6.41e-91	315
fig|355277.4.peg.2919|LBJ_2273	lbj:LBJ_2273	100	390	0	0	1	390	1	390	1.60e-272	744
fig|355277.4.peg.2920|LBJ_2274	lbj:LBJ_2274	100	291	0	0	1	291	1	291	8.12e-207	570
fig|355277.4.peg.2922|LBJ_2276	bthu:YBT1518_02055	26.1	138	81	6	208	341	216	336	9.41e-04	47.8
fig|355277.4.peg.2924|LBJ_2278	hmc:HYPMC_2860	23.2	276	201	4	3	269	7	280	1.28e-11	70.9
fig|355277.4.peg.2925|LBJ_2279	lbj:LBJ_2279	100	398	0	0	1	398	1	398	6.41e-283	771
fig|355277.4.peg.2927|LBJ_2281	mic:Mic7113_6438	31.0	187	125	3	19	202	36	221	4.40e-18	87.8
fig|355277.4.peg.2928|LBJ_2282	lbj:LBJ_2282	100	646	0	0	4	649	1	646	0.0	1324
fig|355277.4.peg.2932	brm:Bmur_0931	31.5	127	87	0	1	127	1	127	1.70e-12	73.9
fig|355277.4.peg.2935|LBJ_2288	lbj:LBJ_2288	100	475	0	0	1	475	1	475	0.0	928
fig|355277.4.peg.2939|LBJ_2289	agv:OJF2_49420	42.2	192	103	2	83	274	109	292	6.22e-39	144
fig|355277.4.peg.2940|LBJ_2290	lbj:LBJ_2290	100	344	0	0	1	344	1	344	3.78e-250	684
fig|355277.4.peg.2943|LBJ_2292	lbj:LBJ_2292	100	249	0	0	1	249	10	258	1.52e-174	485
fig|355277.4.peg.2944|LBJ_2293	lmay:DPV73_00625	96.5	434	15	0	1	434	1	434	2.74e-316	859
fig|355277.4.peg.2951|LBJ_2300	mag:amb1082	36.2	318	196	4	1	313	9	324	7.36e-55	187
fig|355277.4.peg.2962|LBJ_2308	lbj:LBJ_2308	100	192	0	0	1	192	1	192	2.87e-144	404
fig|355277.4.peg.2967|LBJ_2310	lbj:LBJ_2310	100	871	0	0	1	871	1	871	0.0	1746
fig|355277.4.peg.2974|LBJ_2316	dfl:DFE_1957	29.6	358	239	7	10	363	51	399	6.81e-34	143
fig|355277.4.peg.2984|LBJ_2321	lbj:LBJ_2321	100	435	0	0	1	435	1	435	1.89e-312	849
fig|355277.4.peg.2988|LBJ_2325	muc:MuYL_0622	31.5	146	92	4	78	221	86	225	1.84e-10	66.2
fig|355277.4.peg.2995|LBJ_2329	lbj:LBJ_2329	100	290	0	0	1	290	1	290	1.77e-205	566
fig|355277.4.peg.2996|LBJ_2330	lbj:LBJ_2330	100	432	0	0	1	432	1	432	0.0	865
fig|355277.4.peg.2999|LBJ_2333	syf:Synpcc7942_2454	28.2	202	128	4	83	269	194	393	2.48e-07	57.8
fig|355277.4.peg.3000|LBJ_2334	lic:LIC_12955	94.8	153	8	0	1	153	3	155	8.61e-98	283
fig|355277.4.peg.3004|LBJ_2338	def:CNY67_05635	34.0	385	238	8	24	404	62	434	1.07e-54	201
fig|355277.4.peg.3006|LBJ_2339	fsi:Flexsi_0525	29.0	124	79	2	388	509	73	189	7.99e-06	53.1
fig|355277.4.peg.3007|LBJ_2340	rle:RL0959	38.0	434	263	4	41	468	38	471	2.26e-90	288
fig|355277.4.peg.3008|LBJ_2341	mcak:MCCS_21170	31.3	252	141	11	274	519	32	257	9.93e-22	100
fig|355277.4.peg.3016|LBJ_2348	tpx:Turpa_1643	27.7	202	138	4	18	213	17	216	3.41e-18	88.6
fig|355277.4.peg.3018|LBJ_2350	piv:NCTC13079_00754	28.1	310	197	6	52	341	326	629	1.57e-22	105
fig|355277.4.peg.3019|LBJ_2351	aaxa:NCTC10138_01451	40.7	150	83	3	3	149	489	635	1.25e-29	118
fig|355277.4.peg.3026|LBJ_2357	kor:AWR26_15100	29.5	234	160	3	14	247	559	787	1.42e-17	91.3
fig|355277.4.peg.3027|LBJ_2358	din:Selin_2041	26.4	121	88	1	24	144	205	324	4.30e-08	57.8
fig|355277.4.peg.3029|LBJ_2359	lbj:LBJ_2359	100	344	0	0	1	344	1	344	2.89e-254	694
fig|355277.4.peg.3037|LBJ_2364	lbj:LBJ_2364	100	1404	0	0	1	1404	1	1404	0.0	2732
fig|355277.4.peg.3038|LBJ_2365	lbj:LBJ_2365	100	1226	0	0	1	1226	1	1226	0.0	2413
fig|355277.4.peg.3046|LBJ_2374	sks:FCN78_13890	49.4	89	45	0	354	442	481	569	2.80e-14	82.0
fig|355277.4.peg.3047|LBJ_2375	izh:FEM41_11950	35.3	85	46	3	33	112	326	406	5.16e-06	49.7
fig|355277.4.peg.3060|LBJ_2383	chrs:EAG08_13690	30.2	172	110	4	55	223	49	213	4.19e-17	82.4
fig|355277.4.peg.3070|LBJ_2392	lbj:LBJ_2392	100	940	0	0	1	940	1	940	0.0	1852
fig|355277.4.peg.3076|LBJ_2397	lbj:LBJ_2397	100	313	0	0	1	313	1	313	6.54e-224	615
fig|355277.4.peg.3077	lil:LA_0325	84.5	194	30	0	1	194	147	340	1.63e-113	332
fig|355277.4.peg.3078	lil:LA_0325	82.6	46	8	0	1	46	1	46	4.76e-17	77.4
fig|355277.4.peg.3090|LBJ_2405	lbj:LBJ_2405	100	558	0	0	1	558	1	558	0.0	1100
fig|355277.4.peg.3114	lmay:DPV73_01940	97.4	77	2	0	1	77	320	396	1.68e-45	154
fig|355277.4.peg.3116	lwl:FHG68_16685	76.2	143	33	1	1	143	1	142	1.01e-58	195
fig|355277.4.peg.3119	npu:Npun_R3683	52.1	190	80	2	1	190	42	220	1.58e-61	195
fig|355277.4.peg.3120|LBJ_2429	lbj:LBJ_2429	100	386	0	0	1	386	1	386	1.09e-277	757
fig|355277.4.peg.3123|LBJ_2432	fnu:FN1424	45.1	113	61	1	202	313	445	557	3.86e-19	94.0
fig|355277.4.peg.3126|LBJ_2435	lbj:LBJ_2435	100	322	0	0	1	322	1	322	2.31e-233	640
fig|355277.4.peg.3132|LBJ_2437	iva:Isova_2221	27.6	199	120	6	292	467	55	252	8.08e-07	58.2
fig|355277.4.peg.3134|LBJ_2438	trs:Terro_0874	31.0	100	64	1	149	248	408	502	2.87e-08	61.6
fig|355277.4.peg.3140|LBJ_2441	bagr:BA6348_06555	36.7	90	56	1	9	97	12	101	1.20e-10	60.5
fig|355277.4.peg.3142|LBJ_2442	cuj:CUL131002_1183c	44.5	137	73	2	5	138	433	569	1.43e-26	109
fig|355277.4.peg.3143|LBJ_2443	lbj:LBJ_2443	100	413	0	0	1	413	1	413	3.31e-304	827
fig|355277.4.peg.3144|LBJ_2444	lbj:LBJ_2444	100	103	0	0	1	103	1	103	1.94e-72	215
fig|355277.4.peg.3145|LBJ_2445	rvi:RVIR1_05940	24.2	385	264	6	18	374	33	417	1.07e-25	115
fig|355277.4.peg.3146|LBJ_2446	lagg:B0E33_10030	24.3	230	156	5	2	229	4	217	5.19e-10	65.5
fig|355277.4.peg.3161|LBJ_2457	bhk:B4U37_19410	27.3	220	145	7	2	215	131	341	7.14e-14	77.0
fig|355277.4.peg.3164|LBJ_2458	arn:CGK93_10245	42.4	59	34	0	1	59	53	111	1.36e-06	48.9
fig|355277.4.peg.3176|LBJ_2462	sjp:SJA_C1-19860	45.2	197	106	1	1	195	1	197	1.84e-52	173
fig|355277.4.peg.3177	lep:Lepto7376_4199	25.4	390	198	12	48	421	436	748	1.17e-22	107
fig|355277.4.peg.3183|LBJ_2467	lbj:LBJ_2467	100	391	0	0	1	391	1	391	8.25e-296	803
fig|355277.4.peg.3186|LBJ_2468	npu:Npun_F2137	34.8	89	57	1	7	94	30	118	7.39e-05	48.9
fig|355277.4.peg.3188|LBJ_2470	xfr:BER92_04810	33.3	120	63	6	330	445	100	206	7.13e-06	53.9
fig|355277.4.peg.3194	tni:TVNIR_1685	32.8	122	71	6	33	146	24	142	3.69e-13	70.9
fig|355277.4.peg.3203|LBJ_2481	lbj:LBJ_2481	100	250	0	0	1	250	1	250	1.74e-176	490
fig|355277.4.peg.3205|LBJ_2482	mthd:A3224_11795	28.7	136	94	1	16	151	67	199	1.21e-04	48.9
fig|355277.4.peg.3213|LBJ_2489	lbj:LBJ_2489	100	197	0	0	1	197	1	197	9.95e-143	400
fig|355277.4.peg.3214|LBJ_2490	lbj:LBJ_2490	100	416	0	0	1	416	1	416	4.60e-292	796
fig|355277.4.peg.3215|LBJ_2491	lbj:LBJ_2491	100	288	0	0	26	313	1	288	4.96e-197	546
fig|355277.4.peg.3222|LBJ_2497	bxe:Bxe_C1266	44.2	335	186	1	1	335	1	334	4.97e-90	278
fig|355277.4.peg.3224|LBJ_2498	alv:Alvin_1507	48.0	125	61	2	14	134	467	591	3.96e-26	107
fig|355277.4.peg.3230|LBJ_2501	lbj:LBJ_2501	100	445	0	0	1	445	1	445	0.0	897
fig|355277.4.peg.3236|LBJ_2504	lbj:LBJ_2504	100	153	0	0	1	153	1	153	1.02e-100	290
fig|355277.4.peg.3237|LBJ_2505	kst:KSMBR1_2007	38.6	127	75	1	2	125	14	140	2.21e-19	87.8
fig|355277.4.peg.3238|LBJ_2506	tvi:Thivi_0880	25.1	231	153	4	244	470	9	223	1.39e-08	64.7
fig|355277.4.peg.3241|LBJ_2508	lbj:LBJ_2508	100	248	0	0	1	248	1	248	3.52e-175	486
fig|355277.4.peg.3246|LBJ_2510	enf:AKI40_0896	27.5	414	285	6	61	467	57	462	1.12e-44	168
fig|355277.4.peg.3256|LBJ_2519	lbj:LBJ_2519	100	704	0	0	1	704	1	704	0.0	1406
fig|355277.4.peg.3258	fmo:C4N19_00565	27.8	187	85	7	123	281	158	322	1.14e-05	54.7
fig|355277.4.peg.3260|LBJ_2521	lib:E4T55_02095	29.6	540	337	8	32	549	18	536	1.78e-62	220
fig|355277.4.peg.3280|LBJ_2532	cij:WG74_13220	28.8	146	93	3	16	161	32	166	5.12e-11	68.2
fig|355277.4.peg.3285|LBJ_2537	mhu:Mhun_3061	37.9	103	59	2	5	103	504	605	1.50e-11	65.5
fig|355277.4.peg.3286|LBJ_2538	lbj:LBJ_2538	100	426	0	0	1	426	1	426	5.67e-298	812
fig|355277.4.peg.3289|LBJ_2540	pth:PTH_0951	36.4	206	118	6	21	221	25	222	1.95e-26	113
fig|355277.4.peg.3291|LBJ_2541	lbj:LBJ_2541	100	864	0	0	1	864	1	864	0.0	1758
fig|355277.4.peg.3296	aii:E4K63_02220	38.6	44	27	0	4	47	38	81	3.59e-08	53.9
fig|355277.4.peg.3297	lbj:LBJ_1721	48.8	41	21	0	1	41	1	41	6.69e-04	40.4
fig|355277.4.peg.3300|LBJ_2548	tpx:Turpa_1643	28.3	187	128	4	37	219	32	216	1.01e-08	61.2
fig|355277.4.peg.3301|LBJ_2549	lbj:LBJ_2549	100	447	0	0	1	447	1	447	0.0	878
fig|355277.4.peg.3308|LBJ_2554	lxy:O159_26620	37.6	93	43	2	90	180	7	86	1.40e-05	50.8
fig|355277.4.peg.3316|LBJ_2561	ape:APE_1245.1	34.5	267	143	13	46	299	25	272	2.07e-20	97.8
fig|355277.4.peg.3317|LBJ_2562	mpz:Marpi_0383	31.3	80	53	1	69	146	69	148	7.90e-05	49.7
fig|355277.4.peg.3318|LBJ_2563	bamf:U722_19950	32.5	231	142	5	130	358	211	429	7.24e-22	102
fig|355277.4.peg.3319|LBJ_2564	lbj:LBJ_2564	100	921	0	0	1	921	1	921	0.0	1796
fig|355277.4.peg.3334|LBJ_2574	pact:CA264_10595	38.3	149	90	2	4	151	223	370	8.02e-29	114
fig|355277.4.peg.3335|LBJ_2575	thet:F1847_04000	27.5	149	103	2	114	257	84	232	2.17e-07	57.8
fig|355277.4.peg.3337|LBJ_2577	lbj:LBJ_2577	100	363	0	0	1	363	1	363	9.35e-256	700
fig|355277.4.peg.3345|LBJ_2584	lbj:LBJ_2584	100	297	0	0	1	297	1	297	1.26e-213	588
fig|355277.4.peg.3346|LBJ_2586	lbj:LBJ_2586	100	233	0	0	1	233	20	252	1.04e-164	459
fig|355277.4.peg.3347|LBJ_2587	lbj:LBJ_2587	100	312	0	0	1	312	1	312	1.37e-220	607
fig|355277.4.peg.3349|LBJ_2589	slac:SKTS_14590	25.2	139	103	1	2	140	412	549	2.96e-12	70.1
fig|355277.4.peg.3350|LBJ_2590	jeo:JMA_18660	29.4	170	100	6	200	354	36	200	8.68e-04	48.1
fig|355277.4.peg.3360|LBJ_2595	lbj:LBJ_2595	100	498	0	0	1	498	1	498	0.0	967
fig|355277.4.peg.3368|LBJ_2602	top:TOPB45_0628	33.6	116	69	4	9	120	284	395	3.26e-09	59.7
fig|355277.4.peg.3372	mpz:Marpi_0195	35.8	120	72	3	3	122	121	235	1.20e-12	69.3
fig|355277.4.peg.3374|LBJ_2607	lbj:LBJ_2607	100	415	0	0	1	415	1	415	0.0	864
fig|355277.4.peg.3379|LBJ_2612	ccup:BKK81_23820	26.7	150	96	4	15	162	9	146	2.42e-05	49.3
fig|355277.4.peg.3380|LBJ_2613	lbj:LBJ_2613	100	319	0	0	1	319	1	319	1.13e-227	625
fig|355277.4.peg.3382|LBJ_2615	lbj:LBJ_2615	100	274	0	0	1	274	1	274	8.13e-203	558
fig|355277.4.peg.3386|LBJ_2620	nja:NSJP_0442	30.4	664	363	16	259	900	163	749	6.23e-82	286
fig|355277.4.peg.3387|LBJ_2621	tmai:FVE67_01885	29.3	239	159	5	57	290	600	833	6.35e-20	96.3
fig|355277.4.peg.3388|LBJ_2622	lbj:LBJ_2622	100	182	0	0	1	182	1	182	1.96e-128	363
fig|355277.4.peg.3395|LBJ_2626	lgt:E4T54_05160	46.6	118	61	2	15	131	5	121	1.27e-29	116
fig|355277.4.peg.3396|LBJ_2627	mew:MSWAN_2205	28.4	218	107	6	32	249	17	185	9.30e-15	77.8
fig|355277.4.peg.3399|LBJ_2630	lbj:LBJ_2630	100	340	0	0	1	340	1	340	9.64e-251	685
fig|355277.4.peg.3401|LBJ_2632	lbj:LBJ_2632	100	325	0	0	1	325	1	325	7.88e-222	611
fig|355277.4.peg.3407|LBJ_2638	lbj:LBJ_2638	100	181	0	0	1	181	7	187	4.18e-124	352
fig|355277.4.peg.3430|LBJ_2661	pmob:HG718_01310	34.1	220	114	11	1	206	119	321	2.34e-19	94.4
fig|355277.4.peg.3431|LBJ_2662	azc:AZC_0928	29.4	153	90	3	2	141	30	177	1.09e-08	64.7
fig|355277.4.peg.3441	oni:Osc7112_5109	50.3	157	77	1	10	165	5	161	9.77e-48	173
fig|355277.4.peg.3442	gca:Galf_1641	42.5	106	60	1	75	180	19	123	4.02e-19	87.8
fig|355277.4.peg.3444|LBJ_2668	skn:SKUN_00108	34.5	142	87	3	21	162	224	359	1.67e-17	84.0
fig|355277.4.peg.3445|LBJ_2669	lbj:LBJ_2669	100	299	0	0	1	299	1	299	1.59e-217	598
fig|355277.4.peg.3450|LBJ_2673	lbj:LBJ_2673	100	347	0	0	1	347	1	347	1.12e-248	681
fig|355277.4.peg.3451|LBJ_2674	pth:PTH_0951	30.6	232	146	6	385	609	9	232	3.56e-21	104
fig|355277.4.peg.3453|LBJ_2676	dax:FDQ92_04305	30.3	636	347	17	118	733	182	741	3.19e-62	229
fig|355277.4.peg.3462|LBJ_2683	faa:HMPREF0389_00730	27.4	292	186	8	1	280	47	324	7.18e-24	104
fig|355277.4.peg.3463|LBJ_2684	ccz:CCALI_01653	29.8	205	106	8	91	288	26	199	9.03e-09	61.6
fig|355277.4.peg.3464|LBJ_2685	lbj:LBJ_2685	100	344	0	0	1	344	1	344	1.92e-243	667
fig|355277.4.peg.3465|LBJ_2686	lbj:LBJ_2686	100	425	0	0	1	425	1	425	0.0	869
fig|355277.4.peg.3476|LBJ_2697	ksk:KSE_73870	34.2	193	113	7	74	262	742	924	4.74e-17	89.0
fig|355277.4.peg.3479|LBJ_2700	oxy:HCG48_15465	28.6	370	166	12	441	782	444	743	2.96e-27	124
fig|355277.4.peg.3487|LBJ_2707	lbi:LEPBI_I1259	49.4	583	282	3	1	570	1	583	1.81e-192	557
fig|355277.4.peg.3491|LBJ_2710	lbj:LBJ_2710	100	285	0	0	1	285	73	357	3.76e-208	576
fig|355277.4.peg.3492|LBJ_2711	lbj:LBJ_2710	23.2	298	181	9	57	306	59	356	2.62e-06	54.7
fig|355277.4.peg.3494|LBJ_2713	lbj:LBJ_2713	99.9	791	1	0	1	791	48	838	0.0	1610
fig|355277.4.peg.3499|LBJ_2715	lbj:LBJ_2715	100	128	0	0	1	128	1	128	1.14e-94	273
fig|355277.4.peg.3500|LBJ_2716	lbj:LBJ_2716	100	242	0	0	1	242	1	242	1.44e-171	477
fig|355277.4.peg.3501|LBJ_2717	lil:LA_0334	100	94	0	0	1	94	1	94	5.24e-57	175
fig|355277.4.peg.3502|LBJ_2718	lbj:LBJ_2718	100	466	0	0	1	466	1	466	0.0	875
fig|355277.4.peg.3508|LBJ_2723	lic:LIC_12677	75.4	69	17	0	82	150	1	69	4.85e-23	107
fig|355277.4.peg.3510|LBJ_2725	lbj:LBJ_2725	100	323	0	0	8	330	1	323	7.27e-237	649
fig|355277.4.peg.3516|LBJ_2730	lbj:LBJ_2730	100	371	0	0	1	371	1	371	9.30e-276	751
fig|355277.4.peg.3517|LBJ_2731	lbj:LBJ_2731	100	130	0	0	1	130	1	130	9.69e-88	256
fig|355277.4.peg.3518|LBJ_2732	lbj:LBJ_2732	100	964	0	0	3	966	1	964	0.0	1924
fig|355277.4.peg.3520|LBJ_2734	lbj:LBJ_2734	100	104	0	0	1	104	1	104	1.21e-71	213
fig|355277.4.peg.3521|LBJ_2735	wsu:WS0414	32.8	131	77	5	1	125	2	127	1.84e-12	71.6
fig|355277.4.peg.3522|LBJ_2736	bof:FQV39_14950	27.0	267	178	9	106	356	517	782	9.71e-10	66.6
fig|355277.4.peg.3530	lbl:LBL_0327	99.6	278	1	0	2	279	107	384	2.33e-193	539
fig|355277.4.peg.3531|LBJ_2745	lbj:LBJ_2745	100	269	0	0	1	269	1	269	1.63e-195	540
fig|355277.4.peg.3534|LBJ_2746	mthd:A3224_11795	25.6	203	137	6	94	289	32	227	2.45e-07	58.9
fig|355277.4.peg.3543|LBJ_2753	lbj:LBJ_2753	99.7	375	1	0	33	407	1	375	1.21e-270	740
fig|355277.4.peg.3545|LBJ_2755	lbj:LBJ_2755	100	145	0	0	1	145	1	145	1.87e-99	286
fig|355277.4.peg.3552|LBJ_2762	aft:BBF96_06095	36.5	304	169	5	1	302	6	287	1.27e-55	187
fig|355277.4.peg.3555|LBJ_2765	mpi:Mpet_0440	27.4	135	91	2	15	149	40	167	1.42e-04	47.4
fig|355277.4.peg.3557|LBJ_2767	shi:Shel_10300	25.1	203	143	3	126	322	16	215	2.05e-09	65.1
fig|355277.4.peg.3561|LBJ_2771	alp:LPB137_00180	27.7	130	79	4	59	177	152	277	5.12e-05	49.7
fig|355277.4.peg.3563|LBJ_2772	aai:AARI_04680	30.6	180	119	2	27	202	15	192	9.70e-17	84.3
fig|355277.4.peg.3574|LBJ_2782	hmo:HM1_1592	35.1	97	52	4	52	147	499	585	5.49e-06	53.9
fig|355277.4.peg.3576|LBJ_2783	lbl:LBL_0288	99.8	1158	2	0	1	1158	19	1176	0.0	2258
fig|355277.4.peg.3577|LBJ_2784	lbj:LBJ_2784	99.8	486	1	0	11	496	1	486	0.0	944
fig|355277.4.peg.3578|LBJ_2785	mmt:Metme_1460	23.3	266	166	8	6	255	7	250	1.63e-06	54.3
fig|355277.4.peg.3582|LBJ_2789	lbj:LBJ_2789	100	531	0	0	1	531	1	531	0.0	1088
fig|355277.4.peg.3587|LBJ_2793	lbj:LBJ_2793	100	178	0	0	1	178	1	178	1.62e-125	355
fig|355277.4.peg.3588|LBJ_2794	lbj:LBJ_2794	100	501	0	0	1	501	34	534	0.0	991
fig|355277.4.peg.3589|LBJ_2795	lbj:LBJ_2795	100	333	0	0	1	333	1	333	1.13e-250	684
fig|355277.4.peg.3592|LBJ_2798	lbj:LBJ_2798	100	317	0	0	1	317	1	317	8.55e-222	610
fig|355277.4.peg.3593|LBJ_2799	lbj:LBJ_2799	100	237	0	0	1	237	53	289	3.67e-161	452
fig|355277.4.peg.3594|LBJ_2800	lbj:LBJ_2800	100	488	0	0	1	488	1	488	0.0	979
fig|355277.4.peg.3596|LBJ_2802	csn:Cyast_1025	34.0	106	60	5	11	115	35	131	4.17e-05	47.0
fig|355277.4.peg.3597|LBJ_2803	mic:Mic7113_6168	25.9	355	210	10	29	347	451	788	5.90e-15	84.3
fig|355277.4.peg.3601	reh:H16_A3737	33.5	164	107	2	4	166	26	188	1.73e-25	107
fig|355277.4.peg.3602	halr:EFA46_011170	27.3	348	210	12	1	334	218	536	8.72e-13	75.1
fig|355277.4.peg.3604|LBJ_2808	lbj:LBJ_2808	100	399	0	0	1	399	1	399	2.20e-295	803
fig|355277.4.peg.3612|LBJ_2815	lbj:LBJ_2815	100	521	0	0	1	521	1	521	0.0	1033
fig|355277.4.peg.3622|LBJ_2822	cthe:Chro_2389	27.1	451	321	5	16	458	2	452	1.15e-47	175
fig|355277.4.peg.3627|LBJ_2826	lbj:LBJ_2826	100	344	0	0	1	344	1	344	3.47e-246	674
fig|355277.4.peg.3629|LBJ_2827	lbj:LBJ_2827	99.5	191	1	0	1	191	77	267	2.33e-119	343
fig|355277.4.peg.3630|LBJ_2828	lbj:LBJ_2828	100	194	0	0	1	194	1	194	5.35e-141	395
fig|355277.4.peg.3639|LBJ_2835	hmo:HM1_1592	49.5	101	50	1	180	279	486	586	7.50e-19	92.4
fig|355277.4.peg.3640	lbl:LBL_0235	97.8	223	5	0	1	223	20	242	4.23e-152	432
fig|355277.4.peg.3641	lbl:LBL_0235	99.2	122	1	0	1	122	238	359	9.11e-82	248
fig|355277.4.peg.3642|LBJ_2837	lbj:LBJ_2837	100	560	0	0	1	560	1	560	0.0	1121
fig|355277.4.peg.3643|LBJ_2838	lbj:LBJ_2838	100	202	0	0	1	202	1	202	8.11e-140	393
fig|355277.4.peg.3644|LBJ_2839	lbj:LBJ_2839	100	277	0	0	1	277	1	277	4.88e-201	554
fig|355277.4.peg.3645|LBJ_2840	lbj:LBJ_2840	100	416	0	0	1	416	1	416	9.05e-299	813
fig|355277.4.peg.3646|LBJ_2841	lbj:LBJ_2841	100	301	0	0	1	301	5	305	1.85e-218	600
fig|355277.4.peg.3647|LBJ_2842	lbj:LBJ_2842	100	245	0	0	1	245	1	245	5.69e-184	508
fig|355277.4.peg.3650|LBJ_2844	lbj:LBJ_2844	100	196	0	0	1	196	1	196	1.99e-128	364
fig|355277.4.peg.3651	sen:SACE_4756	41.6	101	35	5	78	174	133	213	5.96e-06	53.9
fig|355277.4.peg.3653|LBJ_2846	hyf:DTO96_101282	36.8	106	66	1	319	424	1149	1253	8.17e-08	61.2
fig|355277.4.peg.3654|LBJ_2847	amo:Anamo_1411	38.9	95	57	1	13	107	198	291	2.34e-11	64.3
fig|355277.4.peg.3657|LBJ_2850	lbj:LBJ_2850	100	424	0	0	1	424	1	424	0.0	879
fig|355277.4.peg.3661|LBJ_2852	lbj:LBJ_2852	100	429	0	0	1	429	1	429	5.27e-300	817
fig|355277.4.peg.3663|LBJ_2854	asx:CDL62_16245	28.1	178	115	5	400	576	220	385	3.99e-07	59.3
fig|355277.4.peg.3666|LBJ_2856	htr:EPV75_06100	30.2	86	58	1	5	88	128	213	6.43e-04	44.3
fig|355277.4.peg.3667|LBJ_2857	kal:KALB_1452	32.3	232	146	5	368	596	326	549	1.06e-23	111
fig|355277.4.peg.3668|LBJ_2858	lbj:LBJ_2858	100	192	0	0	1	192	1	192	7.31e-138	387
fig|355277.4.peg.3669|LBJ_2859	lbj:LBJ_2859	100	473	0	0	1	473	1	473	0.0	935
fig|355277.4.peg.3670|LBJ_2860	lbj:LBJ_2860	100	387	0	0	1	387	1	387	1.29e-281	767
fig|355277.4.peg.3674|LBJ_2862	lbj:LBJ_2862	100	393	0	0	1	393	1	393	2.57e-275	752
fig|355277.4.peg.3676|LBJ_2863	sus:Acid_0755	46.7	107	47	3	10	111	287	388	1.15e-24	101
fig|355277.4.peg.3677|LBJ_2864	kal:KALB_1452	24.9	193	128	5	346	522	343	534	2.61e-09	66.6
fig|355277.4.peg.3689|LBJ_2872	lbj:LBJ_2872	100	546	0	0	1	546	1	546	0.0	1107
fig|355277.4.peg.3690|LBJ_2873	hhy:Halhy_4875	35.5	141	83	2	531	664	354	493	6.02e-16	87.4
fig|355277.4.peg.3691|LBJ_2874	bpsa:BBU_1201	29.0	241	139	5	325	541	20	252	5.90e-08	62.0
fig|355277.4.peg.3692|LBJ_2875	lbj:LBJ_2875	100	196	0	0	1	196	1	196	2.97e-139	391
fig|355277.4.peg.3695	lbl:LBL_0185	97.4	500	12	1	1	500	1	499	0.0	978
fig|355277.4.peg.3697|LBJ_2879	afs:AFR_33235	33.8	65	43	0	2	66	317	381	6.05e-07	50.1
fig|355277.4.peg.3702|LBJ_2883	lbj:LBJ_2883	100	137	0	0	1	137	1	137	2.61e-93	270
fig|355277.4.peg.3703|LBJ_2884	lbj:LBJ_2884	100	160	0	0	1	160	1	160	4.98e-109	312
fig|355277.4.peg.3704|LBJ_2885	lbj:LBJ_2885	100	403	0	0	1	403	1	403	1.22e-294	801
fig|355277.4.peg.3708|LBJ_2887	lkm:EFP84_19320	24.8	326	236	6	21	340	36	358	1.70e-24	112
fig|355277.4.peg.3711|LBJ_2889	kal:KALB_1452	35.1	188	116	4	3	187	351	535	2.09e-18	90.9
fig|355277.4.peg.3716|LBJ_2894	pel:SAR11G3_00761	30.0	463	287	9	2	449	10	450	5.68e-54	192
fig|355277.4.peg.3717|LBJ_2895	lbj:LBJ_2895	100	341	0	0	1	341	1	341	3.49e-249	681
fig|355277.4.peg.3726|LBJ_2901	lbj:LBJ_2901	100	421	0	0	1	421	1	421	9.58e-308	836
fig|355277.4.peg.3727|LBJ_2902	vcp:H9L18_12175	34.6	327	194	7	46	366	79	391	3.58e-47	178
fig|355277.4.peg.3730|LBJ_2905	syf:Synpcc7942_2454	30.3	267	183	2	81	346	157	421	7.46e-35	137
fig|355277.4.peg.3732|LBJ_2907	lagg:B0E33_10030	27.7	224	147	5	24	247	20	228	8.16e-17	87.4
fig|355277.4.peg.3733|LBJ_2908	pth:PTH_0951	29.1	220	146	4	26	243	24	235	3.23e-18	91.3
fig|355277.4.peg.3740|LBJ_2913	mhi:Mhar_1198	23.9	247	157	10	12	251	3	225	2.90e-05	53.5
fig|355277.4.peg.3741|LBJ_2914	lbj:LBJ_2914	100	333	0	0	1	333	1	333	1.16e-243	667
fig|355277.4.peg.3742|LBJ_2915	scot:HBA18_16695	48.9	90	46	0	628	717	481	570	2.93e-12	76.6
fig|355277.4.peg.3744	lmay:DPV73_05970	93.5	368	24	0	1	368	153	520	1.55e-252	698
fig|355277.4.peg.3745	lwl:FHG68_18935	91.0	100	9	0	1	100	1	100	7.24e-56	184
fig|355277.4.peg.3747	lmay:DPV73_05960	76.3	59	14	0	3	61	404	462	4.86e-20	87.8
fig|355277.4.peg.3748|LBJ_2918	lbj:LBJ_2918	100	442	0	0	1	442	1	442	0.0	912
fig|355277.4.peg.3749|LBJ_2919	hhy:Halhy_3688	33.6	247	156	4	23	268	30	269	8.11e-40	144
fig|355277.4.peg.3750|LBJ_2920	lbj:LBJ_2920	100	287	0	0	1	287	1	287	2.63e-210	578
fig|355277.4.peg.3751|LBJ_2921	scot:HBA18_16695	48.9	90	46	0	227	316	481	570	4.05e-13	77.4
fig|355277.4.peg.3752|LBJ_2922	tbz:BK011_03200	56.9	72	27	1	189	256	671	742	3.69e-16	84.3
fig|355277.4.peg.3753|LBJ_2923	tmg:US01_C0001G0121	34.1	91	42	4	39	111	229	319	1.79e-04	46.6
fig|355277.4.peg.3754|LBJ_2924	tth:TT_C0815	28.3	226	139	8	63	286	51	255	4.48e-13	73.6
fig|355277.4.peg.3756|LBJ_2925	kal:KALB_1452	44.4	63	34	1	12	73	326	388	1.79e-05	53.1
fig|355277.4.peg.3757	kal:KALB_1452	35.7	129	80	1	22	150	438	563	1.80e-17	86.3
fig|355277.4.peg.3759|LBJ_2928	lbj:LBJ_2928	100	374	0	0	1	374	11	384	8.74e-269	734
fig|355277.4.peg.3764|LBJ_2933	lbj:LBJ_2933	100	177	0	0	1	177	1	177	3.03e-125	354
fig|355277.4.peg.3768|LBJ_2936	txy:Thexy_2067	29.2	233	156	5	152	380	155	382	3.73e-17	88.2
fig|355277.4.peg.3770|LBJ_2937	lbj:LBJ_2937	100	183	0	0	1	183	1	183	1.05e-128	363
fig|355277.4.peg.3771|LBJ_2938	lbj:LBJ_2938	100	654	0	0	18	671	1	654	0.0	1347
fig|355277.4.peg.3781|LBJ_2947	hut:Huta_2227	25.7	350	252	5	109	455	12	356	5.83e-25	112
fig|355277.4.peg.3782|LBJ_2948	tsc:TSC_c14200	34.3	213	118	8	52	252	48	250	3.14e-19	90.1
fig|355277.4.peg.3786|LBJ_2951	seon:BWZ22_11605	33.9	118	73	2	416	528	467	584	1.83e-08	63.5
fig|355277.4.peg.3787|LBJ_2952	lbj:LBJ_2952	100	387	0	0	1	387	1	387	3.11e-273	746
fig|355277.4.peg.3788|LBJ_2953	agu:AS4_23290	28.7	321	186	10	500	779	300	618	5.33e-24	114
fig|355277.4.peg.3791|LBJ_2956	lbj:LBJ_2956	100	322	0	0	1	322	1	322	3.77e-223	614
fig|355277.4.peg.3792|LBJ_2957	thep:DYI95_005460	34.8	115	67	2	28	137	33	144	1.51e-05	49.3
fig|355277.4.peg.3793|LBJ_2958	lbj:LBJ_2958	99.3	142	1	0	1	142	20	161	1.26e-102	295
fig|355277.4.peg.3794|LBJ_2959	sld:T261_0279	31.3	128	79	4	20	145	30	150	4.78e-08	59.7
fig|355277.4.peg.3798	malk:MalAC0309_0109	56.6	76	31	2	1	75	135	209	1.90e-19	90.1
fig|355277.4.peg.3805|LBJ_2969	hmo:HM1_1592	44.3	97	49	2	240	333	500	594	7.21e-15	81.6
fig|355277.4.peg.3825|LBJ_2986	lbj:LBJ_2986	100	282	0	0	1	282	1	282	8.75e-202	556
fig|355277.4.peg.3827	lwl:FHG68_00150	94.9	475	24	0	1	475	184	658	0.0	949
fig|355277.4.peg.3828	lmay:DPV73_05325	95.4	152	7	0	1	152	1	152	6.31e-102	310
fig|355277.4.peg.3830|LBJ_2990	labt:FIU93_03270	33.1	130	63	3	35	162	40	147	1.58e-10	65.1
fig|355277.4.peg.3842|LBJ_2996	lbj:LBJ_2996	100	352	0	0	1	352	1	352	6.44e-214	593
fig|355277.4.peg.3843|LBJ_2997	azr:CJ010_18915	34.5	307	171	10	7	310	138	417	9.77e-38	144
fig|355277.4.peg.3846|LBJ_2999	lil:LA_4330	80.7	150	29	0	6	155	52	201	1.54e-81	244
fig|355277.4.peg.3847|LBJ_3001	lbj:LBJ_3001	100	487	0	0	1	487	1	487	0.0	942
fig|355277.4.peg.3848|LBJ_3002	mesp:C1M53_11155	32.7	110	71	1	3	109	603	712	4.34e-10	61.2
fig|355277.4.peg.3851|LBJ_3005	sri:SELR_07540	26.1	264	178	7	3	264	14	262	1.88e-14	77.0
fig|355277.4.peg.3852|LBJ_3006	hhy:Halhy_4875	37.8	111	69	0	283	393	383	493	1.46e-14	81.3
fig|355277.4.peg.3855|LBJ_3009	lbj:LBJ_3009	100	247	0	0	1	247	1	247	2.20e-173	482
fig|355277.4.peg.3858|LBJ_3012	ptp:RCA23_c30470	27.4	179	118	4	27	193	3	181	6.89e-06	52.0
fig|355277.4.peg.3861|LBJ_3015	whe:EFA59_08055	26.1	422	210	16	54	435	10	369	2.70e-22	104
fig|355277.4.peg.3869|LBJ_4000	thn:NK55_08865	57.5	40	17	0	10	49	8	47	5.37e-04	46.6
fig|355277.4.peg.3870|LBJ_4001	bcw:Q7M_741	35.6	87	49	2	50	135	24	104	1.51e-05	52.4
fig|355277.4.peg.3873|LBJ_4004	lbj:LBJ_4004	100	290	0	0	1	290	1	290	1.47e-213	587
fig|355277.4.peg.3874|LBJ_4005	lmay:DPV73_19225	95.6	274	12	0	1	274	1	274	4.85e-195	539
fig|355277.4.peg.3875|LBJ_4006	bag:Bcoa_0368	31.9	276	173	7	7	280	3	265	1.83e-25	107
fig|355277.4.peg.3876|LBJ_4008	lbj:LBJ_4008	100	291	0	0	1	291	1	291	3.08e-211	581
fig|355277.4.peg.3877|LBJ_4009	lbj:LBJ_4009	100	542	0	0	1	542	1	542	0.0	1071
fig|355277.4.peg.3878|LBJ_4010	lbj:LBJ_4010	100	317	0	0	1	317	1	317	4.12e-229	629
fig|355277.4.peg.3879|LBJ_4011	lbj:LBJ_4011	100	441	0	0	1	441	1	441	3.38e-317	862
fig|355277.4.peg.3880|LBJ_4012	kit:CFP65_1165	21.7	226	148	7	86	284	121	344	4.56e-05	51.2
fig|355277.4.peg.3881|LBJ_4013	acy:Anacy_4400	36.7	150	89	2	2	149	30	175	4.09e-19	91.3
fig|355277.4.peg.3882|LBJ_4014	lbj:LBJ_4014	100	340	0	0	1	340	1	340	2.88e-252	689
fig|355277.4.peg.3883|LBJ_4015	lbj:LBJ_4015	100	449	0	0	1	449	1	449	0.0	897
fig|355277.4.peg.3885|LBJ_4017	lbj:LBJ_4017	100	433	0	0	1	433	1	433	3.79e-311	846
fig|355277.4.peg.3886|LBJ_4018	lbj:LBJ_4018	100	303	0	0	1	303	64	366	9.75e-227	624
fig|355277.4.peg.3899|LBJ_4028	pbs:Plabr_3906	28.4	109	75	2	8	114	32	139	2.63e-07	53.5
fig|355277.4.peg.3900|LBJ_4029	phc:BBI08_16515	37.2	188	116	1	2	189	7	192	9.48e-26	106
fig|355277.4.peg.3901|LBJ_4030	lyj:FKV23_08795	36.4	162	100	2	14	174	256	415	5.99e-21	94.4
fig|355277.4.peg.3902|LBJ_4031	mari:ACP86_20995	25.0	376	258	11	7	375	10	368	3.41e-12	74.7
fig|355277.4.peg.3905|LBJ_4033	shv:AAT16_01780	34.8	187	118	2	30	212	6	192	5.16e-25	105
fig|355277.4.peg.3918|LBJ_4042	mka:MK0192	32.6	350	148	13	65	361	27	341	7.43e-23	106
fig|355277.4.peg.3932|LBJ_4055	bsed:DN745_03505	28.2	291	174	11	12	279	7	285	6.62e-15	79.3
fig|355277.4.peg.3940|LBJ_4058	lbj:LBJ_4058	100	270	0	0	1	270	1	270	3.74e-206	566
fig|355277.4.peg.3947|LBJ_4062	lbj:LBJ_4062	100	670	0	0	1	670	1	670	0.0	1313
fig|355277.4.peg.3953|LBJ_4068	tjr:TherJR_0424	42.0	169	94	2	314	478	167	335	3.34e-33	134
fig|355277.4.peg.3954|LBJ_4069	oxy:HCG48_22930	42.6	115	62	1	1	111	43	157	1.54e-21	104
fig|355277.4.peg.3964|LBJ_4076	pof:GS400_07980	37.7	61	35	1	185	245	215	272	1.47e-04	50.8
fig|355277.4.peg.3967	lmay:DPV73_18710	99.1	109	1	0	1	109	13	121	3.30e-57	195
fig|355277.4.peg.3968	lmay:DPV73_18710	93.3	792	53	0	1	792	188	979	0.0	1415
fig|355277.4.peg.3972|LBJ_4082	gsk:KN400_2489	32.2	233	146	5	173	397	33	261	7.73e-30	123
fig|355277.4.peg.3978|LBJ_4085	tvu:AB849_002275	31.0	252	162	4	16	260	5	251	9.00e-35	130
fig|355277.4.peg.3982|LBJ_4088	bbar:RHAL1_02630	29.0	283	176	7	17	287	14	283	1.73e-27	118
fig|355277.4.peg.3983|LBJ_4089	lbj:LBJ_4089	100	436	0	0	1	436	1	436	0.0	867
fig|355277.4.peg.3984|LBJ_4090	nth:Nther_0884	41.5	53	31	0	3	55	110	162	3.35e-05	46.6
fig|355277.4.peg.3985|LBJ_4091	lbj:LBJ_4091	100	1247	0	0	1	1247	1	1247	0.0	2458
fig|355277.4.peg.3988|LBJ_4094	lbj:LBJ_4094	99.8	411	1	0	1	411	34	444	5.12e-306	832
fig|355277.4.peg.3989|LBJ_4095	shd:SUTH_02109	27.8	324	220	9	8	325	28	343	2.19e-26	120
fig|355277.4.peg.3990|LBJ_4096	lbj:LBJ_4096	100	291	0	0	1	291	1	291	2.23e-204	564
fig|355277.4.peg.3991|LBJ_4097	lst:LSS_07604	88.8	251	28	0	1	251	2	252	7.70e-158	443
fig|355277.4.peg.3998|LBJ_4101	srub:C2R22_24295	26.1	157	109	1	108	264	35	184	1.67e-10	67.0
fig|355277.4.peg.3999	lil:LB_121	90.2	61	6	0	1	61	1	61	1.89e-31	114
fig|355277.4.peg.4000	lwl:FHG68_20070	93.5	201	9	1	1	197	68	268	3.55e-125	358
fig|355277.4.peg.4004|LBJ_4105	lbj:LBJ_4105	100	179	0	0	1	179	1	179	1.01e-124	353
fig|355277.4.peg.4005|LBJ_4106	dsf:UWK_03168	29.6	196	132	3	10	203	11	202	1.57e-19	94.0
fig|355277.4.peg.4008|LBJ_4109	lil:LA_3843	29.6	389	261	7	42	424	26	407	3.53e-43	172
fig|355277.4.peg.4012|LBJ_4113	lbj:LBJ_4113	100	472	0	0	1	472	1	472	0.0	932
fig|355277.4.peg.4014|LBJ_4115	rix:RO1_41120	27.5	178	114	7	407	579	1126	1293	4.17e-09	67.0
fig|355277.4.peg.4017|LBJ_4118	paeu:BN889_03330	28.3	113	76	2	7	114	8	120	3.77e-05	47.8
fig|355277.4.peg.4026|LBJ_4126	lbj:LBJ_4126	100	732	0	0	1	732	1	732	0.0	1433
fig|355277.4.peg.4027|LBJ_4127	lbj:LBJ_4127	100	626	0	0	1	626	1	626	0.0	1226
fig|355277.4.peg.4029|LBJ_4129	vhl:BME96_17885	35.7	213	115	8	2	205	6	205	8.52e-25	102
fig|355277.4.peg.4031|LBJ_4131	lbj:LBJ_4131	100	385	0	0	1	385	1	385	2.74e-291	791
fig|355277.4.peg.4050|LBJ_4143	lbj:LBJ_4143	100	244	0	0	1	244	1	244	6.14e-183	506
fig|355277.4.peg.4053|LBJ_4146	een:BBD30_05545	53.3	105	49	0	8	112	4	108	4.43e-31	120
fig|355277.4.peg.4060|LBJ_4153	atm:ANT_31460	28.9	211	133	7	147	355	165	360	2.42e-10	67.8
fig|355277.4.peg.4062|LBJ_4155	psf:PSE_3210	35.6	368	205	8	1	346	1	358	6.17e-54	194
fig|355277.4.peg.4084|LBJ_4170	lbj:LBJ_4170	100	177	0	0	1	177	1	177	1.69e-122	347
fig|355277.4.peg.4085|LBJ_4171	tbz:BK011_09960	27.0	215	130	7	86	290	209	406	1.33e-07	58.5
fig|355277.4.peg.4088|LBJ_4174	mib:UY43_C0001G0711	42.3	281	147	6	272	548	6	275	1.95e-55	197
fig|355277.4.peg.4093|LBJ_4177	lbj:LBJ_4177	100	397	0	0	1	397	1	397	7.33e-293	796
fig|355277.4.peg.4095|LBJ_4179	samy:DB32_005349	26.1	238	164	7	5	237	127	357	9.80e-12	70.1
fig|355277.4.peg.4096|LBJ_4180	lbj:LBJ_4180	100	369	0	0	1	369	1	369	2.07e-262	717
fig|355277.4.peg.4097|LBJ_4181	lbj:LBJ_4181	100	223	0	0	1	223	1	223	1.09e-152	427
fig|355277.4.peg.4098|LBJ_4182	lbj:LBJ_4182	100	413	0	0	1	413	1	413	3.70e-301	819
fig|355277.4.peg.4099|LBJ_4183	lbj:LBJ_4183	100	254	0	0	1	254	1	254	3.82e-182	504
fig|355277.4.peg.4100|LBJ_4184	lbj:LBJ_4184	100	394	0	0	1	394	1	394	2.08e-286	780
fig|355277.4.peg.4101|LBJ_4185	lbj:LBJ_4185	100	476	0	0	1	476	1	476	0.0	926
fig|355277.4.peg.4102|LBJ_4186	lbj:LBJ_4186	100	254	0	0	1	254	1	254	2.38e-176	490
fig|355277.4.peg.4103|LBJ_4187	lbj:LBJ_4187	99.4	167	1	0	1	167	12	178	9.53e-122	345
fig|355277.4.peg.4104|LBJ_4188	lbj:LBJ_4188	100	459	0	0	1	459	1	459	0.0	920
fig|355277.4.peg.4105|LBJ_4189	fnf:BSQ88_02390	29.8	218	132	6	15	214	18	232	2.38e-16	82.4
fig|355277.4.peg.4107|LBJ_4190	lbj:LBJ_4190	100	190	0	0	1	190	1	190	8.56e-136	382
fig|355277.4.peg.4108|LBJ_4191	lst:LSS_07129	84.1	864	137	0	1	864	1	864	0.0	1468
fig|355277.4.peg.4109|LBJ_4192	lbj:LBJ_4192	99.6	255	1	0	1	255	68	322	1.37e-180	503
fig|355277.4.peg.4110|LBJ_4193	lie:LIF_B121	55.6	243	70	1	1	243	1	205	1.31e-88	266
fig|355277.4.peg.4130|LBJ_4208	dth:DICTH_1476	29.8	104	51	5	58	154	61	149	1.83e-05	54.3
fig|355277.4.peg.4131|LBJ_4209	rgn:RGna_12855	29.2	202	126	4	5	190	13	213	1.41e-16	85.9
fig|355277.4.peg.4134	tfr:BR63_10070	44.9	78	43	0	7	84	12	89	4.78e-13	68.6
fig|355277.4.peg.4135	ial:IALB_2182	59.7	290	110	2	2	284	164	453	9.23e-113	338
fig|355277.4.peg.4137|LBJ_4212	ant:Arnit_0892	25.6	246	153	12	11	247	9	233	4.58e-07	55.5
fig|355277.4.peg.4138	mfv:Mfer_1106	36.9	84	51	2	137	218	144	227	1.87e-04	48.1
fig|355277.4.peg.4139	mol:YLM1_0399	43.9	132	66	3	2	130	226	352	2.92e-24	102
fig|355277.4.peg.4140	nwa:Nwat_2963	39.4	99	60	0	6	104	394	492	2.16e-15	77.8
fig|355277.4.peg.4144|LBJ_4217	ock:EXM22_00360	29.3	215	134	5	10	211	11	220	1.63e-21	94.7
fig|355277.4.peg.4145|LBJ_4218	lbj:LBJ_4218	100	250	0	0	1	250	1	250	1.69e-183	508
fig|355277.4.peg.4146|LBJ_4219	lbj:LBJ_4219	100	177	0	0	1	177	1	177	6.37e-127	358
fig|355277.4.peg.4149|LBJ_4221	theu:HPC62_18380	34.1	126	77	3	20	144	73	193	4.41e-11	69.7
fig|355277.4.peg.4150|LBJ_4222	lbj:LBJ_4222	100	370	0	0	1	370	1	370	1.55e-278	758
fig|355277.4.peg.4155|LBJ_4227	lbj:LBJ_4227	100	271	0	0	1	271	1	271	1.02e-199	550
fig|355277.4.peg.4156|LBJ_4228	lbj:LBJ_4228	100	280	0	0	1	280	1	280	4.75e-214	587
fig|355277.4.peg.4157|LBJ_4229	dto:TOL2_C19140	54.9	113	51	0	175	287	165	277	8.09e-38	140
fig|355277.4.peg.4158|LBJ_4230	lil:LB_312a	98.6	72	1	0	1	72	54	125	1.10e-47	152
fig|355277.4.peg.4162|LBJ_4232	lbj:LBJ_4232	100	379	0	0	1	379	1	379	1.01e-274	749
fig|355277.4.peg.4163|LBJ_4233	ral:Rumal_1773	30.5	131	73	5	126	256	333	445	5.78e-04	48.1
fig|355277.4.peg.4168|LBJ_4237	rhl:LPU83_pLPU83d0820	28.4	229	158	3	538	761	558	785	2.86e-22	109
fig|355277.4.peg.4169|LBJ_4238	cpo:COPRO5265_1143	41.2	85	45	2	86	165	210	294	1.26e-06	53.9
fig|355277.4.peg.4170|LBJ_4239	lis:LIL_20263	78.0	173	36	1	2	174	13	183	7.24e-78	253
fig|355277.4.peg.4171|LBJ_4240	lbj:LBJ_4240	100	755	0	0	1	755	1	755	0.0	1501
fig|355277.4.peg.4172|LBJ_4241	hyf:DTO96_101282	29.0	100	71	0	273	372	1154	1253	2.14e-05	53.1
fig|355277.4.peg.4173|LBJ_4242	mef:MSWH1_2637	31.1	325	201	10	1	308	183	501	6.45e-37	143
fig|355277.4.peg.4176|LBJ_4245	tjr:TherJR_1765	39.0	118	70	1	4	119	8	125	4.12e-22	97.8
fig|355277.4.peg.4179|LBJ_4246	lbj:LBJ_4246	100	100	0	0	1	100	1	100	2.40e-67	202
fig|355277.4.peg.4186	lic:LIC_12677	81.6	38	7	0	1	38	1	38	7.22e-14	68.2
fig|355277.4.peg.4187|LBJ_4253	lbj:LBJ_4253	100	484	0	0	1	484	1	484	0.0	934
fig|355277.4.peg.4189|LBJ_4255	lbj:LBJ_4255	100	349	0	0	1	349	1	349	7.70e-257	701
