reaction	linear_coefficient
rxn05918_c	[0.06096993743177784, 0.07325241771249075, 0.07174822719297895, 0.034161661828333814]
rxn00297_c	[0.06943953193565224, 0.07602271148963029, 0.08043702797384818, 0.05771587659605649]
rxn32155_c	[0.002198036350743006, 0.0030676270397185946, 0.0041994643128234034, 0.0016247851520927823]
rxn31412_c	[0.002198036350743006, 0.0030676270397185946, 0.0041994643128234034, 0.0016247851520927823]
rxn35692_c	[0.002198036350743006, 0.0030676270397185946, 0.0041994643128234034, 0.0016247851520927823]
rxn31441_c	[0.002198036350743006, 0.0030676270397185946, 0.0041994643128234034, 0.0016247851520927823]
rxn35691_c	[0.002198036350743006, 0.0030676270397185946, 0.0041994643128234034, 0.0016247851520927823]
rxn27956_c	[0.002198036350743006, 0.0030676270397185946, 0.0041994643128234034, 0.0016247851520927823]
rxn31439_c	[0.002198036350743006, 0.0030676270397185946, 0.0041994643128234034, 0.0016247851520927823]
rxn31451_c	[0.002198036350743006, 0.0030676270397185946, 0.0041994643128234034, 0.0016247851520927823]
rxn35693_c	[0.002198036350743006, 0.0030676270397185946, 0.0041994643128234034, 0.0016247851520927823]
rxn35429_c	[0.004548912394115266, 0.005452488641539171, 0.006203752100554981, 0.002577929342381219]
rxn35443_c	[0.004548912394115266, 0.005452488641539171, 0.006203752100554981, 0.002577929342381219]
rxn31257_c	[0.02496610981106714, 0.022038117055026365, 0.02465812528676149, 0.02234122970948297]
rxn38489_c	[0.017806135743333805, 0.019785747760013177, 0.02100136618568794, 0.01591472721957506]
rxn31255_c	[0.02496610981106714, 0.022038117055026365, 0.02465812528676149, 0.02234122970948297]
rxn31254_c	[0.02496610981106714, 0.022038117055026365, 0.02465812528676149, 0.02234122970948297]
rxn38492_c	[0.02496610981106714, 0.022038117055026365, 0.02465812528676149, 0.02234122970948297]
rxn07573_c	[0.02496610981106714, 0.022038117055026365, 0.02465812528676149, 0.02234122970948297]
rxn31256_c	[0.02496610981106714, 0.022038117055026365, 0.02465812528676149, 0.02234122970948297]
rxn38484_c	[0.02496610981106714, 0.022038117055026365, 0.02465812528676149, 0.02234122970948297]
rxn03491_c	[0.23586867430439637, 0.24756412023895102, 0.235865281452052, 0.21936046634850606]
rxn13947_c	[0.015390852136737273, 0.014269249715762366, 0.016918162875280012, 0.01832647085073443]
rxn16611_c	[0.015390852136737273, 0.014269249715762366, 0.016918162875280012, 0.01832647085073443]
rxn03126_c	[0.00463478914453568, 0.0053922648639907235, 0.006416974205222172, 0.005090764026002158]
rxn35449_c	[0.025763025126124047, 0.02696218532976661, 0.029669855918720626, 0.023305097533288643]
rxn33067_c	[0.013673317128329003, 0.013956086068876423, 0.017046096142905302, 0.01591472721957506]
rxn33490_c	[0.0012963304713286643, 0.001200689927457589, 0.0013955936313836154, 0.0011482130569485636]
rxn03372_c	[0.0012963304713286643, 0.001200689927457589, 0.0013955936313836154, 0.0011482130569485636]
rxn27688_c	[0.0012963304713286643, 0.001200689927457589, 0.0013955936313836154, 0.0011482130569485636]
rxn23129_c	[0.0012963304713286643, 0.001200689927457589, 0.0013955936313836154, 0.0011482130569485636]
rxn38696_c	[0.03191139199865984, 0.03814195524399642, 0.035990880175153825, 0.032594750545958534]
rxn32682_c	[0.019469997777617307, 0.016425260962403293, 0.015159080512981926, 0.023048867063522938]
rxn14089_c	[0.019469997777617307, 0.016425260962403293, 0.015159080512981926, 0.021315877627301083]
rxn38034_c	[0.019469997777617307, 0.016425260962403293, 0.015159080512981926, 0.021315877627301083]
rxn11834_c	[0.019469997777617307, 0.016425260962403293, 0.015159080512981926, 0.023048867063522938]
rxn11838_c	[0.019469997777617307, 0.016425260962403293, 0.015159080512981926, 0.023048867063522938]
rxn31891_c	[0.019469997777617307, 0.016425260962403293, 0.015159080512981926, 0.021315877627301083]
rxn05871_c	[0.019469997777617307, 0.016425260962403293, 0.015159080512981926, 0.021315877627301083]
rxn38318_c	[0.019469997777617307, 0.016425260962403293, 0.015159080512981926, 0.021315877627301083]
rxn11809_c	[0.019469997777617307, 0.016425260962403293, 0.015159080512981926, 0.023048867063522938]
rxn03282_c	[0.019469997777617307, 0.016425260962403293, 0.015159080512981926, 0.023048867063522938]
rxn04726_c	[0.019469997777617307, 0.016425260962403293, 0.015159080512981926, 0.021315877627301083]
rxn32074_c	[0.019469997777617307, 0.016425260962403293, 0.015159080512981926, 0.023048867063522938]
rxn37546_c	[0.025763025126124047, 0.02696218532976661, 0.029669855918720626, 0.023305097533288643]
rxn03901_c	[0.026565564289487666, 0.028807269678561825, 0.029669855918720626, 0.023305097533288643]
rxn02008_c	[0.11778814243543176, 0.13546358019341434, 0.13737799109156498, 0.11081034043410487]
rxn37906_c	[0.21457124015433024, 0.2035044043819929, 0.20228279985840744, 0.16633821032760204]
rxn35246_c	[0.025763025126124047, 0.02696218532976661, 0.029669855918720626, 0.023305097533288643]
rxn32777_c	[0.025763025126124047, 0.02696218532976661, 0.029669855918720626, 0.023305097533288643]
rxn31528_c	[0.021692058700266477, 0.019568942161499493, 0.020372360975713485, 0.023305097533288643]
rxn31098_c	[0.015176160256596632, 0.019568942161499493, 0.02317623165811827, 0.01954678424586534]
rxn01990_c	[0.07825263345593085, 0.08962124056132667, 0.08416841480793649, 0.06543490037885143]
rxn02346_c	[0.07825263345593085, 0.08962124056132667, 0.08416841480793649, 0.06543490037885143]
rxn15053_c	[0.025763025126124047, 0.02696218532976661, 0.029669855918720626, 0.023305097533288643]
rxn33432_c	[0.025763025126124047, 0.02696218532976661, 0.029669855918720626, 0.023305097533288643]
rxn00196_c	[0.025763025126124047, 0.02696218532976661, 0.029669855918720626, 0.023305097533288643]
rxn33696_c	[0.025763025126124047, 0.02696218532976661, 0.029669855918720626, 0.023305097533288643]
rxn31895_c	[0.025763025126124047, 0.02696218532976661, 0.029669855918720626, 0.023305097533288643]
rxn33132_c	[0.025763025126124047, 0.02696218532976661, 0.029669855918720626, 0.023305097533288643]
rxn32139_c	[0.025763025126124047, 0.02696218532976661, 0.029669855918720626, 0.023305097533288643]
rxn31362_c	[0.025763025126124047, 0.02696218532976661, 0.029669855918720626, 0.023305097533288643]
rxn32516_c	[0.025763025126124047, 0.02696218532976661, 0.029669855918720626, 0.023305097533288643]
rxn32956_c	[0.025763025126124047, 0.02696218532976661, 0.029669855918720626, 0.023305097533288643]
rxn32720_c	[0.025763025126124047, 0.02696218532976661, 0.029669855918720626, 0.023305097533288643]
rxn06890_c	[0.025763025126124047, 0.02696218532976661, 0.029669855918720626, 0.023305097533288643]
rxn04234_c	[0.025763025126124047, 0.02696218532976661, 0.029669855918720626, 0.023305097533288643]
rxn31901_c	[0.025763025126124047, 0.02696218532976661, 0.029669855918720626, 0.023305097533288643]
rxn03598_c	[0.025763025126124047, 0.02696218532976661, 0.029669855918720626, 0.023305097533288643]
rxn33557_c	[0.025763025126124047, 0.02696218532976661, 0.029669855918720626, 0.023305097533288643]
rxn02122_c	[0.025763025126124047, 0.02696218532976661, 0.029669855918720626, 0.023305097533288643]
rxn30209_c	[0.025763025126124047, 0.02696218532976661, 0.029669855918720626, 0.023305097533288643]
rxn38233_c	[0.028143549571714912, 0.028120718617978352, 0.030073966759783074, 0.05422101456451033]
rxn37640_c	[0.07825263345593085, 0.09156044614338091, 0.09041582248192268, 0.07019340053685384]
rxn32752_c	[0.004548912394115266, 0.0030676270397185946, 0.003058726050682692, 0.006484376364755255]
rxn32758_c	[0.004548912394115266, 0.0030676270397185946, 0.003058726050682692, 0.006484376364755255]
rxn16213_c	[0.004548912394115266, 0.0030676270397185946, 0.003058726050682692, 0.006484376364755255]
rxn00988_c	[0.038341413690273426, 0.04091224902113596, 0.04190779359052458, 0.035187013910515694]
rxn06112_c	[0.00923992988930652, 0.010993076203251477, 0.012195293255695482, 0.008441210267165905]
rxn33884_c	[0.007168153281937878, 0.00875275166325243, 0.011331743728174625, 0.005336270862983463]
rxn31942_c	[0.11245304929163936, 0.11531270415451005, 0.11154613314370335, 0.08615856574507093]
rxn32204_c	[0.11245304929163936, 0.11531270415451005, 0.11154613314370335, 0.08615856574507093]
rxn16223_c	[0.013952416564332623, 0.015533949050061157, 0.01639576872487661, 0.01320693121860809]
rxn16221_c	[0.013952416564332623, 0.015533949050061157, 0.01639576872487661, 0.01320693121860809]
rxn32044_c	[0.009304337453348712, 0.010884673399865073, 0.011289099302416214, 0.009618198930971485]
rxn16742_c	[0.2901535151387492, 0.41921393181643557, 0.3106422736963477, 0.2755887527806184]
rxn13975_c	[0.008542181291118259, 0.008776841181539841, 0.010020427783265156, 0.005740635064768562]
rxn33387_c	[0.008542181291118259, 0.008776841181539841, 0.010020427783265156, 0.005740635064768562]
rxn14156_c	[0.008542181291118259, 0.008776841181539841, 0.010020427783265156, 0.005740635064768562]
rxn32196_c	[0.008542181291118259, 0.008776841181539841, 0.010020427783265156, 0.005740635064768562]
rxn14059_c	[0.008542181291118259, 0.008776841181539841, 0.010020427783265156, 0.005740635064768562]
rxn27543_c	[0.008542181291118259, 0.008776841181539841, 0.010020427783265156, 0.005740635064768562]
rxn33015_c	[0.008542181291118259, 0.008776841181539841, 0.010020427783265156, 0.005740635064768562]
rxn14278_c	[0.008542181291118259, 0.008776841181539841, 0.010020427783265156, 0.005740635064768562]
rxn13995_c	[0.008542181291118259, 0.008776841181539841, 0.010020427783265156, 0.005740635064768562]
rxn14248_c	[0.008542181291118259, 0.008776841181539841, 0.010020427783265156, 0.005740635064768562]
rxn01107_c	[0.03300632057101868, 0.031047594218560872, 0.03851756212390375, 0.035187013910515694]
rxn32924_c	[0.03300632057101868, 0.031047594218560872, 0.03851756212390375, 0.035187013910515694]
rxn02663_c	[0.03300632057101868, 0.031047594218560872, 0.03851756212390375, 0.035187013910515694]
rxn33182_c	[0.06508128685876857, 0.07602271148963029, 0.08416841480793649, 0.05713821344332086]
rxn37337_c	[0.002970927104526727, 0.00198359903889106, 0.002770876209140735, 0.0025273838168832687]
rxn26310_c	[0.002573747134445756, 0.0019956437947311143, 0.002770876209140735, 0.003141150908970113]
rxn27893_c	[0.01616374288888515, 0.016425260962403293, 0.017046096142905302, 0.019943927657874828]
rxn02986_c	[0.025763025126124047, 0.02803640532462023, 0.029669855918720626, 0.023305097533288643]
rxn16806_c	[0.025763025126124047, 0.02803640532462023, 0.029669855918720626, 0.023305097533288643]
rxn14250_c	[0.07359381973867109, 0.07523980238067456, 0.07905108428627396, 0.06448897697320877]
rxn06348_c	[0.027059355597452713, 0.02867477737340626, 0.031502554863465745, 0.02729469118776274]
rxn20026_c	[0.09344208370187752, 0.11519225660436863, 0.13500056460884466, 0.07506743335325107]
rxn05029_c	[0.058307758167109175, 0.07118071975920794, 0.06350719282949836, 0.05422101456451033]
rxn03535_c	[0.058307758167109175, 0.07118071975920794, 0.06350719282949836, 0.05422101456451033]
rxn08194_c	[0.058307758167109175, 0.07118071975920794, 0.06350719282949836, 0.05422101456451033]
rxn00615_c	[0.025763025126124047, 0.02696218532976661, 0.029669855918720626, 0.023305097533288643]
rxn20503_c	[0.11778814243543176, 0.10909761025336599, 0.1102028338529377, 0.1004196246541836]
rxn00407_c	[0.12271532094970243, 0.16050462699931575, 0.16897750705631745, 0.11187179649814236]
rxn32567_c	[0.12271532094970243, 0.16050462699931575, 0.16897750705631745, 0.11187179649814236]
rxn16151_c	[0.020715210666074596, 0.023387129674424148, 0.026950262917965012, 0.01591472721957506]
rxn04160_c	[0.07541870068714968, 0.08766999011688965, 0.07352863176333127, 0.0867362288538365]
rxn38811_c	[0.038341413690273426, 0.04091224902113596, 0.04190779359052458, 0.035187013910515694]
rxn32093_c	[0.038341413690273426, 0.04091224902113596, 0.04190779359052458, 0.035187013910515694]
rxn33327_c	[0.038341413690273426, 0.04091224902113596, 0.04190779359052458, 0.035187013910515694]
rxn32850_c	[0.038341413690273426, 0.04091224902113596, 0.04190779359052458, 0.035187013910515694]
rxn32210_c	[0.038341413690273426, 0.04091224902113596, 0.04190779359052458, 0.035187013910515694]
rxn33082_c	[0.038341413690273426, 0.04091224902113596, 0.04190779359052458, 0.035187013910515694]
rxn31834_c	[0.09610426295018774, 0.1089530732262328, 0.1102028338529377, 0.08949457042353864]
rxn35346_c	[0.025763025126124047, 0.02696218532976661, 0.029669855918720626, 0.023305097533288643]
rxn31870_c	[0.025763025126124047, 0.02696218532976661, 0.029669855918720626, 0.023305097533288643]
rxn28327_c	[0.025763025126124047, 0.02696218532976661, 0.029669855918720626, 0.023305097533288643]
rxn38087_c	[0.005042703709441605, 0.0051272802412909105, 0.006406313100230061, 0.004679179034441447]
rxn16800_c	[0.012234881555924353, 0.010234256604324029, 0.007483084730488119, 0.01748163850195034]
rxn30580_c	[0.1598462809943164, 0.1998307539787927, 0.1612801890512945, 0.15824370552777364]
rxn27110_c	[0.12699842390534333, 0.12958573946570276, 0.1612801890512945, 0.10636233426943136]
rxn30386_c	[0.017462628743287995, 0.015533949050061157, 0.020905416244618922, 0.01294698280867107]
rxn30418_c	[0.017462628743287995, 0.015533949050061157, 0.020905416244618922, 0.01294698280867107]
rxn19763_c	[0.006899788437487527, 0.007608499887354185, 0.009508694728203917, 0.005740635064768562]
rxn38078_c	[0.017462628743287995, 0.015533949050061157, 0.020905416244618922, 0.01294698280867107]
rxn17745_c	[0.008381162385102383, 0.007921663532588304, 0.009231505991654072, 0.007192013718062387]
rxn31329_c	[0.017462628743287995, 0.015533949050061157, 0.020905416244618922, 0.01294698280867107]
rxn32658_c	[0.025763025126124047, 0.02443502341020926, 0.02784579576239219, 0.023305097533288643]
rxn33497_c	[0.025763025126124047, 0.02443502341020926, 0.02784579576239219, 0.023305097533288643]
rxn38344_c	[0.025763025126124047, 0.02443502341020926, 0.02784579576239219, 0.023305097533288643]
rxn03599_c	[0.06188237790192752, 0.07014487077843698, 0.07457342008343797, 0.05422101456451033]
rxn33281_c	[0.07523621259311973, 0.07953978011894226, 0.09041582248192268, 0.06693682455691037]
rxn30979_c	[0.07523621259311973, 0.07953978011894226, 0.09041582248192268, 0.06693682455691037]
rxn33994_c	[0.07523621259311973, 0.07953978011894226, 0.09041582248192268, 0.06693682455691037]
rxn33568_c	[0.03414418751122643, 0.031866637592559026, 0.035511130440858886, 0.02757630197069077]
rxn00367_c	[0.07550457743920592, 0.08316525155989979, 0.08601278602175141, 0.07019340053685384]
rxn00463_c	[0.07550457743920592, 0.08316525155989979, 0.08601278602175141, 0.07019340053685384]
rxn32148_c	[0.03414418751122643, 0.031866637592559026, 0.035511130440858886, 0.02757630197069077]
rxn02176_c	[0.07550457743920592, 0.08316525155989979, 0.08601278602175141, 0.07019340053685384]
rxn29978_c	[0.07550457743920592, 0.08316525155989979, 0.08601278602175141, 0.07019340053685384]
rxn02154_c	[0.07550457743920592, 0.08316525155989979, 0.08601278602175141, 0.07019340053685384]
rxn38181_c	[0.07550457743920592, 0.08316525155989979, 0.08601278602175141, 0.07019340053685384]
rxn33891_c	[0.07550457743920592, 0.08316525155989979, 0.08601278602175141, 0.07019340053685384]
rxn33736_c	[0.03552895010950632, 0.030385132659746555, 0.029669855918720626, 0.05638725135795556]
rxn32253_c	[0.0072432954391691805, 0.0068858145534691625, 0.006672840730822802, 0.00750250766229137]
rxn38254_c	[0.0072432954391691805, 0.0068858145534691625, 0.006672840730822802, 0.00750250766229137]
rxn37937_c	[0.0072432954391691805, 0.0068858145534691625, 0.006672840730822802, 0.00750250766229137]
rxn30355_c	[0.0072432954391691805, 0.0068858145534691625, 0.006672840730822802, 0.00750250766229137]
rxn33740_c	[0.0072432954391691805, 0.0068858145534691625, 0.006672840730822802, 0.00750250766229137]
rxn33295_c	[0.0072432954391691805, 0.0068858145534691625, 0.006672840730822802, 0.00750250766229137]
rxn34671_c	[0.0072432954391691805, 0.0068858145534691625, 0.006672840730822802, 0.00750250766229137]
rxn38070_c	[0.06836607255948665, 0.06538719233311362, 0.07457342008343797, 0.03390171341106845]
rxn31210_c	[0.0014358801909663166, 0.0014054507717830413, 0.0018540211576243202, 0.0015670188375520539]
rxn19980_c	[0.0014358801909663166, 0.0014054507717830413, 0.0018540211576243202, 0.0015670188375520539]
rxn38143_c	[0.07825263345593085, 0.1089530732262328, 0.1144992592535379, 0.07223688391510617]
rxn27286_c	[0.025763025126124047, 0.02696218532976661, 0.029669855918720626, 0.023305097533288643]
rxn05107_c	[0.1936065784307509, 0.17363341062546062, 0.20123801159620042, 0.15889357657093706]
rxn24177_c	[0.00565457555557361, 0.004681624285945755, 0.0053295414690070105, 0.008441210267165905]
rxn31885_c	[0.00565457555557361, 0.004681624285945755, 0.0053295414690070105, 0.008441210267165905]
rxn28100_c	[0.013941681974415199, 0.01729248336471715, 0.017046096142905302, 0.01263648886664059]
rxn31826_c	[0.012900426376181124, 0.014558323844360899, 0.014220903252446286, 0.015344284860279216]
rxn29959_c	[0.06260159568812984, 0.06676029446253968, 0.03491410854779075, 0.08693841098221035]
rxn33398_c	[0.06260159568812984, 0.06676029446253968, 0.03491410854779075, 0.08693841098221035]
rxn03809_c	[0.14015903590440895, 0.1472674406854123, 0.1467704248636732, 0.10890405210922341]
rxn03821_c	[0.14015903590440895, 0.1472674406854123, 0.1467704248636732, 0.10890405210922341]
rxn16573_c	[0.02669437940939284, 0.030746475326689067, 0.03410386454523045, 0.02644985883897865]
rxn27109_c	[0.012900426376181124, 0.013594743401933911, 0.011683560204494223, 0.014622205926688024]
rxn32318_c	[0.015390852136737273, 0.016413216207389152, 0.017046096142905302, 0.02052159080328211]
rxn07492_c	[0.17141817306398285, 0.16593681178324496, 0.20113140050767953, 0.15069798070692175]
rxn16824_c	[0.03572217280163289, 0.061665362860302095, 0.07018104472246885, 0.030103578230931592]
rxn03167_c	[0.07541870068714968, 0.07602271148963029, 0.08416841480793649, 0.05713821344332086]
rxn01160_c	[0.038341413690273426, 0.04091224902113596, 0.04190779359052458, 0.035187013910515694]
rxn02011_c	[0.025763025126124047, 0.02696218532976661, 0.029669855918720626, 0.023305097533288643]
rxn19830_c	[0.06656266079902214, 0.030782609591731493, 0.07165227724225998, 0.034955948652352783]
rxn32257_c	[0.03414418751122643, 0.031866637592559026, 0.035511130440858886, 0.02757630197069077]
rxn33715_c	[0.058307758167109175, 0.03941869933330934, 0.06350719282949836, 0.028803836151933118]
rxn16837_c	[0.21007344540034084, 0.23803671858503106, 0.20228279985840744, 0.16633821032760204]
rxn12005_c	[0.21007344540034084, 0.23803671858503106, 0.20228279985840744, 0.16633821032760204]
rxn32095_c	[0.01069983464154602, 0.010234256604324029, 0.013282725991910644, 0.00847731421970814]
rxn00598_c	[0.035947599271690965, 0.036046167772426196, 0.06641767456182425, 0.028876044049689242]
rxn07689_c	[0.035947599271690965, 0.036046167772426196, 0.06641767456182425, 0.028876044049689242]
rxn19982_c	[0.035947599271690965, 0.036046167772426196, 0.06641767456182425, 0.028876044049689242]
rxn19979_c	[0.035947599271690965, 0.036046167772426196, 0.06641767456182425, 0.028876044049689242]
rxn07681_c	[0.035947599271690965, 0.036046167772426196, 0.06641767456182425, 0.028876044049689242]
rxn07884_c	[0.035947599271690965, 0.036046167772426196, 0.06641767456182425, 0.028876044049689242]
rxn03866_c	[0.035947599271690965, 0.036046167772426196, 0.06641767456182425, 0.028876044049689242]
rxn19989_c	[0.035947599271690965, 0.036046167772426196, 0.06641767456182425, 0.028876044049689242]
rxn19986_c	[0.035947599271690965, 0.036046167772426196, 0.06641767456182425, 0.028876044049689242]
rxn33120_c	[0.035947599271690965, 0.036046167772426196, 0.06641767456182425, 0.028876044049689242]
rxn07685_c	[0.035947599271690965, 0.036046167772426196, 0.06641767456182425, 0.028876044049689242]
rxn07880_c	[0.035947599271690965, 0.036046167772426196, 0.06641767456182425, 0.028876044049689242]
rxn19988_c	[0.035947599271690965, 0.036046167772426196, 0.06641767456182425, 0.028876044049689242]
rxn33363_c	[0.035947599271690965, 0.036046167772426196, 0.06641767456182425, 0.028876044049689242]
rxn05104_c	[0.08241765585704636, 0.0960049609665957, 0.09297448774757891, 0.0779990737749711]
rxn01037_c	[0.024536726058965074, 0.0256274542144232, 0.027302079394284615, 0.020666006591466016]
rxn31408_c	[0.025763025126124047, 0.02696218532976661, 0.029669855918720626, 0.023305097533288643]
rxn20202_c	[0.01081791517971298, 0.010981031448237337, 0.01311214830817689, 0.009697627614839052]
rxn32357_c	[0.021906750572227903, 0.023363040164395863, 0.023325487133797788, 0.023305097533288643]
rxn03395_c	[0.021906750572227903, 0.023363040164395863, 0.023325487133797788, 0.023305097533288643]
rxn33220_c	[0.021906750572227903, 0.023363040164395863, 0.023325487133797788, 0.023305097533288643]
rxn15785_c	[0.021906750572227903, 0.023363040164395863, 0.023325487133797788, 0.023305097533288643]
rxn06023_c	[0.03126731637459634, 0.029361328433989732, 0.03292048185829632, 0.03390171341106845]
rxn28109_c	[0.07825263345593085, 0.08792292999696402, 0.08152446071006332, 0.07019340053685384]
rxn28046_c	[0.07825263345593085, 0.08792292999696402, 0.08152446071006332, 0.07019340053685384]
rxn32810_c	[0.02749947394765142, 0.027735286432748432, 0.029669855918720626, 0.02496237623314259]
rxn32580_c	[0.01256765396605274, 0.013594743401933911, 0.017046096142905302, 0.00844843106060569]
rxn07474_c	[0.024644071999035396, 0.02696218532976661, 0.024050442294491214, 0.022998321538757825]
rxn32556_c	[0.11778814243543176, 0.1357887885870553, 0.17154683347907554, 0.09082319563965453]
rxn34729_c	[0.03126731637459634, 0.0308910123951179, 0.03630005222571501, 0.02809619879789315]
rxn34728_c	[0.03126731637459634, 0.0308910123951179, 0.03630005222571501, 0.02809619879789315]
rxn34732_c	[0.03126731637459634, 0.0308910123951179, 0.03630005222571501, 0.02809619879789315]
rxn04274_c	[0.03126731637459634, 0.0308910123951179, 0.03630005222571501, 0.02809619879789315]
rxn37816_c	[0.03126731637459634, 0.0308910123951179, 0.03630005222571501, 0.02809619879789315]
rxn34630_c	[0.025763025126124047, 0.02696218532976661, 0.029669855918720626, 0.023305097533288643]
rxn02949_c	[0.03126731637459634, 0.0308910123951179, 0.03630005222571501, 0.02809619879789315]
rxn34731_c	[0.03126731637459634, 0.0308910123951179, 0.03630005222571501, 0.02809619879789315]
rxn35541_c	[0.03126731637459634, 0.0308910123951179, 0.03630005222571501, 0.02809619879789315]
rxn04275_c	[0.03126731637459634, 0.0308910123951179, 0.03630005222571501, 0.02809619879789315]
rxn07882_c	[0.03126731637459634, 0.0308910123951179, 0.03630005222571501, 0.02809619879789315]
rxn34730_c	[0.03126731637459634, 0.0308910123951179, 0.03630005222571501, 0.02809619879789315]
rxn32064_c	[0.03126731637459634, 0.0308910123951179, 0.03630005222571501, 0.02809619879789315]
rxn34733_c	[0.03126731637459634, 0.0308910123951179, 0.03630005222571501, 0.02809619879789315]
rxn37861_c	[0.03126731637459634, 0.0308910123951179, 0.03630005222571501, 0.02809619879789315]
rxn32636_c	[0.03126731637459634, 0.0308910123951179, 0.03630005222571501, 0.02809619879789315]
rxn38273_c	[0.016968837427143734, 0.01847286940565782, 0.017536506986052327, 0.01414563383081097]
rxn27919_c	[0.012900426376181124, 0.011246016066807585, 0.012557770831217218, 0.01351020437452713]
rxn11772_c	[0.012900426376181124, 0.011246016066807585, 0.012557770831217218, 0.01351020437452713]
rxn38134_c	[0.012900426376181124, 0.011246016066807585, 0.012557770831217218, 0.01351020437452713]
rxn13914_c	[0.024343503366838496, 0.024916813635552315, 0.02715282391860509, 0.021250890522984744]
rxn03140_c	[0.024343503366838496, 0.024916813635552315, 0.02715282391860509, 0.021250890522984744]
rxn11766_c	[0.24011957340031365, 0.2548511973941676, 0.20123801159620042, 0.2194037910798314]
rxn32969_c	[0.24011957340031365, 0.2548511973941676, 0.20123801159620042, 0.2194037910798314]
rxn11765_c	[0.24011957340031365, 0.2548511973941676, 0.20123801159620042, 0.2194037910798314]
rxn38024_c	[0.025763025126124047, 0.02696218532976661, 0.029669855918720626, 0.023305097533288643]
rxn32386_c	[0.025763025126124047, 0.02696218532976661, 0.029669855918720626, 0.023305097533288643]
rxn11773_c	[0.24011957340031365, 0.2548511973941676, 0.20123801159620042, 0.2194037910798314]
rxn33365_c	[0.24011957340031365, 0.2548511973941676, 0.20123801159620042, 0.2194037910798314]
rxn16660_c	[0.17141817306398285, 0.1817515758518756, 0.1835405768846987, 0.15069798070692175]
rxn38693_c	[0.08241765585704636, 0.09156044614338091, 0.10713243548783045, 0.07301672915957391]
rxn31960_c	[0.08241765585704636, 0.09156044614338091, 0.10713243548783045, 0.07301672915957391]
rxn01252_c	[0.08241765585704636, 0.09156044614338091, 0.10713243548783045, 0.07301672915957391]
rxn01251_c	[0.08241765585704636, 0.09156044614338091, 0.10713243548783045, 0.07301672915957391]
rxn16679_c	[0.012900426376181124, 0.011246016066807585, 0.012088682196124426, 0.015719765906626035]
rxn31088_c	[0.010753507615670788, 0.008054155843525253, 0.010915960618042385, 0.008708379477871054]
rxn03446_c	[0.010753507615670788, 0.008054155843525253, 0.010915960618042385, 0.008708379477871054]
rxn33688_c	[0.12422889867606669, 0.12003424833479097, 0.12737787438508621, 0.10132222332117258]
rxn33703_c	[0.12422889867606669, 0.12003424833479097, 0.12737787438508621, 0.10132222332117258]
rxn00745_c	[0.11778814243543176, 0.09949794008587941, 0.09319837095627322, 0.09684533395342655]
rxn10534_c	[0.02139149007624879, 0.021785177183211133, 0.024167714453264412, 0.018160392696887857]
rxn11595_c	[0.02139149007624879, 0.021785177183211133, 0.024167714453264412, 0.018160392696887857]
rxn31361_c	[0.01920163293971033, 0.02083364149579828, 0.02621464665806945, 0.015452596703249232]
rxn38276_c	[0.06107728336366894, 0.03837080559752424, 0.04036193332806871, 0.03339625816341729]
rxn34254_c	[0.06107728336366894, 0.03837080559752424, 0.04036193332806871, 0.03339625816341729]
rxn06090_c	[0.035775845767578446, 0.06117152787994489, 0.041822504748657695, 0.028038432487016596]
rxn35432_c	[0.013673317128329003, 0.013992220333918849, 0.013368014833777522, 0.01494714144826973]
rxn31235_c	[0.013769928470302685, 0.013895862293805713, 0.016289157665305552, 0.009740952346164383]
rxn16150_c	[0.0247514179309265, 0.019568942161499493, 0.029167772816153754, 0.014694413824444148]
rxn35283_c	[0.0215310397942506, 0.02397732270315361, 0.02062822751096406, 0.02058657790759845]
rxn00193_c	[0.07825263345593085, 0.07602271148963029, 0.08043702797384818, 0.06579593984564704]
rxn01669_c	[0.05946709429533099, 0.03591367546727063, 0.069999805929883, 0.03207485371875615]
rxn32259_c	[0.09351722582312028, 0.10909761025336599, 0.09297448774757891, 0.07791242431232044]
rxn11768_c	[0.010002086043357759, 0.009499526515424864, 0.010670755201293847, 0.010376381809776567]
rxn27944_c	[0.010002086043357759, 0.009499526515424864, 0.010670755201293847, 0.010376381809776567]
rxn25492_c	[0.05671903827860607, 0.038912819597938006, 0.033794692494669265, 0.034955948652352783]
rxn16520_c	[0.025763025126124047, 0.02696218532976661, 0.029669855918720626, 0.023305097533288643]
rxn37956_c	[0.02669437940939284, 0.02696218532976661, 0.029669855918720626, 0.024500245716816763]
rxn32091_c	[0.02669437940939284, 0.02696218532976661, 0.029669855918720626, 0.024500245716816763]
rxn33140_c	[0.025763025126124047, 0.02696218532976661, 0.029669855918720626, 0.023305097533288643]
rxn06086_c	[0.025763025126124047, 0.02696218532976661, 0.029669855918720626, 0.023305097533288643]
rxn05963_c	[0.025763025126124047, 0.02696218532976661, 0.029669855918720626, 0.023305097533288643]
rxn38482_c	[0.002970927104526727, 0.002031778061425366, 0.002877487260991833, 0.0054373619132465295]
rxn31276_c	[0.002970927104526727, 0.002031778061425366, 0.002877487260991833, 0.0054373619132465295]
rxn38486_c	[0.002970927104526727, 0.002031778061425366, 0.002877487260991833, 0.0054373619132465295]
rxn38490_c	[0.002970927104526727, 0.002031778061425366, 0.002877487260991833, 0.0054373619132465295]
rxn38485_c	[0.002970927104526727, 0.002031778061425366, 0.002877487260991833, 0.0054373619132465295]
rxn37965_c	[0.002970927104526727, 0.002031778061425366, 0.002877487260991833, 0.0054373619132465295]
rxn38487_c	[0.002970927104526727, 0.002031778061425366, 0.002877487260991833, 0.0054373619132465295]
rxn30096_c	[0.002970927104526727, 0.002031778061425366, 0.002877487260991833, 0.0054373619132465295]
rxn38136_c	[0.024858763870996822, 0.02696218532976661, 0.029669855918720626, 0.023305097533288643]
rxn33062_c	[0.030977482340496087, 0.03042126692478898, 0.03449832543765851, 0.027215262503895173]
rxn33193_c	[0.030977482340496087, 0.03042126692478898, 0.03449832543765851, 0.027215262503895173]
rxn27717_c	[0.025763025126124047, 0.02696218532976661, 0.03131065497167776, 0.023305097533288643]
rxn34220_c	[0.07359381973867109, 0.07325241771249075, 0.07130046076594039, 0.05606953662981364]
rxn33486_c	[0.07359381973867109, 0.07325241771249075, 0.07130046076594039, 0.05606953662981364]
rxn38399_c	[0.07359381973867109, 0.07325241771249075, 0.07130046076594039, 0.05606953662981364]
rxn03159_c	[0.07825263345593085, 0.09156044614338091, 0.08519188091033902, 0.07019340053685384]
rxn14274_c	[0.06194678546596971, 0.06568831121672629, 0.07154566619233887, 0.05606953662981364]
rxn14311_c	[0.06194678546596971, 0.06568831121672629, 0.07154566619233887, 0.05606953662981364]
rxn26073_c	[0.020318030691904018, 0.023784606614668215, 0.02465812528676149, 0.01748163850195034]
rxn33633_c	[0.026168384315317088, 0.02696218532976661, 0.030159255601649948, 0.023305097533288643]
rxn38244_c	[0.1359296059392513, 0.15736094583325608, 0.1835405768846987, 0.10052071571837051]
rxn31426_c	[0.017108387145145544, 0.02297760798742507, 0.02711017950249663, 0.015373168019381664]
rxn13940_c	[0.03382214969919469, 0.0308910123951179, 0.03308039844282793, 0.03128778768084861]
rxn13941_c	[0.03382214969919469, 0.0308910123951179, 0.03308039844282793, 0.03128778768084861]
rxn00290_c	[0.010903791923590022, 0.011101478998378756, 0.012387193147483466, 0.008506197371482248]
rxn33374_c	[0.03182551524660358, 0.03266159146478803, 0.03851756212390375, 0.02754019802547688]
rxn27889_c	[0.0017901217866550026, 0.002019733305585311, 0.0033678981031738655, 0.0015742396265948319]
rxn27887_c	[0.0017901217866550026, 0.002019733305585311, 0.0033678981031738655, 0.0015742396265948319]
rxn15783_c	[0.027617554477639167, 0.06769978539493839, 0.03449832543765851, 0.03390171341106845]
rxn06831_c	[0.027617554477639167, 0.06769978539493839, 0.03449832543765851, 0.03390171341106845]
rxn03397_c	[0.027617554477639167, 0.06769978539493839, 0.03449832543765851, 0.03390171341106845]
rxn16584_c	[0.027617554477639167, 0.06769978539493839, 0.03449832543765851, 0.03390171341106845]
rxn04674_c	[0.027617554477639167, 0.06769978539493839, 0.03449832543765851, 0.03390171341106845]
rxn27724_c	[0.020994310102078216, 0.023989367458167755, 0.024050442294491214, 0.019091874515650954]
rxn03439_c	[0.07359381973867109, 0.07523980238067456, 0.08043702797384818, 0.06596923878560504]
rxn16607_c	[0.07359381973867109, 0.07523980238067456, 0.08043702797384818, 0.06596923878560504]
rxn03182_c	[0.07359381973867109, 0.07523980238067456, 0.08043702797384818, 0.06596923878560504]
rxn15833_c	[0.06398635828640974, 0.06637486228556888, 0.07031963908929628, 0.06529770537677897]
rxn38114_c	[0.025763025126124047, 0.02696218532976661, 0.029669855918720626, 0.023305097533288643]
rxn31994_c	[0.01083938435954783, 0.010993076203251477, 0.012291243196764499, 0.011084019163816534]
rxn00461_c	[0.02188528138421384, 0.024844545097208338, 0.027749845811673224, 0.020666006591466016]
rxn31452_c	[0.028111345793783424, 0.02867477737340626, 0.029669855918720626, 0.02809619879789315]
rxn30860_c	[0.005740452305994024, 0.005946323619418633, 0.00763234020423765, 0.0033216706423679107]
rxn33762_c	[0.005740452305994024, 0.005946323619418633, 0.00763234020423765, 0.0033216706423679107]
rxn02400_c	[0.005740452305994024, 0.005946323619418633, 0.00763234020423765, 0.0033216706423679107]
rxn31973_c	[0.005740452305994024, 0.005946323619418633, 0.00763234020423765, 0.0033216706423679107]
rxn29952_c	[0.005740452305994024, 0.005946323619418633, 0.00763234020423765, 0.0033216706423679107]
rxn31059_c	[0.005740452305994024, 0.005946323619418633, 0.00763234020423765, 0.0033216706423679107]
rxn32982_c	[0.005740452305994024, 0.005946323619418633, 0.00763234020423765, 0.0033216706423679107]
rxn30907_c	[0.005740452305994024, 0.005946323619418633, 0.00763234020423765, 0.0033216706423679107]
rxn29955_c	[0.005740452305994024, 0.005946323619418633, 0.00763234020423765, 0.0033216706423679107]
rxn30908_c	[0.005740452305994024, 0.005946323619418633, 0.00763234020423765, 0.0033216706423679107]
rxn32378_c	[0.005740452305994024, 0.005946323619418633, 0.00763234020423765, 0.0033216706423679107]
rxn33474_c	[0.005740452305994024, 0.005946323619418633, 0.00763234020423765, 0.0033216706423679107]
rxn29956_c	[0.005740452305994024, 0.005946323619418633, 0.00763234020423765, 0.0033216706423679107]
rxn06729_c	[0.11778814243543176, 0.16050462699931575, 0.14458489822449108, 0.09307608188842209]
rxn05115_c	[0.11864690995599432, 0.14054646702411952, 0.14683439147818594, 0.10484596845319444]
rxn09177_c	[0.09441893168699411, 0.09949794008587941, 0.09297448774757891, 0.09158859927525768]
rxn06044_c	[0.013920212786401135, 0.012787744782949893, 0.014967180621193942, 0.011120123109030424]
rxn27816_c	[0.019469997777617307, 0.01847286940565782, 0.020404344292619808, 0.017654937441908353]
rxn27815_c	[0.019469997777617307, 0.01847286940565782, 0.020404344292619808, 0.017654937441908353]
rxn27936_c	[0.008316754821060193, 0.008680483133167579, 0.006416974205222172, 0.008506197371482248]
rxn27916_c	[0.0854662805223266, 0.09388508401803371, 0.1228575657371919, 0.06768056585616423]
rxn16641_c	[0.017108387145145544, 0.01841264563058711, 0.017046096142905302, 0.014694413824444148]
rxn32021_c	[0.025763025126124047, 0.02696218532976661, 0.028154967812953378, 0.023305097533288643]
rxn03951_c	[0.025763025126124047, 0.02696218532976661, 0.029669855918720626, 0.023305097533288643]
rxn05116_c	[0.025763025126124047, 0.02696218532976661, 0.029669855918720626, 0.023305097533288643]
rxn11663_c	[0.025763025126124047, 0.02696218532976661, 0.029669855918720626, 0.023305097533288643]
rxn38132_c	[0.028111345793783424, 0.02696218532976661, 0.029669855918720626, 0.023305097533288643]
rxn06741_c	[0.14938005202149246, 0.17486197568645784, 0.14683439147818594, 0.1188398582102287]
rxn07241_c	[0.14938005202149246, 0.17486197568645784, 0.14683439147818594, 0.1188398582102287]
rxn37873_c	[0.07541870068714968, 0.07523980238067456, 0.08502130322660527, 0.06922581477287686]
rxn31786_c	[0.07541870068714968, 0.07523980238067456, 0.08502130322660527, 0.06922581477287686]
rxn06874_c	[0.020854760384076406, 0.017376796649816142, 0.020372360975713485, 0.01898356268000928]
rxn06926_c	[0.020854760384076406, 0.017376796649816142, 0.020372360975713485, 0.01898356268000928]
rxn00965_c	[0.2901535151387492, 0.3148220353103148, 0.31051434037082276, 0.2755887527806184]
rxn00321_c	[0.03552895010950632, 0.03266159146478803, 0.033816014702723496, 0.03284747816978411]
rxn33164_c	[0.01920163293971033, 0.02083364149579828, 0.02621464665806945, 0.015452596703249232]
rxn34626_c	[0.01920163293971033, 0.02083364149579828, 0.02621464665806945, 0.015452596703249232]
rxn31792_c	[0.01920163293971033, 0.02083364149579828, 0.02621464665806945, 0.015452596703249232]
rxn27667_c	[0.01920163293971033, 0.02083364149579828, 0.02621464665806945, 0.015452596703249232]
rxn30334_c	[0.01920163293971033, 0.02083364149579828, 0.02621464665806945, 0.015452596703249232]
rxn33391_c	[0.01920163293971033, 0.02083364149579828, 0.02621464665806945, 0.015452596703249232]
rxn30151_c	[0.015294240794763592, 0.013956086068876423, 0.017046096142905302, 0.014311711984657543]
rxn30431_c	[0.0016935104422275572, 0.00198359903889106, 0.0026002985244419873, 0.001848629621212918]
rxn30429_c	[0.0016935104422275572, 0.00198359903889106, 0.0026002985244419873, 0.001848629621212918]
rxn30430_c	[0.0016935104422275572, 0.00198359903889106, 0.0026002985244419873, 0.001848629621212918]
rxn30428_c	[0.0016935104422275572, 0.00198359903889106, 0.0026002985244419873, 0.001848629621212918]
rxn32591_c	[0.1618858538147564, 0.1472674406854123, 0.15404129861111202, 0.11187179649814236]
rxn24142_c	[0.2953812623015752, 0.3072458841008318, 0.4272747651664252, 0.3913668887217745]
rxn05054_c	[0.2953812623015752, 0.3072458841008318, 0.4272747651664252, 0.3913668887217745]
rxn02975_c	[0.06398635828640974, 0.07602271148963029, 0.08416841480793649, 0.05713821344332086]
rxn02875_c	[0.013082914470211064, 0.013426116823476797, 0.015084452770317194, 0.014311711984657543]
rxn32814_c	[0.009433152573253882, 0.010210167086036618, 0.010766705152012813, 0.009964796818215856]
rxn32287_c	[0.009433152573253882, 0.010210167086036618, 0.010766705152012813, 0.009964796818215856]
rxn33272_c	[0.038341413690273426, 0.04091224902113596, 0.04190779359052458, 0.035187013910515694]
rxn27997_c	[0.0315249466225859, 0.02696218532976661, 0.03292048185829632, 0.023305097533288643]
rxn35442_c	[0.025763025126124047, 0.02696218532976661, 0.029669855918720626, 0.023305097533288643]
rxn01667_c	[0.025763025126124047, 0.02696218532976661, 0.029669855918720626, 0.023305097533288643]
rxn35242_c	[0.025763025126124047, 0.02696218532976661, 0.029669855918720626, 0.023305097533288643]
rxn35430_c	[0.025763025126124047, 0.02696218532976661, 0.029669855918720626, 0.023305097533288643]
rxn35439_c	[0.025763025126124047, 0.02696218532976661, 0.029669855918720626, 0.023305097533288643]
rxn32424_c	[0.023259309392576297, 0.023989367458167755, 0.02609737449929625, 0.02058657790759845]
rxn33129_c	[0.023259309392576297, 0.023989367458167755, 0.02609737449929625, 0.02058657790759845]
rxn28991_c	[0.00936874500921169, 0.010595599271266541, 0.014711314095593312, 0.008426768694943024]
rxn30152_c	[0.00936874500921169, 0.010595599271266541, 0.014711314095593312, 0.008426768694943024]
rxn32803_c	[0.025763025126124047, 0.02696218532976661, 0.027302079394284615, 0.023305097533288643]
rxn32571_c	[0.025763025126124047, 0.02696218532976661, 0.027302079394284615, 0.023305097533288643]
rxn32492_c	[0.025763025126124047, 0.02696218532976661, 0.027302079394284615, 0.023305097533288643]
rxn34257_c	[0.025763025126124047, 0.02696218532976661, 0.027302079394284615, 0.023305097533288643]
rxn33087_c	[0.025763025126124047, 0.02696218532976661, 0.027302079394284615, 0.023305097533288643]
rxn38004_c	[0.025763025126124047, 0.02696218532976661, 0.027302079394284615, 0.023305097533288643]
rxn27432_c	[0.025763025126124047, 0.02696218532976661, 0.029669855918720626, 0.02754019802547688]
rxn35415_c	[0.025763025126124047, 0.02696218532976661, 0.029669855918720626, 0.02754019802547688]
rxn06723_c	[0.013673317128329003, 0.014654681892733161, 0.017046096142905302, 0.011394513105847015]
rxn34204_c	[0.02100504469199564, 0.023989367458167755, 0.027302079394284615, 0.01748163850195034]
rxn32619_c	[0.017108387145145544, 0.017485199453202545, 0.018538650880400614, 0.017842677968745935]
rxn02440_c	[0.09351722582312028, 0.10378587310216948, 0.09544786416171833, 0.07506743335325107]
rxn02438_c	[0.09351722582312028, 0.10378587310216948, 0.09544786416171833, 0.07506743335325107]
rxn03514_c	[0.35504413470482377, 0.31807411932931556, 0.4407504021620918, 0.2755887527806184]
rxn30072_c	[0.35504413470482377, 0.31807411932931556, 0.4407504021620918, 0.2755887527806184]
rxn02655_c	[0.038341413690273426, 0.04091224902113596, 0.04190779359052458, 0.035187013910515694]
rxn38069_c	[0.023237840204562234, 0.025254066792466546, 0.02848546208121874, 0.020666006591466016]
rxn33856_c	[0.025763025126124047, 0.02696218532976661, 0.029669855918720626, 0.023305097533288643]
rxn02000_c	[0.21525825413806343, 0.24756412023895102, 0.2690319798583647, 0.1843613004643093]
rxn35431_c	[0.03382214969919469, 0.03502236355492849, 0.033794692494669265, 0.032919686067540234]
rxn35428_c	[0.03382214969919469, 0.03502236355492849, 0.033794692494669265, 0.032919686067540234]
rxn30332_c	[0.02950684299015995, 0.033432455818729626, 0.03312304285893639, 0.03250088028253974]
rxn04480_c	[0.030183122400334144, 0.03042126692478898, 0.03528724723216458, 0.02646430041120153]
rxn04288_c	[0.030183122400334144, 0.03042126692478898, 0.03528724723216458, 0.02646430041120153]
rxn28560_c	[0.1275136844340393, 0.12434627082807284, 0.17154683347907554, 0.12923779482755982]
rxn38909_c	[0.06437280366248367, 0.07083142184727957, 0.07174822719297895, 0.05859681289005447]
rxn30397_c	[0.06437280366248367, 0.07083142184727957, 0.07174822719297895, 0.05859681289005447]
rxn38910_c	[0.06437280366248367, 0.07083142184727957, 0.07174822719297895, 0.05859681289005447]
rxn30398_c	[0.06437280366248367, 0.07083142184727957, 0.07174822719297895, 0.05859681289005447]
rxn34718_c	[0.017806135743333805, 0.019785747760013177, 0.02100136618568794, 0.01591472721957506]
rxn31323_c	[0.017806135743333805, 0.019785747760013177, 0.02100136618568794, 0.01591472721957506]
rxn30156_c	[0.017806135743333805, 0.019785747760013177, 0.02100136618568794, 0.01591472721957506]
rxn31887_c	[0.017806135743333805, 0.019785747760013177, 0.02100136618568794, 0.01591472721957506]
rxn31322_c	[0.017806135743333805, 0.019785747760013177, 0.02100136618568794, 0.01591472721957506]
rxn31225_c	[0.017806135743333805, 0.019785747760013177, 0.02100136618568794, 0.01591472721957506]
rxn31324_c	[0.017806135743333805, 0.019785747760013177, 0.02100136618568794, 0.01591472721957506]
rxn34716_c	[0.017806135743333805, 0.019785747760013177, 0.02100136618568794, 0.01591472721957506]
rxn31321_c	[0.017806135743333805, 0.019785747760013177, 0.02100136618568794, 0.01591472721957506]
rxn31325_c	[0.017806135743333805, 0.019785747760013177, 0.02100136618568794, 0.01591472721957506]
rxn31326_c	[0.017806135743333805, 0.019785747760013177, 0.02100136618568794, 0.01591472721957506]
rxn34710_c	[0.017806135743333805, 0.019785747760013177, 0.02100136618568794, 0.01591472721957506]
rxn30116_c	[0.017806135743333805, 0.019785747760013177, 0.02100136618568794, 0.01591472721957506]
rxn31327_c	[0.017806135743333805, 0.019785747760013177, 0.02100136618568794, 0.01591472721957506]
rxn34709_c	[0.017806135743333805, 0.019785747760013177, 0.02100136618568794, 0.01591472721957506]
rxn37889_c	[0.017806135743333805, 0.019785747760013177, 0.02100136618568794, 0.01591472721957506]
rxn34717_c	[0.017806135743333805, 0.019785747760013177, 0.02100136618568794, 0.01591472721957506]
rxn03513_c	[0.21007344540034084, 0.20355258341856772, 0.214052660113236, 0.16633821032760204]
rxn04047_c	[0.21007344540034084, 0.20355258341856772, 0.214052660113236, 0.16633821032760204]
rxn38702_c	[0.09581442894880435, 0.11756507343300497, 0.12737787438508621, 0.09012277902775595]
rxn06081_c	[0.06674514889305207, 0.07515548909557557, 0.07130046076594039, 0.06249603911972155]
rxn35454_c	[0.023871181238708305, 0.02615742345982282, 0.023634659184358975, 0.023305097533288643]
rxn15005_c	[0.025763025126124047, 0.02696218532976661, 0.029669855918720626, 0.023305097533288643]
rxn32195_c	[0.038341413690273426, 0.04091224902113596, 0.04190779359052458, 0.035187013910515694]
rxn01729_c	[0.038341413690273426, 0.04091224902113596, 0.04190779359052458, 0.035187013910515694]
rxn31894_c	[0.038341413690273426, 0.04091224902113596, 0.04190779359052458, 0.035187013910515694]
rxn06045_c	[0.1359296059392513, 0.16072143262260682, 0.18016100651728004, 0.11187179649814236]
rxn29006_c	[0.025763025126124047, 0.02696218532976661, 0.029061161756582694, 0.023305097533288643]
rxn01416_c	[0.022464949452414357, 0.02681988501037801, 0.02848546208121874, 0.018774159787509032]
rxn02229_c	[0.022464949452414357, 0.02681988501037801, 0.02848546208121874, 0.018774159787509032]
rxn27531_c	[0.02669437940939284, 0.027602794127592867, 0.03292048185829632, 0.023305097533288643]
rxn01352_c	[0.037890560750157294, 0.06612192242201277, 0.06162017719957498, 0.03406779156491502]
rxn02518_c	[0.03414418751122643, 0.031866637592559026, 0.035511130440858886, 0.02757630197069077]
rxn01962_c	[0.03414418751122643, 0.031866637592559026, 0.035511130440858886, 0.02757630197069077]
rxn32974_c	[0.03414418751122643, 0.031866637592559026, 0.035511130440858886, 0.02757630197069077]
rxn02286_c	[0.06852709146550254, 0.07602271148963029, 0.08416841480793649, 0.05622839399022043]
rxn38130_c	[0.025763025126124047, 0.024013456968196036, 0.029669855918720626, 0.02052159080328211]
rxn15964_c	[0.025763025126124047, 0.024013456968196036, 0.029669855918720626, 0.02052159080328211]
rxn32978_c	[0.03394023022918243, 0.038912819597938006, 0.036097491225074926, 0.02757630197069077]
rxn30128_c	[0.025763025126124047, 0.02696218532976661, 0.029669855918720626, 0.02702030119094615]
rxn30068_c	[0.013243933376226936, 0.014654681892733161, 0.014594041936820115, 0.010311394705460226]
rxn30020_c	[0.09351722582312028, 0.09388508401803371, 0.09041582248192268, 0.08743664546573508]
rxn27785_c	[0.09992577836761588, 0.12003424833479097, 0.12737787438508621, 0.08988449300546664]
rxn16581_c	[0.016968837427143734, 0.0186896750041715, 0.017046096142905302, 0.015755869851839927]
rxn30384_c	[0.006899788437487527, 0.007608499887354185, 0.009508694728203917, 0.005740635064768562]
rxn31689_c	[0.012900426376181124, 0.01113761327168031, 0.014327514302367393, 0.01082407074655117]
rxn32991_c	[0.012900426376181124, 0.01113761327168031, 0.014327514302367393, 0.01082407074655117]
rxn16149_c	[0.0191586945636822, 0.013956086068876423, 0.015084452770317194, 0.023305097533288643]
rxn33083_c	[0.025763025126124047, 0.02867477737340626, 0.031097432862185588, 0.025561701751540884]
rxn27994_c	[0.025763025126124047, 0.02696218532976661, 0.029669855918720626, 0.023305097533288643]
rxn32907_c	[0.025763025126124047, 0.02696218532976661, 0.029669855918720626, 0.023305097533288643]
rxn31264_c	[0.025763025126124047, 0.02696218532976661, 0.029669855918720626, 0.023305097533288643]
rxn33298_c	[0.025763025126124047, 0.02696218532976661, 0.029669855918720626, 0.023305097533288643]
rxn28045_c	[0.025763025126124047, 0.02696218532976661, 0.029669855918720626, 0.023305097533288643]
rxn03893_c	[0.031943595784770545, 0.04021365319727922, 0.033794692494669265, 0.028038432487016596]
rxn11643_c	[0.031943595784770545, 0.04021365319727922, 0.033794692494669265, 0.028038432487016596]
rxn28979_c	[0.01292189556419519, 0.013630877666976337, 0.017046096142905302, 0.008708379477871054]
rxn03264_c	[0.01292189556419519, 0.013630877666976337, 0.017046096142905302, 0.008708379477871054]
rxn07587_c	[0.21007344540034084, 0.1998307539787927, 0.20228279985840744, 0.16633821032760204]
rxn02118_c	[0.02669437940939284, 0.028963851502004794, 0.03292048185829632, 0.023305097533288643]
rxn02415_c	[0.02669437940939284, 0.028963851502004794, 0.03292048185829632, 0.023305097533288643]
rxn33766_c	[0.02669437940939284, 0.028963851502004794, 0.03292048185829632, 0.023305097533288643]
rxn00921_c	[0.02669437940939284, 0.028963851502004794, 0.03292048185829632, 0.023305097533288643]
rxn33412_c	[0.09441893168699411, 0.0960049609665957, 0.10922201210874395, 0.07250405311848297]
rxn33981_c	[0.05967105157737499, 0.03943074408832349, 0.03910392290811979, 0.05800470816509595]
rxn01303_c	[0.05967105157737499, 0.03943074408832349, 0.03910392290811979, 0.05800470816509595]
rxn38117_c	[0.03414418751122643, 0.03380584324068628, 0.035511130440858886, 0.03149719057334886]
rxn30731_c	[0.02749947394765142, 0.028650687855118852, 0.03110809397103768, 0.02523676622995918]
rxn03263_c	[0.02749947394765142, 0.028650687855118852, 0.03110809397103768, 0.02523676622995918]
rxn00346_c	[0.025763025126124047, 0.02696218532976661, 0.029669855918720626, 0.023305097533288643]
rxn28987_c	[0.1618858538147564, 0.14263020979848945, 0.14262325492910258, 0.15889357657093706]
rxn02774_c	[0.1618858538147564, 0.14263020979848945, 0.14262325492910258, 0.15889357657093706]
rxn16485_c	[0.07825263345593085, 0.07687788913693, 0.08416841480793649, 0.07019340053685384]
rxn30897_c	[0.025763025126124047, 0.02696218532976661, 0.029669855918720626, 0.023305097533288643]
rxn28001_c	[0.025763025126124047, 0.02696218532976661, 0.029669855918720626, 0.023305097533288643]
rxn28169_c	[0.025763025126124047, 0.02696218532976661, 0.029669855918720626, 0.023305097533288643]
rxn19213_c	[0.025763025126124047, 0.02696218532976661, 0.029669855918720626, 0.023305097533288643]
rxn34262_c	[0.025763025126124047, 0.02696218532976661, 0.029669855918720626, 0.023305097533288643]
rxn33867_c	[0.025763025126124047, 0.02696218532976661, 0.029669855918720626, 0.023305097533288643]
rxn32473_c	[0.014049027914485519, 0.013582698646919768, 0.017046096142905302, 0.011408954678069896]
rxn27685_c	[0.014049027914485519, 0.013582698646919768, 0.017046096142905302, 0.011408954678069896]
rxn37661_c	[0.02950684299015995, 0.02867477737340626, 0.029669855918720626, 0.026442638045538865]
rxn04482_c	[0.012385165872022801, 0.010330614644437165, 0.012291243196764499, 0.010311394705460226]
rxn35316_c	[0.01081791517971298, 0.009571795045509715, 0.011321082619322536, 0.009791497870929498]
rxn05890_c	[0.01081791517971298, 0.009571795045509715, 0.011321082619322536, 0.009791497870929498]
rxn34567_c	[0.02680172534946316, 0.02867477737340626, 0.03240874880709506, 0.030103578230931592]
rxn01022_c	[0.026168384315317088, 0.027638928392635292, 0.029669855918720626, 0.026630378565048102]
rxn25216_c	[0.038341413690273426, 0.04091224902113596, 0.04190779359052458, 0.035187013910515694]
rxn33042_c	[0.08241765585704636, 0.0770103814503447, 0.07352863176333127, 0.06651079798579844]
rxn20630_c	[0.17141817306398285, 0.20355258341856772, 0.20228279985840744, 0.14796130150288225]
rxn03445_c	[0.17141817306398285, 0.20355258341856772, 0.20228279985840744, 0.14796130150288225]
rxn00396_c	[0.2592700887489734, 0.2895160038445474, 0.2690319798583647, 0.2194037910798314]
rxn28988_c	[0.025763025126124047, 0.02696218532976661, 0.029669855918720626, 0.02083208474531259]
rxn34576_c	[0.025763025126124047, 0.02696218532976661, 0.029669855918720626, 0.02083208474531259]
rxn12049_c	[0.025763025126124047, 0.02696218532976661, 0.029669855918720626, 0.02083208474531259]
rxn31773_c	[0.08679737014648171, 0.0960049609665957, 0.09544786416171833, 0.07506743335325107]
rxn12039_c	[0.08679737014648171, 0.0960049609665957, 0.09544786416171833, 0.07506743335325107]
rxn21212_c	[0.08679737014648171, 0.0960049609665957, 0.09544786416171833, 0.07506743335325107]
rxn31997_c	[0.08679737014648171, 0.0960049609665957, 0.09544786416171833, 0.07506743335325107]
rxn21114_c	[0.08679737014648171, 0.0960049609665957, 0.09544786416171833, 0.07506743335325107]
rxn03358_c	[0.08679737014648171, 0.0960049609665957, 0.09544786416171833, 0.07506743335325107]
rxn21214_c	[0.08679737014648171, 0.0960049609665957, 0.09544786416171833, 0.07506743335325107]
rxn11875_c	[0.08679737014648171, 0.0960049609665957, 0.09544786416171833, 0.07506743335325107]
rxn27000_c	[0.08679737014648171, 0.0960049609665957, 0.09544786416171833, 0.07506743335325107]
rxn19157_c	[0.08679737014648171, 0.0960049609665957, 0.09544786416171833, 0.07506743335325107]
rxn03195_c	[0.08679737014648171, 0.0960049609665957, 0.09544786416171833, 0.07506743335325107]
rxn12038_c	[0.08679737014648171, 0.0960049609665957, 0.09544786416171833, 0.07506743335325107]
rxn03359_c	[0.08679737014648171, 0.0960049609665957, 0.09544786416171833, 0.07506743335325107]
rxn01715_c	[0.08679737014648171, 0.0960049609665957, 0.09544786416171833, 0.07506743335325107]
rxn21216_c	[0.08679737014648171, 0.0960049609665957, 0.09544786416171833, 0.07506743335325107]
rxn03342_c	[0.08679737014648171, 0.0960049609665957, 0.09544786416171833, 0.07506743335325107]
rxn33386_c	[0.08679737014648171, 0.0960049609665957, 0.09544786416171833, 0.07506743335325107]
rxn21211_c	[0.08679737014648171, 0.0960049609665957, 0.09544786416171833, 0.07506743335325107]
rxn14132_c	[0.015412321324751338, 0.016425260962403293, 0.017046096142905302, 0.017784911650541038]
rxn38148_c	[0.02669437940939284, 0.02867477737340626, 0.03292048185829632, 0.023305097533288643]
rxn04023_c	[0.07825263345593085, 0.0862125747354011, 0.08416841480793649, 0.07019340053685384]
rxn03540_c	[0.14938005202149246, 0.147941946949686, 0.16019275631507934, 0.16633821032760204]
rxn00634_c	[0.06790448502127389, 0.08766999011688965, 0.0411188717960185, 0.06428679487414832]
rxn37675_c	[0.06790448502127389, 0.08766999011688965, 0.0411188717960185, 0.06428679487414832]
rxn38718_c	[0.12973574535668847, 0.1472674406854123, 0.14683439147818594, 0.11187179649814236]
rxn33318_c	[0.06508128685876857, 0.0770103814503447, 0.08043702797384818, 0.035187013910515694]
rxn16246_c	[0.011225829743800984, 0.011992790910720892, 0.013570575824767648, 0.014694413824444148]
rxn04895_c	[0.011225829743800984, 0.011992790910720892, 0.013570575824767648, 0.014694413824444148]
rxn04832_c	[0.011225829743800984, 0.011992790910720892, 0.013570575824767648, 0.014694413824444148]
rxn04830_c	[0.011225829743800984, 0.011992790910720892, 0.013570575824767648, 0.014694413824444148]
rxn04873_c	[0.011225829743800984, 0.011992790910720892, 0.013570575824767648, 0.014694413824444148]
rxn15652_c	[0.011225829743800984, 0.011992790910720892, 0.013570575824767648, 0.014694413824444148]
rxn11808_c	[0.011225829743800984, 0.011992790910720892, 0.013570575824767648, 0.014694413824444148]
rxn04811_c	[0.011225829743800984, 0.011992790910720892, 0.013570575824767648, 0.014694413824444148]
rxn04894_c	[0.011225829743800984, 0.011992790910720892, 0.013570575824767648, 0.014694413824444148]
rxn04903_c	[0.011225829743800984, 0.011992790910720892, 0.013570575824767648, 0.014694413824444148]
rxn04886_c	[0.011225829743800984, 0.011992790910720892, 0.013570575824767648, 0.014694413824444148]
rxn31883_c	[0.011225829743800984, 0.011992790910720892, 0.013570575824767648, 0.014694413824444148]
rxn04810_c	[0.011225829743800984, 0.011992790910720892, 0.013570575824767648, 0.014694413824444148]
rxn04872_c	[0.011225829743800984, 0.011992790910720892, 0.013570575824767648, 0.014694413824444148]
rxn07181_c	[0.011225829743800984, 0.011992790910720892, 0.013570575824767648, 0.014694413824444148]
rxn04833_c	[0.011225829743800984, 0.011992790910720892, 0.013570575824767648, 0.014694413824444148]
rxn32152_c	[0.011225829743800984, 0.011992790910720892, 0.013570575824767648, 0.014694413824444148]
rxn04809_c	[0.011225829743800984, 0.011992790910720892, 0.013570575824767648, 0.014694413824444148]
rxn04831_c	[0.011225829743800984, 0.011992790910720892, 0.013570575824767648, 0.014694413824444148]
rxn04896_c	[0.011225829743800984, 0.011992790910720892, 0.013570575824767648, 0.014694413824444148]
rxn33242_c	[0.0191586945636822, 0.01962916594482933, 0.020372360975713485, 0.019936706871763386]
rxn32058_c	[0.0191586945636822, 0.01962916594482933, 0.020372360975713485, 0.019936706871763386]
rxn16323_c	[0.23204715888696828, 0.23841010601524681, 0.21302919399153358, 0.2194037910798314]
rxn33241_c	[0.02111239063206596, 0.01847286940565782, 0.017046096142905302, 0.023305097533288643]
rxn32343_c	[0.02111239063206596, 0.01847286940565782, 0.017046096142905302, 0.023305097533288643]
rxn35480_c	[0.02111239063206596, 0.01847286940565782, 0.017046096142905302, 0.023305097533288643]
rxn38060_c	[0.0016935104422275572, 0.001766793438725553, 0.0022164987360410427, 0.0015670188375520539]
rxn01016_c	[0.0016935104422275572, 0.001766793438725553, 0.0022164987360410427, 0.0015670188375520539]
rxn30680_c	[0.0016935104422275572, 0.001766793438725553, 0.0022164987360410427, 0.0015670188375520539]
rxn38359_c	[0.09847660819711458, 0.10661639065437974, 0.1102028338529377, 0.07506743335325107]
rxn33404_c	[0.09847660819711458, 0.10661639065437974, 0.1102028338529377, 0.07506743335325107]
rxn34232_c	[0.09847660819711458, 0.10661639065437974, 0.1102028338529377, 0.07506743335325107]
rxn34770_c	[0.032877505442934295, 0.029566089285748397, 0.03241940991594715, 0.05495753507032441]
rxn34708_c	[0.019437793999685815, 0.01973756873995661, 0.02317623165811827, 0.014311711984657543]
rxn38011_c	[0.019437793999685815, 0.01973756873995661, 0.02317623165811827, 0.014311711984657543]
rxn32132_c	[0.009186256915181752, 0.009595884555538, 0.011331743728174625, 0.008253469747656667]
rxn14216_c	[0.08241765585704636, 0.09156044614338091, 0.1096377952960758, 0.07506743335325107]
rxn13976_c	[0.08241765585704636, 0.09156044614338091, 0.1096377952960758, 0.07506743335325107]
rxn03174_c	[0.025763025126124047, 0.02696218532976661, 0.027302079394284615, 0.023305097533288643]
rxn03421_c	[0.025763025126124047, 0.02696218532976661, 0.027302079394284615, 0.023305097533288643]
rxn00302_c	[0.025763025126124047, 0.02696218532976661, 0.027302079394284615, 0.023305097533288643]
rxn03419_c	[0.025763025126124047, 0.02696218532976661, 0.027302079394284615, 0.023305097533288643]
rxn00347_c	[0.025763025126124047, 0.027602794127592867, 0.03192899907280012, 0.023305097533288643]
rxn38535_c	[0.06622988838889375, 0.07817872273627122, 0.08416841480793649, 0.05606953662981364]
rxn16678_c	[0.06622988838889375, 0.07817872273627122, 0.08416841480793649, 0.05606953662981364]
rxn32371_c	[0.020715210666074596, 0.023989367458167755, 0.027302079394284615, 0.014557218822371683]
rxn02341_c	[0.03767586887001666, 0.034203320172671206, 0.03443435880384587, 0.06249603911972155]
rxn00002_c	[0.1275136844340393, 0.09949794008587941, 0.09041582248192268, 0.10791480397958375]
rxn03150_c	[0.13610135947608065, 0.16050462699931575, 0.17154683347907554, 0.11187179649814236]
rxn31868_c	[0.014456942478573521, 0.01581097842364555, 0.020127155558964948, 0.01263648886664059]
rxn31335_c	[0.014456942478573521, 0.01581097842364555, 0.020127155558964948, 0.01263648886664059]
rxn38459_c	[0.014456942478573521, 0.01581097842364555, 0.020127155558964948, 0.01263648886664059]
rxn38097_c	[0.014456942478573521, 0.01581097842364555, 0.020127155558964948, 0.01263648886664059]
rxn01153_c	[0.17141817306398285, 0.16593681178324496, 0.20113140050767953, 0.1843613004643093]
rxn30618_c	[0.09342061448932582, 0.09156044614338091, 0.10786805174772604, 0.07506743335325107]
rxn01494_c	[0.028111345793783424, 0.02867477737340626, 0.03184371023093325, 0.03247921791687707]
rxn31394_c	[0.024644071999035396, 0.02276080238891139, 0.023314826024945702, 0.02069488975056847]
rxn19253_c	[0.07300341708055315, 0.06612192242201277, 0.07495721986701394, 0.059593281813133905]
rxn33346_c	[0.07300341708055315, 0.06612192242201277, 0.07495721986701394, 0.059593281813133905]
rxn33299_c	[0.07300341708055315, 0.06612192242201277, 0.07495721986701394, 0.059593281813133905]
rxn11774_c	[0.2901535151387492, 0.3072458841008318, 0.3920398122797036, 0.2755887527806184]
rxn02629_c	[0.2901535151387492, 0.3072458841008318, 0.3920398122797036, 0.2755887527806184]
rxn11767_c	[0.2901535151387492, 0.3072458841008318, 0.3920398122797036, 0.2755887527806184]
rxn01786_c	[0.028111345793783424, 0.02702464585387755, 0.029669855918720626, 0.028038432487016596]
rxn02772_c	[0.028111345793783424, 0.02702464585387755, 0.029669855918720626, 0.028038432487016596]
rxn19263_c	[0.028111345793783424, 0.02702464585387755, 0.029669855918720626, 0.028038432487016596]
rxn01788_c	[0.028111345793783424, 0.02702464585387755, 0.029669855918720626, 0.028038432487016596]
rxn33637_c	[0.015390852136737273, 0.017641781276645514, 0.022632515290010688, 0.011603915991018919]
rxn35351_c	[0.015390852136737273, 0.017641781276645514, 0.022632515290010688, 0.011603915991018919]
rxn32500_c	[0.015390852136737273, 0.017641781276645514, 0.022632515290010688, 0.011603915991018919]
rxn32798_c	[0.015390852136737273, 0.017641781276645514, 0.022632515290010688, 0.011603915991018919]
rxn31783_c	[0.015390852136737273, 0.017641781276645514, 0.022632515290010688, 0.011603915991018919]
rxn31982_c	[0.015390852136737273, 0.017641781276645514, 0.022632515290010688, 0.011603915991018919]
rxn03039_c	[0.025763025126124047, 0.02696218532976661, 0.029669855918720626, 0.023305097533288643]
rxn16543_c	[0.032587671408834035, 0.03943074408832349, 0.04176919922369714, 0.028038432487016596]
rxn01124_c	[0.07541870068714968, 0.08316525155989979, 0.0763858079706966, 0.06801272216385737]
rxn31801_c	[0.01533717917079172, 0.017641781276645514, 0.020372360975713485, 0.014001218049955407]
rxn06798_c	[0.025763025126124047, 0.02696218532976661, 0.029669855918720626, 0.023305097533288643]
rxn02798_c	[0.025763025126124047, 0.02696218532976661, 0.029669855918720626, 0.023305097533288643]
rxn32932_c	[0.08547701508770637, 0.08638120123952607, 0.10786805174772604, 0.07019340053685384]
rxn33143_c	[0.08547701508770637, 0.08638120123952607, 0.10786805174772604, 0.07019340053685384]
rxn32684_c	[0.025763025126124047, 0.02696218532976661, 0.029669855918720626, 0.023305097533288643]
rxn38257_c	[0.024858763870996822, 0.02696218532976661, 0.029669855918720626, 0.023048867063522938]
rxn30396_c	[0.06096993743177784, 0.04082793573603697, 0.04190779359052458, 0.05824299420937031]
rxn16544_c	[0.028304568485910002, 0.030746475326689067, 0.03972226700924216, 0.026998638825283486]
rxn38274_c	[0.06194678546596971, 0.0629902859696716, 0.07154566619233887, 0.05638725135795556]
rxn06983_c	[0.2860421657199376, 0.3072458841008318, 0.3076145198052487, 0.23042993637466327]
rxn35448_c	[0.058951833791172664, 0.04082793573603697, 0.07130046076594039, 0.05422101456451033]
rxn16583_c	[0.03168596552860178, 0.03454057332958544, 0.040831021963161504, 0.02809619879789315]
rxn14097_c	[0.058307758167109175, 0.03814195524399642, 0.06641767456182425, 0.032919686067540234]
rxn01203_c	[0.025763025126124047, 0.02696218532976661, 0.029669855918720626, 0.022687827596727342]
rxn01202_c	[0.025763025126124047, 0.02696218532976661, 0.029669855918720626, 0.022687827596727342]
rxn27789_c	[0.005107111271847954, 0.004681624285945755, 0.005340202574964116, 0.007141468192564436]
rxn20003_c	[0.11778814243543176, 0.11756507343300497, 0.1366210526911648, 0.09307608188842209]
rxn32053_c	[0.11778814243543176, 0.11756507343300497, 0.1366210526911648, 0.09307608188842209]
rxn32754_c	[0.012900426376181124, 0.014726950422818014, 0.017046096142905302, 0.009697627614839052]
rxn15754_c	[0.025760469751229087, 0.026301960519992524, 0.02848546208121874, 0.023305097533288643]
rxn31437_c	[0.032587671408834035, 0.03228820404283138, 0.034711547547150674, 0.028038432487016596]
rxn06043_c	[0.028637340887859172, 0.03061398301327438, 0.04019135564433496, 0.026825339877997123]
rxn33079_c	[0.020854760384076406, 0.019773703004999033, 0.017216673826639054, 0.023305097533288643]
rxn06864_c	[0.09101606546446749, 0.09769122675116684, 0.12078931135328248, 0.0753057193755404]
rxn00792_c	[0.09101606546446749, 0.09769122675116684, 0.12078931135328248, 0.0753057193755404]
rxn03978_c	[0.01533717917079172, 0.01729248336471715, 0.018666584138375956, 0.019250731883386087]
rxn03236_c	[0.09741388336179115, 0.10802562699929347, 0.09041582248192268, 0.1004196246541836]
rxn31241_c	[0.08547701508770637, 0.07602271148963029, 0.08581022502111132, 0.0753057193755404]
rxn02297_c	[0.02353840883675913, 0.024013456968196036, 0.025681591398813954, 0.020442162119414544]
rxn07879_c	[0.038341413690273426, 0.04091224902113596, 0.04190779359052458, 0.035187013910515694]
rxn27937_c	[0.038341413690273426, 0.04091224902113596, 0.04190779359052458, 0.035187013910515694]
rxn30665_c	[0.03283456706690617, 0.03266159146478803, 0.0361934411757939, 0.02809619879789315]
rxn31218_c	[0.03283456706690617, 0.03266159146478803, 0.0361934411757939, 0.02809619879789315]
rxn03440_c	[0.025763025126124047, 0.030252640346331867, 0.03367742033589607, 0.023305097533288643]
rxn14399_c	[0.021692058700266477, 0.02297760798742507, 0.02362399808515683, 0.018160392696887857]
rxn31977_c	[0.07359381973867109, 0.08638120123952607, 0.09041582248192268, 0.06325422199852664]
rxn08040_c	[0.0158095012907427, 0.018557182699015937, 0.017046096142905302, 0.014513894091046352]
rxn20608_c	[0.08565950318991553, 0.09388508401803371, 0.1102028338529377, 0.08358074393807996]
rxn07580_c	[0.025763025126124047, 0.02696218532976661, 0.029669855918720626, 0.023305097533288643]
rxn31104_c	[0.025763025126124047, 0.027542570344263034, 0.029669855918720626, 0.0261826896282735]
rxn38121_c	[0.09351722582312028, 0.07817872273627122, 0.09297448774757891, 0.0753057193755404]
rxn33610_c	[0.02950684299015995, 0.033432455818729626, 0.03312304285893639, 0.03250088028253974]
rxn04841_c	[0.010173839547470273, 0.012811834292978178, 0.012099343304976515, 0.012066046507344746]
rxn04840_c	[0.010173839547470273, 0.012811834292978178, 0.012099343304976515, 0.012066046507344746]
rxn33349_c	[0.010173839547470273, 0.012811834292978178, 0.012099343304976515, 0.012066046507344746]
rxn00984_c	[0.02669437940939284, 0.02867477737340626, 0.03240874880709506, 0.030103578230931592]
rxn30045_c	[0.09351722582312028, 0.10312341153509604, 0.12737787438508621, 0.07356550913855041]
rxn32228_c	[0.03191139199865984, 0.030746475326689067, 0.033816014702723496, 0.030103578230931592]
rxn30708_c	[0.07344353543075186, 0.07602271148963029, 0.07174822719297895, 0.06156455730095846]
rxn24414_c	[0.028637340887859172, 0.029361328433989732, 0.03292048185829632, 0.02709250908137393]
rxn30089_c	[0.06030439261152106, 0.07212021069160664, 0.08416841480793649, 0.035187013910515694]
rxn03087_c	[0.06030439261152106, 0.07212021069160664, 0.08416841480793649, 0.035187013910515694]
rxn27876_c	[0.11778814243543176, 0.11974517419793332, 0.13832682952850237, 0.09803676413815661]
rxn01146_c	[0.20351460853156758, 0.2035044043819929, 0.24299756090021304, 0.16633821032760204]
rxn01648_c	[0.20351460853156758, 0.2035044043819929, 0.24299756090021304, 0.16633821032760204]
rxn01358_c	[0.20351460853156758, 0.2035044043819929, 0.24299756090021304, 0.16633821032760204]
rxn30188_c	[0.20351460853156758, 0.2035044043819929, 0.24299756090021304, 0.16633821032760204]
rxn30189_c	[0.20351460853156758, 0.2035044043819929, 0.24299756090021304, 0.16633821032760204]
rxn33382_c	[0.20351460853156758, 0.2035044043819929, 0.24299756090021304, 0.16633821032760204]
rxn01366_c	[0.20351460853156758, 0.2035044043819929, 0.24299756090021304, 0.16633821032760204]
rxn01034_c	[0.1359296059392513, 0.1463881734950478, 0.14992611198379777, 0.11453626776778401]
rxn34191_c	[0.1359296059392513, 0.1463881734950478, 0.14992611198379777, 0.11453626776778401]
rxn34196_c	[0.1359296059392513, 0.1463881734950478, 0.14992611198379777, 0.11453626776778401]
rxn02775_c	[1.0, 0.39290818561016233, 0.6022768078193024, 1.0]
rxn14270_c	[1.0, 0.39290818561016233, 0.6022768078193024, 1.0]
rxn27788_c	[0.03552895010950632, 0.030385132659746555, 0.0660125525605441, 0.028038432487016596]
rxn03867_c	[0.1670384587745475, 0.17363341062546062, 0.17984117334821678, 0.1638975835519969]
rxn28646_c	[0.11778814243543176, 0.12003424833479097, 0.1102028338529377, 0.09166080720965553]
rxn04464_c	[0.025763025126124047, 0.02696218532976661, 0.029669855918720626, 0.023305097533288643]
rxn33098_c	[0.02135928629013809, 0.02276080238891139, 0.02362399808515683, 0.018969121100458054]
rxn30578_c	[0.02669437940939284, 0.028120718617978352, 0.03292048185829632, 0.028038432487016596]
rxn35311_c	[0.1598462809943164, 0.19356748104107382, 0.1835405768846987, 0.14687818314646553]
rxn35310_c	[0.1598462809943164, 0.19356748104107382, 0.1835405768846987, 0.14687818314646553]
rxn04448_c	[0.06107728336366894, 0.06648326508895529, 0.034711547547150674, 0.05515249638327343]
rxn15536_c	[0.0066421581862262866, 0.006620829931595263, 0.008581178571695392, 0.005090764026002158]
rxn15315_c	[0.0066421581862262866, 0.006620829931595263, 0.008581178571695392, 0.005090764026002158]
rxn27525_c	[0.0017901217866550026, 0.00198359903889106, 0.0022164987360410427, 0.0016247851520927823]
rxn38710_c	[0.07840291776385008, 0.08638120123952607, 0.0763858079706966, 0.07019340053685384]
rxn38278_c	[0.21525825413806343, 0.24756412023895102, 0.28579123729968087, 0.1843613004643093]
rxn32389_c	[0.21525825413806343, 0.24756412023895102, 0.28579123729968087, 0.1843613004643093]
rxn03869_c	[0.21525825413806343, 0.24756412023895102, 0.28579123729968087, 0.1843613004643093]
rxn06522_c	[0.21525825413806343, 0.24756412023895102, 0.28579123729968087, 0.1843613004643093]
rxn38142_c	[0.21525825413806343, 0.24756412023895102, 0.28579123729968087, 0.1843613004643093]
rxn00519_c	[0.1598462809943164, 0.16050462699931575, 0.17154683347907554, 0.14796130150288225]
rxn00305_c	[0.1598462809943164, 0.16050462699931575, 0.17154683347907554, 0.14796130150288225]
rxn06485_c	[0.025763025126124047, 0.02696218532976661, 0.029669855918720626, 0.023305097533288643]
rxn38077_c	[0.06143152496181139, 0.03793719440049687, 0.0660125525605441, 0.032587529759847085]
rxn30643_c	[0.002047752037916243, 0.00198359903889106, 0.00270690957725808, 0.0033216706423679107]
rxn30697_c	[0.11778814243543176, 0.12172051411936212, 0.14683439147818594, 0.12940387298873474]
rxn02144_c	[0.11778814243543176, 0.10378587310216948, 0.08416841480793649, 0.09012277902775595]
rxn38043_c	[0.028809094391971685, 0.030252640346331867, 0.03522328059835193, 0.02620435200126451]
rxn32242_c	[0.028809094391971685, 0.030252640346331867, 0.03522328059835193, 0.02620435200126451]
rxn33380_c	[0.09332400315553134, 0.10378587310216948, 0.10922201210874395, 0.0867362288538365]
rxn07267_c	[0.09441893168699411, 0.0800697493643419, 0.09521331985382188, 0.0854725907347086]
rxn35413_c	[0.1598462809943164, 0.1357887885870553, 0.12788960749418715, 0.14796130150288225]
rxn35247_c	[0.09441893168699411, 0.09949794008587941, 0.12343326546080562, 0.08388401705735728]
rxn06850_c	[0.025763025126124047, 0.02867477737340626, 0.03292048185829632, 0.023305097533288643]
rxn32851_c	[0.023259309392576297, 0.024133904518337454, 0.023634659184358975, 0.019279615042488533]
rxn31436_c	[0.2592700887489734, 0.24756412023895102, 0.2690319798583647, 0.2194037910798314]
rxn20661_c	[0.009186256915181752, 0.007728947443276993, 0.009114233833845868, 0.009791497870929498]
rxn03814_c	[0.13913924949418896, 0.16050462699931575, 0.20123801159620042, 0.08988449300546664]
rxn15679_c	[0.2592700887489734, 0.2895160038445474, 0.2924970725867573, 0.2194037910798314]
rxn33738_c	[0.2592700887489734, 0.2895160038445474, 0.2924970725867573, 0.2194037910798314]
rxn07317_c	[0.2592700887489734, 0.2895160038445474, 0.2924970725867573, 0.2194037910798314]
rxn35629_c	[0.2592700887489734, 0.2895160038445474, 0.2924970725867573, 0.2194037910798314]
rxn35343_c	[0.07298194789253908, 0.07325241771249075, 0.0763858079706966, 0.06204112939683551]
rxn32750_c	[0.07298194789253908, 0.07325241771249075, 0.0763858079706966, 0.06204112939683551]
rxn38123_c	[0.1005376502301063, 0.10467718498973423, 0.12737787438508621, 0.08988449300546664]
rxn11794_c	[0.038341413690273426, 0.04091224902113596, 0.04190779359052458, 0.035187013910515694]
rxn33035_c	[0.03168596552860178, 0.034203320172671206, 0.036097491225074926, 0.026312663836906183]
rxn30447_c	[0.11778814243543176, 0.12090147074536396, 0.12303880451047786, 0.1422352156175446]
rxn33672_c	[0.11778814243543176, 0.12090147074536396, 0.12303880451047786, 0.1422352156175446]
rxn31397_c	[0.0378261531861151, 0.035901630712256494, 0.03241940991594715, 0.05922502156022687]
rxn31381_c	[0.0378261531861151, 0.035901630712256494, 0.03241940991594715, 0.05922502156022687]
rxn11962_c	[0.0378261531861151, 0.035901630712256494, 0.03241940991594715, 0.05922502156022687]
rxn33166_c	[0.09521329165169369, 0.09384894976125041, 0.1102028338529377, 0.0753057193755404]
rxn38829_c	[0.12222152963355817, 0.12172051411936212, 0.17154683347907554, 0.10462212403244138]
rxn32605_c	[0.12222152963355817, 0.12172051411936212, 0.17154683347907554, 0.10462212403244138]
rxn04070_c	[0.17141817306398285, 0.1472674406854123, 0.17984117334821678, 0.15889357657093706]
rxn15478_c	[0.025763025126124047, 0.02696218532976661, 0.029669855918720626, 0.023305097533288643]
rxn15255_c	[0.02957125055420214, 0.030746475326689067, 0.029669855918720626, 0.02809619879789315]
rxn03064_c	[0.02957125055420214, 0.030746475326689067, 0.029669855918720626, 0.02809619879789315]
rxn02405_c	[0.06836607255948665, 0.07026531833683752, 0.06438140345622136, 0.05713821344332086]
rxn20499_c	[0.19634389988209605, 0.1998307539787927, 0.20123801159620042, 0.15889357657093706]
rxn19071_c	[0.19634389988209605, 0.1998307539787927, 0.20123801159620042, 0.15889357657093706]
rxn16574_c	[0.1598462809943164, 0.16050462699931575, 0.17154683347907554, 0.15889357657093706]
rxn26481_c	[0.0015324915353937623, 0.0014054507717830413, 0.002578976314457765, 0.0015670188375520539]
rxn19956_c	[0.0015324915353937623, 0.0014054507717830413, 0.002578976314457765, 0.0015670188375520539]
rxn06429_c	[0.02577120434114651, 0.02696218532976661, 0.029669855918720626, 0.023305097533288643]
rxn11156_c	[0.02577120434114651, 0.02696218532976661, 0.029669855918720626, 0.023305097533288643]
rxn35234_c	[0.025763025126124047, 0.02696218532976661, 0.029669855918720626, 0.02809619879789315]
rxn27983_c	[0.038341413690273426, 0.04091224902113596, 0.04190779359052458, 0.035187013910515694]
rxn35544_c	[0.13977259056923108, 0.1472674406854123, 0.14891330702884714, 0.11187179649814236]
rxn16582_c	[0.20351460853156758, 0.1998307539787927, 0.20123801159620042, 0.15889357657093706]
rxn20619_c	[0.025763025126124047, 0.02696218532976661, 0.029669855918720626, 0.023305097533288643]
rxn32559_c	[0.07919727770401204, 0.08638120123952607, 0.09005334490640092, 0.07301672915957391]
rxn00143_c	[0.12973574535668847, 0.1332232556947109, 0.12890241244913778, 0.1335702683997936]
rxn30734_c	[0.12973574535668847, 0.1332232556947109, 0.12890241244913778, 0.1335702683997936]
rxn16798_c	[0.032587671408834035, 0.039225983244823945, 0.033794692494669265, 0.030103578230931592]
rxn00879_c	[0.032587671408834035, 0.039225983244823945, 0.033794692494669265, 0.030103578230931592]
rxn02196_c	[0.03191139199865984, 0.04082793573603697, 0.0625796766778148, 0.02808897801178171]
rxn02128_c	[0.10171845552998375, 0.11380710973644667, 0.11871039580262129, 0.08743664546573508]
rxn12510_c	[0.10171845552998375, 0.11380710973644667, 0.11871039580262129, 0.08743664546573508]
rxn03047_c	[0.10171845552998375, 0.11380710973644667, 0.11871039580262129, 0.08743664546573508]
rxn38055_c	[0.07248815657639482, 0.07602271148963029, 0.07915769533619507, 0.05771587659605649]
rxn38053_c	[0.07248815657639482, 0.07602271148963029, 0.07915769533619507, 0.05771587659605649]
rxn38054_c	[0.07248815657639482, 0.07602271148963029, 0.07915769533619507, 0.05771587659605649]
rxn37953_c	[0.015068814324705528, 0.014076533627276969, 0.017046096142905302, 0.012896437283905954]
rxn16792_c	[0.17141817306398285, 0.16092619346610634, 0.17154683347907554, 0.16633821032760204]
rxn00855_c	[0.1598462809943164, 0.16593681178324496, 0.13737799109156498, 0.12940387298873474]
rxn28082_c	[0.1165858679230026, 0.12003424833479097, 0.1366210526911648, 0.08949457042353864]
rxn04934_c	[0.006867584655466431, 0.007283291487105926, 0.009924477832546191, 0.005740635064768562]
rxn34245_c	[0.006867584655466431, 0.007283291487105926, 0.009924477832546191, 0.005740635064768562]
rxn35554_c	[0.015390852136737273, 0.014726950422818014, 0.01771774576898822, 0.011192330999458206]
rxn30541_c	[0.015390852136737273, 0.014726950422818014, 0.01771774576898822, 0.011192330999458206]
rxn35553_c	[0.015390852136737273, 0.014726950422818014, 0.01771774576898822, 0.011192330999458206]
rxn35551_c	[0.015390852136737273, 0.014726950422818014, 0.01771774576898822, 0.011192330999458206]
rxn35549_c	[0.015390852136737273, 0.014726950422818014, 0.01771774576898822, 0.011192330999458206]
rxn31250_c	[0.015390852136737273, 0.014726950422818014, 0.01771774576898822, 0.011192330999458206]
rxn00748_c	[0.028637340887859172, 0.02867477737340626, 0.03237676549018874, 0.02809619879789315]
rxn31790_c	[0.02135928629013809, 0.02276080238891139, 0.02362399808515683, 0.018969121100458054]
rxn03408_c	[0.03034414130635002, 0.034203320172671206, 0.040308627803108156, 0.02809619879789315]
rxn03933_c	[0.03034414130635002, 0.034203320172671206, 0.040308627803108156, 0.02809619879789315]
rxn01800_c	[0.11778814243543176, 0.12003424833479097, 0.1453738200286471, 0.09158859927525768]
rxn33463_c	[0.11778814243543176, 0.12003424833479097, 0.1453738200286471, 0.09158859927525768]
rxn11749_c	[0.11778814243543176, 0.12003424833479097, 0.1453738200286471, 0.09158859927525768]
rxn27933_c	[0.012900426376181124, 0.012498670646092233, 0.01268570408919256, 0.011084019163816534]
rxn27932_c	[0.012900426376181124, 0.012498670646092233, 0.01268570408919256, 0.011084019163816534]
rxn16789_c	[0.18924833335386726, 0.1998307539787927, 0.18016100651728004, 0.15069798070692175]
rxn31946_c	[0.07840291776385008, 0.08291231167982542, 0.08416841480793649, 0.07223688391510617]
rxn03663_c	[0.21007344540034084, 0.20355258341856772, 0.20123801159620042, 0.2007669337938762]
rxn04096_c	[0.21007344540034084, 0.20355258341856772, 0.20123801159620042, 0.2007669337938762]
rxn01896_c	[0.21007344540034084, 0.20355258341856772, 0.20123801159620042, 0.2007669337938762]
rxn01844_c	[0.00923992988930652, 0.011041255223308045, 0.014572719719115935, 0.01351020437452713]
rxn30380_c	[0.1359296059392513, 0.14878507988326717, 0.1376125354091114, 0.10636233426943136]
rxn30369_c	[0.1359296059392513, 0.14878507988326717, 0.1376125354091114, 0.10636233426943136]
rxn16675_c	[0.038341413690273426, 0.04091224902113596, 0.04190779359052458, 0.035187013910515694]
rxn34273_c	[0.025763025126124047, 0.02696218532976661, 0.029669855918720626, 0.020745435275333585]
rxn38499_c	[0.025763025126124047, 0.02696218532976661, 0.029669855918720626, 0.020745435275333585]
rxn31366_c	[0.025763025126124047, 0.02696218532976661, 0.029669855918720626, 0.020745435275333585]
rxn27536_c	[0.025763025126124047, 0.02696218532976661, 0.029669855918720626, 0.020745435275333585]
rxn15882_c	[0.13913924949418896, 0.1472674406854123, 0.12343326546080562, 0.11453626776778401]
rxn28051_c	[0.025763025126124047, 0.027602794127592867, 0.029669855918720626, 0.023305097533288643]
rxn06224_c	[0.025763025126124047, 0.02696218532976661, 0.029263722757222773, 0.023305097533288643]
rxn02450_c	[0.015519667264821659, 0.014413786784191196, 0.014924536195435531, 0.020037797921293617]
rxn15365_c	[0.015519667264821659, 0.014413786784191196, 0.014924536195435531, 0.020037797921293617]
rxn06375_c	[0.015519667264821659, 0.014413786784191196, 0.014924536195435531, 0.020037797921293617]
rxn15666_c	[0.015519667264821659, 0.014413786784191196, 0.014924536195435531, 0.020037797921293617]
rxn20046_c	[0.35504413470482377, 0.4304035096953436, 0.42824492574386713, 0.2755887527806184]
rxn08113_c	[0.025763025126124047, 0.02696218532976661, 0.027302079394284615, 0.023305097533288643]
rxn38284_c	[0.025763025126124047, 0.02696218532976661, 0.027302079394284615, 0.023305097533288643]
rxn38029_c	[0.025763025126124047, 0.02696218532976661, 0.029669855918720626, 0.023305097533288643]
rxn29946_c	[0.025763025126124047, 0.02696218532976661, 0.029669855918720626, 0.023305097533288643]
rxn16503_c	[0.07359381973867109, 0.07602271148963029, 0.08416841480793649, 0.07019340053685384]
rxn38539_c	[0.025763025126124047, 0.02696218532976661, 0.029669855918720626, 0.023305097533288643]
rxn16758_c	[0.09626528183984519, 0.10500239338337519, 0.1208746002047993, 0.0854725907347086]
rxn31983_c	[0.03572217280163289, 0.035901630712256494, 0.069999805929883, 0.057557019228321356]
rxn34304_c	[0.0016935104422275572, 0.0015861221052542972, 0.0021738543151076047, 0.0014298238406094278]
rxn33231_c	[0.0016935104422275572, 0.0015861221052542972, 0.0021738543151076047, 0.0014298238406094278]
rxn35518_c	[0.0016935104422275572, 0.0015861221052542972, 0.0021738543151076047, 0.0014298238406094278]
rxn19488_c	[0.2028812675383176, 0.20355258341856772, 0.20228279985840744, 0.1638975835519969]
rxn10504_c	[0.025763025126124047, 0.02696218532976661, 0.029669855918720626, 0.025561701751540884]
rxn10505_c	[0.025763025126124047, 0.02696218532976661, 0.029669855918720626, 0.025561701751540884]
rxn30339_c	[0.03277015950286397, 0.061569004820188955, 0.06244108230133743, 0.035187013910515694]
rxn35352_c	[0.07359381973867109, 0.06538719233311362, 0.07130046076594039, 0.05771587659605649]
rxn01066_c	[0.07541870068714968, 0.09156044614338091, 0.09297448774757891, 0.06531214695633018]
rxn01973_c	[0.058307758167109175, 0.06676029446253968, 0.0660125525605441, 0.057557019228321356]
rxn33400_c	[0.012900426376181124, 0.012366178332677545, 0.012376532038631377, 0.01577031143139115]
rxn03378_c	[0.012900426376181124, 0.012366178332677545, 0.012376532038631377, 0.01577031143139115]
rxn04052_c	[0.2592700887489734, 0.2895160038445474, 0.2924970725867573, 0.22520208489956692]
rxn03512_c	[0.2592700887489734, 0.2895160038445474, 0.2924970725867573, 0.22520208489956692]
rxn32376_c	[0.025763025126124047, 0.02696218532976661, 0.029669855918720626, 0.023305097533288643]
rxn19018_c	[0.2592700887489734, 0.2895160038445474, 0.2690319798583647, 0.2194037910798314]
rxn16206_c	[0.020715210666074596, 0.01847286940565782, 0.017227334935491147, 0.022312346557708865]
rxn35345_c	[0.020715210666074596, 0.01847286940565782, 0.017227334935491147, 0.022312346557708865]
rxn30378_c	[0.09581442894880435, 0.09388508401803371, 0.0913006942271477, 0.09158859927525768]
rxn31423_c	[0.035850987929717276, 0.06367683703851419, 0.06620445246198203, 0.05606953662981364]
rxn38824_c	[0.025763025126124047, 0.02696218532976661, 0.029669855918720626, 0.025114012814766284]
rxn32460_c	[0.025763025126124047, 0.02696218532976661, 0.029669855918720626, 0.023305097533288643]
rxn33550_c	[0.10241620407909673, 0.12003424833479097, 0.12737787438508621, 0.07854063298982118]
rxn33573_c	[0.10241620407909673, 0.12003424833479097, 0.12737787438508621, 0.07854063298982118]
rxn33383_c	[0.10241620407909673, 0.12003424833479097, 0.12737787438508621, 0.07854063298982118]
rxn14393_c	[0.10241620407909673, 0.12003424833479097, 0.12737787438508621, 0.07854063298982118]
rxn31847_c	[0.10241620407909673, 0.12003424833479097, 0.12737787438508621, 0.07854063298982118]
rxn00107_c	[0.10241620407909673, 0.12003424833479097, 0.12737787438508621, 0.07854063298982118]
rxn32308_c	[0.10241620407909673, 0.12003424833479097, 0.12737787438508621, 0.07854063298982118]
rxn33340_c	[0.10241620407909673, 0.12003424833479097, 0.12737787438508621, 0.07854063298982118]
rxn33024_c	[0.10241620407909673, 0.12003424833479097, 0.12737787438508621, 0.07854063298982118]
rxn32898_c	[0.10241620407909673, 0.12003424833479097, 0.12737787438508621, 0.07854063298982118]
rxn32981_c	[0.10241620407909673, 0.12003424833479097, 0.12737787438508621, 0.07854063298982118]
rxn02517_c	[0.10241620407909673, 0.12003424833479097, 0.12737787438508621, 0.07854063298982118]
rxn33078_c	[0.21925152309232093, 0.23856668782217152, 0.2703113125346176, 0.1996332698687243]
rxn01064_c	[0.1169508441274209, 0.11587880764843383, 0.1102028338529377, 0.09158859927525768]
rxn06979_c	[0.2866325683698764, 0.297345095016696, 0.31051434037082276, 0.2484385849098343]
rxn06887_c	[0.2866325683698764, 0.297345095016696, 0.31051434037082276, 0.2484385849098343]
rxn07585_c	[0.08060350949848519, 0.09156044614338091, 0.08502130322660527, 0.06664799298054257]
rxn15699_c	[0.08060350949848519, 0.09156044614338091, 0.08502130322660527, 0.06664799298054257]
rxn38030_c	[0.07840291776385008, 0.09156044614338091, 0.09319837095627322, 0.06856150215016221]
rxn02939_c	[0.11778814243543176, 0.11531270415451005, 0.1102028338529377, 0.08988449300546664]
rxn33750_c	[0.011225829743800984, 0.013582698646919768, 0.013282725991910644, 0.010275290760246336]
rxn00510_c	[0.025763025126124047, 0.02696218532976661, 0.03110809397103768, 0.022940555227881267]
rxn03903_c	[0.11778814243543176, 0.1347890739291406, 0.14683439147818594, 0.0867362288538365]
rxn03904_c	[0.11778814243543176, 0.1347890739291406, 0.14683439147818594, 0.0867362288538365]
rxn27766_c	[0.08241765585704636, 0.09949794008587941, 0.10786805174772604, 0.07628052590364379]
rxn28376_c	[0.08241765585704636, 0.09949794008587941, 0.10786805174772604, 0.07628052590364379]
rxn04413_c	[0.3201030318867197, 0.4304035096953436, 0.42824492574386713, 0.2755887527806184]
rxn03537_c	[0.3201030318867197, 0.4304035096953436, 0.42824492574386713, 0.2755887527806184]
rxn03536_c	[0.3201030318867197, 0.4304035096953436, 0.42824492574386713, 0.2755887527806184]
rxn03173_c	[0.1936065784307509, 0.1998307539787927, 0.2020802389446169, 0.15889357657093706]
rxn28146_c	[0.02669437940939284, 0.02867477737340626, 0.030159255601649948, 0.023305097533288643]
rxn16681_c	[0.21525825413806343, 0.2895160038445474, 0.2924970725867573, 0.2194037910798314]
rxn38153_c	[0.1618858538147564, 0.17363341062546062, 0.17154683347907554, 0.11187179649814236]
rxn33488_c	[0.07825263345593085, 0.07602271148963029, 0.07394441487346351, 0.06787552716911326]
rxn32595_c	[0.07825263345593085, 0.07602271148963029, 0.07394441487346351, 0.06787552716911326]
rxn28256_c	[0.07825263345593085, 0.07602271148963029, 0.07394441487346351, 0.06787552716911326]
rxn19836_c	[0.024536726058965074, 0.02696218532976661, 0.029669855918720626, 0.020666006591466016]
rxn32711_c	[0.08241765585704636, 0.10220801008794823, 0.09041582248192268, 0.0854725907347086]
rxn34627_c	[0.08241765585704636, 0.10220801008794823, 0.09041582248192268, 0.0854725907347086]
rxn34739_c	[0.005311068553891956, 0.004777982330188454, 0.005510780258697868, 0.006506038732616423]
rxn03617_c	[0.005311068553891956, 0.004777982330188454, 0.005510780258697868, 0.006506038732616423]
rxn34735_c	[0.005311068553891956, 0.004777982330188454, 0.005510780258697868, 0.006506038732616423]
rxn34736_c	[0.005311068553891956, 0.004777982330188454, 0.005510780258697868, 0.006506038732616423]
rxn34737_c	[0.005311068553891956, 0.004777982330188454, 0.005510780258697868, 0.006506038732616423]
rxn34734_c	[0.005311068553891956, 0.004777982330188454, 0.005510780258697868, 0.006506038732616423]
rxn34738_c	[0.005311068553891956, 0.004777982330188454, 0.005510780258697868, 0.006506038732616423]
rxn27455_c	[0.005311068553891956, 0.004777982330188454, 0.005510780258697868, 0.006506038732616423]
rxn30743_c	[0.01616374288888515, 0.017485199453202545, 0.024050442294491214, 0.020406058174200655]
rxn32462_c	[0.023237840204562234, 0.02615742345982282, 0.027302079394284615, 0.023305097533288643]
rxn02285_c	[0.07919727770401204, 0.08915149505796124, 0.09005334490640092, 0.07433813361156341]
rxn02284_c	[0.07919727770401204, 0.08915149505796124, 0.09005334490640092, 0.07433813361156341]
rxn19898_c	[0.08241765585704636, 0.09949794008587941, 0.09315572654016474, 0.08438947237829188]
rxn00265_c	[0.020822556597965704, 0.01962916594482933, 0.02609737449929625, 0.014622205926688024]
rxn27686_c	[0.058951833791172664, 0.061665362860302095, 0.07096996650732497, 0.031887113191918566]
rxn27716_c	[0.02669437940939284, 0.027542570344263034, 0.029743472501167656, 0.023305097533288643]
rxn20041_c	[0.35504413470482377, 0.351173107627857, 0.3106422736963477, 0.3413918058615971]
rxn20040_c	[0.35504413470482377, 0.351173107627857, 0.3106422736963477, 0.3413918058615971]
rxn03669_c	[0.35504413470482377, 0.351173107627857, 0.3106422736963477, 0.3413918058615971]
rxn07484_c	[0.35504413470482377, 0.351173107627857, 0.3106422736963477, 0.3413918058615971]
rxn03596_c	[0.35504413470482377, 0.351173107627857, 0.3106422736963477, 0.3413918058615971]
rxn03668_c	[0.35504413470482377, 0.351173107627857, 0.3106422736963477, 0.3413918058615971]
rxn07485_c	[0.35504413470482377, 0.351173107627857, 0.3106422736963477, 0.3413918058615971]
rxn38113_c	[0.0191586945636822, 0.022038117055026365, 0.02938099491599597, 0.017950989804387606]
rxn01361_c	[0.025763025126124047, 0.02696218532976661, 0.029669855918720626, 0.023305097533288643]
rxn38104_c	[0.07359381973867109, 0.07602271148963029, 0.08152446071006332, 0.0697384908139678]
rxn38135_c	[0.07359381973867109, 0.07602271148963029, 0.08152446071006332, 0.0697384908139678]
rxn38099_c	[0.07359381973867109, 0.07602271148963029, 0.08152446071006332, 0.0697384908139678]
rxn32365_c	[0.029055990050043813, 0.02867477737340626, 0.03410386454523045, 0.02754019802547688]
rxn01610_c	[0.00685685006227732, 0.005946323619418633, 0.006566229678971703, 0.0054373619132465295]
rxn06091_c	[0.2901535151387492, 0.3072458841008318, 0.3698114078500553, 0.26495975090512436]
rxn32753_c	[0.2901535151387492, 0.3072458841008318, 0.3698114078500553, 0.26495975090512436]
rxn33063_c	[0.2901535151387492, 0.3072458841008318, 0.3698114078500553, 0.26495975090512436]
rxn32174_c	[0.013802132256413389, 0.011619403488764238, 0.016918162875280012, 0.010333057071122892]
rxn32939_c	[0.07359381973867109, 0.07325241771249075, 0.07174822719297895, 0.07306727468433905]
rxn32176_c	[0.07359381973867109, 0.07325241771249075, 0.07174822719297895, 0.07306727468433905]
rxn32643_c	[0.11778814243543176, 0.15736094583325608, 0.16019275631507934, 0.08988449300546664]
rxn03541_c	[1.0, 1.0, 1.0, 1.0]
rxn14028_c	[0.025763025126124047, 0.027735286432748432, 0.029669855918720626, 0.03220482792738883]
rxn35698_c	[0.025763025126124047, 0.02696218532976661, 0.029669855918720626, 0.023305097533288643]
rxn27708_c	[0.025763025126124047, 0.02696218532976661, 0.029669855918720626, 0.023305097533288643]
rxn31217_c	[0.008381162385102383, 0.007921663532588304, 0.009231505991654072, 0.007192013718062387]
rxn31243_c	[0.008381162385102383, 0.007921663532588304, 0.009231505991654072, 0.007192013718062387]
rxn33618_c	[0.008381162385102383, 0.007921663532588304, 0.009231505991654072, 0.007192013718062387]
rxn38243_c	[0.08547701508770637, 0.09388508401803371, 0.09041582248192268, 0.07306727468433905]
rxn11997_c	[0.00981959794932782, 0.009619974065566283, 0.011683560204494223, 0.008831132893063953]
rxn02791_c	[0.00981959794932782, 0.009619974065566283, 0.011683560204494223, 0.008831132893063953]
rxn05952_c	[0.00981959794932782, 0.009619974065566283, 0.011683560204494223, 0.008831132893063953]
rxn31443_c	[0.00981959794932782, 0.009619974065566283, 0.011683560204494223, 0.008831132893063953]
rxn06817_c	[0.00981959794932782, 0.009619974065566283, 0.011683560204494223, 0.008831132893063953]
rxn06025_c	[0.00981959794932782, 0.009619974065566283, 0.011683560204494223, 0.008831132893063953]
rxn33431_c	[0.00981959794932782, 0.009619974065566283, 0.011683560204494223, 0.008831132893063953]
rxn31675_c	[0.00981959794932782, 0.009619974065566283, 0.011683560204494223, 0.008831132893063953]
rxn03511_c	[0.06674514889305207, 0.08638120123952607, 0.08581022502111132, 0.06249603911972155]
rxn27818_c	[0.02388191583680494, 0.024278441586766286, 0.029669855918720626, 0.017936548224836386]
rxn35527_c	[0.02388191583680494, 0.024278441586766286, 0.029669855918720626, 0.017936548224836386]
rxn32553_c	[0.02388191583680494, 0.024278441586766286, 0.029669855918720626, 0.017936548224836386]
rxn16801_c	[0.025763025126124047, 0.02696218532976661, 0.029669855918720626, 0.023305097533288643]
rxn27692_c	[0.025763025126124047, 0.02696218532976661, 0.029669855918720626, 0.023305097533288643]
rxn30710_c	[0.025763025126124047, 0.02696218532976661, 0.029669855918720626, 0.023305097533288643]
rxn19646_c	[0.025763025126124047, 0.02696218532976661, 0.029669855918720626, 0.023305097533288643]
rxn04598_c	[0.03552895010950632, 0.03380584324068628, 0.03958367264241473, 0.05713821344332086]
rxn04597_c	[0.03552895010950632, 0.03380584324068628, 0.03958367264241473, 0.05713821344332086]
rxn30983_c	[0.02669437940939284, 0.02867477737340626, 0.029669855918720626, 0.02620435200126451]
rxn19892_c	[0.028304568485910002, 0.028361613726520317, 0.03216354339034652, 0.025561701751540884]
rxn19896_c	[0.028304568485910002, 0.028361613726520317, 0.03216354339034652, 0.025561701751540884]
rxn28381_c	[0.028304568485910002, 0.028361613726520317, 0.03216354339034652, 0.025561701751540884]
rxn01025_c	[0.4692387436004973, 1.0, 0.3380413141822691, 0.308891033085867]
rxn02090_c	[0.4692387436004973, 1.0, 0.3380413141822691, 0.308891033085867]
rxn00717_c	[0.4692387436004973, 1.0, 0.3380413141822691, 0.308891033085867]
rxn33706_c	[0.03182551524660358, 0.03814195524399642, 0.040287305595053925, 0.028038432487016596]
rxn15233_c	[0.4334710770397621, 0.41921393181643557, 1.0, 0.3913668887217745]
rxn28081_c	[0.06836607255948665, 0.09156044614338091, 0.09297448774757891, 0.07019340053685384]
rxn05114_c	[0.1598462809943164, 0.16050462699931575, 0.19287970511254643, 0.14796130150288225]
rxn16623_c	[0.025763025126124047, 0.02696218532976661, 0.029669855918720626, 0.023305097533288643]
rxn22826_c	[0.025763025126124047, 0.02696218532976661, 0.029669855918720626, 0.023305097533288643]
rxn22827_c	[0.025763025126124047, 0.02696218532976661, 0.029669855918720626, 0.023305097533288643]
rxn09037_c	[0.09521329165169369, 0.10568894442744042, 0.11871039580262129, 0.07019340053685384]
rxn16399_c	[0.025763025126124047, 0.030782609591731493, 0.03443435880384587, 0.023305097533288643]
rxn27779_c	[0.03572217280163289, 0.030782609591731493, 0.06144959951584123, 0.03417610340788504]
rxn27618_c	[0.13610135947608065, 0.12434627082807284, 0.14683439147818594, 0.15069798070692175]
rxn19322_c	[0.3154442181612807, 0.39290818561016233, 0.6022768078193024, 0.26495975090512436]
rxn33328_c	[0.07825263345593085, 0.07523980238067456, 0.08416841480793649, 0.07019340053685384]
rxn04588_c	[0.024880233059010888, 0.02696218532976661, 0.026822329659989676, 0.023305097533288643]
rxn15139_c	[0.01616374288888515, 0.015533949050061157, 0.01883716182210971, 0.01494714144826973]
rxn15469_c	[0.01616374288888515, 0.015533949050061157, 0.01883716182210971, 0.01494714144826973]
rxn34778_c	[0.01616374288888515, 0.015533949050061157, 0.01883716182210971, 0.01494714144826973]
rxn34772_c	[0.01616374288888515, 0.015533949050061157, 0.01883716182210971, 0.01494714144826973]
rxn38342_c	[0.01616374288888515, 0.015533949050061157, 0.01883716182210971, 0.01494714144826973]
rxn34777_c	[0.01616374288888515, 0.015533949050061157, 0.01883716182210971, 0.01494714144826973]
rxn33707_c	[0.01616374288888515, 0.015533949050061157, 0.01883716182210971, 0.01494714144826973]
rxn38341_c	[0.01616374288888515, 0.015533949050061157, 0.01883716182210971, 0.01494714144826973]
rxn34769_c	[0.01616374288888515, 0.015533949050061157, 0.01883716182210971, 0.01494714144826973]
rxn34775_c	[0.01616374288888515, 0.015533949050061157, 0.01883716182210971, 0.01494714144826973]
rxn34779_c	[0.01616374288888515, 0.015533949050061157, 0.01883716182210971, 0.01494714144826973]
rxn38275_c	[0.05890889541514454, 0.07515548909557557, 0.06641767456182425, 0.05593234162774117]
rxn06080_c	[0.07840291776385008, 0.08638120123952607, 0.09054375574954796, 0.0753057193755404]
rxn15667_c	[0.06612254245700264, 0.0709759589157084, 0.07130046076594039, 0.05593234162774117]
rxn32399_c	[0.025763025126124047, 0.02696218532976661, 0.029669855918720626, 0.0261826896282735]
rxn02483_c	[0.21525825413806343, 0.2895160038445474, 0.2690319798583647, 0.16633821032760204]
rxn16699_c	[0.025763025126124047, 0.02696218532976661, 0.029669855918720626, 0.023305097533288643]
rxn16694_c	[0.025763025126124047, 0.02696218532976661, 0.029669855918720626, 0.023305097533288643]
rxn35519_c	[0.0029494579173305847, 0.0019956437947311143, 0.002770876209140735, 0.0025273838168832687]
rxn25051_c	[0.015390852136737273, 0.017545423228273255, 0.022227393298380485, 0.014311711984657543]
rxn32171_c	[0.015390852136737273, 0.017545423228273255, 0.022227393298380485, 0.014311711984657543]
rxn33806_c	[0.015390852136737273, 0.017545423228273255, 0.022227393298380485, 0.014311711984657543]
rxn34185_c	[0.038341413690273426, 0.04091224902113596, 0.04190779359052458, 0.035187013910515694]
rxn03057_c	[0.11778814243543176, 0.13209104862427204, 0.1565253361823533, 0.08743664546573508]
rxn07372_c	[0.02931362029803337, 0.029951521462719195, 0.03292048185829632, 0.030695682955890105]
rxn07391_c	[0.02931362029803337, 0.029951521462719195, 0.03292048185829632, 0.030695682955890105]
rxn07647_c	[0.02931362029803337, 0.029951521462719195, 0.03292048185829632, 0.030695682955890105]
rxn07648_c	[0.02931362029803337, 0.029951521462719195, 0.03292048185829632, 0.030695682955890105]
rxn15633_c	[0.058307758167109175, 0.04082793573603697, 0.039946150227586415, 0.032457555551214406]
rxn30364_c	[0.029131132204003433, 0.030746475326689067, 0.03972226700924216, 0.028038432487016596]
rxn30256_c	[0.4334710770397621, 0.41921393181643557, 1.0, 0.3913668887217745]
rxn32471_c	[0.09612573216273945, 0.10467718498973423, 0.1102028338529377, 0.08988449300546664]
rxn24149_c	[0.02229319594830184, 0.02696218532976661, 0.029669855918720626, 0.02226902181905519]
rxn06600_c	[0.02229319594830184, 0.02696218532976661, 0.029669855918720626, 0.02226902181905519]
rxn32413_c	[0.014832653256550822, 0.015509859540032873, 0.016662296349679383, 0.014181737783353205]
rxn35418_c	[0.014832653256550822, 0.015509859540032873, 0.016662296349679383, 0.014181737783353205]
rxn28089_c	[0.014832653256550822, 0.015509859540032873, 0.016662296349679383, 0.014181737783353205]
rxn30338_c	[0.014832653256550822, 0.015509859540032873, 0.016662296349679383, 0.014181737783353205]
rxn33484_c	[0.014832653256550822, 0.015509859540032873, 0.016662296349679383, 0.014181737783353205]
rxn35424_c	[0.014832653256550822, 0.015509859540032873, 0.016662296349679383, 0.014181737783353205]
rxn04999_c	[0.0021873017575538955, 0.0026701501060818317, 0.006203752100554981, 0.0015742396265948319]
rxn05047_c	[0.0021873017575538955, 0.0026701501060818317, 0.006203752100554981, 0.0015742396265948319]
rxn27845_c	[0.01256765396605274, 0.010981031448237337, 0.011406371461189413, 0.010766304428346269]
rxn16665_c	[0.1275136844340393, 0.16050462699931575, 0.12737787438508621, 0.09684533395342655]
biomass_GmNeg	[0.038341413690273426, 0.0012963304713286643, 0.04091224902113596, 0.04190779359052458, 0.035187013910515694]
EX_cpd00069_e	[0.038341413690273426, 0.04091224902113596, 0.04190779359052458, 0.035187013910515694]
rxn08234_c	[0.038341413690273426, 0.04091224902113596, 0.04190779359052458, 0.035187013910515694]
rxn05616_c	[0.038341413690273426, 0.04091224902113596, 0.04190779359052458, 0.035187013910515694]
EX_cpd00644_e	[0.038341413690273426, 0.04091224902113596, 0.04190779359052458, 0.035187013910515694]
rxn10271_c	[0.038341413690273426, 0.04091224902113596, 0.04190779359052458, 0.035187013910515694]
protein_rxn	[0.038341413690273426, 0.04091224902113596, 0.04190779359052458, 0.035187013910515694]
rxn08186_c	[0.038341413690273426, 0.04091224902113596, 0.04190779359052458, 0.035187013910515694]
EX_cpd00263_e	[0.038341413690273426, 0.04091224902113596, 0.04190779359052458, 0.035187013910515694]
EX_cpd00009_e	[0.038341413690273426, 0.04091224902113596, 0.04190779359052458, 0.035187013910515694]
rxn09063_c	[0.038341413690273426, 0.04091224902113596, 0.04190779359052458, 0.035187013910515694]
rxn10280_c	[0.038341413690273426, 0.04091224902113596, 0.04190779359052458, 0.035187013910515694]
rxn08307_c	[0.038341413690273426, 0.04091224902113596, 0.04190779359052458, 0.035187013910515694]
rxn09106_c	[0.038341413690273426, 0.04091224902113596, 0.04190779359052458, 0.035187013910515694]
rxn09065_c	[0.038341413690273426, 0.04091224902113596, 0.04190779359052458, 0.035187013910515694]
rxn05245_c	[0.038341413690273426, 0.04091224902113596, 0.04190779359052458, 0.035187013910515694]
rxn08920_c	[0.038341413690273426, 0.04091224902113596, 0.04190779359052458, 0.035187013910515694]
dna_rxn	[0.038341413690273426, 0.04091224902113596, 0.04190779359052458, 0.035187013910515694]
rxn08737_c	[0.038341413690273426, 0.04091224902113596, 0.04190779359052458, 0.035187013910515694]
EX_cpd00060_e	[0.038341413690273426, 0.04091224902113596, 0.04190779359052458, 0.035187013910515694]
EX_cpd10515_e	[0.038341413690273426, 0.04091224902113596, 0.04190779359052458, 0.035187013910515694]
EX_cpd00205_e	[0.038341413690273426, 0.04091224902113596, 0.04190779359052458, 0.035187013910515694]
EX_cpd00099_e	[0.038341413690273426, 0.04091224902113596, 0.04190779359052458, 0.035187013910515694]
EX_biomass	[0.038341413690273426, 0.04091224902113596, 0.04190779359052458, 0.035187013910515694]
rxn08947_c	[0.038341413690273426, 0.04091224902113596, 0.04190779359052458, 0.035187013910515694]
EX_cpd00322_e	[0.038341413690273426, 0.04091224902113596, 0.04190779359052458, 0.035187013910515694]
rxn08309_c	[0.038341413690273426, 0.04091224902113596, 0.04190779359052458, 0.035187013910515694]
EX_cpd00149_e	[0.038341413690273426, 0.04091224902113596, 0.04190779359052458, 0.035187013910515694]
rxn25583_c	[0.038341413690273426, 0.04091224902113596, 0.04190779359052458, 0.035187013910515694]
EX_cpd00104_e	[0.038341413690273426, 0.04091224902113596, 0.04190779359052458, 0.035187013910515694]
rxn05206_c	[0.038341413690273426, 0.04091224902113596, 0.04190779359052458, 0.035187013910515694]
rxn08856_c	[0.038341413690273426, 0.04091224902113596, 0.04190779359052458, 0.035187013910515694]
EX_cpd00084_e	[0.038341413690273426, 0.04091224902113596, 0.04190779359052458, 0.035187013910515694]
rxn05222_c	[0.038341413690273426, 0.04091224902113596, 0.04190779359052458, 0.035187013910515694]
EX_cpd00220_e	[0.038341413690273426, 0.04091224902113596, 0.04190779359052458, 0.035187013910515694]
lipid_rxn	[0.038341413690273426, 0.04091224902113596, 0.04190779359052458, 0.035187013910515694]
rxn13097_c	[0.038341413690273426, 0.04091224902113596, 0.04190779359052458, 0.035187013910515694]
rxn09121_c	[0.038341413690273426, 0.04091224902113596, 0.04190779359052458, 0.035187013910515694]
rxn09427_c	[0.038341413690273426, 0.04091224902113596, 0.04190779359052458, 0.035187013910515694]
rxn10272_c	[0.038341413690273426, 0.04091224902113596, 0.04190779359052458, 0.035187013910515694]
SNK_cpd03187_c	[0.038341413690273426, 0.04091224902113596, 0.04190779359052458, 0.035187013910515694]
rxn00339_c	[0.038341413690273426, 0.04091224902113596, 0.04190779359052458, 0.035187013910515694]
rxn00938_c	[0.038341413690273426, 0.04091224902113596, 0.04190779359052458, 0.035187013910515694]
EX_cpd00226_e	[0.038341413690273426, 0.04091224902113596, 0.04190779359052458, 0.035187013910515694]
EX_cpd00107_e	[0.038341413690273426, 0.04091224902113596, 0.04190779359052458, 0.035187013910515694]
rxn09113_c	[0.038341413690273426, 0.04091224902113596, 0.04190779359052458, 0.035187013910515694]
EX_cpd00393_e	[0.038341413690273426, 0.04091224902113596, 0.04190779359052458, 0.035187013910515694]
rxn09300_c	[0.038341413690273426, 0.04091224902113596, 0.04190779359052458, 0.035187013910515694]
rxn08721_c	[0.038341413690273426, 0.04091224902113596, 0.04190779359052458, 0.035187013910515694]
rxn32338_c	[0.038341413690273426, 0.04091224902113596, 0.04190779359052458, 0.035187013910515694]
rxn05224_c	[0.038341413690273426, 0.04091224902113596, 0.04190779359052458, 0.035187013910515694]
rxn09720_c	[0.038341413690273426, 0.04091224902113596, 0.04190779359052458, 0.035187013910515694]
rxn10281_c	[0.038341413690273426, 0.04091224902113596, 0.04190779359052458, 0.035187013910515694]
rxn10202_c	[0.038341413690273426, 0.04091224902113596, 0.04190779359052458, 0.035187013910515694]
rxn08084_c	[0.038341413690273426, 0.04091224902113596, 0.04190779359052458, 0.035187013910515694]
rxn00465_c	[0.038341413690273426, 0.04091224902113596, 0.04190779359052458, 0.035187013910515694]
rxn00569_c	[0.038341413690273426, 0.04091224902113596, 0.04190779359052458, 0.035187013910515694]
rna_rxn	[0.038341413690273426, 0.04091224902113596, 0.04190779359052458, 0.035187013910515694]
rxn08747_c	[0.038341413690273426, 0.04091224902113596, 0.04190779359052458, 0.035187013910515694]
rxn08241_c	[0.038341413690273426, 0.04091224902113596, 0.04190779359052458, 0.035187013910515694]
EX_cpd00063_e	[0.038341413690273426, 0.04091224902113596, 0.04190779359052458, 0.035187013910515694]
rxn08547_c	[0.038341413690273426, 0.04091224902113596, 0.04190779359052458, 0.035187013910515694]
EX_cpd00305_e	[0.038341413690273426, 0.04091224902113596, 0.04190779359052458, 0.035187013910515694]
EX_cpd00971_e	[0.038341413690273426, 0.04091224902113596, 0.04190779359052458, 0.035187013910515694]
SNK_cpd00242_c	[0.038341413690273426, 0.04091224902113596, 0.04190779359052458, 0.035187013910515694]
rxn00399_c	[0.038341413690273426, 0.04091224902113596, 0.04190779359052458, 0.035187013910515694]
EX_cpd00039_e	[0.038341413690273426, 0.04091224902113596, 0.04190779359052458, 0.035187013910515694]
rxn08786_c	[0.038341413690273426, 0.04091224902113596, 0.04190779359052458, 0.035187013910515694]
EX_cpd00254_e	[0.038341413690273426, 0.04091224902113596, 0.04190779359052458, 0.035187013910515694]
EX_cpd00156_e	[0.038341413690273426, 0.04091224902113596, 0.04190779359052458, 0.035187013910515694]
rxn09166_c	[0.038341413690273426, 0.04091224902113596, 0.04190779359052458, 0.035187013910515694]
EX_cpd00051_e	[0.038341413690273426, 0.04091224902113596, 0.04190779359052458, 0.035187013910515694]
rxn09111_c	[0.038341413690273426, 0.04091224902113596, 0.04190779359052458, 0.035187013910515694]
EX_cpd00133_e	[0.038341413690273426, 0.04091224902113596, 0.04190779359052458, 0.035187013910515694]
EX_cpd00119_e	[0.038341413690273426, 0.04091224902113596, 0.04190779359052458, 0.035187013910515694]
rxn01207_c	[0.038341413690273426, 0.04091224902113596, 0.04190779359052458, 0.035187013910515694]
rxn10211_c	[0.038341413690273426, 0.04091224902113596, 0.04190779359052458, 0.035187013910515694]
rxn29888_c	[0.038341413690273426, 0.04091224902113596, 0.04190779359052458, 0.035187013910515694]
rxn37219_c	[0.038341413690273426, 0.04091224902113596, 0.04190779359052458, 0.035187013910515694]
rxn29122_c	[0.038341413690273426, 0.04091224902113596, 0.04190779359052458, 0.035187013910515694]
EX_cpd00065_e	[0.038341413690273426, 0.04091224902113596, 0.04190779359052458, 0.035187013910515694]
rxn05221_c	[0.038341413690273426, 0.04091224902113596, 0.04190779359052458, 0.035187013910515694]
EX_cpd00030_e	[0.038341413690273426, 0.04091224902113596, 0.04190779359052458, 0.035187013910515694]
rxn36659_c	[0.038341413690273426, 0.04091224902113596, 0.04190779359052458, 0.035187013910515694]
rxn09339_c	[0.038341413690273426, 0.04091224902113596, 0.04190779359052458, 0.035187013910515694]
cofactor_rxn	[0.038341413690273426, 0.04091224902113596, 0.04190779359052458, 0.035187013910515694]
rxn08155_c	[0.038341413690273426, 0.04091224902113596, 0.04190779359052458, 0.035187013910515694]
rxn09109_c	[0.038341413690273426, 0.04091224902113596, 0.04190779359052458, 0.035187013910515694]
rxn08284_c	[0.038341413690273426, 0.04091224902113596, 0.04190779359052458, 0.035187013910515694]
rxn10867_c	[0.038341413690273426, 0.04091224902113596, 0.04190779359052458, 0.035187013910515694]
rxn10204_c	[0.038341413690273426, 0.04091224902113596, 0.04190779359052458, 0.035187013910515694]
EX_cpd00129_e	[0.038341413690273426, 0.04091224902113596, 0.04190779359052458, 0.035187013910515694]
EX_cpd00035_e	[0.038341413690273426, 0.04091224902113596, 0.04190779359052458, 0.035187013910515694]
EX_cpd00132_e	[0.038341413690273426, 0.04091224902113596, 0.04190779359052458, 0.035187013910515694]
EX_cpd00041_e	[0.038341413690273426, 0.04091224902113596, 0.04190779359052458, 0.035187013910515694]
EX_cpd00053_e	[0.038341413690273426, 0.04091224902113596, 0.04190779359052458, 0.035187013910515694]
EX_cpd00023_e	[0.038341413690273426, 0.04091224902113596, 0.04190779359052458, 0.035187013910515694]
EX_cpd00033_e	[0.038341413690273426, 0.04091224902113596, 0.04190779359052458, 0.035187013910515694]
EX_cpd00066_e	[0.038341413690273426, 0.04091224902113596, 0.04190779359052458, 0.035187013910515694]
EX_cpd00054_e	[0.038341413690273426, 0.04091224902113596, 0.04190779359052458, 0.035187013910515694]
EX_cpd00161_e	[0.038341413690273426, 0.04091224902113596, 0.04190779359052458, 0.035187013910515694]
EX_cpd00027_e	[0.038341413690273426, 0.04091224902113596, 0.04190779359052458, 0.035187013910515694]
rxn09248_c	[0.038341413690273426, 0.04091224902113596, 0.04190779359052458, 0.035187013910515694]
rxn08625_c	[0.038341413690273426, 0.04091224902113596, 0.04190779359052458, 0.035187013910515694]
rxn06418_c	[0.038341413690273426, 0.04091224902113596, 0.04190779359052458, 0.035187013910515694]
rxn05218_c	[0.038341413690273426, 0.04091224902113596, 0.04190779359052458, 0.035187013910515694]
rxn09865_c	[0.038341413690273426, 0.04091224902113596, 0.04190779359052458, 0.035187013910515694]
rxn32796_c	[0.038341413690273426, 0.04091224902113596, 0.04190779359052458, 0.035187013910515694]
rxn09307_c	[0.038341413690273426, 0.04091224902113596, 0.04190779359052458, 0.035187013910515694]
rxn08617_c	[0.038341413690273426, 0.04091224902113596, 0.04190779359052458, 0.035187013910515694]
rxn05220_c	[0.038341413690273426, 0.04091224902113596, 0.04190779359052458, 0.035187013910515694]
SNK_cpd00528_c	[0.038341413690273426, 0.04091224902113596, 0.04190779359052458, 0.035187013910515694]
rxn08104_c	[0.038341413690273426, 0.04091224902113596, 0.04190779359052458, 0.035187013910515694]
rxn09118_c	[0.038341413690273426, 0.04091224902113596, 0.04190779359052458, 0.035187013910515694]
