reaction	linear_coefficient
rxn05918_c	[0.049379573152127626, 0.043906449418729086, 0.02324596569768589, 0.021061402139471986]
rxn00297_c	[0.020726803736033732, 0.019030484945404384, 0.01968568322518562, 0.0223415437293501]
rxn32155_c	[0.0015215419479991245, 0.001238300026508415, 0.00168183206083291, 0.002663410605456184]
rxn31412_c	[0.0015215419479991245, 0.001238300026508415, 0.00168183206083291, 0.002663410605456184]
rxn35692_c	[0.0015215419479991245, 0.001238300026508415, 0.00168183206083291, 0.002663410605456184]
rxn31441_c	[0.0015215419479991245, 0.001238300026508415, 0.00168183206083291, 0.002663410605456184]
rxn35691_c	[0.0015215419479991245, 0.001238300026508415, 0.00168183206083291, 0.002663410605456184]
rxn27956_c	[0.0015215419479991245, 0.001238300026508415, 0.00168183206083291, 0.002663410605456184]
rxn31439_c	[0.0015215419479991245, 0.001238300026508415, 0.00168183206083291, 0.002663410605456184]
rxn31451_c	[0.0015215419479991245, 0.001238300026508415, 0.00168183206083291, 0.002663410605456184]
rxn35693_c	[0.0015215419479991245, 0.001238300026508415, 0.00168183206083291, 0.002663410605456184]
rxn35429_c	[0.0032278979333124668, 0.0027787659925241803, 0.002619211747417991, 0.001937842991686855]
rxn35443_c	[0.0032278979333124668, 0.0027787659925241803, 0.002619211747417991, 0.001937842991686855]
rxn31257_c	[0.017804481462826663, 0.014176638215392244, 0.013990991606934783, 0.016620188913849462]
rxn38489_c	[0.013651180973313113, 0.014176638215392244, 0.013990991606934783, 0.01515056788317739]
rxn31255_c	[0.017804481462826663, 0.014176638215392244, 0.013990991606934783, 0.016620188913849462]
rxn31254_c	[0.017804481462826663, 0.014176638215392244, 0.013990991606934783, 0.016620188913849462]
rxn38492_c	[0.017804481462826663, 0.014176638215392244, 0.013990991606934783, 0.016620188913849462]
rxn07573_c	[0.017804481462826663, 0.014176638215392244, 0.013990991606934783, 0.016620188913849462]
rxn31256_c	[0.017804481462826663, 0.014176638215392244, 0.013990991606934783, 0.016620188913849462]
rxn38484_c	[0.017804481462826663, 0.014176638215392244, 0.013990991606934783, 0.016620188913849462]
rxn03491_c	[0.13681405446329079, 0.15227882109318258, 0.09928374141684966, 0.11130445180176311]
rxn13947_c	[0.018772417822690655, 0.018312239921938644, 0.01927640477250932, 0.02390359375138128]
rxn16611_c	[0.018772417822690655, 0.018312239921938644, 0.01927640477250932, 0.02390359375138128]
rxn03126_c	[0.007851572213738365, 0.005733623986246265, 0.0034025619085110625, 0.004100681484290976]
rxn35449_c	[0.0225932869728715, 0.021244658529266804, 0.018536353240080152, 0.02053310132799679]
rxn33067_c	[0.015807894843565245, 0.016914806620787228, 0.016869143321567456, 0.019337601376485384]
rxn33490_c	[0.0007559335445104823, 0.0008679578249191217, 0.0006256295971038647, 0.0008564237453847944]
rxn03372_c	[0.0007559335445104823, 0.0008679578249191217, 0.0006256295971038647, 0.0008564237453847944]
rxn27688_c	[0.0007559335445104823, 0.0008679578249191217, 0.0006256295971038647, 0.0008564237453847944]
rxn23129_c	[0.0007559335445104823, 0.0008679578249191217, 0.0006256295971038647, 0.0008564237453847944]
rxn38696_c	[0.05855686602606076, 0.061316472713971476, 0.056991634418837325, 0.064646294931541]
rxn32682_c	[0.010583743383398863, 0.015527993270089373, 0.018536353240080152, 0.02053310132799679]
rxn14089_c	[0.010583743383398863, 0.015527993270089373, 0.018536353240080152, 0.01908804309009261]
rxn38034_c	[0.010583743383398863, 0.015527993270089373, 0.018536353240080152, 0.01908804309009261]
rxn11834_c	[0.010583743383398863, 0.015527993270089373, 0.018536353240080152, 0.02053310132799679]
rxn11838_c	[0.010583743383398863, 0.015527993270089373, 0.018536353240080152, 0.02053310132799679]
rxn31891_c	[0.010583743383398863, 0.015527993270089373, 0.018536353240080152, 0.01908804309009261]
rxn05871_c	[0.010583743383398863, 0.015527993270089373, 0.018536353240080152, 0.01908804309009261]
rxn38318_c	[0.010583743383398863, 0.015527993270089373, 0.018536353240080152, 0.01908804309009261]
rxn11809_c	[0.010583743383398863, 0.015527993270089373, 0.018536353240080152, 0.02053310132799679]
rxn03282_c	[0.010583743383398863, 0.015527993270089373, 0.018536353240080152, 0.02053310132799679]
rxn04726_c	[0.010583743383398863, 0.015527993270089373, 0.018536353240080152, 0.01908804309009261]
rxn32074_c	[0.010583743383398863, 0.015527993270089373, 0.018536353240080152, 0.02053310132799679]
rxn37546_c	[0.018772417822690655, 0.01829374035300675, 0.016961561035533892, 0.01908804309009261]
rxn03901_c	[0.018772417822690655, 0.018312239921938644, 0.018536353240080152, 0.019836717949270923]
rxn02008_c	[0.07822749762317727, 0.06456681647977613, 0.07279506376774116, 0.0732005984245685]
rxn37906_c	[0.17420376684111297, 0.12984553925265635, 0.09928374141684966, 0.10260226189339149]
rxn35246_c	[0.018772417822690655, 0.018312239921938644, 0.01750286479898718, 0.02053310132799679]
rxn32777_c	[0.018772417822690655, 0.018312239921938644, 0.01750286479898718, 0.02053310132799679]
rxn31528_c	[0.017764449654081787, 0.018312239921938644, 0.018536353240080152, 0.02053310132799679]
rxn31098_c	[0.010303520695499377, 0.014759730193499826, 0.018536353240080152, 0.02053310132799679]
rxn01990_c	[0.023804249282137004, 0.0207403627667783, 0.0208871135271919, 0.02491106980094986]
rxn02346_c	[0.023804249282137004, 0.0207403627667783, 0.0208871135271919, 0.02491106980094986]
rxn15053_c	[0.018772417822690655, 0.019672674080086983, 0.01968568322518562, 0.02053310132799679]
rxn33432_c	[0.018772417822690655, 0.019672674080086983, 0.01968568322518562, 0.02053310132799679]
rxn00196_c	[0.018772417822690655, 0.019672674080086983, 0.01968568322518562, 0.02053310132799679]
rxn33696_c	[0.018772417822690655, 0.019672674080086983, 0.01968568322518562, 0.02053310132799679]
rxn31895_c	[0.018772417822690655, 0.019672674080086983, 0.01968568322518562, 0.02053310132799679]
rxn33132_c	[0.018772417822690655, 0.019672674080086983, 0.01968568322518562, 0.02053310132799679]
rxn32139_c	[0.018772417822690655, 0.019672674080086983, 0.01968568322518562, 0.02053310132799679]
rxn31362_c	[0.018772417822690655, 0.019672674080086983, 0.01968568322518562, 0.02053310132799679]
rxn32516_c	[0.018772417822690655, 0.019672674080086983, 0.01968568322518562, 0.02053310132799679]
rxn32956_c	[0.018772417822690655, 0.019672674080086983, 0.01968568322518562, 0.02053310132799679]
rxn32720_c	[0.018772417822690655, 0.019672674080086983, 0.01968568322518562, 0.02053310132799679]
rxn06890_c	[0.018772417822690655, 0.019672674080086983, 0.01968568322518562, 0.02053310132799679]
rxn04234_c	[0.018772417822690655, 0.019672674080086983, 0.01968568322518562, 0.02053310132799679]
rxn31901_c	[0.018772417822690655, 0.019672674080086983, 0.01968568322518562, 0.02053310132799679]
rxn03598_c	[0.018772417822690655, 0.019672674080086983, 0.01968568322518562, 0.02053310132799679]
rxn33557_c	[0.018772417822690655, 0.019672674080086983, 0.01968568322518562, 0.02053310132799679]
rxn02122_c	[0.018772417822690655, 0.019672674080086983, 0.01968568322518562, 0.02053310132799679]
rxn30209_c	[0.018772417822690655, 0.019672674080086983, 0.01968568322518562, 0.02053310132799679]
rxn38233_c	[0.018772417822690655, 0.04315394558423549, 0.05917005198788516, 0.05411863234659521]
rxn37640_c	[0.05978284031230636, 0.053098027675699135, 0.04475288836892048, 0.05411863234659521]
rxn32752_c	[0.005409631682829306, 0.007813844009723403, 0.009163266179595068, 0.010251831128450128]
rxn32758_c	[0.005409631682829306, 0.007813844009723403, 0.009163266179595068, 0.010251831128450128]
rxn16213_c	[0.005409631682829306, 0.007813844009723403, 0.009163266179595068, 0.010251831128450128]
rxn00988_c	[0.0249401519466702, 0.024747150204581816, 0.02397210488907205, 0.02794274084757612]
rxn06112_c	[0.020726803736033732, 0.02162288035498765, 0.03733306605759537, 0.02446741062176439]
rxn33884_c	[0.005324564084576508, 0.004165579343222036, 0.0029360724866389176, 0.0039712808909189365]
rxn31942_c	[0.05921238694829594, 0.05380719359571366, 0.04519297272454871, 0.04598488074845149]
rxn32204_c	[0.05921238694829594, 0.05380719359571366, 0.04519297272454871, 0.04598488074845149]
rxn16223_c	[0.011329335879312825, 0.011257238523324104, 0.011288873636597663, 0.0105013894148429]
rxn16221_c	[0.011329335879312825, 0.011257238523324104, 0.011288873636597663, 0.0105013894148429]
rxn32044_c	[0.012200027790230068, 0.017702768751281545, 0.014655518992417087, 0.018071324136526526]
rxn16742_c	[0.30447228696237827, 0.28945908830578976, 0.2950596697666687, 0.31356682241911477]
rxn13975_c	[0.006125200326187413, 0.005197809734426555, 0.0034025619085110625, 0.004308646723964449]
rxn33387_c	[0.006125200326187413, 0.005197809734426555, 0.0034025619085110625, 0.004308646723964449]
rxn14156_c	[0.006125200326187413, 0.005197809734426555, 0.0034025619085110625, 0.004308646723964449]
rxn32196_c	[0.006125200326187413, 0.005197809734426555, 0.0034025619085110625, 0.004308646723964449]
rxn14059_c	[0.006125200326187413, 0.005197809734426555, 0.0034025619085110625, 0.004308646723964449]
rxn27543_c	[0.006125200326187413, 0.005197809734426555, 0.0034025619085110625, 0.004308646723964449]
rxn33015_c	[0.006125200326187413, 0.005197809734426555, 0.0034025619085110625, 0.004308646723964449]
rxn14278_c	[0.006125200326187413, 0.005197809734426555, 0.0034025619085110625, 0.004308646723964449]
rxn13995_c	[0.006125200326187413, 0.005197809734426555, 0.0034025619085110625, 0.004308646723964449]
rxn14248_c	[0.006125200326187413, 0.005197809734426555, 0.0034025619085110625, 0.004308646723964449]
rxn01107_c	[0.0461870361472101, 0.04762169086490916, 0.051525786651816625, 0.05411863234659521]
rxn32924_c	[0.0461870361472101, 0.04762169086490916, 0.051525786651816625, 0.05411863234659521]
rxn02663_c	[0.0461870361472101, 0.04762169086490916, 0.051525786651816625, 0.05411863234659521]
rxn33182_c	[0.04492603407301069, 0.02345095249979018, 0.02269586024548463, 0.026713435211453296]
rxn37337_c	[0.005940053195398283, 0.0032082053537720646, 0.0029360724866389176, 0.00246468826552632]
rxn26310_c	[0.0019268640444974068, 0.0027787659925241803, 0.0029360724866389176, 0.0025987103090740135]
rxn27893_c	[0.00598508898223767, 0.009090342660610267, 0.013990991606934783, 0.01689747590008076]
rxn02986_c	[0.018772417822690655, 0.018312239921938644, 0.018536353240080152, 0.02053310132799679]
rxn16806_c	[0.018772417822690655, 0.018312239921938644, 0.018536353240080152, 0.02053310132799679]
rxn14250_c	[0.04824867446568894, 0.020712784094395194, 0.018796712820070543, 0.04274986591111202]
rxn06348_c	[0.021627519510180968, 0.018312239921938644, 0.018536353240080152, 0.02053310132799679]
rxn20026_c	[0.08864077273420794, 0.06396796524929402, 0.055402929868137406, 0.05411863234659521]
rxn05029_c	[0.040492510895597654, 0.04792505628681974, 0.05410028018896997, 0.048351063035415025]
rxn03535_c	[0.040492510895597654, 0.04792505628681974, 0.05410028018896997, 0.048351063035415025]
rxn08194_c	[0.040492510895597654, 0.04792505628681974, 0.05410028018896997, 0.048351063035415025]
rxn00615_c	[0.018772417822690655, 0.01829374035300675, 0.016178210874951887, 0.017465914222462617]
rxn20503_c	[0.12231253059932347, 0.1019477399853737, 0.0878943581701267, 0.08870556240568138]
rxn00407_c	[0.1280170637590913, 0.12786775430023328, 0.0878943581701267, 0.08870556240568138]
rxn32567_c	[0.1280170637590913, 0.12786775430023328, 0.0878943581701267, 0.08870556240568138]
rxn16151_c	[0.008517101086825504, 0.008326019395829531, 0.006412738928810073, 0.007307967627261215]
rxn04160_c	[0.05358791736332131, 0.058511327538662436, 0.0653004271148349, 0.05411863234659521]
rxn38811_c	[0.0249401519466702, 0.024747150204581816, 0.02397210488907205, 0.02794274084757612]
rxn32093_c	[0.0249401519466702, 0.024747150204581816, 0.02397210488907205, 0.02794274084757612]
rxn33327_c	[0.0249401519466702, 0.024747150204581816, 0.02397210488907205, 0.02794274084757612]
rxn32850_c	[0.0249401519466702, 0.024747150204581816, 0.02397210488907205, 0.02794274084757612]
rxn32210_c	[0.0249401519466702, 0.024747150204581816, 0.02397210488907205, 0.02794274084757612]
rxn33082_c	[0.0249401519466702, 0.024747150204581816, 0.02397210488907205, 0.02794274084757612]
rxn31834_c	[0.06446656229304061, 0.08198077958682734, 0.08394240061222476, 0.07416186000276548]
rxn35346_c	[0.020576684441232035, 0.018837434223304795, 0.020847505935492, 0.02053310132799679]
rxn31870_c	[0.020576684441232035, 0.018837434223304795, 0.020847505935492, 0.02053310132799679]
rxn28327_c	[0.017003845223884293, 0.01588257623009664, 0.014307852345644646, 0.018884699299379394]
rxn38087_c	[0.00524450046068227, 0.005142652385548918, 0.00306369695099766, 0.004100681484290976]
rxn16800_c	[0.008281914191102475, 0.012789824864694389, 0.014307852345644646, 0.01768774380901686]
rxn30580_c	[0.2021059397618501, 0.16985037662119334, 0.1546859614668447, 0.134767552308376]
rxn27110_c	[0.1280170637590913, 0.09743665680049955, 0.08394240061222476, 0.08491135216211153]
rxn30386_c	[0.01013338549899378, 0.009744351230719301, 0.007451338017087434, 0.012733549654612543]
rxn30418_c	[0.01013338549899378, 0.009744351230719301, 0.007451338017087434, 0.012733549654612543]
rxn19763_c	[0.0051644368367880335, 0.005142652385548918, 0.0047580217370314795, 0.005662731506322154]
rxn38078_c	[0.01013338549899378, 0.009744351230719301, 0.007451338017087434, 0.012733549654612543]
rxn17745_c	[0.0018117725851494412, 0.0027787659925241803, 0.00306369695099766, 0.004100681484290976]
rxn31329_c	[0.01013338549899378, 0.009744351230719301, 0.007451338017087434, 0.012733549654612543]
rxn32658_c	[0.01913553921433801, 0.018312239921938644, 0.018536353240080152, 0.020737900657561134]
rxn33497_c	[0.01913553921433801, 0.018312239921938644, 0.018536353240080152, 0.020737900657561134]
rxn38344_c	[0.01913553921433801, 0.018312239921938644, 0.018536353240080152, 0.020737900657561134]
rxn03599_c	[0.04699267636424698, 0.02257237472338964, 0.02385768295579101, 0.04674741996362605]
rxn33281_c	[0.02279344603260709, 0.022544796045867246, 0.02352761968651451, 0.04674741996362605]
rxn30979_c	[0.02279344603260709, 0.022544796045867246, 0.02352761968651451, 0.04674741996362605]
rxn33994_c	[0.02279344603260709, 0.022544796045867246, 0.02352761968651451, 0.04674741996362605]
rxn33568_c	[0.02085190315103701, 0.018312239921938644, 0.018536353240080152, 0.02053310132799679]
rxn00367_c	[0.062359888203733574, 0.0660127269921883, 0.07759198329212895, 0.0702705992915298]
rxn00463_c	[0.062359888203733574, 0.0660127269921883, 0.07759198329212895, 0.0702705992915298]
rxn32148_c	[0.02085190315103701, 0.018312239921938644, 0.018536353240080152, 0.02053310132799679]
rxn02176_c	[0.062359888203733574, 0.0660127269921883, 0.07759198329212895, 0.0702705992915298]
rxn29978_c	[0.062359888203733574, 0.0660127269921883, 0.07759198329212895, 0.0702705992915298]
rxn02154_c	[0.062359888203733574, 0.0660127269921883, 0.07759198329212895, 0.0702705992915298]
rxn38181_c	[0.062359888203733574, 0.0660127269921883, 0.07759198329212895, 0.0702705992915298]
rxn33891_c	[0.062359888203733574, 0.0660127269921883, 0.07759198329212895, 0.0702705992915298]
rxn33736_c	[0.06446656229304061, 0.07492063889143111, 0.052956060856159545, 0.064646294931541]
rxn32253_c	[0.006740689434340654, 0.007081039229134582, 0.0055149668349470235, 0.006152605180579482]
rxn38254_c	[0.006740689434340654, 0.007081039229134582, 0.0055149668349470235, 0.006152605180579482]
rxn37937_c	[0.006740689434340654, 0.007081039229134582, 0.0055149668349470235, 0.006152605180579482]
rxn30355_c	[0.006740689434340654, 0.007081039229134582, 0.0055149668349470235, 0.006152605180579482]
rxn33740_c	[0.006740689434340654, 0.007081039229134582, 0.0055149668349470235, 0.006152605180579482]
rxn33295_c	[0.006740689434340654, 0.007081039229134582, 0.0055149668349470235, 0.006152605180579482]
rxn34671_c	[0.006740689434340654, 0.007081039229134582, 0.0055149668349470235, 0.006152605180579482]
rxn38070_c	[0.04824867446568894, 0.018312239921938644, 0.018536353240080152, 0.024846369503352294]
rxn31210_c	[0.0012313113113825152, 0.001998683483077842, 0.0029360724866389176, 0.004160760331105191]
rxn19980_c	[0.0012313113113825152, 0.001998683483077842, 0.0029360724866389176, 0.004160760331105191]
rxn38143_c	[0.06446656229304061, 0.06163953716922966, 0.06464910230080445, 0.07416186000276548]
rxn27286_c	[0.018772417822690655, 0.018312239921938644, 0.018536353240080152, 0.02053310132799679]
rxn05107_c	[0.1329710005249067, 0.1115293595189089, 0.09431518900020629, 0.08870556240568138]
rxn24177_c	[0.01014339344984573, 0.014759730193499826, 0.018536353240080152, 0.02053310132799679]
rxn31885_c	[0.01014339344984573, 0.014759730193499826, 0.018536353240080152, 0.02053310132799679]
rxn28100_c	[0.010288508766552915, 0.010205309078728747, 0.011002818805950379, 0.011878581448078874]
rxn31826_c	[0.024569857685091942, 0.041570141699629234, 0.0208871135271919, 0.020737900657561134]
rxn29959_c	[0.050740654761531896, 0.06325091971594043, 0.0751539159433458, 0.06822329704055537]
rxn33398_c	[0.050740654761531896, 0.06325091971594043, 0.0751539159433458, 0.06822329704055537]
rxn03809_c	[0.10569432462581527, 0.09734210133764522, 0.08711540883092074, 0.08870556240568138]
rxn03821_c	[0.10569432462581527, 0.09734210133764522, 0.08711540883092074, 0.08870556240568138]
rxn16573_c	[0.0249401519466702, 0.0396593335325381, 0.03684017157458996, 0.025789145255323307]
rxn27109_c	[0.01692378160105747, 0.018312239921938644, 0.02224697420110843, 0.02294233219749225]
rxn32318_c	[0.008647204479923296, 0.012411603044112833, 0.017062780438248302, 0.02053310132799679]
rxn07492_c	[0.0809296449402819, 0.07641382713527044, 0.08216445979177331, 0.08491135216211153]
rxn16824_c	[0.049379573152127626, 0.04792505628681974, 0.038934973128640624, 0.04719570058873329]
rxn03167_c	[0.06563749276153881, 0.04167651658763141, 0.022946708331361323, 0.05086513170733773]
rxn01160_c	[0.0249401519466702, 0.024747150204581816, 0.02397210488907205, 0.02794274084757612]
rxn02011_c	[0.02064674011320691, 0.018991086837594845, 0.018536353240080152, 0.02053310132799679]
rxn19830_c	[0.045676630547019155, 0.018312239921938644, 0.018536353240080152, 0.04647475442939351]
rxn32257_c	[0.02085190315103701, 0.018312239921938644, 0.018536353240080152, 0.02053310132799679]
rxn33715_c	[0.05042040026488754, 0.04384735225701478, 0.02269586024548463, 0.027910390701815835]
rxn16837_c	[0.1280170637590913, 0.1115293595189089, 0.08894175895226267, 0.08870556240568138]
rxn12005_c	[0.1280170637590913, 0.1115293595189089, 0.08894175895226267, 0.08870556240568138]
rxn32095_c	[0.0105687314544524, 0.007581395179814274, 0.005470958401428461, 0.011176121084580118]
rxn00598_c	[0.05358791736332131, 0.04792505628681974, 0.037363871965657956, 0.03970433051456649]
rxn07689_c	[0.05358791736332131, 0.04792505628681974, 0.037363871965657956, 0.03970433051456649]
rxn19982_c	[0.05358791736332131, 0.04792505628681974, 0.037363871965657956, 0.03970433051456649]
rxn19979_c	[0.05358791736332131, 0.04792505628681974, 0.037363871965657956, 0.03970433051456649]
rxn07681_c	[0.05358791736332131, 0.04792505628681974, 0.037363871965657956, 0.03970433051456649]
rxn07884_c	[0.05358791736332131, 0.04792505628681974, 0.037363871965657956, 0.03970433051456649]
rxn03866_c	[0.05358791736332131, 0.04792505628681974, 0.037363871965657956, 0.03970433051456649]
rxn19989_c	[0.05358791736332131, 0.04792505628681974, 0.037363871965657956, 0.03970433051456649]
rxn19986_c	[0.05358791736332131, 0.04792505628681974, 0.037363871965657956, 0.03970433051456649]
rxn33120_c	[0.05358791736332131, 0.04792505628681974, 0.037363871965657956, 0.03970433051456649]
rxn07685_c	[0.05358791736332131, 0.04792505628681974, 0.037363871965657956, 0.03970433051456649]
rxn07880_c	[0.05358791736332131, 0.04792505628681974, 0.037363871965657956, 0.03970433051456649]
rxn19988_c	[0.05358791736332131, 0.04792505628681974, 0.037363871965657956, 0.03970433051456649]
rxn33363_c	[0.05358791736332131, 0.04792505628681974, 0.037363871965657956, 0.03970433051456649]
rxn05104_c	[0.049379573152127626, 0.060071492521580075, 0.05802143182347736, 0.05192806515658337]
rxn01037_c	[0.018772417822690655, 0.018312239921938644, 0.018536353240080152, 0.02053310132799679]
rxn31408_c	[0.018772417822690655, 0.020712784094395194, 0.018536353240080152, 0.02053310132799679]
rxn20202_c	[0.008477069278080628, 0.009090342660610267, 0.007675781041830858, 0.007307967627261215]
rxn32357_c	[0.02292354942036781, 0.02205231971366589, 0.020750687374596247, 0.02625129023034981]
rxn03395_c	[0.02292354942036781, 0.02205231971366589, 0.020750687374596247, 0.02625129023034981]
rxn33220_c	[0.02292354942036781, 0.02205231971366589, 0.020750687374596247, 0.02625129023034981]
rxn15785_c	[0.02292354942036781, 0.02205231971366589, 0.020750687374596247, 0.02625129023034981]
rxn06023_c	[0.0249401519466702, 0.043906449418729086, 0.02373445933887264, 0.04274986591111202]
rxn28109_c	[0.09137794788196295, 0.09020316440607276, 0.0878943581701267, 0.08870556240568138]
rxn28046_c	[0.09137794788196295, 0.09020316440607276, 0.0878943581701267, 0.08870556240568138]
rxn32810_c	[0.019971203289267818, 0.018312239921938644, 0.018536353240080152, 0.02053310132799679]
rxn32580_c	[0.008196846595518212, 0.006293077098640265, 0.005211308626803796, 0.0056997031046888925]
rxn07474_c	[0.012200027790230068, 0.01238008455992092, 0.012829168896628409, 0.013847319051536485]
rxn32556_c	[0.04867401246495854, 0.04762169086490916, 0.036787361452323426, 0.04598488074845149]
rxn34729_c	[0.042228890739337624, 0.04593939171591835, 0.043837512897561486, 0.04274986591111202]
rxn34728_c	[0.042228890739337624, 0.04593939171591835, 0.043837512897561486, 0.04274986591111202]
rxn34732_c	[0.042228890739337624, 0.04593939171591835, 0.043837512897561486, 0.04274986591111202]
rxn04274_c	[0.042228890739337624, 0.04593939171591835, 0.043837512897561486, 0.04274986591111202]
rxn37816_c	[0.042228890739337624, 0.04593939171591835, 0.043837512897561486, 0.04274986591111202]
rxn34630_c	[0.018772417822690655, 0.018312239921938644, 0.018536353240080152, 0.02294233219749225]
rxn02949_c	[0.042228890739337624, 0.04593939171591835, 0.043837512897561486, 0.04274986591111202]
rxn34731_c	[0.042228890739337624, 0.04593939171591835, 0.043837512897561486, 0.04274986591111202]
rxn35541_c	[0.042228890739337624, 0.04593939171591835, 0.043837512897561486, 0.04274986591111202]
rxn04275_c	[0.042228890739337624, 0.04593939171591835, 0.043837512897561486, 0.04274986591111202]
rxn07882_c	[0.042228890739337624, 0.04593939171591835, 0.043837512897561486, 0.04274986591111202]
rxn34730_c	[0.042228890739337624, 0.04593939171591835, 0.043837512897561486, 0.04274986591111202]
rxn32064_c	[0.042228890739337624, 0.04593939171591835, 0.043837512897561486, 0.04274986591111202]
rxn34733_c	[0.042228890739337624, 0.04593939171591835, 0.043837512897561486, 0.04274986591111202]
rxn37861_c	[0.042228890739337624, 0.04593939171591835, 0.043837512897561486, 0.04274986591111202]
rxn32636_c	[0.042228890739337624, 0.04593939171591835, 0.043837512897561486, 0.04274986591111202]
rxn38273_c	[0.011694626162796573, 0.011927006335529098, 0.011209658453197859, 0.010847998150670515]
rxn27919_c	[0.010453639990301073, 0.013014394076125185, 0.015368455653236612, 0.01789570904565184]
rxn11772_c	[0.010453639990301073, 0.013014394076125185, 0.015368455653236612, 0.01789570904565184]
rxn38134_c	[0.010453639990301073, 0.013014394076125185, 0.015368455653236612, 0.01789570904565184]
rxn13914_c	[0.018772417822690655, 0.018312239921938644, 0.018536353240080152, 0.02053310132799679]
rxn03140_c	[0.018772417822690655, 0.018312239921938644, 0.018536353240080152, 0.02053310132799679]
rxn11766_c	[0.20679466572601593, 0.15227882109318258, 0.14606470885862397, 0.134767552308376]
rxn32969_c	[0.20679466572601593, 0.15227882109318258, 0.14606470885862397, 0.134767552308376]
rxn11765_c	[0.20679466572601593, 0.15227882109318258, 0.14606470885862397, 0.134767552308376]
rxn38024_c	[0.016708610612375413, 0.01641839048191635, 0.017428050457406037, 0.02053310132799679]
rxn32386_c	[0.016708610612375413, 0.01641839048191635, 0.017428050457406037, 0.02053310132799679]
rxn11773_c	[0.20679466572601593, 0.15227882109318258, 0.14606470885862397, 0.134767552308376]
rxn33365_c	[0.20679466572601593, 0.15227882109318258, 0.14606470885862397, 0.134767552308376]
rxn16660_c	[0.12917798631409705, 0.12984553925265635, 0.09928374141684966, 0.08870556240568138]
rxn38693_c	[0.0245848696140384, 0.02205231971366589, 0.042041968709835384, 0.042421742977202415]
rxn31960_c	[0.0245848696140384, 0.02205231971366589, 0.042041968709835384, 0.042421742977202415]
rxn01252_c	[0.0245848696140384, 0.02205231971366589, 0.042041968709835384, 0.042421742977202415]
rxn01251_c	[0.0245848696140384, 0.02205231971366589, 0.042041968709835384, 0.042421742977202415]
rxn16679_c	[0.012940616313386588, 0.018312239921938644, 0.01923679717569877, 0.022364650977189877]
rxn31088_c	[0.008291922147291497, 0.007656251583624539, 0.006351127117795565, 0.009433834519675499]
rxn03446_c	[0.008291922147291497, 0.007656251583624539, 0.006351127117795565, 0.009433834519675499]
rxn33688_c	[0.12917798631409705, 0.1115293595189089, 0.0878943581701267, 0.09053103509440953]
rxn33703_c	[0.12917798631409705, 0.1115293595189089, 0.0878943581701267, 0.09053103509440953]
rxn00745_c	[0.12917798631409705, 0.1295697524774324, 0.14606470885862397, 0.2099169470169024]
rxn10534_c	[0.008592160736894887, 0.008676662544027986, 0.009365704985023886, 0.013505331767707619]
rxn11595_c	[0.008592160736894887, 0.008676662544027986, 0.009365704985023886, 0.013505331767707619]
rxn31361_c	[0.012200027790230068, 0.011343914357421514, 0.011583730161103568, 0.013847319051536485]
rxn38276_c	[0.018772417822690655, 0.018312239921938644, 0.018536353240080152, 0.02053310132799679]
rxn34254_c	[0.018772417822690655, 0.018312239921938644, 0.018536353240080152, 0.02053310132799679]
rxn06090_c	[0.018772417822690655, 0.01683207059849863, 0.015324447219718049, 0.01789570904565184]
rxn35432_c	[0.01050367975523497, 0.01761215310537532, 0.018536353240080152, 0.02053310132799679]
rxn31235_c	[0.008477069278080628, 0.007656251583624539, 0.005426949962799249, 0.007049166436870943]
rxn16150_c	[0.008957451020378638, 0.005182050492330598, 0.004700810769879893, 0.007049166436870943]
rxn35283_c	[0.018772417822690655, 0.018312239921938644, 0.01895954403379946, 0.02053310132799679]
rxn00193_c	[0.04933954133804568, 0.04169621564153619, 0.041064981432572534, 0.05192806515658337]
rxn01669_c	[0.022883517606285864, 0.019050183999309155, 0.018730700162126725, 0.024846369503352294]
rxn32259_c	[0.04824867446568894, 0.04792505628681974, 0.04777186707796747, 0.0474914733768826]
rxn11768_c	[0.010248476957808037, 0.010205309078728747, 0.010347093109216051, 0.013736404252182375]
rxn27944_c	[0.010248476957808037, 0.010205309078728747, 0.010347093109216051, 0.013736404252182375]
rxn25492_c	[0.0412631232766471, 0.04167651658763141, 0.03684017157458996, 0.04708478579545616]
rxn16520_c	[0.018772417822690655, 0.018312239921938644, 0.01674151885771978, 0.017655393657179583]
rxn37956_c	[0.01635833225783813, 0.015642247781709178, 0.016081392319166787, 0.019577916764957636]
rxn32091_c	[0.01635833225783813, 0.015642247781709178, 0.016081392319166787, 0.019577916764957636]
rxn33140_c	[0.01605308969014023, 0.016753274382879553, 0.016380649680380704, 0.01908804309009261]
rxn06086_c	[0.01605308969014023, 0.016753274382879553, 0.016380649680380704, 0.01908804309009261]
rxn05963_c	[0.01605308969014023, 0.016753274382879553, 0.016380649680380704, 0.01908804309009261]
rxn38482_c	[0.001981907785924695, 0.003247603460553745, 0.0034025619085110625, 0.004983378390055475]
rxn31276_c	[0.001981907785924695, 0.003247603460553745, 0.0034025619085110625, 0.004983378390055475]
rxn38486_c	[0.001981907785924695, 0.003247603460553745, 0.0034025619085110625, 0.004983378390055475]
rxn38490_c	[0.001981907785924695, 0.003247603460553745, 0.0034025619085110625, 0.004983378390055475]
rxn38485_c	[0.001981907785924695, 0.003247603460553745, 0.0034025619085110625, 0.004983378390055475]
rxn37965_c	[0.001981907785924695, 0.003247603460553745, 0.0034025619085110625, 0.004983378390055475]
rxn38487_c	[0.001981907785924695, 0.003247603460553745, 0.0034025619085110625, 0.004983378390055475]
rxn30096_c	[0.001981907785924695, 0.003247603460553745, 0.0034025619085110625, 0.004983378390055475]
rxn38136_c	[0.018772417822690655, 0.018312239921938644, 0.018536353240080152, 0.019836717949270923]
rxn33062_c	[0.018772417822690655, 0.018312239921938644, 0.018536353240080152, 0.02053310132799679]
rxn33193_c	[0.018772417822690655, 0.018312239921938644, 0.018536353240080152, 0.02053310132799679]
rxn27717_c	[0.017934584855924456, 0.01700542226669345, 0.015729324830575687, 0.01769698670693737]
rxn34220_c	[0.018772417822690655, 0.017273329392603304, 0.016178210874951887, 0.017549100315901213]
rxn33486_c	[0.018772417822690655, 0.017273329392603304, 0.016178210874951887, 0.017549100315901213]
rxn38399_c	[0.018772417822690655, 0.017273329392603304, 0.016178210874951887, 0.017549100315901213]
rxn03159_c	[0.049379573152127626, 0.04936702698742309, 0.044889314516405474, 0.05294016265815069]
rxn14274_c	[0.02423459125950112, 0.02205231971366589, 0.04087574515771035, 0.05286159801063387]
rxn14311_c	[0.02423459125950112, 0.02205231971366589, 0.04087574515771035, 0.05286159801063387]
rxn26073_c	[0.009653003751358701, 0.010863257455507301, 0.013788552801505965, 0.01286295024980768]
rxn33633_c	[0.0249401519466702, 0.021130404022786292, 0.019245598864446743, 0.02446741062176439]
rxn38244_c	[0.06446656229304061, 0.06163953716922966, 0.05816665967504229, 0.05411863234659521]
rxn31426_c	[0.01155951879694134, 0.010205309078728747, 0.009590148009767312, 0.005741296152623587]
rxn13940_c	[0.018772417822690655, 0.018312239921938644, 0.018536353240080152, 0.02053310132799679]
rxn13941_c	[0.018772417822690655, 0.018312239921938644, 0.018536353240080152, 0.02053310132799679]
rxn00290_c	[0.01014339344984573, 0.01006741570139536, 0.009185270398909675, 0.007303346175262463]
rxn33374_c	[0.02230806031221457, 0.018312239921938644, 0.018536353240080152, 0.02053310132799679]
rxn27889_c	[0.001451486277091667, 0.0011043464640674166, 0.000938089492972935, 0.001937842991686855]
rxn27887_c	[0.001451486277091667, 0.0011043464640674166, 0.000938089492972935, 0.001937842991686855]
rxn15783_c	[0.018772417822690655, 0.043906449418729086, 0.0424952556011409, 0.023108704390446426]
rxn06831_c	[0.018772417822690655, 0.043906449418729086, 0.0424952556011409, 0.023108704390446426]
rxn03397_c	[0.018772417822690655, 0.043906449418729086, 0.0424952556011409, 0.023108704390446426]
rxn16584_c	[0.018772417822690655, 0.043906449418729086, 0.0424952556011409, 0.023108704390446426]
rxn04674_c	[0.018772417822690655, 0.043906449418729086, 0.0424952556011409, 0.023108704390446426]
rxn27724_c	[0.012200027790230068, 0.012675570358213874, 0.011742160527903174, 0.01472077305391118]
rxn03439_c	[0.04622706796129204, 0.03974994917844433, 0.02224697420110843, 0.027739397056862902]
rxn16607_c	[0.04622706796129204, 0.03974994917844433, 0.02224697420110843, 0.027739397056862902]
rxn03182_c	[0.04622706796129204, 0.03974994917844433, 0.02224697420110843, 0.027739397056862902]
rxn15833_c	[0.03684961600627504, 0.04384735225701478, 0.051525786651816625, 0.064646294931541]
rxn38114_c	[0.018359922855194055, 0.018088870195480725, 0.015729324830575687, 0.017701608158936122]
rxn31994_c	[0.007296130826708045, 0.009070643606705496, 0.009616553070900579, 0.012733549654612543]
rxn00461_c	[0.018772417822690655, 0.018312239921938644, 0.018536353240080152, 0.02053310132799679]
rxn31452_c	[0.018772417822690655, 0.018691661227493075, 0.01895954403379946, 0.023039382640850106]
rxn30860_c	[0.0028225758368141843, 0.001616521849659616, 0.0013693721654749046, 0.001055146085922357]
rxn33762_c	[0.0028225758368141843, 0.001616521849659616, 0.0013693721654749046, 0.001055146085922357]
rxn02400_c	[0.0028225758368141843, 0.001616521849659616, 0.0013693721654749046, 0.001055146085922357]
rxn31973_c	[0.0028225758368141843, 0.001616521849659616, 0.0013693721654749046, 0.001055146085922357]
rxn29952_c	[0.0028225758368141843, 0.001616521849659616, 0.0013693721654749046, 0.001055146085922357]
rxn31059_c	[0.0028225758368141843, 0.001616521849659616, 0.0013693721654749046, 0.001055146085922357]
rxn32982_c	[0.0028225758368141843, 0.001616521849659616, 0.0013693721654749046, 0.001055146085922357]
rxn30907_c	[0.0028225758368141843, 0.001616521849659616, 0.0013693721654749046, 0.001055146085922357]
rxn29955_c	[0.0028225758368141843, 0.001616521849659616, 0.0013693721654749046, 0.001055146085922357]
rxn30908_c	[0.0028225758368141843, 0.001616521849659616, 0.0013693721654749046, 0.001055146085922357]
rxn32378_c	[0.0028225758368141843, 0.001616521849659616, 0.0013693721654749046, 0.001055146085922357]
rxn33474_c	[0.0028225758368141843, 0.001616521849659616, 0.0013693721654749046, 0.001055146085922357]
rxn29956_c	[0.0028225758368141843, 0.001616521849659616, 0.0013693721654749046, 0.001055146085922357]
rxn06729_c	[0.07813242209808932, 0.06325091971594043, 0.07319554056744404, 0.07313589813304791]
rxn05115_c	[0.10583443600178742, 0.08836721264793118, 0.08394240061222476, 0.09643724788047442]
rxn09177_c	[0.05358791736332131, 0.08757925054313333, 0.0878943581701267, 0.08491135216211153]
rxn06044_c	[0.01692378160105747, 0.014759730193499826, 0.01480954851739803, 0.01908804309009261]
rxn27816_c	[0.018359922855194055, 0.018312239921938644, 0.016869143321567456, 0.019836717949270923]
rxn27815_c	[0.018359922855194055, 0.018312239921938644, 0.016869143321567456, 0.019836717949270923]
rxn27936_c	[0.007201055269597689, 0.009496143158714216, 0.013330865068381792, 0.01472077305391118]
rxn27916_c	[0.06628800975371311, 0.05158120059184268, 0.043837512897561486, 0.054636234721298776]
rxn16641_c	[0.010288508766552915, 0.010205309078728747, 0.010540730225896897, 0.010880348296430805]
rxn32021_c	[0.017003845223884293, 0.017702768751281545, 0.014835953578531298, 0.018565819263390307]
rxn03951_c	[0.01667858675448249, 0.014759730193499826, 0.013885371362401713, 0.01472077305391118]
rxn05116_c	[0.01667858675448249, 0.014759730193499826, 0.013885371362401713, 0.01472077305391118]
rxn11663_c	[0.01667858675448249, 0.014759730193499826, 0.013885371362401713, 0.01472077305391118]
rxn38132_c	[0.018772417822690655, 0.018312239921938644, 0.018536353240080152, 0.019836717949270923]
rxn06741_c	[0.10070536008272019, 0.1061751568330778, 0.0878943581701267, 0.08326149457641203]
rxn07241_c	[0.10070536008272019, 0.1061751568330778, 0.0878943581701267, 0.08326149457641203]
rxn37873_c	[0.06446656229304061, 0.08330455596400207, 0.0802104852474689, 0.07676373625051047]
rxn31786_c	[0.06446656229304061, 0.08330455596400207, 0.0802104852474689, 0.07676373625051047]
rxn06874_c	[0.016528467459680795, 0.014137240112721997, 0.013621320745958388, 0.01486865945102433]
rxn06926_c	[0.016528467459680795, 0.014137240112721997, 0.013621320745958388, 0.01486865945102433]
rxn00965_c	[0.37627434568577595, 1.0, 1.0, 1.0]
rxn00321_c	[0.018772417822690655, 0.018312239921938644, 0.018536353240080152, 0.02193947759992242]
rxn33164_c	[0.012200027790230068, 0.011343914357421514, 0.011583730161103568, 0.013847319051536485]
rxn34626_c	[0.012200027790230068, 0.011343914357421514, 0.011583730161103568, 0.013847319051536485]
rxn31792_c	[0.012200027790230068, 0.011343914357421514, 0.011583730161103568, 0.013847319051536485]
rxn27667_c	[0.012200027790230068, 0.011343914357421514, 0.011583730161103568, 0.013847319051536485]
rxn30334_c	[0.012200027790230068, 0.011343914357421514, 0.011583730161103568, 0.013847319051536485]
rxn33391_c	[0.012200027790230068, 0.011343914357421514, 0.011583730161103568, 0.013847319051536485]
rxn30151_c	[0.010118373570047317, 0.0098270872530079, 0.010839987592221463, 0.007418882420538336]
rxn30431_c	[0.0019268640444974068, 0.002282349850055796, 0.002117515577197801, 0.002557117261139319]
rxn30429_c	[0.0019268640444974068, 0.002282349850055796, 0.002117515577197801, 0.002557117261139319]
rxn30430_c	[0.0019268640444974068, 0.002282349850055796, 0.002117515577197801, 0.002557117261139319]
rxn30428_c	[0.0019268640444974068, 0.002282349850055796, 0.002117515577197801, 0.002557117261139319]
rxn32591_c	[0.2410819126992847, 0.16985037662119334, 0.14606470885862397, 0.20872461296030764]
rxn24142_c	[0.30447228696237827, 0.28945908830578976, 0.2740500424304795, 0.36834486657402327]
rxn05054_c	[0.30447228696237827, 0.28945908830578976, 0.2740500424304795, 0.36834486657402327]
rxn02975_c	[0.06161929966990292, 0.052577972681393255, 0.052956060856159545, 0.064646294931541]
rxn02875_c	[0.01847001034125087, 0.017797324208996577, 0.014835953578531298, 0.017549100315901213]
rxn32814_c	[0.008967458971230588, 0.010177730401206352, 0.010580337817596798, 0.012733549654612543]
rxn32287_c	[0.008967458971230588, 0.010177730401206352, 0.010580337817596798, 0.012733549654612543]
rxn33272_c	[0.0249401519466702, 0.024747150204581816, 0.02397210488907205, 0.02794274084757612]
rxn27997_c	[0.018772417822690655, 0.015642247781709178, 0.014307852345644646, 0.019836717949270923]
rxn35442_c	[0.018772417822690655, 0.018312239921938644, 0.017938548317907393, 0.02053310132799679]
rxn01667_c	[0.018772417822690655, 0.018312239921938644, 0.017938548317907393, 0.02053310132799679]
rxn35242_c	[0.018772417822690655, 0.018312239921938644, 0.017938548317907393, 0.02053310132799679]
rxn35430_c	[0.018772417822690655, 0.018312239921938644, 0.017938548317907393, 0.02053310132799679]
rxn35439_c	[0.018772417822690655, 0.018312239921938644, 0.017938548317907393, 0.02053310132799679]
rxn32424_c	[0.018772417822690655, 0.018312239921938644, 0.018536353240080152, 0.02053310132799679]
rxn33129_c	[0.018772417822690655, 0.018312239921938644, 0.018536353240080152, 0.02053310132799679]
rxn28991_c	[0.005379607824936382, 0.005182050492330598, 0.004942857168030743, 0.004858599246251391]
rxn30152_c	[0.005379607824936382, 0.005182050492330598, 0.004942857168030743, 0.004858599246251391]
rxn32803_c	[0.018772417822690655, 0.018312239921938644, 0.018536353240080152, 0.02510517068766558]
rxn32571_c	[0.018772417822690655, 0.018312239921938644, 0.018536353240080152, 0.02510517068766558]
rxn32492_c	[0.018772417822690655, 0.018312239921938644, 0.018536353240080152, 0.02510517068766558]
rxn34257_c	[0.018772417822690655, 0.018312239921938644, 0.018536353240080152, 0.02510517068766558]
rxn33087_c	[0.018772417822690655, 0.018312239921938644, 0.018536353240080152, 0.02510517068766558]
rxn38004_c	[0.018772417822690655, 0.018312239921938644, 0.018536353240080152, 0.02510517068766558]
rxn27432_c	[0.018772417822690655, 0.021244658529266804, 0.0397623317227412, 0.050509280073589596]
rxn35415_c	[0.018772417822690655, 0.021244658529266804, 0.0397623317227412, 0.050509280073589596]
rxn06723_c	[0.01692378160105747, 0.017226051661176144, 0.016178210874951887, 0.01768774380901686]
rxn34204_c	[0.010453639990301073, 0.01044957733892502, 0.01128007195296034, 0.011231578478180184]
rxn32619_c	[0.011329335879312825, 0.012931658048697295, 0.013330865068381792, 0.01472077305391118]
rxn02440_c	[0.049379573152127626, 0.04792505628681974, 0.04586630179877898, 0.05250574637688574]
rxn02438_c	[0.049379573152127626, 0.04792505628681974, 0.04586630179877898, 0.05250574637688574]
rxn03514_c	[0.2704652626876832, 0.24461222358099555, 0.22440852663112587, 0.24663436540217065]
rxn30072_c	[0.2704652626876832, 0.24461222358099555, 0.22440852663112587, 0.24663436540217065]
rxn02655_c	[0.0249401519466702, 0.024747150204581816, 0.02397210488907205, 0.02794274084757612]
rxn38069_c	[0.013105747537134746, 0.012734667514788892, 0.01290398323820955, 0.01472077305391118]
rxn33856_c	[0.018772417822690655, 0.018312239921938644, 0.018536353240080152, 0.02053310132799679]
rxn02000_c	[0.17420376684111297, 0.15227882109318258, 0.14604270464953067, 0.11130445180176311]
rxn35431_c	[0.07381899435758506, 0.062356582702583235, 0.07037459979645395, 0.07313589813304791]
rxn35428_c	[0.07381899435758506, 0.062356582702583235, 0.07037459979645395, 0.07313589813304791]
rxn30332_c	[0.04933954133804568, 0.04762169086490916, 0.041064981432572534, 0.04719570058873329]
rxn04480_c	[0.0412631232766471, 0.021138283646403914, 0.020614261227111248, 0.0238296505558632]
rxn04288_c	[0.0412631232766471, 0.021138283646403914, 0.020614261227111248, 0.0238296505558632]
rxn28560_c	[0.12917798631409705, 0.12405401758966866, 0.09928374141684966, 0.11870339290280175]
rxn38909_c	[0.04108798409670992, 0.043886750364824305, 0.04275490537065491, 0.047579280922319944]
rxn30397_c	[0.04108798409670992, 0.043886750364824305, 0.04275490537065491, 0.047579280922319944]
rxn38910_c	[0.04108798409670992, 0.043886750364824305, 0.04275490537065491, 0.047579280922319944]
rxn30398_c	[0.04108798409670992, 0.043886750364824305, 0.04275490537065491, 0.047579280922319944]
rxn34718_c	[0.013651180973313113, 0.014759730193499826, 0.015729324830575687, 0.01515056788317739]
rxn31323_c	[0.013651180973313113, 0.014759730193499826, 0.015729324830575687, 0.01515056788317739]
rxn30156_c	[0.013651180973313113, 0.014759730193499826, 0.015729324830575687, 0.01515056788317739]
rxn31887_c	[0.013651180973313113, 0.014759730193499826, 0.015729324830575687, 0.01515056788317739]
rxn31322_c	[0.013651180973313113, 0.014759730193499826, 0.015729324830575687, 0.01515056788317739]
rxn31225_c	[0.013651180973313113, 0.014759730193499826, 0.015729324830575687, 0.01515056788317739]
rxn31324_c	[0.013651180973313113, 0.014759730193499826, 0.015729324830575687, 0.01515056788317739]
rxn34716_c	[0.013651180973313113, 0.014759730193499826, 0.015729324830575687, 0.01515056788317739]
rxn31321_c	[0.013651180973313113, 0.014759730193499826, 0.015729324830575687, 0.01515056788317739]
rxn31325_c	[0.013651180973313113, 0.014759730193499826, 0.015729324830575687, 0.01515056788317739]
rxn31326_c	[0.013651180973313113, 0.014759730193499826, 0.015729324830575687, 0.01515056788317739]
rxn34710_c	[0.013651180973313113, 0.014759730193499826, 0.015729324830575687, 0.01515056788317739]
rxn30116_c	[0.013651180973313113, 0.014759730193499826, 0.015729324830575687, 0.01515056788317739]
rxn31327_c	[0.013651180973313113, 0.014759730193499826, 0.015729324830575687, 0.01515056788317739]
rxn34709_c	[0.013651180973313113, 0.014759730193499826, 0.015729324830575687, 0.01515056788317739]
rxn37889_c	[0.013651180973313113, 0.014759730193499826, 0.015729324830575687, 0.01515056788317739]
rxn34717_c	[0.013651180973313113, 0.014759730193499826, 0.015729324830575687, 0.01515056788317739]
rxn03513_c	[0.13681405446329079, 0.12079973399149803, 0.08689536668888118, 0.08870556240568138]
rxn04047_c	[0.13681405446329079, 0.12079973399149803, 0.08689536668888118, 0.08870556240568138]
rxn38702_c	[0.07917825319428082, 0.0868267466726647, 0.0751539159433458, 0.07416186000276548]
rxn06081_c	[0.04933954133804568, 0.05156544131377168, 0.056767191394093905, 0.0642812003816414]
rxn35454_c	[0.017939588828681893, 0.018312239921938644, 0.017872535659963575, 0.019836717949270923]
rxn15005_c	[0.011694626162796573, 0.01044957733892502, 0.011319679544660241, 0.013671703960661797]
rxn32195_c	[0.0249401519466702, 0.024747150204581816, 0.02397210488907205, 0.02794274084757612]
rxn01729_c	[0.0249401519466702, 0.024747150204581816, 0.02397210488907205, 0.02794274084757612]
rxn31894_c	[0.0249401519466702, 0.024747150204581816, 0.02397210488907205, 0.02794274084757612]
rxn06045_c	[0.13646377610341642, 0.1115293595189089, 0.0878943581701267, 0.08870556240568138]
rxn29006_c	[0.0249401519466702, 0.03937172735272348, 0.04246885054000763, 0.047218807842650055]
rxn01416_c	[0.01014339344984573, 0.0098270872530079, 0.006654785325938793, 0.0072016742799058545]
rxn02229_c	[0.01014339344984573, 0.0098270872530079, 0.006654785325938793, 0.0072016742799058545]
rxn27531_c	[0.022808457961553553, 0.018312239921938644, 0.018536353240080152, 0.02053310132799679]
rxn01352_c	[0.019680972650516382, 0.018312239921938644, 0.018536353240080152, 0.02053310132799679]
rxn02518_c	[0.02085190315103701, 0.018312239921938644, 0.018536353240080152, 0.02053310132799679]
rxn01962_c	[0.02085190315103701, 0.018312239921938644, 0.018536353240080152, 0.02053310132799679]
rxn32974_c	[0.02085190315103701, 0.018312239921938644, 0.018536353240080152, 0.02053310132799679]
rxn02286_c	[0.0412631232766471, 0.020716723906204007, 0.018536353240080152, 0.02053310132799679]
rxn38130_c	[0.018772417822690655, 0.012789824864694389, 0.011742160527903174, 0.02053310132799679]
rxn15964_c	[0.018772417822690655, 0.012789824864694389, 0.011742160527903174, 0.02053310132799679]
rxn32978_c	[0.03838583679027942, 0.024345289518286677, 0.02068467472176308, 0.02053310132799679]
rxn30128_c	[0.012985652100225975, 0.018312239921938644, 0.018536353240080152, 0.0223415437293501]
rxn30068_c	[0.010433624088597169, 0.010205309078728747, 0.009365704985023886, 0.009433834519675499]
rxn30020_c	[0.05221682782441336, 0.06163953716922966, 0.07471823243975753, 0.077225881207306]
rxn27785_c	[0.12917798631409705, 0.12786775430023328, 0.0878943581701267, 0.09883578033750619]
rxn16581_c	[0.01679868219139126, 0.014121480865486747, 0.014655518992417087, 0.016476923968735062]
rxn30384_c	[0.0051644368367880335, 0.005142652385548918, 0.0047580217370314795, 0.005662731506322154]
rxn31689_c	[0.00744625012150974, 0.007790205144009821, 0.00975738006531489, 0.013172587381799267]
rxn32991_c	[0.00744625012150974, 0.007790205144009821, 0.00975738006531489, 0.013172587381799267]
rxn16149_c	[0.01692378160105747, 0.01670599665659168, 0.015729324830575687, 0.02053310132799679]
rxn33083_c	[0.020726803736033732, 0.02205231971366589, 0.023958902358505417, 0.027563781965988212]
rxn27994_c	[0.021627519510180968, 0.03779974290354366, 0.03935745411188356, 0.027591510665826744]
rxn32907_c	[0.021627519510180968, 0.03779974290354366, 0.03935745411188356, 0.027591510665826744]
rxn31264_c	[0.021627519510180968, 0.03779974290354366, 0.03935745411188356, 0.027591510665826744]
rxn33298_c	[0.021627519510180968, 0.03779974290354366, 0.03935745411188356, 0.027591510665826744]
rxn28045_c	[0.021627519510180968, 0.03779974290354366, 0.03935745411188356, 0.027591510665826744]
rxn03893_c	[0.0249401519466702, 0.02223355100547833, 0.02224697420110843, 0.021588247412096053]
rxn11643_c	[0.0249401519466702, 0.02223355100547833, 0.02224697420110843, 0.021588247412096053]
rxn28979_c	[0.00792663186380775, 0.005182050492330598, 0.0034025619085110625, 0.005741296152623587]
rxn03264_c	[0.00792663186380775, 0.005182050492330598, 0.0034025619085110625, 0.005741296152623587]
rxn07587_c	[0.13646377610341642, 0.12984553925265635, 0.08711540883092074, 0.09883578033750619]
rxn02118_c	[0.03764024429436546, 0.02447924307867196, 0.023034725203509097, 0.02390359375138128]
rxn02415_c	[0.03764024429436546, 0.02447924307867196, 0.023034725203509097, 0.02390359375138128]
rxn33766_c	[0.03764024429436546, 0.02447924307867196, 0.023034725203509097, 0.02390359375138128]
rxn00921_c	[0.024359690674504397, 0.022544796045867246, 0.02224697420110843, 0.02390359375138128]
rxn33412_c	[0.021297257057347585, 0.018344957891103433, 0.018536353240080152, 0.021957963395763447]
rxn33981_c	[0.023984392434831622, 0.04244083985241214, 0.03828804912065427, 0.052122166043299084]
rxn01303_c	[0.023984392434831622, 0.04244083985241214, 0.03828804912065427, 0.052122166043299084]
rxn38117_c	[0.04755312172937181, 0.04566754477819968, 0.023439602814366734, 0.02294233219749225]
rxn30731_c	[0.018772417822690655, 0.018312239921938644, 0.018536353240080152, 0.02053310132799679]
rxn03263_c	[0.018772417822690655, 0.018312239921938644, 0.018536353240080152, 0.02053310132799679]
rxn00346_c	[0.018772417822690655, 0.018312239921938644, 0.018536353240080152, 0.0223415437293501]
rxn28987_c	[0.1596672150931246, 0.15152631727410687, 0.10302885932750411, 0.09883578033750619]
rxn02774_c	[0.1596672150931246, 0.15152631727410687, 0.10302885932750411, 0.09883578033750619]
rxn16485_c	[0.04969982764877199, 0.04792505628681974, 0.0447220824608579, 0.05411863234659521]
rxn30897_c	[0.021337288871429532, 0.018734999141972134, 0.018981548248003417, 0.02294233219749225]
rxn28001_c	[0.021337288871429532, 0.018734999141972134, 0.018981548248003417, 0.02294233219749225]
rxn28169_c	[0.021337288871429532, 0.018734999141972134, 0.018981548248003417, 0.02294233219749225]
rxn19213_c	[0.03665946490272847, 0.02205231971366589, 0.018536353240080152, 0.022364650977189877]
rxn34262_c	[0.017133948616982083, 0.018088870195480725, 0.016961561035533892, 0.019813610701431145]
rxn33867_c	[0.017133948616982083, 0.018088870195480725, 0.016961561035533892, 0.019813610701431145]
rxn32473_c	[0.013275882738977413, 0.011927006335529098, 0.011742160527903174, 0.01472077305391118]
rxn27685_c	[0.013275882738977413, 0.011927006335529098, 0.011742160527903174, 0.01472077305391118]
rxn37661_c	[0.018772417822690655, 0.018312239921938644, 0.018536353240080152, 0.02053310132799679]
rxn04482_c	[0.008957451020378638, 0.010205309078728747, 0.011742160527903174, 0.015025788739981007]
rxn35316_c	[0.011329335879312825, 0.01044957733892502, 0.011742160527903174, 0.012830600097970402]
rxn05890_c	[0.011329335879312825, 0.01044957733892502, 0.011742160527903174, 0.012830600097970402]
rxn34567_c	[0.021627519510180968, 0.022824522602064246, 0.037363871965657956, 0.04598488074845149]
rxn01022_c	[0.020726803736033732, 0.019664794456469358, 0.021745278029355046, 0.026639492015935216]
rxn25216_c	[0.0249401519466702, 0.024747150204581816, 0.02397210488907205, 0.02794274084757612]
rxn33042_c	[0.06446656229304061, 0.052577972681393255, 0.05558776530629158, 0.05086513170733773]
rxn20630_c	[0.08869581649858463, 0.07728452530861052, 0.07456860375659526, 0.07313589813304791]
rxn03445_c	[0.08869581649858463, 0.07728452530861052, 0.07456860375659526, 0.07313589813304791]
rxn00396_c	[0.2410819126992847, 0.17692627654326765, 0.1546859614668447, 0.134767552308376]
rxn28988_c	[0.008957451020378638, 0.00604486902663518, 0.005228912004299741, 0.005755160501935152]
rxn34576_c	[0.008957451020378638, 0.00604486902663518, 0.005228912004299741, 0.005755160501935152]
rxn12049_c	[0.008957451020378638, 0.00604486902663518, 0.005228912004299741, 0.005755160501935152]
rxn31773_c	[0.08216062315658838, 0.07796217272387597, 0.05961013637417729, 0.05845817368293812]
rxn12039_c	[0.08216062315658838, 0.07796217272387597, 0.05961013637417729, 0.05845817368293812]
rxn21212_c	[0.08216062315658838, 0.07796217272387597, 0.05961013637417729, 0.05845817368293812]
rxn31997_c	[0.08216062315658838, 0.07796217272387597, 0.05961013637417729, 0.05845817368293812]
rxn21114_c	[0.08216062315658838, 0.07796217272387597, 0.05961013637417729, 0.05845817368293812]
rxn03358_c	[0.08216062315658838, 0.07796217272387597, 0.05961013637417729, 0.05845817368293812]
rxn21214_c	[0.08216062315658838, 0.07796217272387597, 0.05961013637417729, 0.05845817368293812]
rxn11875_c	[0.08216062315658838, 0.07796217272387597, 0.05961013637417729, 0.05845817368293812]
rxn27000_c	[0.08216062315658838, 0.07796217272387597, 0.05961013637417729, 0.05845817368293812]
rxn19157_c	[0.08216062315658838, 0.07796217272387597, 0.05961013637417729, 0.05845817368293812]
rxn03195_c	[0.08216062315658838, 0.07796217272387597, 0.05961013637417729, 0.05845817368293812]
rxn12038_c	[0.08216062315658838, 0.07796217272387597, 0.05961013637417729, 0.05845817368293812]
rxn03359_c	[0.08216062315658838, 0.07796217272387597, 0.05961013637417729, 0.05845817368293812]
rxn01715_c	[0.08216062315658838, 0.07796217272387597, 0.05961013637417729, 0.05845817368293812]
rxn21216_c	[0.08216062315658838, 0.07796217272387597, 0.05961013637417729, 0.05845817368293812]
rxn03342_c	[0.08216062315658838, 0.07796217272387597, 0.05961013637417729, 0.05845817368293812]
rxn33386_c	[0.08216062315658838, 0.07796217272387597, 0.05961013637417729, 0.05845817368293812]
rxn21211_c	[0.08216062315658838, 0.07796217272387597, 0.05961013637417729, 0.05845817368293812]
rxn14132_c	[0.010288508766552915, 0.015527993270089373, 0.016376248838562042, 0.019337601376485384]
rxn38148_c	[0.018772417822690655, 0.018312239921938644, 0.01750286479898718, 0.02053310132799679]
rxn04023_c	[0.05254208629915223, 0.055875594178625074, 0.07037459979645395, 0.07313589813304791]
rxn03540_c	[0.15579914129095332, 0.15227882109318258, 0.11548764751434987, 0.12880588208617214]
rxn00634_c	[0.021337288871429532, 0.019487502981605016, 0.021745278029355046, 0.02053310132799679]
rxn37675_c	[0.021337288871429532, 0.019487502981605016, 0.021745278029355046, 0.02053310132799679]
rxn38718_c	[0.13646377610341642, 0.15152631727410687, 0.12376563433805941, 0.10821270190953804]
rxn33318_c	[0.018772417822690655, 0.018312239921938644, 0.018536353240080152, 0.02053310132799679]
rxn16246_c	[0.0034330609695414492, 0.004165579343222036, 0.006689992075820033, 0.007844055797805796]
rxn04895_c	[0.0034330609695414492, 0.004165579343222036, 0.006689992075820033, 0.007844055797805796]
rxn04832_c	[0.0034330609695414492, 0.004165579343222036, 0.006689992075820033, 0.007844055797805796]
rxn04830_c	[0.0034330609695414492, 0.004165579343222036, 0.006689992075820033, 0.007844055797805796]
rxn04873_c	[0.0034330609695414492, 0.004165579343222036, 0.006689992075820033, 0.007844055797805796]
rxn15652_c	[0.0034330609695414492, 0.004165579343222036, 0.006689992075820033, 0.007844055797805796]
rxn11808_c	[0.0034330609695414492, 0.004165579343222036, 0.006689992075820033, 0.007844055797805796]
rxn04811_c	[0.0034330609695414492, 0.004165579343222036, 0.006689992075820033, 0.007844055797805796]
rxn04894_c	[0.0034330609695414492, 0.004165579343222036, 0.006689992075820033, 0.007844055797805796]
rxn04903_c	[0.0034330609695414492, 0.004165579343222036, 0.006689992075820033, 0.007844055797805796]
rxn04886_c	[0.0034330609695414492, 0.004165579343222036, 0.006689992075820033, 0.007844055797805796]
rxn31883_c	[0.0034330609695414492, 0.004165579343222036, 0.006689992075820033, 0.007844055797805796]
rxn04810_c	[0.0034330609695414492, 0.004165579343222036, 0.006689992075820033, 0.007844055797805796]
rxn04872_c	[0.0034330609695414492, 0.004165579343222036, 0.006689992075820033, 0.007844055797805796]
rxn07181_c	[0.0034330609695414492, 0.004165579343222036, 0.006689992075820033, 0.007844055797805796]
rxn04833_c	[0.0034330609695414492, 0.004165579343222036, 0.006689992075820033, 0.007844055797805796]
rxn32152_c	[0.0034330609695414492, 0.004165579343222036, 0.006689992075820033, 0.007844055797805796]
rxn04809_c	[0.0034330609695414492, 0.004165579343222036, 0.006689992075820033, 0.007844055797805796]
rxn04831_c	[0.0034330609695414492, 0.004165579343222036, 0.006689992075820033, 0.007844055797805796]
rxn04896_c	[0.0034330609695414492, 0.004165579343222036, 0.006689992075820033, 0.007844055797805796]
rxn33242_c	[0.008281914191102475, 0.009496143158714216, 0.01100721964776904, 0.01286295024980768]
rxn32058_c	[0.008281914191102475, 0.009496143158714216, 0.01100721964776904, 0.01286295024980768]
rxn16323_c	[0.30447228696237827, 0.28945908830578976, 0.30202620519690965, 0.36834486657402327]
rxn33241_c	[0.01553267613376027, 0.018312239921938644, 0.016081392319166787, 0.01715165563239529]
rxn32343_c	[0.01553267613376027, 0.018312239921938644, 0.016081392319166787, 0.01715165563239529]
rxn35480_c	[0.01553267613376027, 0.018312239921938644, 0.016081392319166787, 0.01715165563239529]
rxn38060_c	[0.004503911939660577, 0.002896960312355292, 0.0026324142784956896, 0.001937842991686855]
rxn01016_c	[0.004503911939660577, 0.002896960312355292, 0.0026324142784956896, 0.001937842991686855]
rxn30680_c	[0.004503911939660577, 0.002896960312355292, 0.0026324142784956896, 0.001937842991686855]
rxn38359_c	[0.049379573152127626, 0.04002967573464133, 0.022660653500714042, 0.026519334318660593]
rxn33404_c	[0.049379573152127626, 0.04002967573464133, 0.022660653500714042, 0.026519334318660593]
rxn34232_c	[0.049379573152127626, 0.04002967573464133, 0.022660653500714042, 0.026519334318660593]
rxn34770_c	[0.04708274794326282, 0.047834440640913516, 0.051525786651816625, 0.05411863234659521]
rxn34708_c	[0.009247681659130074, 0.008231463938114497, 0.006412738928810073, 0.0070168162911106524]
rxn38011_c	[0.009247681659130074, 0.008231463938114497, 0.006412738928810073, 0.0070168162911106524]
rxn32132_c	[0.0032278979333124668, 0.0014865080979995717, 0.00168183206083291, 0.001937842991686855]
rxn14216_c	[0.03748011704337474, 0.041191919879047675, 0.02224697420110843, 0.024846369503352294]
rxn13976_c	[0.03748011704337474, 0.041191919879047675, 0.02224697420110843, 0.024846369503352294]
rxn03174_c	[0.02230806031221457, 0.02205231971366589, 0.02207974214556085, 0.027101636990961714]
rxn03421_c	[0.02230806031221457, 0.02205231971366589, 0.02207974214556085, 0.027101636990961714]
rxn00302_c	[0.02230806031221457, 0.02205231971366589, 0.02207974214556085, 0.027101636990961714]
rxn03419_c	[0.02230806031221457, 0.02205231971366589, 0.02207974214556085, 0.027101636990961714]
rxn00347_c	[0.018772417822690655, 0.018312239921938644, 0.018536353240080152, 0.02053310132799679]
rxn38535_c	[0.018772417822690655, 0.018312239921938644, 0.018536353240080152, 0.018343989676836064]
rxn16678_c	[0.018772417822690655, 0.018312239921938644, 0.018536353240080152, 0.018343989676836064]
rxn32371_c	[0.013295898640681316, 0.012092478380106294, 0.011319679544660241, 0.01118998543449938]
rxn02341_c	[0.0249401519466702, 0.04936702698742309, 0.05917005198788516, 0.06786744540680724]
rxn00002_c	[0.049379573152127626, 0.06163953716922966, 0.07230657013166505, 0.07313589813304791]
rxn03150_c	[0.07445449934609392, 0.05719543077482674, 0.05410028018896997, 0.06786744540680724]
rxn31868_c	[0.01014339344984573, 0.0098270872530079, 0.00941411426547176, 0.01135635762137657]
rxn31335_c	[0.01014339344984573, 0.0098270872530079, 0.00941411426547176, 0.01135635762137657]
rxn38459_c	[0.01014339344984573, 0.0098270872530079, 0.00941411426547176, 0.01135635762137657]
rxn38097_c	[0.01014339344984573, 0.0098270872530079, 0.00941411426547176, 0.01135635762137657]
rxn01153_c	[0.13681405446329079, 0.15227882109318258, 0.14606470885862397, 0.134767552308376]
rxn30618_c	[0.1187797231533611, 0.1061751568330778, 0.0878943581701267, 0.08870556240568138]
rxn01494_c	[0.018772417822690655, 0.02321850366988105, 0.03811201537635872, 0.04833719868549576]
rxn31394_c	[0.018224815489338825, 0.018305559783293898, 0.01750286479898718, 0.02053310132799679]
rxn19253_c	[0.041898628291841315, 0.024124660118664695, 0.02168806706526985, 0.042033541197693994]
rxn33346_c	[0.041898628291841315, 0.024124660118664695, 0.02168806706526985, 0.042033541197693994]
rxn33299_c	[0.041898628291841315, 0.024124660118664695, 0.02168806706526985, 0.042033541197693994]
rxn11774_c	[0.30447228696237827, 0.28945908830578976, 0.33553422835764035, 0.36945401450679444]
rxn02629_c	[0.30447228696237827, 0.28945908830578976, 0.33553422835764035, 0.36945401450679444]
rxn11767_c	[0.30447228696237827, 0.28945908830578976, 0.33553422835764035, 0.36945401450679444]
rxn01786_c	[0.018772417822690655, 0.019101401537405836, 0.02175848055992168, 0.02053310132799679]
rxn02772_c	[0.018772417822690655, 0.019101401537405836, 0.02175848055992168, 0.02053310132799679]
rxn19263_c	[0.018772417822690655, 0.019101401537405836, 0.02175848055992168, 0.02053310132799679]
rxn01788_c	[0.018772417822690655, 0.019101401537405836, 0.02175848055992168, 0.02053310132799679]
rxn33637_c	[0.017244036097701834, 0.012092478380106294, 0.011742160527903174, 0.01472077305391118]
rxn35351_c	[0.017244036097701834, 0.012092478380106294, 0.011742160527903174, 0.01472077305391118]
rxn32500_c	[0.017244036097701834, 0.012092478380106294, 0.011742160527903174, 0.01472077305391118]
rxn32798_c	[0.017244036097701834, 0.012092478380106294, 0.011742160527903174, 0.01472077305391118]
rxn31783_c	[0.017244036097701834, 0.012092478380106294, 0.011742160527903174, 0.01472077305391118]
rxn31982_c	[0.017244036097701834, 0.012092478380106294, 0.011742160527903174, 0.01472077305391118]
rxn03039_c	[0.016708610612375413, 0.01641839048191635, 0.017428050457406037, 0.02053310132799679]
rxn16543_c	[0.018772417822690655, 0.018312239921938644, 0.018536353240080152, 0.019836717949270923]
rxn01124_c	[0.024089475942793932, 0.021768653350799368, 0.02224697420110843, 0.024846369503352294]
rxn31801_c	[0.009507888434651517, 0.010205309078728747, 0.01037789901216798, 0.013172587381799267]
rxn06798_c	[0.018772417822690655, 0.018312239921938644, 0.018536353240080152, 0.0204744780212491]
rxn02798_c	[0.018772417822690655, 0.018312239921938644, 0.018536353240080152, 0.0204744780212491]
rxn32932_c	[0.10770592319003436, 0.09751545298528289, 0.0751539159433458, 0.07752627540491515]
rxn33143_c	[0.10770592319003436, 0.09751545298528289, 0.0751539159433458, 0.07752627540491515]
rxn32684_c	[0.018772417822690655, 0.018312239921938644, 0.018536353240080152, 0.020608500062366]
rxn38257_c	[0.012200027790230068, 0.012931658048697295, 0.013190038073967483, 0.015021167294059244]
rxn30396_c	[0.049379573152127626, 0.058511327538662436, 0.07722671329852446, 0.08291950728650618]
rxn16544_c	[0.018369930811383075, 0.018312239921938644, 0.018536353240080152, 0.02053310132799679]
rxn38274_c	[0.045676630547019155, 0.04315394558423549, 0.03935745411188356, 0.05357330127205314]
rxn06983_c	[0.38613217938309097, 1.0, 0.30202620519690965, 0.36834486657402327]
rxn35448_c	[0.018772417822690655, 0.018312239921938644, 0.018536353240080152, 0.021588247412096053]
rxn16583_c	[0.05350284980509653, 0.05304681011190599, 0.051996676910396784, 0.0477687603631139]
rxn14097_c	[0.020776843500967628, 0.018312239921938644, 0.018536353240080152, 0.02053310132799679]
rxn01203_c	[0.018772417822690655, 0.018312239921938644, 0.018536353240080152, 0.018293153729157758]
rxn01202_c	[0.018772417822690655, 0.018312239921938644, 0.018536353240080152, 0.018293153729157758]
rxn27789_c	[0.007851572213738365, 0.009090342660610267, 0.011319679544660241, 0.011018991789546455]
rxn20003_c	[0.06446656229304061, 0.05782974029103101, 0.046561635087213206, 0.05109158274589073]
rxn32053_c	[0.06446656229304061, 0.05782974029103101, 0.046561635087213206, 0.05109158274589073]
rxn32754_c	[0.01014339344984573, 0.01006741570139536, 0.007675781041830858, 0.0072016742799058545]
rxn15754_c	[0.018772417822690655, 0.018312239921938644, 0.018536353240080152, 0.02053310132799679]
rxn31437_c	[0.040492510895597654, 0.018636503877587578, 0.018536353240080152, 0.021814698450649046]
rxn06043_c	[0.018772417822690655, 0.018312239921938644, 0.018536353240080152, 0.021588247412096053]
rxn33079_c	[0.018772417822690655, 0.018312239921938644, 0.018536353240080152, 0.02053310132799679]
rxn06864_c	[0.05358791736332131, 0.04936702698742309, 0.046755272203894055, 0.05411863234659521]
rxn00792_c	[0.05358791736332131, 0.04936702698742309, 0.046755272203894055, 0.05411863234659521]
rxn03978_c	[0.009442836740771156, 0.011336034733803891, 0.015729324830575687, 0.02053310132799679]
rxn03236_c	[0.17420376684111297, 0.15227882109318258, 0.20767211842825645, 0.2099169470169024]
rxn31241_c	[0.07841764878009452, 0.07796217272387597, 0.08394240061222476, 0.09643724788047442]
rxn02297_c	[0.021187169576627838, 0.018312239921938644, 0.018536353240080152, 0.02390359375138128]
rxn07879_c	[0.0249401519466702, 0.024747150204581816, 0.02397210488907205, 0.02794274084757612]
rxn27937_c	[0.0249401519466702, 0.024747150204581816, 0.02397210488907205, 0.02794274084757612]
rxn30665_c	[0.018772417822690655, 0.018305559783293898, 0.016032983038718914, 0.018565819263390307]
rxn31218_c	[0.018772417822690655, 0.018305559783293898, 0.016032983038718914, 0.018565819263390307]
rxn03440_c	[0.013295898640681316, 0.012541616792689303, 0.012956793360476084, 0.016546245718331378]
rxn14399_c	[0.01667858675448249, 0.015642247781709178, 0.014404670906540394, 0.016546245718331378]
rxn31977_c	[0.042228890739337624, 0.02345095249979018, 0.02224697420110843, 0.02665797781177624]
rxn08040_c	[0.013461029864429474, 0.015642247781709178, 0.01529364131165547, 0.017479778566304893]
rxn20608_c	[0.0720325747275629, 0.06325091971594043, 0.07230657013166505, 0.06822329704055537]
rxn07580_c	[0.024419738390290244, 0.022304467597479786, 0.04199355942938751, 0.04732510118392843]
rxn31104_c	[0.02261330287991247, 0.024195576710666147, 0.03684017157458996, 0.026625627666015953]
rxn38121_c	[0.0905773116536947, 0.05613956150814398, 0.05399906075559166, 0.07765105456026551]
rxn33610_c	[0.04933954133804568, 0.04762169086490916, 0.043837512897561486, 0.04992697740736546]
rxn04841_c	[0.01692378160105747, 0.018312239921938644, 0.018536353240080152, 0.018445661572192674]
rxn04840_c	[0.01692378160105747, 0.018312239921938644, 0.018536353240080152, 0.018445661572192674]
rxn33349_c	[0.01692378160105747, 0.018312239921938644, 0.018536353240080152, 0.018445661572192674]
rxn00984_c	[0.018772417822690655, 0.018312239921938644, 0.018536353240080152, 0.02053310132799679]
rxn30045_c	[0.020531648654392647, 0.018312239921938644, 0.018536353240080152, 0.02053310132799679]
rxn32228_c	[0.05307250780638414, 0.06396796524929402, 0.0653004271148349, 0.06515003291986336]
rxn30708_c	[0.049379573152127626, 0.0420350393543082, 0.043837512897561486, 0.05192806515658337]
rxn24414_c	[0.018772417822690655, 0.018312239921938644, 0.018536353240080152, 0.02053310132799679]
rxn30089_c	[0.018772417822690655, 0.018312239921938644, 0.018536353240080152, 0.02053310132799679]
rxn03087_c	[0.018772417822690655, 0.018312239921938644, 0.018536353240080152, 0.02053310132799679]
rxn27876_c	[0.07240286902116358, 0.0659575696474221, 0.0728126671452371, 0.08436602108149245]
rxn01146_c	[0.2410819126992847, 0.18802472316065932, 0.15590059430963893, 0.15262021273807247]
rxn01648_c	[0.2410819126992847, 0.18802472316065932, 0.15590059430963893, 0.15262021273807247]
rxn01358_c	[0.2410819126992847, 0.18802472316065932, 0.15590059430963893, 0.15262021273807247]
rxn30188_c	[0.2410819126992847, 0.18802472316065932, 0.15590059430963893, 0.15262021273807247]
rxn30189_c	[0.2410819126992847, 0.18802472316065932, 0.15590059430963893, 0.15262021273807247]
rxn33382_c	[0.2410819126992847, 0.18802472316065932, 0.15590059430963893, 0.15262021273807247]
rxn01366_c	[0.2410819126992847, 0.18802472316065932, 0.15590059430963893, 0.15262021273807247]
rxn01034_c	[0.17420376684111297, 0.15227882109318258, 0.14606470885862397, 0.13099644926403]
rxn34191_c	[0.17420376684111297, 0.15227882109318258, 0.14606470885862397, 0.13099644926403]
rxn34196_c	[0.17420376684111297, 0.15227882109318258, 0.14606470885862397, 0.13099644926403]
rxn02775_c	[0.2813038757499498, 0.24461222358099555, 0.21288711807873656, 0.2099169470169024]
rxn14270_c	[0.2813038757499498, 0.24461222358099555, 0.21288711807873656, 0.2099169470169024]
rxn27788_c	[0.020331489594657057, 0.018312239921938644, 0.018523860514879247, 0.022276843431752534]
rxn03867_c	[0.2704652626876832, 0.24461222358099555, 0.2740500424304795, 0.2515284807231301]
rxn28646_c	[0.08008897689793172, 0.09751545298528289, 0.08648608822598357, 0.08291950728650618]
rxn04464_c	[0.018772417822690655, 0.018312239921938644, 0.018536353240080152, 0.022364650977189877]
rxn33098_c	[0.013165795252920595, 0.012793764676503202, 0.013137227951700947, 0.017992759495086687]
rxn30578_c	[0.037149854595878426, 0.04762169086490916, 0.051525786651816625, 0.05411863234659521]
rxn35311_c	[0.13779483382824242, 0.12786775430023328, 0.0878943581701267, 0.08585874939646623]
rxn35310_c	[0.13779483382824242, 0.12786775430023328, 0.0878943581701267, 0.08585874939646623]
rxn04448_c	[0.022808457961553553, 0.018817735169400024, 0.01923679717569877, 0.02053310132799679]
rxn15536_c	[0.0028225758368141843, 0.001998683483077842, 0.00168183206083291, 0.0023861236192248866]
rxn15315_c	[0.0028225758368141843, 0.001998683483077842, 0.00168183206083291, 0.0023861236192248866]
rxn27525_c	[0.0076914449680847196, 0.003247603460553745, 0.0029360724866389176, 0.004100681484290976]
rxn38710_c	[0.052722229451846854, 0.056643857275771786, 0.05399906075559166, 0.04708478579545616]
rxn38278_c	[0.19137741417496612, 0.13472696462421585, 0.1001639101383274, 0.09883578033750619]
rxn32389_c	[0.19137741417496612, 0.13472696462421585, 0.1001639101383274, 0.09883578033750619]
rxn03869_c	[0.19137741417496612, 0.13472696462421585, 0.1001639101383274, 0.09883578033750619]
rxn06522_c	[0.19137741417496612, 0.13472696462421585, 0.1001639101383274, 0.09883578033750619]
rxn38142_c	[0.19137741417496612, 0.13472696462421585, 0.1001639101383274, 0.09883578033750619]
rxn00519_c	[0.2704652626876832, 0.23653167195603164, 0.24115373649719, 0.2099169470169024]
rxn00305_c	[0.2704652626876832, 0.23653167195603164, 0.24115373649719, 0.2099169470169024]
rxn06485_c	[0.018772417822690655, 0.018312239921938644, 0.017379641176958165, 0.019337601376485384]
rxn38077_c	[0.018772417822690655, 0.018312239921938644, 0.018536353240080152, 0.02053310132799679]
rxn30643_c	[0.0032278979333124668, 0.0025069190573751583, 0.002117515577197801, 0.00246468826552632]
rxn30697_c	[0.05702064524739345, 0.08104310467440896, 0.07722671329852446, 0.08491135216211153]
rxn02144_c	[0.13646377610341642, 0.11302254771135531, 0.1452901604021219, 0.12256230343789219]
rxn38043_c	[0.018772417822690655, 0.018312239921938644, 0.018536353240080152, 0.02053310132799679]
rxn32242_c	[0.018772417822690655, 0.018312239921938644, 0.018536353240080152, 0.02053310132799679]
rxn33380_c	[0.13017377762934343, 0.12984553925265635, 0.09431518900020629, 0.09530961417617012]
rxn07267_c	[0.17420376684111297, 0.09734210133764522, 0.08711540883092074, 0.10260226189339149]
rxn35413_c	[0.17420376684111297, 0.15227882109318258, 0.09190792752371116, 0.09883578033750619]
rxn35247_c	[0.049379573152127626, 0.05156544131377168, 0.045562643590635755, 0.054797985462254194]
rxn06850_c	[0.017003845223884293, 0.01641839048191635, 0.01484035442034996, 0.01768774380901686]
rxn32851_c	[0.018772417822690655, 0.01657598290801521, 0.01529364131165547, 0.017655393657179583]
rxn31436_c	[0.30447228696237827, 0.28945908830578976, 0.2740500424304795, 0.36834486657402327]
rxn20661_c	[0.008677228337816222, 0.01044957733892502, 0.014519092839821435, 0.017655393657179583]
rxn03814_c	[0.12917798631409705, 0.1115293595189089, 0.0765973926424808, 0.06422112151781162]
rxn15679_c	[0.2410819126992847, 0.2256538547177048, 0.22440852663112587, 0.21999170751258826]
rxn33738_c	[0.2410819126992847, 0.2256538547177048, 0.22440852663112587, 0.21999170751258826]
rxn07317_c	[0.2410819126992847, 0.2256538547177048, 0.22440852663112587, 0.21999170751258826]
rxn35629_c	[0.2410819126992847, 0.2256538547177048, 0.22440852663112587, 0.21999170751258826]
rxn35343_c	[0.06628800975371311, 0.06163953716922966, 0.051996676910396784, 0.05411863234659521]
rxn32750_c	[0.06628800975371311, 0.06163953716922966, 0.051996676910396784, 0.05411863234659521]
rxn38123_c	[0.05855686602606076, 0.06290027658829915, 0.07018536352670242, 0.0732005984245685]
rxn11794_c	[0.0249401519466702, 0.024747150204581816, 0.02397210488907205, 0.02794274084757612]
rxn33035_c	[0.018772417822690655, 0.015681645889518713, 0.01480954851739803, 0.016476923968735062]
rxn30447_c	[0.05855686602606076, 0.0659575696474221, 0.08394240061222476, 0.08870556240568138]
rxn33672_c	[0.05855686602606076, 0.0659575696474221, 0.08394240061222476, 0.08870556240568138]
rxn31397_c	[0.018772417822690655, 0.018312239921938644, 0.02224697420110843, 0.02612651108715342]
rxn31381_c	[0.018772417822690655, 0.018312239921938644, 0.02224697420110843, 0.02612651108715342]
rxn11962_c	[0.018772417822690655, 0.018312239921938644, 0.02224697420110843, 0.02612651108715342]
rxn33166_c	[0.04708274794326282, 0.04167651658763141, 0.03684017157458996, 0.0477687603631139]
rxn38829_c	[0.09689733397498648, 0.07550767067620821, 0.07471823243975753, 0.07313589813304791]
rxn32605_c	[0.09689733397498648, 0.07550767067620821, 0.07471823243975753, 0.07313589813304791]
rxn04070_c	[0.1280170637590913, 0.1061751568330778, 0.0878943581701267, 0.1019229087412706]
rxn15478_c	[0.018359922855194055, 0.018312239921938644, 0.018536353240080152, 0.02053310132799679]
rxn15255_c	[0.018772417822690655, 0.018312239921938644, 0.018536353240080152, 0.02053310132799679]
rxn03064_c	[0.018772417822690655, 0.018312239921938644, 0.018536353240080152, 0.02053310132799679]
rxn02405_c	[0.024419738390290244, 0.03974994917844433, 0.02397210488907205, 0.02622818298251003]
rxn20499_c	[0.2021059397618501, 0.16985037662119334, 0.1546859614668447, 0.14876592363067284]
rxn19071_c	[0.2021059397618501, 0.16985037662119334, 0.1546859614668447, 0.14876592363067284]
rxn16574_c	[0.2410819126992847, 0.18508168462343477, 0.15590059430963893, 0.09643724788047442]
rxn26481_c	[0.0014715021830652266, 0.0014865080979995717, 0.0012109417961199739, 0.0018407925465059008]
rxn19956_c	[0.0014715021830652266, 0.0014865080979995717, 0.0012109417961199739, 0.0018407925465059008]
rxn06429_c	[0.018772417822690655, 0.018305559783293898, 0.016195814252447833, 0.02053310132799679]
rxn11156_c	[0.018772417822690655, 0.018305559783293898, 0.016195814252447833, 0.02053310132799679]
rxn35234_c	[0.018772417822690655, 0.018312239921938644, 0.018536353240080152, 0.02053310132799679]
rxn27983_c	[0.0249401519466702, 0.024747150204581816, 0.02397210488907205, 0.02794274084757612]
rxn35544_c	[0.08010398884822646, 0.08691342252217997, 0.0751539159433458, 0.07580709610000429]
rxn16582_c	[0.19137741417496612, 0.15227882109318258, 0.11451506112490152, 0.09883578033750619]
rxn20619_c	[0.015312501172320775, 0.01100903045131902, 0.011319679544660241, 0.013671703960661797]
rxn32559_c	[0.05042040026488754, 0.054315429144314524, 0.05860234317863055, 0.05411863234659521]
rxn00143_c	[0.2021059397618501, 0.15227882109318258, 0.14606470885862397, 0.13136154381392962]
rxn30734_c	[0.2021059397618501, 0.15227882109318258, 0.14606470885862397, 0.13136154381392962]
rxn16798_c	[0.018772417822690655, 0.018312239921938644, 0.018536353240080152, 0.02053310132799679]
rxn00879_c	[0.018772417822690655, 0.018312239921938644, 0.018536353240080152, 0.02053310132799679]
rxn02196_c	[0.02064674011320691, 0.018312239921938644, 0.018536353240080152, 0.02053310132799679]
rxn02128_c	[0.06161929966990292, 0.05545403442814658, 0.05917005198788516, 0.05192806515658337]
rxn12510_c	[0.06161929966990292, 0.05545403442814658, 0.05917005198788516, 0.05192806515658337]
rxn03047_c	[0.06161929966990292, 0.05545403442814658, 0.05917005198788516, 0.05192806515658337]
rxn38055_c	[0.07283821493926272, 0.061316472713971476, 0.06464910230080445, 0.064646294931541]
rxn38053_c	[0.07283821493926272, 0.061316472713971476, 0.06464910230080445, 0.064646294931541]
rxn38054_c	[0.07283821493926272, 0.061316472713971476, 0.06464910230080445, 0.064646294931541]
rxn37953_c	[0.016683590732577, 0.013916610713100014, 0.011742160527903174, 0.01630130887786037]
rxn16792_c	[0.2021059397618501, 0.16985037662119334, 0.14606470885862397, 0.13099644926403]
rxn00855_c	[0.08012400472858208, 0.06385371077878854, 0.07416812700799887, 0.07313589813304791]
rxn28082_c	[0.12917798631409705, 0.12984553925265635, 0.09928374141684966, 0.10260226189339149]
rxn04934_c	[0.009537912292544441, 0.0092676341406139, 0.009365704985023886, 0.012091168136712604]
rxn34245_c	[0.009537912292544441, 0.0092676341406139, 0.009365704985023886, 0.012091168136712604]
rxn35554_c	[0.011824729550557297, 0.01100903045131902, 0.011966603552646598, 0.013671703960661797]
rxn30541_c	[0.011824729550557297, 0.01100903045131902, 0.011966603552646598, 0.013671703960661797]
rxn35553_c	[0.011824729550557297, 0.01100903045131902, 0.011966603552646598, 0.013671703960661797]
rxn35551_c	[0.011824729550557297, 0.01100903045131902, 0.011966603552646598, 0.013671703960661797]
rxn35549_c	[0.011824729550557297, 0.01100903045131902, 0.011966603552646598, 0.013671703960661797]
rxn31250_c	[0.011824729550557297, 0.01100903045131902, 0.011966603552646598, 0.013671703960661797]
rxn00748_c	[0.0245848696140384, 0.04523810541952144, 0.043837512897561486, 0.05294016265815069]
rxn31790_c	[0.013165795252920595, 0.012793764676503202, 0.013137227951700947, 0.017992759495086687]
rxn03408_c	[0.018772417822690655, 0.018312239921938644, 0.018536353240080152, 0.02053310132799679]
rxn03933_c	[0.018772417822690655, 0.018312239921938644, 0.018536353240080152, 0.02053310132799679]
rxn01800_c	[0.13646377610341642, 0.12984553925265635, 0.09928374141684966, 0.11643888251727183]
rxn33463_c	[0.13646377610341642, 0.12984553925265635, 0.09928374141684966, 0.11643888251727183]
rxn11749_c	[0.13646377610341642, 0.12984553925265635, 0.09928374141684966, 0.11643888251727183]
rxn27933_c	[0.018772417822690655, 0.018312239921938644, 0.018536353240080152, 0.019836717949270923]
rxn27932_c	[0.018772417822690655, 0.018312239921938644, 0.018536353240080152, 0.019836717949270923]
rxn16789_c	[0.12917798631409705, 0.1061751568330778, 0.0878943581701267, 0.08870556240568138]
rxn31946_c	[0.049379573152127626, 0.06325091971594043, 0.07637735044933473, 0.07752627540491515]
rxn03663_c	[0.2704652626876832, 0.24461222358099555, 0.2740500424304795, 0.2252832674988227]
rxn04096_c	[0.2704652626876832, 0.24461222358099555, 0.2740500424304795, 0.2252832674988227]
rxn01896_c	[0.2704652626876832, 0.24461222358099555, 0.2740500424304795, 0.2252832674988227]
rxn01844_c	[0.01215499200339068, 0.018088870195480725, 0.017379641176958165, 0.01908804309009261]
rxn30380_c	[0.11942523616210382, 0.08198077958682734, 0.08121387756031177, 0.08436602108149245]
rxn30369_c	[0.11942523616210382, 0.08198077958682734, 0.08121387756031177, 0.08436602108149245]
rxn16675_c	[0.0249401519466702, 0.024747150204581816, 0.02397210488907205, 0.02794274084757612]
rxn34273_c	[0.01515737789942457, 0.010520493930926474, 0.011319679544660241, 0.016384494971298968]
rxn38499_c	[0.01515737789942457, 0.010520493930926474, 0.011319679544660241, 0.016384494971298968]
rxn31366_c	[0.01515737789942457, 0.010520493930926474, 0.011319679544660241, 0.016384494971298968]
rxn27536_c	[0.01515737789942457, 0.010520493930926474, 0.011319679544660241, 0.016384494971298968]
rxn15882_c	[0.12917798631409705, 0.12786775430023328, 0.11451506112490152, 0.11130445180176311]
rxn28051_c	[0.018772417822690655, 0.018312239921938644, 0.018536353240080152, 0.019836717949270923]
rxn06224_c	[0.01740416334335548, 0.018312239921938644, 0.018536353240080152, 0.019337601376485384]
rxn02450_c	[0.008957451020378638, 0.011745775043716654, 0.01750286479898718, 0.02053310132799679]
rxn15365_c	[0.008957451020378638, 0.011745775043716654, 0.01750286479898718, 0.02053310132799679]
rxn06375_c	[0.008957451020378638, 0.011745775043716654, 0.01750286479898718, 0.02053310132799679]
rxn15666_c	[0.008957451020378638, 0.011745775043716654, 0.01750286479898718, 0.02053310132799679]
rxn20046_c	[0.38613217938309097, 0.28945908830578976, 0.2950596697666687, 0.36834486657402327]
rxn08113_c	[0.01969098060136833, 0.018312239921938644, 0.018536353240080152, 0.02053310132799679]
rxn38284_c	[0.01969098060136833, 0.018312239921938644, 0.018536353240080152, 0.02053310132799679]
rxn38029_c	[0.016823702071189675, 0.013581726806997516, 0.013467291220977444, 0.017877223249810812]
rxn29946_c	[0.016823702071189675, 0.013581726806997516, 0.013467291220977444, 0.017877223249810812]
rxn16503_c	[0.03811562205856896, 0.04936702698742309, 0.04197155521007291, 0.04598488074845149]
rxn38539_c	[0.018620129636052567, 0.018281920917580314, 0.016129801599614663, 0.01908804309009261]
rxn16758_c	[0.022808457961553553, 0.018344957891103433, 0.018968345717436785, 0.02053310132799679]
rxn31983_c	[0.018772417822690655, 0.018312239921938644, 0.018536353240080152, 0.02086730125275627]
rxn34304_c	[0.0015065300185189553, 0.0011555640026780294, 0.0009644945546172676, 0.001919357192807335]
rxn33231_c	[0.0015065300185189553, 0.0011555640026780294, 0.0009644945546172676, 0.001919357192807335]
rxn35518_c	[0.0015065300185189553, 0.0011555640026780294, 0.0009644945546172676, 0.001919357192807335]
rxn19488_c	[0.2021059397618501, 0.15227882109318258, 0.14606470885862397, 0.13099644926403]
rxn10504_c	[0.018772417822690655, 0.03877681594432875, 0.051525786651816625, 0.047570038024399436]
rxn10505_c	[0.018772417822690655, 0.03877681594432875, 0.051525786651816625, 0.047570038024399436]
rxn30339_c	[0.045676630547019155, 0.04792505628681974, 0.04730537765609532, 0.054797985462254194]
rxn35352_c	[0.04726289109595744, 0.02414435917256946, 0.03684017157458996, 0.0495849901235366]
rxn01066_c	[0.021627519510180968, 0.020515793560486793, 0.02068467472176308, 0.02265118086134169]
rxn01973_c	[0.049379573152127626, 0.07796217272387597, 0.0878943581701267, 0.08491135216211153]
rxn33400_c	[0.009062534528340944, 0.01044957733892502, 0.011319679544660241, 0.010732461905394643]
rxn03378_c	[0.009062534528340944, 0.01044957733892502, 0.011319679544660241, 0.010732461905394643]
rxn04052_c	[0.2021059397618501, 0.16985037662119334, 0.14606470885862397, 0.134767552308376]
rxn03512_c	[0.2021059397618501, 0.16985037662119334, 0.14606470885862397, 0.134767552308376]
rxn32376_c	[0.018772417822690655, 0.018312239921938644, 0.018536353240080152, 0.022364650977189877]
rxn19018_c	[0.2021059397618501, 0.15227882109318258, 0.14606470885862397, 0.13099644926403]
rxn16206_c	[0.0105687314544524, 0.014070263327390064, 0.01304481023262386, 0.013671703960661797]
rxn35345_c	[0.0105687314544524, 0.014070263327390064, 0.01304481023262386, 0.013671703960661797]
rxn30378_c	[0.0870595161580271, 0.10717192892262835, 0.09928374141684966, 0.10260226189339149]
rxn31423_c	[0.049379573152127626, 0.045888174177821664, 0.04779387129217142, 0.04274986591111202]
rxn38824_c	[0.018772417822690655, 0.02205231971366589, 0.041707504593629575, 0.05024585743727756]
rxn32460_c	[0.018540066007888673, 0.01816372659929099, 0.01636744714981407, 0.01908804309009261]
rxn33550_c	[0.07445449934609392, 0.06907395988367722, 0.0653004271148349, 0.06521011178369315]
rxn33573_c	[0.07445449934609392, 0.06907395988367722, 0.0653004271148349, 0.06521011178369315]
rxn33383_c	[0.07445449934609392, 0.06907395988367722, 0.0653004271148349, 0.06521011178369315]
rxn14393_c	[0.07445449934609392, 0.06907395988367722, 0.0653004271148349, 0.06521011178369315]
rxn31847_c	[0.07445449934609392, 0.06907395988367722, 0.0653004271148349, 0.06521011178369315]
rxn00107_c	[0.07445449934609392, 0.06907395988367722, 0.0653004271148349, 0.06521011178369315]
rxn32308_c	[0.07445449934609392, 0.06907395988367722, 0.0653004271148349, 0.06521011178369315]
rxn33340_c	[0.07445449934609392, 0.06907395988367722, 0.0653004271148349, 0.06521011178369315]
rxn33024_c	[0.07445449934609392, 0.06907395988367722, 0.0653004271148349, 0.06521011178369315]
rxn32898_c	[0.07445449934609392, 0.06907395988367722, 0.0653004271148349, 0.06521011178369315]
rxn32981_c	[0.07445449934609392, 0.06907395988367722, 0.0653004271148349, 0.06521011178369315]
rxn02517_c	[0.07445449934609392, 0.06907395988367722, 0.0653004271148349, 0.06521011178369315]
rxn33078_c	[0.1280170637590913, 0.12079973399149803, 0.0878943581701267, 0.08870556240568138]
rxn01064_c	[0.15522368399688202, 0.12984553925265635, 0.11451506112490152, 0.10260226189339149]
rxn06979_c	[0.2021059397618501, 0.18508168462343477, 0.14606470885862397, 0.2099169470169024]
rxn06887_c	[0.2021059397618501, 0.18508168462343477, 0.14606470885862397, 0.2099169470169024]
rxn07585_c	[0.06446656229304061, 0.05299165276713978, 0.04475288836892048, 0.05411863234659521]
rxn15699_c	[0.06446656229304061, 0.05299165276713978, 0.04475288836892048, 0.05411863234659521]
rxn38030_c	[0.04837877785344966, 0.04201534030554272, 0.02224697420110843, 0.026884428850329233]
rxn02939_c	[0.06446656229304061, 0.06456681647977613, 0.0751539159433458, 0.07917613299061463]
rxn33750_c	[0.01667858675448249, 0.015642247781709178, 0.014307852345644646, 0.013671703960661797]
rxn00510_c	[0.018772417822690655, 0.018312239921938644, 0.018536353240080152, 0.019836717949270923]
rxn03903_c	[0.06476179688853828, 0.060071492521580075, 0.04779387129217142, 0.0495849901235366]
rxn03904_c	[0.06476179688853828, 0.060071492521580075, 0.04779387129217142, 0.0495849901235366]
rxn27766_c	[0.05358791736332131, 0.058511327538662436, 0.05558776530629158, 0.06839891214358404]
rxn28376_c	[0.05358791736332131, 0.058511327538662436, 0.05558776530629158, 0.06839891214358404]
rxn04413_c	[0.3158163016574155, 0.34813862820044744, 0.24115373649719, 0.29998900302208664]
rxn03537_c	[0.3158163016574155, 0.34813862820044744, 0.24115373649719, 0.29998900302208664]
rxn03536_c	[0.3158163016574155, 0.34813862820044744, 0.24115373649719, 0.29998900302208664]
rxn03173_c	[0.13646377610341642, 0.12786775430023328, 0.1451405317189596, 0.10260226189339149]
rxn28146_c	[0.01913553921433801, 0.019511141842179305, 0.018536353240080152, 0.02053310132799679]
rxn16681_c	[0.2021059397618501, 0.16985037662119334, 0.14606470885862397, 0.2099169470169024]
rxn38153_c	[0.06794432597462627, 0.053098027675699135, 0.051525786651816625, 0.05250574637688574]
rxn33488_c	[0.0249401519466702, 0.018344957891103433, 0.018536353240080152, 0.02086730125275627]
rxn32595_c	[0.0249401519466702, 0.018344957891103433, 0.018536353240080152, 0.02086730125275627]
rxn28256_c	[0.0249401519466702, 0.018344957891103433, 0.018536353240080152, 0.02086730125275627]
rxn19836_c	[0.009217657795900079, 0.008999727014704044, 0.0077637979139786335, 0.006134119384738456]
rxn32711_c	[0.07764703639904508, 0.1061751568330778, 0.09190792752371116, 0.08491135216211153]
rxn34627_c	[0.07764703639904508, 0.1061751568330778, 0.09190792752371116, 0.08491135216211153]
rxn34739_c	[0.004644023281475492, 0.005816360008534863, 0.005532570212442968, 0.007049166436870943]
rxn03617_c	[0.004644023281475492, 0.005816360008534863, 0.005532570212442968, 0.007049166436870943]
rxn34735_c	[0.004644023281475492, 0.005816360008534863, 0.005532570212442968, 0.007049166436870943]
rxn34736_c	[0.004644023281475492, 0.005816360008534863, 0.005532570212442968, 0.007049166436870943]
rxn34737_c	[0.004644023281475492, 0.005816360008534863, 0.005532570212442968, 0.007049166436870943]
rxn34734_c	[0.004644023281475492, 0.005816360008534863, 0.005532570212442968, 0.007049166436870943]
rxn34738_c	[0.004644023281475492, 0.005816360008534863, 0.005532570212442968, 0.007049166436870943]
rxn27455_c	[0.004644023281475492, 0.005816360008534863, 0.005532570212442968, 0.007049166436870943]
rxn30743_c	[0.021627519510180968, 0.02058671015248825, 0.01895954403379946, 0.042061269897532526]
rxn32462_c	[0.015307497194226263, 0.017797324208996577, 0.017146396468577414, 0.01799738094100845]
rxn02285_c	[0.2021059397618501, 0.15227882109318258, 0.1451405317189596, 0.12290429072779806]
rxn02284_c	[0.2021059397618501, 0.15227882109318258, 0.1451405317189596, 0.12290429072779806]
rxn19898_c	[0.11965541907973236, 0.12786775430023328, 0.10126412100184472, 0.0903415556475386]
rxn00265_c	[0.011329335879312825, 0.0099964991145332, 0.009365704985023886, 0.014378785770082315]
rxn27686_c	[0.0249401519466702, 0.021587422058986925, 0.018536353240080152, 0.02053310132799679]
rxn27716_c	[0.01692378160105747, 0.01552011365161104, 0.01453229537038807, 0.017710851056856637]
rxn20041_c	[0.2734526366334223, 0.2367759402265065, 0.24115373649719, 0.2515284807231301]
rxn20040_c	[0.2734526366334223, 0.2367759402265065, 0.24115373649719, 0.2515284807231301]
rxn03669_c	[0.2734526366334223, 0.2367759402265065, 0.24115373649719, 0.2515284807231301]
rxn07484_c	[0.2734526366334223, 0.2367759402265065, 0.24115373649719, 0.2515284807231301]
rxn03596_c	[0.2734526366334223, 0.2367759402265065, 0.24115373649719, 0.2515284807231301]
rxn03668_c	[0.2734526366334223, 0.2367759402265065, 0.24115373649719, 0.2515284807231301]
rxn07485_c	[0.2734526366334223, 0.2367759402265065, 0.24115373649719, 0.2515284807231301]
rxn38113_c	[0.01014339344984573, 0.010910535181795173, 0.011319679544660241, 0.012752035456530558]
rxn01361_c	[0.04699267636424698, 0.04324456123014171, 0.04199355942938751, 0.047218807842650055]
rxn38104_c	[0.08042924729094292, 0.08476622570309232, 0.07696266268719179, 0.06796449587447304]
rxn38135_c	[0.08042924729094292, 0.08476622570309232, 0.07696266268719179, 0.06796449587447304]
rxn38099_c	[0.08042924729094292, 0.08476622570309232, 0.07696266268719179, 0.06796449587447304]
rxn32365_c	[0.018772417822690655, 0.018312239921938644, 0.018536353240080152, 0.02794274084757612]
rxn01610_c	[0.005379607824936382, 0.006040929214826367, 0.00518930440748919, 0.005722810353744067]
rxn06091_c	[0.3307681834431474, 0.2659384186938317, 0.2740500424304795, 0.36834486657402327]
rxn32753_c	[0.3307681834431474, 0.2659384186938317, 0.2740500424304795, 0.36834486657402327]
rxn33063_c	[0.3307681834431474, 0.2659384186938317, 0.2740500424304795, 0.36834486657402327]
rxn32174_c	[0.011329335879312825, 0.009043064934322394, 0.008965228215984911, 0.01457750811487377]
rxn32939_c	[0.05855686602606076, 0.06325091971594043, 0.06999612725695088, 0.064646294931541]
rxn32176_c	[0.05855686602606076, 0.06325091971594043, 0.06999612725695088, 0.064646294931541]
rxn32643_c	[0.06628800975371311, 0.0659575696474221, 0.07018536352670242, 0.06887492144422185]
rxn03541_c	[0.3307781914100105, 0.28945908830578976, 0.24115373649719, 0.36834486657402327]
rxn14028_c	[0.0245848696140384, 0.053098027675699135, 0.07319554056744404, 0.07313589813304791]
rxn35698_c	[0.01692378160105747, 0.01663508006459023, 0.016961561035533892, 0.019836717949270923]
rxn27708_c	[0.01692378160105747, 0.01663508006459023, 0.016961561035533892, 0.019836717949270923]
rxn31217_c	[0.0018117725851494412, 0.0027787659925241803, 0.00306369695099766, 0.004100681484290976]
rxn31243_c	[0.0018117725851494412, 0.0027787659925241803, 0.00306369695099766, 0.004100681484290976]
rxn33618_c	[0.0018117725851494412, 0.0027787659925241803, 0.00306369695099766, 0.004100681484290976]
rxn38243_c	[0.05221682782441336, 0.04593939171591835, 0.039234230494965196, 0.04784270355863198]
rxn11997_c	[0.005504707239939661, 0.0065846230851244105, 0.007975038408155425, 0.009470806117434541]
rxn02791_c	[0.005504707239939661, 0.0065846230851244105, 0.007975038408155425, 0.009470806117434541]
rxn05952_c	[0.005504707239939661, 0.0065846230851244105, 0.007975038408155425, 0.009470806117434541]
rxn31443_c	[0.005504707239939661, 0.0065846230851244105, 0.007975038408155425, 0.009470806117434541]
rxn06817_c	[0.005504707239939661, 0.0065846230851244105, 0.007975038408155425, 0.009470806117434541]
rxn06025_c	[0.005504707239939661, 0.0065846230851244105, 0.007975038408155425, 0.009470806117434541]
rxn33431_c	[0.005504707239939661, 0.0065846230851244105, 0.007975038408155425, 0.009470806117434541]
rxn31675_c	[0.005504707239939661, 0.0065846230851244105, 0.007975038408155425, 0.009470806117434541]
rxn03511_c	[0.045081157340569826, 0.04523810541952144, 0.037363871965657956, 0.048036804451424685]
rxn27818_c	[0.012200027790230068, 0.010205309078728747, 0.011209658453197859, 0.01472077305391118]
rxn35527_c	[0.012200027790230068, 0.010205309078728747, 0.011209658453197859, 0.01472077305391118]
rxn32553_c	[0.012200027790230068, 0.010205309078728747, 0.011209658453197859, 0.01472077305391118]
rxn16801_c	[0.018772417822690655, 0.018312239921938644, 0.018536353240080152, 0.02053310132799679]
rxn27692_c	[0.018772417822690655, 0.015642247781709178, 0.013330865068381792, 0.017484400018303644]
rxn30710_c	[0.018772417822690655, 0.015642247781709178, 0.013330865068381792, 0.017484400018303644]
rxn19646_c	[0.01692378160105747, 0.017797324208996577, 0.018536353240080152, 0.02053310132799679]
rxn04598_c	[0.04726289109595744, 0.058511327538662436, 0.0751539159433458, 0.08491135216211153]
rxn04597_c	[0.04726289109595744, 0.058511327538662436, 0.0751539159433458, 0.08491135216211153]
rxn30983_c	[0.020331489594657057, 0.020716723906204007, 0.02324596569768589, 0.039510229621773786]
rxn19892_c	[0.018772417822690655, 0.018312239921938644, 0.018536353240080152, 0.02053310132799679]
rxn19896_c	[0.018772417822690655, 0.018312239921938644, 0.018536353240080152, 0.02053310132799679]
rxn28381_c	[0.018772417822690655, 0.018312239921938644, 0.018536353240080152, 0.02053310132799679]
rxn01025_c	[1.0, 0.3051198356204558, 1.0, 0.36834486657402327]
rxn02090_c	[1.0, 0.3051198356204558, 1.0, 0.36834486657402327]
rxn00717_c	[1.0, 0.3051198356204558, 1.0, 0.36834486657402327]
rxn33706_c	[0.04061761031060094, 0.02447924307867196, 0.018924337283918218, 0.02053310132799679]
rxn15233_c	[0.37627434568577595, 1.0, 0.30202620519690965, 0.36834486657402327]
rxn28081_c	[0.09689733397498648, 0.09734210133764522, 0.08394240061222476, 0.10260226189339149]
rxn05114_c	[0.12336336562557584, 0.1115293595189089, 0.0878943581701267, 0.08870556240568138]
rxn16623_c	[0.018772417822690655, 0.018312239921938644, 0.01954045538895265, 0.022466322872546487]
rxn22826_c	[0.018772417822690655, 0.018312239921938644, 0.01954045538895265, 0.022466322872546487]
rxn22827_c	[0.018772417822690655, 0.018312239921938644, 0.01954045538895265, 0.022466322872546487]
rxn09037_c	[0.049379573152127626, 0.02447924307867196, 0.02068467472176308, 0.022503294470305527]
rxn16399_c	[0.018772417822690655, 0.018312239921938644, 0.018536353240080152, 0.02053310132799679]
rxn27779_c	[0.08894101131313718, 0.06163953716922966, 0.05917005198788516, 0.07375055099364825]
rxn27618_c	[0.2021059397618501, 0.12984553925265635, 0.09928374141684966, 0.13099644926403]
rxn19322_c	[1.0, 1.0, 0.44306003997395876, 1.0]
rxn33328_c	[0.049379573152127626, 0.058511327538662436, 0.05219911572604691, 0.05446986252834459]
rxn04588_c	[0.01289057654845269, 0.01238008455992092, 0.01269714359096207, 0.013671703960661797]
rxn15139_c	[0.008862375468605351, 0.0098270872530079, 0.009920211279043807, 0.012299133379424572]
rxn15469_c	[0.008862375468605351, 0.0098270872530079, 0.009920211279043807, 0.012299133379424572]
rxn34778_c	[0.008862375468605351, 0.0098270872530079, 0.009920211279043807, 0.012299133379424572]
rxn34772_c	[0.008862375468605351, 0.0098270872530079, 0.009920211279043807, 0.012299133379424572]
rxn38342_c	[0.008862375468605351, 0.0098270872530079, 0.009920211279043807, 0.012299133379424572]
rxn34777_c	[0.008862375468605351, 0.0098270872530079, 0.009920211279043807, 0.012299133379424572]
rxn33707_c	[0.008862375468605351, 0.0098270872530079, 0.009920211279043807, 0.012299133379424572]
rxn38341_c	[0.008862375468605351, 0.0098270872530079, 0.009920211279043807, 0.012299133379424572]
rxn34769_c	[0.008862375468605351, 0.0098270872530079, 0.009920211279043807, 0.012299133379424572]
rxn34775_c	[0.008862375468605351, 0.0098270872530079, 0.009920211279043807, 0.012299133379424572]
rxn34779_c	[0.008862375468605351, 0.0098270872530079, 0.009920211279043807, 0.012299133379424572]
rxn38275_c	[0.021287249106495633, 0.02205231971366589, 0.02224697420110843, 0.02294233219749225]
rxn06080_c	[0.04177352887683804, 0.022146875171380923, 0.0447220824608579, 0.05294016265815069]
rxn15667_c	[0.018772417822690655, 0.018312239921938644, 0.018536353240080152, 0.01908804309009261]
rxn32399_c	[0.018772417822690655, 0.018312239921938644, 0.018536353240080152, 0.02053310132799679]
rxn02483_c	[0.2021059397618501, 0.16985037662119334, 0.14606470885862397, 0.13099644926403]
rxn16699_c	[0.01692378160105747, 0.016095326006100998, 0.015447670841747065, 0.01647230251673631]
rxn16694_c	[0.01692378160105747, 0.016095326006100998, 0.015447670841747065, 0.01647230251673631]
rxn35519_c	[0.007486281930254616, 0.007069219793708146, 0.005426949962799249, 0.005671974406065763]
rxn25051_c	[0.01142941540918062, 0.01064262806102461, 0.011319679544660241, 0.010908076996269332]
rxn32171_c	[0.01142941540918062, 0.01064262806102461, 0.011319679544660241, 0.010908076996269332]
rxn33806_c	[0.01142941540918062, 0.01064262806102461, 0.011319679544660241, 0.010908076996269332]
rxn34185_c	[0.0249401519466702, 0.024747150204581816, 0.02397210488907205, 0.02794274084757612]
rxn03057_c	[0.07841764878009452, 0.054315429144314524, 0.042041968709835384, 0.04992697740736546]
rxn07372_c	[0.03948170764606774, 0.04792505628681974, 0.049048111721554884, 0.04862835002164632]
rxn07391_c	[0.03948170764606774, 0.04792505628681974, 0.049048111721554884, 0.04862835002164632]
rxn07647_c	[0.03948170764606774, 0.04792505628681974, 0.049048111721554884, 0.04862835002164632]
rxn07648_c	[0.03948170764606774, 0.04792505628681974, 0.049048111721554884, 0.04862835002164632]
rxn15633_c	[0.022808457961553553, 0.018312239921938644, 0.018536353240080152, 0.02053310132799679]
rxn30364_c	[0.018772417822690655, 0.018312239921938644, 0.018536353240080152, 0.021879398748246615]
rxn30256_c	[0.30447228696237827, 0.24461222358099555, 0.22440852663112587, 0.22267676982338688]
rxn32471_c	[0.08216062315658838, 0.08757925054313333, 0.07637735044933473, 0.07416186000276548]
rxn24149_c	[0.01692378160105747, 0.015642247781709178, 0.014404670906540394, 0.01908804309009261]
rxn06600_c	[0.01692378160105747, 0.015642247781709178, 0.014404670906540394, 0.01908804309009261]
rxn32413_c	[0.012200027790230068, 0.01641839048191635, 0.01750286479898718, 0.01889394219729991]
rxn35418_c	[0.012200027790230068, 0.01641839048191635, 0.01750286479898718, 0.01889394219729991]
rxn28089_c	[0.012200027790230068, 0.01641839048191635, 0.01750286479898718, 0.01889394219729991]
rxn30338_c	[0.012200027790230068, 0.01641839048191635, 0.01750286479898718, 0.01889394219729991]
rxn33484_c	[0.012200027790230068, 0.01641839048191635, 0.01750286479898718, 0.01889394219729991]
rxn35424_c	[0.012200027790230068, 0.01641839048191635, 0.01750286479898718, 0.01889394219729991]
rxn04999_c	[0.0010411602046337019, 0.0011043464640674166, 0.0008280684030437483, 0.0010459031861787473]
rxn05047_c	[0.0010411602046337019, 0.0011043464640674166, 0.0008280684030437483, 0.0010459031861787473]
rxn27845_c	[0.010363568416622298, 0.01006347589472584, 0.009365704985023886, 0.01118998543449938]
rxn16665_c	[0.08010398884822646, 0.08726406564982127, 0.08394240061222476, 0.07857072310693566]
biomass_GmNeg	[0.0249401519466702, 0.0007559335445104823, 0.024747150204581816, 0.02397210488907205, 0.02794274084757612]
EX_cpd00069_e	[0.0249401519466702, 0.024747150204581816, 0.02397210488907205, 0.02794274084757612]
rxn08234_c	[0.0249401519466702, 0.024747150204581816, 0.02397210488907205, 0.02794274084757612]
rxn05616_c	[0.0249401519466702, 0.024747150204581816, 0.02397210488907205, 0.02794274084757612]
EX_cpd00644_e	[0.0249401519466702, 0.024747150204581816, 0.02397210488907205, 0.02794274084757612]
rxn10271_c	[0.0249401519466702, 0.024747150204581816, 0.02397210488907205, 0.02794274084757612]
protein_rxn	[0.0249401519466702, 0.024747150204581816, 0.02397210488907205, 0.02794274084757612]
rxn08186_c	[0.0249401519466702, 0.024747150204581816, 0.02397210488907205, 0.02794274084757612]
EX_cpd00263_e	[0.0249401519466702, 0.024747150204581816, 0.02397210488907205, 0.02794274084757612]
EX_cpd00009_e	[0.0249401519466702, 0.024747150204581816, 0.02397210488907205, 0.02794274084757612]
rxn09063_c	[0.0249401519466702, 0.024747150204581816, 0.02397210488907205, 0.02794274084757612]
rxn10280_c	[0.0249401519466702, 0.024747150204581816, 0.02397210488907205, 0.02794274084757612]
rxn08307_c	[0.0249401519466702, 0.024747150204581816, 0.02397210488907205, 0.02794274084757612]
rxn09106_c	[0.0249401519466702, 0.024747150204581816, 0.02397210488907205, 0.02794274084757612]
rxn09065_c	[0.0249401519466702, 0.024747150204581816, 0.02397210488907205, 0.02794274084757612]
rxn05245_c	[0.0249401519466702, 0.024747150204581816, 0.02397210488907205, 0.02794274084757612]
rxn08920_c	[0.0249401519466702, 0.024747150204581816, 0.02397210488907205, 0.02794274084757612]
dna_rxn	[0.0249401519466702, 0.024747150204581816, 0.02397210488907205, 0.02794274084757612]
rxn08737_c	[0.0249401519466702, 0.024747150204581816, 0.02397210488907205, 0.02794274084757612]
EX_cpd00060_e	[0.0249401519466702, 0.024747150204581816, 0.02397210488907205, 0.02794274084757612]
EX_cpd10515_e	[0.0249401519466702, 0.024747150204581816, 0.02397210488907205, 0.02794274084757612]
EX_cpd00205_e	[0.0249401519466702, 0.024747150204581816, 0.02397210488907205, 0.02794274084757612]
EX_cpd00099_e	[0.0249401519466702, 0.024747150204581816, 0.02397210488907205, 0.02794274084757612]
EX_biomass	[0.0249401519466702, 0.024747150204581816, 0.02397210488907205, 0.02794274084757612]
rxn08947_c	[0.0249401519466702, 0.024747150204581816, 0.02397210488907205, 0.02794274084757612]
EX_cpd00322_e	[0.0249401519466702, 0.024747150204581816, 0.02397210488907205, 0.02794274084757612]
rxn08309_c	[0.0249401519466702, 0.024747150204581816, 0.02397210488907205, 0.02794274084757612]
EX_cpd00149_e	[0.0249401519466702, 0.024747150204581816, 0.02397210488907205, 0.02794274084757612]
rxn25583_c	[0.0249401519466702, 0.024747150204581816, 0.02397210488907205, 0.02794274084757612]
EX_cpd00104_e	[0.0249401519466702, 0.024747150204581816, 0.02397210488907205, 0.02794274084757612]
rxn05206_c	[0.0249401519466702, 0.024747150204581816, 0.02397210488907205, 0.02794274084757612]
rxn08856_c	[0.0249401519466702, 0.024747150204581816, 0.02397210488907205, 0.02794274084757612]
EX_cpd00084_e	[0.0249401519466702, 0.024747150204581816, 0.02397210488907205, 0.02794274084757612]
rxn05222_c	[0.0249401519466702, 0.024747150204581816, 0.02397210488907205, 0.02794274084757612]
EX_cpd00220_e	[0.0249401519466702, 0.024747150204581816, 0.02397210488907205, 0.02794274084757612]
lipid_rxn	[0.0249401519466702, 0.024747150204581816, 0.02397210488907205, 0.02794274084757612]
rxn13097_c	[0.0249401519466702, 0.024747150204581816, 0.02397210488907205, 0.02794274084757612]
rxn09121_c	[0.0249401519466702, 0.024747150204581816, 0.02397210488907205, 0.02794274084757612]
rxn09427_c	[0.0249401519466702, 0.024747150204581816, 0.02397210488907205, 0.02794274084757612]
rxn10272_c	[0.0249401519466702, 0.024747150204581816, 0.02397210488907205, 0.02794274084757612]
SNK_cpd03187_c	[0.0249401519466702, 0.024747150204581816, 0.02397210488907205, 0.02794274084757612]
rxn00339_c	[0.0249401519466702, 0.024747150204581816, 0.02397210488907205, 0.02794274084757612]
rxn00938_c	[0.0249401519466702, 0.024747150204581816, 0.02397210488907205, 0.02794274084757612]
EX_cpd00226_e	[0.0249401519466702, 0.024747150204581816, 0.02397210488907205, 0.02794274084757612]
EX_cpd00107_e	[0.0249401519466702, 0.024747150204581816, 0.02397210488907205, 0.02794274084757612]
rxn09113_c	[0.0249401519466702, 0.024747150204581816, 0.02397210488907205, 0.02794274084757612]
EX_cpd00393_e	[0.0249401519466702, 0.024747150204581816, 0.02397210488907205, 0.02794274084757612]
rxn09300_c	[0.0249401519466702, 0.024747150204581816, 0.02397210488907205, 0.02794274084757612]
rxn08721_c	[0.0249401519466702, 0.024747150204581816, 0.02397210488907205, 0.02794274084757612]
rxn32338_c	[0.0249401519466702, 0.024747150204581816, 0.02397210488907205, 0.02794274084757612]
rxn05224_c	[0.0249401519466702, 0.024747150204581816, 0.02397210488907205, 0.02794274084757612]
rxn09720_c	[0.0249401519466702, 0.024747150204581816, 0.02397210488907205, 0.02794274084757612]
rxn10281_c	[0.0249401519466702, 0.024747150204581816, 0.02397210488907205, 0.02794274084757612]
rxn10202_c	[0.0249401519466702, 0.024747150204581816, 0.02397210488907205, 0.02794274084757612]
rxn08084_c	[0.0249401519466702, 0.024747150204581816, 0.02397210488907205, 0.02794274084757612]
rxn00465_c	[0.0249401519466702, 0.024747150204581816, 0.02397210488907205, 0.02794274084757612]
rxn00569_c	[0.0249401519466702, 0.024747150204581816, 0.02397210488907205, 0.02794274084757612]
rna_rxn	[0.0249401519466702, 0.024747150204581816, 0.02397210488907205, 0.02794274084757612]
rxn08747_c	[0.0249401519466702, 0.024747150204581816, 0.02397210488907205, 0.02794274084757612]
rxn08241_c	[0.0249401519466702, 0.024747150204581816, 0.02397210488907205, 0.02794274084757612]
EX_cpd00063_e	[0.0249401519466702, 0.024747150204581816, 0.02397210488907205, 0.02794274084757612]
rxn08547_c	[0.0249401519466702, 0.024747150204581816, 0.02397210488907205, 0.02794274084757612]
EX_cpd00305_e	[0.0249401519466702, 0.024747150204581816, 0.02397210488907205, 0.02794274084757612]
EX_cpd00971_e	[0.0249401519466702, 0.024747150204581816, 0.02397210488907205, 0.02794274084757612]
SNK_cpd00242_c	[0.0249401519466702, 0.024747150204581816, 0.02397210488907205, 0.02794274084757612]
rxn00399_c	[0.0249401519466702, 0.024747150204581816, 0.02397210488907205, 0.02794274084757612]
EX_cpd00039_e	[0.0249401519466702, 0.024747150204581816, 0.02397210488907205, 0.02794274084757612]
rxn08786_c	[0.0249401519466702, 0.024747150204581816, 0.02397210488907205, 0.02794274084757612]
EX_cpd00254_e	[0.0249401519466702, 0.024747150204581816, 0.02397210488907205, 0.02794274084757612]
EX_cpd00156_e	[0.0249401519466702, 0.024747150204581816, 0.02397210488907205, 0.02794274084757612]
rxn09166_c	[0.0249401519466702, 0.024747150204581816, 0.02397210488907205, 0.02794274084757612]
EX_cpd00051_e	[0.0249401519466702, 0.024747150204581816, 0.02397210488907205, 0.02794274084757612]
rxn09111_c	[0.0249401519466702, 0.024747150204581816, 0.02397210488907205, 0.02794274084757612]
EX_cpd00133_e	[0.0249401519466702, 0.024747150204581816, 0.02397210488907205, 0.02794274084757612]
EX_cpd00119_e	[0.0249401519466702, 0.024747150204581816, 0.02397210488907205, 0.02794274084757612]
rxn01207_c	[0.0249401519466702, 0.024747150204581816, 0.02397210488907205, 0.02794274084757612]
rxn10211_c	[0.0249401519466702, 0.024747150204581816, 0.02397210488907205, 0.02794274084757612]
rxn29888_c	[0.0249401519466702, 0.024747150204581816, 0.02397210488907205, 0.02794274084757612]
rxn37219_c	[0.0249401519466702, 0.024747150204581816, 0.02397210488907205, 0.02794274084757612]
rxn29122_c	[0.0249401519466702, 0.024747150204581816, 0.02397210488907205, 0.02794274084757612]
EX_cpd00065_e	[0.0249401519466702, 0.024747150204581816, 0.02397210488907205, 0.02794274084757612]
rxn05221_c	[0.0249401519466702, 0.024747150204581816, 0.02397210488907205, 0.02794274084757612]
EX_cpd00030_e	[0.0249401519466702, 0.024747150204581816, 0.02397210488907205, 0.02794274084757612]
rxn36659_c	[0.0249401519466702, 0.024747150204581816, 0.02397210488907205, 0.02794274084757612]
rxn09339_c	[0.0249401519466702, 0.024747150204581816, 0.02397210488907205, 0.02794274084757612]
cofactor_rxn	[0.0249401519466702, 0.024747150204581816, 0.02397210488907205, 0.02794274084757612]
rxn08155_c	[0.0249401519466702, 0.024747150204581816, 0.02397210488907205, 0.02794274084757612]
rxn09109_c	[0.0249401519466702, 0.024747150204581816, 0.02397210488907205, 0.02794274084757612]
rxn08284_c	[0.0249401519466702, 0.024747150204581816, 0.02397210488907205, 0.02794274084757612]
rxn10867_c	[0.0249401519466702, 0.024747150204581816, 0.02397210488907205, 0.02794274084757612]
rxn10204_c	[0.0249401519466702, 0.024747150204581816, 0.02397210488907205, 0.02794274084757612]
EX_cpd00129_e	[0.0249401519466702, 0.024747150204581816, 0.02397210488907205, 0.02794274084757612]
EX_cpd00035_e	[0.0249401519466702, 0.024747150204581816, 0.02397210488907205, 0.02794274084757612]
EX_cpd00132_e	[0.0249401519466702, 0.024747150204581816, 0.02397210488907205, 0.02794274084757612]
EX_cpd00041_e	[0.0249401519466702, 0.024747150204581816, 0.02397210488907205, 0.02794274084757612]
EX_cpd00053_e	[0.0249401519466702, 0.024747150204581816, 0.02397210488907205, 0.02794274084757612]
EX_cpd00023_e	[0.0249401519466702, 0.024747150204581816, 0.02397210488907205, 0.02794274084757612]
EX_cpd00033_e	[0.0249401519466702, 0.024747150204581816, 0.02397210488907205, 0.02794274084757612]
EX_cpd00066_e	[0.0249401519466702, 0.024747150204581816, 0.02397210488907205, 0.02794274084757612]
EX_cpd00054_e	[0.0249401519466702, 0.024747150204581816, 0.02397210488907205, 0.02794274084757612]
EX_cpd00161_e	[0.0249401519466702, 0.024747150204581816, 0.02397210488907205, 0.02794274084757612]
EX_cpd00027_e	[0.0249401519466702, 0.024747150204581816, 0.02397210488907205, 0.02794274084757612]
rxn09248_c	[0.0249401519466702, 0.024747150204581816, 0.02397210488907205, 0.02794274084757612]
rxn08625_c	[0.0249401519466702, 0.024747150204581816, 0.02397210488907205, 0.02794274084757612]
rxn06418_c	[0.0249401519466702, 0.024747150204581816, 0.02397210488907205, 0.02794274084757612]
rxn05218_c	[0.0249401519466702, 0.024747150204581816, 0.02397210488907205, 0.02794274084757612]
rxn09865_c	[0.0249401519466702, 0.024747150204581816, 0.02397210488907205, 0.02794274084757612]
rxn32796_c	[0.0249401519466702, 0.024747150204581816, 0.02397210488907205, 0.02794274084757612]
rxn09307_c	[0.0249401519466702, 0.024747150204581816, 0.02397210488907205, 0.02794274084757612]
rxn08617_c	[0.0249401519466702, 0.024747150204581816, 0.02397210488907205, 0.02794274084757612]
rxn05220_c	[0.0249401519466702, 0.024747150204581816, 0.02397210488907205, 0.02794274084757612]
SNK_cpd00528_c	[0.0249401519466702, 0.024747150204581816, 0.02397210488907205, 0.02794274084757612]
rxn08104_c	[0.0249401519466702, 0.024747150204581816, 0.02397210488907205, 0.02794274084757612]
rxn09118_c	[0.0249401519466702, 0.024747150204581816, 0.02397210488907205, 0.02794274084757612]
